tx_id,from_id,to_id,tx_type,amount,timestamp,is_sar,alert_id
1,ACCT_00290,ACCT_00259,CASH,2489.76,2023-01-01 00:03:56,0,
2,ACCT_00909,ACCT_00082,WIRE,2055.45,2023-01-01 00:15:59,0,
3,ACCT_01296,ACCT_01562,TRANSFER,3703.66,2023-01-01 00:29:29,0,
4,ACCT_01649,ACCT_00379,TRANSFER,2391.03,2023-01-01 00:34:12,0,
5,ACCT_00506,ACCT_00656,TRANSFER,916.94,2023-01-01 00:34:43,0,
6,ACCT_01234,ACCT_01385,ACH,4837.61,2023-01-01 00:43:47,0,
7,ACCT_01093,ACCT_01865,ACH,1151.18,2023-01-01 00:51:25,0,
8,ACCT_01242,ACCT_01211,ACH,1492.83,2023-01-01 01:23:30,0,
9,ACCT_01831,ACCT_01070,ACH,3043.54,2023-01-01 01:32:17,0,
10,ACCT_01846,ACCT_01741,ACH,474.84,2023-01-01 01:35:25,0,
11,ACCT_01775,ACCT_00030,CASH,4514.29,2023-01-01 01:36:33,0,
12,ACCT_00173,ACCT_01981,ACH,3246.13,2023-01-01 01:39:23,0,
13,ACCT_01249,ACCT_00477,CASH,4896.5,2023-01-01 01:42:26,0,
14,ACCT_01141,ACCT_00122,CASH,486.5,2023-01-01 01:52:01,0,
15,ACCT_00320,ACCT_01464,CHECK,791.4,2023-01-01 01:55:11,0,
16,ACCT_01872,ACCT_01417,WIRE,3235.75,2023-01-01 02:12:40,0,
17,ACCT_01238,ACCT_00998,TRANSFER,3022.48,2023-01-01 02:13:35,0,
18,ACCT_01987,ACCT_01626,WIRE,4959.27,2023-01-01 02:15:15,0,
19,ACCT_00031,ACCT_00380,WIRE,886.89,2023-01-01 02:16:53,0,
20,ACCT_00565,ACCT_00182,TRANSFER,2100.55,2023-01-01 02:21:24,0,
21,ACCT_00084,ACCT_00455,CHECK,1202.51,2023-01-01 02:25:49,0,
22,ACCT_01654,ACCT_00301,TRANSFER,1831.78,2023-01-01 02:25:53,0,
23,ACCT_00833,ACCT_01316,ACH,3261.97,2023-01-01 02:29:00,0,
24,ACCT_01884,ACCT_00774,ACH,742.06,2023-01-01 02:38:24,0,
25,ACCT_01049,ACCT_00547,CASH,3744.46,2023-01-01 02:43:47,0,
26,ACCT_00596,ACCT_01116,CASH,755.24,2023-01-01 02:52:58,0,
27,ACCT_01714,ACCT_01660,CASH,2314.11,2023-01-01 02:57:02,0,
28,ACCT_00899,ACCT_01120,TRANSFER,1359.33,2023-01-01 02:57:44,0,
29,ACCT_01350,ACCT_00747,WIRE,3143.46,2023-01-01 03:00:01,0,
30,ACCT_00130,ACCT_01338,TRANSFER,4896.47,2023-01-01 03:28:11,0,
31,ACCT_01242,ACCT_01815,WIRE,2185.67,2023-01-01 03:29:09,0,
32,ACCT_01600,ACCT_01664,TRANSFER,2705.24,2023-01-01 03:34:19,0,
33,ACCT_00213,ACCT_01402,WIRE,39.45,2023-01-01 03:41:40,0,
34,ACCT_00912,ACCT_01594,TRANSFER,4385.97,2023-01-01 03:42:17,0,
35,ACCT_01083,ACCT_01385,CHECK,2617.71,2023-01-01 03:44:24,0,
36,ACCT_00035,ACCT_00937,CHECK,4580.84,2023-01-01 03:47:20,0,
37,ACCT_01877,ACCT_00490,TRANSFER,1313.78,2023-01-01 03:53:17,0,
38,ACCT_00842,ACCT_01761,CASH,2017.06,2023-01-01 04:01:49,0,
39,ACCT_01816,ACCT_00100,TRANSFER,4065.14,2023-01-01 04:14:18,0,
40,ACCT_00110,ACCT_01887,CHECK,3991.68,2023-01-01 04:14:34,0,
41,ACCT_00630,ACCT_01718,CHECK,3369.77,2023-01-01 04:29:24,0,
42,ACCT_00394,ACCT_01398,ACH,3197.5,2023-01-01 04:36:09,0,
43,ACCT_01739,ACCT_01768,ACH,2137.43,2023-01-01 04:41:30,0,
44,ACCT_01142,ACCT_01424,CASH,1249.18,2023-01-01 04:43:14,0,
45,ACCT_00615,ACCT_00874,TRANSFER,4841.72,2023-01-01 04:46:17,0,
46,ACCT_01240,ACCT_00559,ACH,525.85,2023-01-01 04:47:50,0,
47,ACCT_00938,ACCT_00256,ACH,2619.94,2023-01-01 04:53:33,0,
48,ACCT_01947,ACCT_00181,CASH,1745.79,2023-01-01 04:56:08,0,
49,ACCT_00379,ACCT_00149,WIRE,4264.65,2023-01-01 05:14:54,0,
50,ACCT_00607,ACCT_01358,CASH,1809.49,2023-01-01 05:17:41,0,
51,ACCT_01685,ACCT_00482,ACH,2264.85,2023-01-01 05:31:03,0,
52,ACCT_01412,ACCT_01158,ACH,2038.61,2023-01-01 06:01:03,0,
53,ACCT_00849,ACCT_00966,ACH,4301.56,2023-01-01 06:01:36,0,
54,ACCT_01852,ACCT_01179,TRANSFER,48.93,2023-01-01 06:09:33,0,
55,ACCT_01020,ACCT_01752,CHECK,2722.07,2023-01-01 06:12:38,0,
56,ACCT_00031,ACCT_00620,TRANSFER,2770.95,2023-01-01 06:18:42,0,
57,ACCT_01027,ACCT_01566,CASH,910.1,2023-01-01 06:22:34,0,
58,ACCT_01731,ACCT_00805,WIRE,2020.68,2023-01-01 06:25:44,0,
59,ACCT_00182,ACCT_01111,CASH,1229.36,2023-01-01 06:27:27,0,
60,ACCT_01633,ACCT_01059,CHECK,4966.93,2023-01-01 06:36:31,0,
61,ACCT_00460,ACCT_00854,WIRE,3822.13,2023-01-01 07:02:03,0,
62,ACCT_01557,ACCT_00375,ACH,2787.97,2023-01-01 07:09:34,0,
63,ACCT_01875,ACCT_01501,CASH,4249.37,2023-01-01 07:15:56,0,
64,ACCT_00790,ACCT_00317,CHECK,1281.88,2023-01-01 07:27:26,0,
65,ACCT_00315,ACCT_00842,TRANSFER,4566.41,2023-01-01 07:27:47,0,
66,ACCT_00496,ACCT_01636,ACH,311.16,2023-01-01 07:41:00,0,
67,ACCT_00074,ACCT_00428,WIRE,2917.87,2023-01-01 07:43:28,0,
68,ACCT_00673,ACCT_01352,CASH,3453.6,2023-01-01 07:49:04,0,
69,ACCT_01883,ACCT_00335,ACH,2139.51,2023-01-01 07:49:18,0,
70,ACCT_00728,ACCT_00463,WIRE,2129.61,2023-01-01 08:01:27,0,
71,ACCT_01115,ACCT_00957,WIRE,4707.47,2023-01-01 08:15:59,0,
72,ACCT_01028,ACCT_00887,CHECK,393.25,2023-01-01 08:24:35,0,
73,ACCT_01699,ACCT_01708,CHECK,264.1,2023-01-01 08:30:15,0,
74,ACCT_00281,ACCT_01575,ACH,2001.1,2023-01-01 08:30:29,0,
75,ACCT_00205,ACCT_00511,WIRE,527.02,2023-01-01 08:36:51,0,
76,ACCT_00773,ACCT_01554,WIRE,1677.53,2023-01-01 08:41:38,0,
77,ACCT_01058,ACCT_00644,CHECK,4483.06,2023-01-01 09:06:28,0,
78,ACCT_00283,ACCT_01752,ACH,4562.79,2023-01-01 09:12:59,0,
79,ACCT_00231,ACCT_01075,CASH,2932.01,2023-01-01 09:33:57,0,
80,ACCT_00011,ACCT_00717,WIRE,2016.32,2023-01-01 09:34:22,0,
81,ACCT_00559,ACCT_01375,CHECK,3145.09,2023-01-01 09:45:18,0,
82,ACCT_01305,ACCT_00842,WIRE,2082.53,2023-01-01 09:45:38,0,
83,ACCT_00391,ACCT_00669,CASH,4356.68,2023-01-01 09:47:50,0,
84,ACCT_00201,ACCT_01638,WIRE,2784.5,2023-01-01 09:51:04,0,
85,ACCT_00447,ACCT_01648,WIRE,3679.24,2023-01-01 09:51:47,0,
86,ACCT_00080,ACCT_00933,WIRE,3398.89,2023-01-01 09:52:50,0,
87,ACCT_01467,ACCT_00886,WIRE,1586.55,2023-01-01 09:59:55,0,
88,ACCT_00937,ACCT_00952,CHECK,4289.97,2023-01-01 10:08:28,0,
89,ACCT_00825,ACCT_00977,ACH,646.59,2023-01-01 10:15:26,0,
90,ACCT_00486,ACCT_01596,TRANSFER,4319.82,2023-01-01 10:25:00,0,
91,ACCT_00796,ACCT_00149,TRANSFER,2406.91,2023-01-01 10:25:04,0,
92,ACCT_00422,ACCT_01157,WIRE,3648.64,2023-01-01 10:30:42,0,
93,ACCT_01870,ACCT_01420,ACH,1951.8,2023-01-01 10:43:33,0,
94,ACCT_00119,ACCT_00488,WIRE,469.03,2023-01-01 10:51:13,0,
95,ACCT_01612,ACCT_01790,CASH,1906.77,2023-01-01 10:58:18,0,
96,ACCT_01200,ACCT_00271,WIRE,196.09,2023-01-01 10:58:24,0,
97,ACCT_00669,ACCT_01191,ACH,1406.61,2023-01-01 10:59:04,0,
98,ACCT_01509,ACCT_01872,CASH,2051.93,2023-01-01 11:02:44,0,
99,ACCT_00519,ACCT_00089,TRANSFER,1515.21,2023-01-01 11:05:39,0,
100,ACCT_00555,ACCT_00952,TRANSFER,4024.15,2023-01-01 11:09:01,0,
101,ACCT_00211,ACCT_00060,WIRE,248.69,2023-01-01 11:13:39,0,
102,ACCT_01673,ACCT_01596,CHECK,1274.59,2023-01-01 11:15:50,0,
103,ACCT_00244,ACCT_00865,CASH,3311.31,2023-01-01 11:24:50,0,
104,ACCT_01388,ACCT_01414,WIRE,1573.22,2023-01-01 11:25:27,0,
105,ACCT_00617,ACCT_00953,WIRE,2019.39,2023-01-01 11:26:44,0,
106,ACCT_01596,ACCT_01132,ACH,4460.2,2023-01-01 11:31:32,0,
107,ACCT_01414,ACCT_00098,TRANSFER,1056.92,2023-01-01 11:35:39,0,
108,ACCT_00909,ACCT_00292,CASH,3805.32,2023-01-01 11:37:50,0,
109,ACCT_01110,ACCT_00219,TRANSFER,1067.43,2023-01-01 11:51:18,0,
110,ACCT_01969,ACCT_00842,ACH,3103.21,2023-01-01 11:57:57,0,
111,ACCT_00589,ACCT_01167,ACH,883.27,2023-01-01 12:21:36,0,
112,ACCT_00831,ACCT_01684,ACH,3791.45,2023-01-01 12:50:31,0,
113,ACCT_00164,ACCT_01690,CASH,607.27,2023-01-01 12:52:23,0,
114,ACCT_00703,ACCT_00346,ACH,48.68,2023-01-01 12:56:21,0,
115,ACCT_00415,ACCT_00177,TRANSFER,4537.42,2023-01-01 12:59:11,0,
116,ACCT_00808,ACCT_00452,TRANSFER,229.63,2023-01-01 13:05:02,0,
117,ACCT_00142,ACCT_00436,CASH,3343.19,2023-01-01 13:05:06,0,
118,ACCT_01042,ACCT_00517,ACH,355.99,2023-01-01 13:05:11,0,
119,ACCT_00416,ACCT_00008,ACH,3829.33,2023-01-01 13:11:03,0,
120,ACCT_01344,ACCT_01767,CHECK,4019.72,2023-01-01 13:12:08,0,
121,ACCT_01679,ACCT_00150,CHECK,1774.61,2023-01-01 13:37:29,0,
122,ACCT_01392,ACCT_01713,TRANSFER,1053.98,2023-01-01 13:59:46,0,
123,ACCT_00097,ACCT_00234,WIRE,3218.58,2023-01-01 14:00:19,0,
124,ACCT_01246,ACCT_01613,CHECK,3845.15,2023-01-01 14:02:08,0,
125,ACCT_00282,ACCT_01517,CASH,2460.44,2023-01-01 14:11:31,0,
126,ACCT_00743,ACCT_00798,ACH,1358.81,2023-01-01 14:14:13,0,
127,ACCT_00635,ACCT_00774,TRANSFER,1964.72,2023-01-01 14:14:41,0,
128,ACCT_01498,ACCT_01797,WIRE,1706.08,2023-01-01 14:14:53,0,
129,ACCT_00477,ACCT_01032,ACH,3526.1,2023-01-01 14:21:18,0,
130,ACCT_00515,ACCT_01004,TRANSFER,13929.12,2023-01-01 14:23:12,1,ALERT_0036
131,ACCT_00243,ACCT_01047,CHECK,1967.35,2023-01-01 15:14:41,0,
132,ACCT_01155,ACCT_00672,ACH,268.23,2023-01-01 15:15:34,0,
133,ACCT_00431,ACCT_01485,CASH,228.35,2023-01-01 15:20:52,0,
134,ACCT_01107,ACCT_01538,CASH,1098.06,2023-01-01 15:24:21,0,
135,ACCT_00188,ACCT_00033,CHECK,149.44,2023-01-01 15:43:29,0,
136,ACCT_01868,ACCT_00234,ACH,2235.88,2023-01-01 15:49:59,0,
137,ACCT_00350,ACCT_01293,TRANSFER,4726.99,2023-01-01 15:57:52,0,
138,ACCT_00559,ACCT_00306,WIRE,1375.45,2023-01-01 16:28:38,0,
139,ACCT_00998,ACCT_00591,TRANSFER,4000.93,2023-01-01 16:50:23,0,
140,ACCT_00909,ACCT_00752,CHECK,2691.7,2023-01-01 16:52:26,0,
141,ACCT_01333,ACCT_01319,CHECK,4380.95,2023-01-01 17:07:04,0,
142,ACCT_00277,ACCT_00029,WIRE,568.44,2023-01-01 17:09:21,0,
143,ACCT_01474,ACCT_00416,WIRE,3029.52,2023-01-01 17:10:16,0,
144,ACCT_01950,ACCT_01464,CASH,4876.66,2023-01-01 17:24:27,0,
145,ACCT_00314,ACCT_01278,WIRE,56.5,2023-01-01 17:32:27,0,
146,ACCT_01668,ACCT_01843,ACH,4700.19,2023-01-01 17:39:03,0,
147,ACCT_01398,ACCT_01523,CASH,4528.06,2023-01-01 17:42:43,0,
148,ACCT_01898,ACCT_00570,CASH,3799.75,2023-01-01 17:58:11,0,
149,ACCT_00585,ACCT_00067,WIRE,302.65,2023-01-01 18:12:32,0,
150,ACCT_01379,ACCT_00701,CASH,2147.04,2023-01-01 18:15:34,0,
151,ACCT_00928,ACCT_00386,TRANSFER,2858.99,2023-01-01 18:29:27,0,
152,ACCT_00657,ACCT_01004,TRANSFER,42099.76,2023-01-01 18:36:01,1,ALERT_0036
153,ACCT_01409,ACCT_00652,CHECK,346.89,2023-01-01 19:03:38,0,
154,ACCT_01611,ACCT_01294,CASH,1736.3,2023-01-01 19:19:50,0,
155,ACCT_00532,ACCT_01786,TRANSFER,2174.66,2023-01-01 19:20:54,0,
156,ACCT_01529,ACCT_00264,CHECK,3903.73,2023-01-01 19:24:22,0,
157,ACCT_00979,ACCT_00277,CHECK,3944.8,2023-01-01 19:25:43,0,
158,ACCT_00481,ACCT_00429,ACH,244.78,2023-01-01 19:34:51,0,
159,ACCT_01175,ACCT_01972,CASH,758.91,2023-01-01 19:37:29,0,
160,ACCT_00639,ACCT_00241,ACH,1388.69,2023-01-01 19:50:41,0,
161,ACCT_00572,ACCT_01751,ACH,1925.84,2023-01-01 20:21:22,0,
162,ACCT_00946,ACCT_00330,WIRE,3674.42,2023-01-01 20:22:10,0,
163,ACCT_01791,ACCT_00687,CASH,4550.67,2023-01-01 20:22:34,0,
164,ACCT_00402,ACCT_00662,ACH,1760.46,2023-01-01 20:27:39,0,
165,ACCT_00148,ACCT_00076,WIRE,2449.58,2023-01-01 20:35:16,0,
166,ACCT_01669,ACCT_00988,ACH,4520.14,2023-01-01 20:37:36,0,
167,ACCT_01167,ACCT_01927,ACH,75.11,2023-01-01 20:45:33,0,
168,ACCT_01958,ACCT_00474,ACH,2007.23,2023-01-01 20:45:45,0,
169,ACCT_00669,ACCT_01541,TRANSFER,3305.96,2023-01-01 20:46:47,0,
170,ACCT_00171,ACCT_00579,ACH,832.72,2023-01-01 20:56:56,0,
171,ACCT_01780,ACCT_00625,TRANSFER,1694.6,2023-01-01 21:17:20,0,
172,ACCT_00396,ACCT_00911,TRANSFER,1115.39,2023-01-01 21:21:51,0,
173,ACCT_00086,ACCT_00028,CHECK,3198.3,2023-01-01 21:23:52,0,
174,ACCT_00169,ACCT_00723,WIRE,4316.59,2023-01-01 21:28:09,0,
175,ACCT_01393,ACCT_01073,ACH,882.45,2023-01-01 21:54:26,0,
176,ACCT_00662,ACCT_01471,WIRE,3050.04,2023-01-01 22:04:04,0,
177,ACCT_00797,ACCT_01171,CASH,1804.01,2023-01-01 22:08:01,0,
178,ACCT_00427,ACCT_01560,WIRE,19.87,2023-01-01 22:16:15,0,
179,ACCT_00642,ACCT_01525,ACH,2696.92,2023-01-01 22:19:15,0,
180,ACCT_00025,ACCT_01236,TRANSFER,1895.6,2023-01-01 22:22:23,0,
181,ACCT_00895,ACCT_01618,ACH,1718.02,2023-01-01 22:22:23,0,
182,ACCT_00352,ACCT_01570,CASH,2571.1,2023-01-01 22:22:31,0,
183,ACCT_00117,ACCT_00450,CHECK,2117.02,2023-01-01 22:36:42,0,
184,ACCT_01087,ACCT_01121,WIRE,4395.14,2023-01-01 22:40:14,0,
185,ACCT_00361,ACCT_01727,CASH,4554.14,2023-01-01 22:40:23,0,
186,ACCT_00744,ACCT_00974,CASH,4108.61,2023-01-01 22:45:36,0,
187,ACCT_00968,ACCT_00020,ACH,4215.48,2023-01-01 22:52:08,0,
188,ACCT_01656,ACCT_00405,CASH,2024.46,2023-01-01 22:52:11,0,
189,ACCT_01264,ACCT_00253,CHECK,739.77,2023-01-01 23:23:25,0,
190,ACCT_01184,ACCT_00590,CASH,4154.0,2023-01-01 23:24:52,0,
191,ACCT_00745,ACCT_01544,CHECK,4233.97,2023-01-01 23:26:11,0,
192,ACCT_00640,ACCT_00268,CHECK,3741.71,2023-01-01 23:30:24,0,
193,ACCT_00426,ACCT_00801,TRANSFER,2460.27,2023-01-01 23:42:48,0,
194,ACCT_01321,ACCT_00044,CASH,953.41,2023-01-01 23:47:58,0,
195,ACCT_00848,ACCT_01983,CASH,1705.37,2023-01-01 23:56:39,0,
196,ACCT_01217,ACCT_01594,WIRE,1138.73,2023-01-02 00:00:11,0,
197,ACCT_01948,ACCT_01423,CASH,2605.6,2023-01-02 00:08:03,0,
198,ACCT_00175,ACCT_00884,CHECK,4311.2,2023-01-02 00:10:14,0,
199,ACCT_00162,ACCT_00692,CASH,2118.42,2023-01-02 00:10:26,0,
200,ACCT_00366,ACCT_01816,CHECK,1982.4,2023-01-02 00:17:10,0,
201,ACCT_00967,ACCT_01402,TRANSFER,4759.71,2023-01-02 00:32:13,0,
202,ACCT_00230,ACCT_00490,WIRE,3910.79,2023-01-02 00:45:37,0,
203,ACCT_00564,ACCT_00351,ACH,3773.63,2023-01-02 00:47:39,0,
204,ACCT_01933,ACCT_00573,TRANSFER,4713.63,2023-01-02 00:49:28,0,
205,ACCT_01115,ACCT_01004,ACH,32133.79,2023-01-02 00:53:46,1,ALERT_0036
206,ACCT_00531,ACCT_00523,ACH,3740.77,2023-01-02 00:59:21,0,
207,ACCT_01931,ACCT_00693,WIRE,3207.18,2023-01-02 01:00:30,0,
208,ACCT_01303,ACCT_00010,CASH,4962.36,2023-01-02 01:00:44,0,
209,ACCT_01451,ACCT_01903,ACH,3335.39,2023-01-02 01:35:37,0,
210,ACCT_01898,ACCT_01107,TRANSFER,4258.92,2023-01-02 01:37:40,0,
211,ACCT_00327,ACCT_00252,CASH,2820.3,2023-01-02 01:42:54,0,
212,ACCT_01824,ACCT_01812,CASH,1091.86,2023-01-02 01:43:03,0,
213,ACCT_00207,ACCT_00259,TRANSFER,4170.95,2023-01-02 01:50:45,0,
214,ACCT_00307,ACCT_00365,TRANSFER,4023.32,2023-01-02 02:03:51,0,
215,ACCT_00456,ACCT_00453,TRANSFER,2136.17,2023-01-02 02:15:10,0,
216,ACCT_00313,ACCT_00291,CHECK,2103.79,2023-01-02 02:26:17,0,
217,ACCT_01952,ACCT_01828,WIRE,3166.65,2023-01-02 02:33:08,0,
218,ACCT_00199,ACCT_00507,WIRE,527.0,2023-01-02 02:37:44,0,
219,ACCT_00299,ACCT_01525,ACH,1355.35,2023-01-02 02:39:29,0,
220,ACCT_00410,ACCT_00988,ACH,2971.84,2023-01-02 02:42:03,0,
221,ACCT_00115,ACCT_00777,CHECK,48.31,2023-01-02 02:45:18,0,
222,ACCT_00821,ACCT_00359,TRANSFER,3523.28,2023-01-02 02:46:24,0,
223,ACCT_01021,ACCT_01641,TRANSFER,2136.69,2023-01-02 02:53:07,0,
224,ACCT_01590,ACCT_00903,ACH,1101.61,2023-01-02 03:16:48,0,
225,ACCT_01698,ACCT_00159,TRANSFER,2117.29,2023-01-02 03:17:42,0,
226,ACCT_01114,ACCT_01886,TRANSFER,2863.25,2023-01-02 03:18:47,0,
227,ACCT_01331,ACCT_00505,CHECK,4042.54,2023-01-02 03:22:53,0,
228,ACCT_01664,ACCT_01420,CHECK,4927.08,2023-01-02 03:25:38,0,
229,ACCT_01316,ACCT_00206,ACH,936.19,2023-01-02 03:34:33,0,
230,ACCT_00092,ACCT_00596,WIRE,4560.24,2023-01-02 03:34:41,0,
231,ACCT_01803,ACCT_01887,WIRE,1588.35,2023-01-02 03:35:01,0,
232,ACCT_01276,ACCT_01806,CASH,2321.51,2023-01-02 03:46:41,0,
233,ACCT_00273,ACCT_01558,CASH,2031.42,2023-01-02 03:57:41,0,
234,ACCT_00773,ACCT_01549,WIRE,597.18,2023-01-02 04:11:07,0,
235,ACCT_00961,ACCT_00083,ACH,2179.1,2023-01-02 04:21:05,0,
236,ACCT_01989,ACCT_01191,CASH,3369.93,2023-01-02 04:27:16,0,
237,ACCT_01763,ACCT_01772,TRANSFER,3700.12,2023-01-02 04:30:02,0,
238,ACCT_00949,ACCT_01357,WIRE,608.38,2023-01-02 04:35:14,0,
239,ACCT_01836,ACCT_01556,CHECK,343.81,2023-01-02 04:37:22,0,
240,ACCT_01562,ACCT_01893,WIRE,1067.94,2023-01-02 05:12:19,0,
241,ACCT_00864,ACCT_00425,CHECK,1317.04,2023-01-02 05:23:24,0,
242,ACCT_00556,ACCT_00478,WIRE,3864.0,2023-01-02 05:28:48,0,
243,ACCT_01660,ACCT_01543,ACH,1090.56,2023-01-02 05:31:57,0,
244,ACCT_01475,ACCT_01644,CHECK,4083.67,2023-01-02 05:49:19,0,
245,ACCT_01735,ACCT_01998,CHECK,3349.85,2023-01-02 05:55:31,0,
246,ACCT_01713,ACCT_01885,TRANSFER,3203.99,2023-01-02 05:59:21,0,
247,ACCT_01822,ACCT_00770,CASH,3221.48,2023-01-02 06:09:51,0,
248,ACCT_00750,ACCT_01738,ACH,2502.55,2023-01-02 06:13:42,0,
249,ACCT_01824,ACCT_00476,CASH,2017.66,2023-01-02 06:13:45,0,
250,ACCT_00816,ACCT_00823,CASH,3653.27,2023-01-02 06:32:21,0,
251,ACCT_00897,ACCT_01336,CHECK,3378.0,2023-01-02 06:35:01,0,
252,ACCT_01281,ACCT_00765,CASH,3113.35,2023-01-02 06:45:23,0,
253,ACCT_00552,ACCT_01954,ACH,2009.74,2023-01-02 06:50:22,0,
254,ACCT_01161,ACCT_00726,CHECK,3941.77,2023-01-02 06:57:18,0,
255,ACCT_01118,ACCT_01654,TRANSFER,200.59,2023-01-02 07:08:38,0,
256,ACCT_00394,ACCT_01601,ACH,4028.27,2023-01-02 07:12:09,0,
257,ACCT_00812,ACCT_01484,ACH,3083.81,2023-01-02 07:26:48,0,
258,ACCT_01075,ACCT_00088,CASH,4059.0,2023-01-02 07:30:34,0,
259,ACCT_00084,ACCT_01227,CHECK,2625.71,2023-01-02 07:32:51,0,
260,ACCT_00184,ACCT_00217,CHECK,4966.87,2023-01-02 07:33:34,0,
261,ACCT_01846,ACCT_00410,WIRE,3356.3,2023-01-02 07:35:59,0,
262,ACCT_00614,ACCT_01061,CASH,1209.28,2023-01-02 07:38:32,0,
263,ACCT_01643,ACCT_01488,WIRE,1243.2,2023-01-02 07:39:07,0,
264,ACCT_00379,ACCT_00428,TRANSFER,4986.34,2023-01-02 07:45:00,0,
265,ACCT_01301,ACCT_01327,CASH,2203.49,2023-01-02 07:45:05,0,
266,ACCT_01198,ACCT_01265,CHECK,347.17,2023-01-02 07:53:00,0,
267,ACCT_01519,ACCT_00522,TRANSFER,972.3,2023-01-02 07:55:10,0,
268,ACCT_00813,ACCT_01004,ACH,26754.83,2023-01-02 08:01:38,1,ALERT_0036
269,ACCT_01293,ACCT_01200,CASH,229.09,2023-01-02 08:03:37,0,
270,ACCT_00237,ACCT_01917,WIRE,1741.68,2023-01-02 08:04:38,0,
271,ACCT_01694,ACCT_01797,ACH,1767.74,2023-01-02 08:20:06,0,
272,ACCT_01562,ACCT_00490,CASH,2070.24,2023-01-02 08:22:08,0,
273,ACCT_00399,ACCT_00135,ACH,2271.35,2023-01-02 08:44:48,0,
274,ACCT_00194,ACCT_00202,CASH,3339.82,2023-01-02 08:45:38,0,
275,ACCT_00374,ACCT_00443,CASH,1085.31,2023-01-02 09:04:13,0,
276,ACCT_00233,ACCT_01103,ACH,4495.15,2023-01-02 09:04:14,0,
277,ACCT_01945,ACCT_01225,WIRE,4906.0,2023-01-02 09:04:31,0,
278,ACCT_01138,ACCT_00598,WIRE,1034.38,2023-01-02 09:04:46,0,
279,ACCT_01390,ACCT_01521,WIRE,2451.53,2023-01-02 09:09:41,0,
280,ACCT_01698,ACCT_01863,WIRE,2101.1,2023-01-02 09:11:18,0,
281,ACCT_00661,ACCT_00272,CASH,333.42,2023-01-02 09:21:39,0,
282,ACCT_00452,ACCT_01351,WIRE,1792.4,2023-01-02 09:22:37,0,
283,ACCT_01019,ACCT_01584,TRANSFER,2169.38,2023-01-02 09:23:13,0,
284,ACCT_01431,ACCT_01313,TRANSFER,1412.38,2023-01-02 09:26:46,0,
285,ACCT_00278,ACCT_01997,TRANSFER,3813.81,2023-01-02 09:47:10,0,
286,ACCT_00963,ACCT_00299,WIRE,1607.73,2023-01-02 09:49:44,0,
287,ACCT_01345,ACCT_00939,TRANSFER,1671.27,2023-01-02 09:53:01,0,
288,ACCT_00801,ACCT_00393,CASH,339.62,2023-01-02 09:53:23,0,
289,ACCT_00007,ACCT_00569,CASH,639.02,2023-01-02 09:56:50,0,
290,ACCT_01263,ACCT_00200,CHECK,1596.24,2023-01-02 10:05:27,0,
291,ACCT_01108,ACCT_01120,TRANSFER,4763.38,2023-01-02 10:07:35,0,
292,ACCT_01364,ACCT_01775,CHECK,580.97,2023-01-02 10:14:37,0,
293,ACCT_00572,ACCT_01964,WIRE,2114.51,2023-01-02 10:18:56,0,
294,ACCT_00765,ACCT_00034,ACH,2191.66,2023-01-02 10:39:02,0,
295,ACCT_01194,ACCT_00965,CASH,3269.63,2023-01-02 10:51:24,0,
296,ACCT_00038,ACCT_01960,CASH,4426.16,2023-01-02 10:56:59,0,
297,ACCT_01338,ACCT_00715,TRANSFER,735.42,2023-01-02 11:01:35,0,
298,ACCT_00158,ACCT_00946,CHECK,4502.54,2023-01-02 11:02:53,0,
299,ACCT_01552,ACCT_00884,TRANSFER,989.79,2023-01-02 11:24:58,0,
300,ACCT_01415,ACCT_00070,CASH,4290.93,2023-01-02 11:40:06,0,
301,ACCT_00832,ACCT_00236,CASH,4330.77,2023-01-02 11:48:37,0,
302,ACCT_00312,ACCT_01846,ACH,2355.69,2023-01-02 11:49:32,0,
303,ACCT_01448,ACCT_01522,WIRE,71.06,2023-01-02 11:53:58,0,
304,ACCT_00243,ACCT_01004,ACH,27513.42,2023-01-02 12:07:07,1,ALERT_0036
305,ACCT_00520,ACCT_01030,TRANSFER,3037.8,2023-01-02 12:12:37,0,
306,ACCT_01580,ACCT_00565,CHECK,3178.08,2023-01-02 12:20:13,0,
307,ACCT_01816,ACCT_01487,ACH,3502.22,2023-01-02 12:28:17,0,
308,ACCT_00511,ACCT_01819,TRANSFER,4586.1,2023-01-02 12:55:02,0,
309,ACCT_00053,ACCT_00680,TRANSFER,4445.21,2023-01-02 12:57:38,0,
310,ACCT_00324,ACCT_00103,ACH,1365.65,2023-01-02 13:24:38,0,
311,ACCT_00574,ACCT_00856,TRANSFER,1494.37,2023-01-02 13:47:31,0,
312,ACCT_00691,ACCT_01538,ACH,1047.41,2023-01-02 14:10:21,0,
313,ACCT_01903,ACCT_01912,ACH,4130.38,2023-01-02 14:15:48,0,
314,ACCT_01020,ACCT_00412,WIRE,2595.95,2023-01-02 14:33:02,0,
315,ACCT_01979,ACCT_00933,ACH,1807.34,2023-01-02 14:42:26,0,
316,ACCT_00255,ACCT_00364,CASH,731.53,2023-01-02 14:59:03,0,
317,ACCT_01319,ACCT_01039,CHECK,4179.71,2023-01-02 15:01:09,0,
318,ACCT_00638,ACCT_01517,CASH,4173.27,2023-01-02 15:25:49,0,
319,ACCT_00073,ACCT_01221,TRANSFER,1792.65,2023-01-02 15:32:28,0,
320,ACCT_00930,ACCT_00776,ACH,2227.8,2023-01-02 15:45:17,0,
321,ACCT_01375,ACCT_01562,TRANSFER,4309.89,2023-01-02 15:45:52,0,
322,ACCT_00588,ACCT_01508,CHECK,2477.28,2023-01-02 16:02:36,0,
323,ACCT_00132,ACCT_00127,ACH,1259.91,2023-01-02 16:24:42,0,
324,ACCT_01680,ACCT_00459,ACH,1703.7,2023-01-02 17:05:28,0,
325,ACCT_01142,ACCT_00202,ACH,2973.55,2023-01-02 17:19:33,0,
326,ACCT_00926,ACCT_00276,WIRE,1210.73,2023-01-02 17:20:57,0,
327,ACCT_01589,ACCT_01088,ACH,2657.66,2023-01-02 17:33:23,0,
328,ACCT_00509,ACCT_00989,ACH,2354.99,2023-01-02 17:37:13,0,
329,ACCT_01842,ACCT_01890,WIRE,4469.22,2023-01-02 17:44:40,0,
330,ACCT_00339,ACCT_01829,CASH,1657.41,2023-01-02 18:03:27,0,
331,ACCT_00411,ACCT_00161,ACH,708.76,2023-01-02 18:06:02,0,
332,ACCT_01588,ACCT_01680,CASH,3880.04,2023-01-02 18:21:36,0,
333,ACCT_00232,ACCT_00716,WIRE,2209.63,2023-01-02 18:29:50,0,
334,ACCT_00301,ACCT_01863,CHECK,494.37,2023-01-02 18:31:43,0,
335,ACCT_01021,ACCT_01372,WIRE,1457.59,2023-01-02 18:32:58,0,
336,ACCT_01237,ACCT_00864,CHECK,3594.26,2023-01-02 19:03:14,0,
337,ACCT_00246,ACCT_01981,WIRE,670.92,2023-01-02 19:25:21,0,
338,ACCT_01453,ACCT_00407,TRANSFER,955.94,2023-01-02 19:28:36,0,
339,ACCT_00655,ACCT_00306,TRANSFER,4021.12,2023-01-02 19:35:20,0,
340,ACCT_00740,ACCT_01444,CASH,2790.09,2023-01-02 19:51:26,0,
341,ACCT_01691,ACCT_01851,ACH,2849.65,2023-01-02 19:53:32,0,
342,ACCT_01961,ACCT_00344,WIRE,1794.03,2023-01-02 19:59:45,0,
343,ACCT_00479,ACCT_01597,TRANSFER,861.45,2023-01-02 20:03:34,0,
344,ACCT_00990,ACCT_01985,TRANSFER,2986.94,2023-01-02 20:18:30,0,
345,ACCT_00010,ACCT_00040,CASH,402.12,2023-01-02 20:38:01,0,
346,ACCT_00081,ACCT_00746,TRANSFER,902.06,2023-01-02 20:46:26,0,
347,ACCT_00589,ACCT_01579,TRANSFER,2642.48,2023-01-02 20:57:47,0,
348,ACCT_00818,ACCT_01419,ACH,4830.53,2023-01-02 20:59:26,0,
349,ACCT_01330,ACCT_01689,WIRE,4846.19,2023-01-02 20:59:34,0,
350,ACCT_01880,ACCT_01404,CHECK,2753.8,2023-01-02 21:00:10,0,
351,ACCT_01957,ACCT_00015,ACH,3948.14,2023-01-02 21:12:29,0,
352,ACCT_00500,ACCT_00034,ACH,1474.63,2023-01-02 21:13:50,0,
353,ACCT_00706,ACCT_01424,CHECK,4933.61,2023-01-02 21:15:13,0,
354,ACCT_00660,ACCT_01316,CASH,1003.57,2023-01-02 21:19:18,0,
355,ACCT_01758,ACCT_01941,TRANSFER,4119.82,2023-01-02 21:19:37,0,
356,ACCT_00050,ACCT_00108,WIRE,2398.68,2023-01-02 21:32:59,0,
357,ACCT_01886,ACCT_01687,ACH,3423.55,2023-01-02 21:44:40,0,
358,ACCT_01227,ACCT_00320,CHECK,3157.75,2023-01-02 21:56:01,0,
359,ACCT_00315,ACCT_01645,ACH,1828.51,2023-01-02 21:58:46,0,
360,ACCT_01883,ACCT_00614,CHECK,4142.9,2023-01-02 22:16:55,0,
361,ACCT_01910,ACCT_01743,TRANSFER,4413.63,2023-01-02 22:18:17,0,
362,ACCT_00329,ACCT_00740,WIRE,3281.15,2023-01-02 22:21:55,0,
363,ACCT_00289,ACCT_01770,CHECK,1477.14,2023-01-02 22:26:28,0,
364,ACCT_01234,ACCT_01462,CASH,3616.19,2023-01-02 22:36:47,0,
365,ACCT_01162,ACCT_00268,TRANSFER,2191.54,2023-01-02 23:06:03,0,
366,ACCT_01265,ACCT_00696,TRANSFER,2195.93,2023-01-02 23:19:55,0,
367,ACCT_01217,ACCT_01348,TRANSFER,1653.84,2023-01-02 23:21:17,0,
368,ACCT_00012,ACCT_00794,WIRE,3864.59,2023-01-02 23:23:04,0,
369,ACCT_01633,ACCT_01711,WIRE,3622.82,2023-01-02 23:32:00,0,
370,ACCT_00911,ACCT_00381,WIRE,696.99,2023-01-02 23:35:47,0,
371,ACCT_01033,ACCT_01004,ACH,6686.73,2023-01-02 23:42:31,1,ALERT_0036
372,ACCT_01438,ACCT_00144,ACH,4515.67,2023-01-02 23:58:03,0,
373,ACCT_00587,ACCT_00920,TRANSFER,1648.41,2023-01-03 00:00:44,0,
374,ACCT_01286,ACCT_01114,TRANSFER,115.83,2023-01-03 00:05:16,0,
375,ACCT_01731,ACCT_01757,CASH,2706.8,2023-01-03 00:18:42,0,
376,ACCT_01231,ACCT_00197,CHECK,2030.24,2023-01-03 00:23:08,0,
377,ACCT_00045,ACCT_01179,CHECK,2879.91,2023-01-03 00:29:45,0,
378,ACCT_00602,ACCT_00764,CHECK,4168.86,2023-01-03 01:00:04,0,
379,ACCT_00549,ACCT_01185,TRANSFER,3774.02,2023-01-03 01:02:30,0,
380,ACCT_00927,ACCT_00041,WIRE,2046.96,2023-01-03 01:13:42,0,
381,ACCT_01492,ACCT_00449,CASH,3184.97,2023-01-03 01:16:43,0,
382,ACCT_00766,ACCT_01405,ACH,1708.93,2023-01-03 01:21:39,0,
383,ACCT_01610,ACCT_01383,CHECK,2420.75,2023-01-03 01:39:02,0,
384,ACCT_01798,ACCT_00882,CHECK,1994.81,2023-01-03 01:39:02,0,
385,ACCT_01127,ACCT_01509,ACH,691.11,2023-01-03 01:48:36,0,
386,ACCT_01885,ACCT_00597,CHECK,4540.61,2023-01-03 01:54:24,0,
387,ACCT_00265,ACCT_00718,TRANSFER,2861.57,2023-01-03 01:55:04,0,
388,ACCT_01171,ACCT_00082,CHECK,4196.26,2023-01-03 02:06:23,0,
389,ACCT_01580,ACCT_00868,CASH,845.76,2023-01-03 02:08:25,0,
390,ACCT_01922,ACCT_00697,WIRE,2983.11,2023-01-03 02:27:38,0,
391,ACCT_00718,ACCT_00773,TRANSFER,42412.76,2023-01-03 02:28:50,1,ALERT_0017
392,ACCT_01699,ACCT_00263,TRANSFER,46899.02,2023-01-03 02:33:08,1,ALERT_0001
393,ACCT_01764,ACCT_00516,CHECK,4863.6,2023-01-03 02:37:06,0,
394,ACCT_01872,ACCT_00986,ACH,2426.4,2023-01-03 02:38:27,0,
395,ACCT_01087,ACCT_01990,ACH,1258.59,2023-01-03 02:42:53,0,
396,ACCT_00250,ACCT_01940,WIRE,4664.45,2023-01-03 02:50:44,0,
397,ACCT_01254,ACCT_00015,TRANSFER,1367.8,2023-01-03 02:53:55,0,
398,ACCT_00992,ACCT_00762,CASH,3851.05,2023-01-03 03:06:16,0,
399,ACCT_01527,ACCT_00933,ACH,1524.27,2023-01-03 03:06:40,0,
400,ACCT_00939,ACCT_00376,CHECK,1686.39,2023-01-03 03:12:46,0,
401,ACCT_00510,ACCT_01072,CHECK,1484.45,2023-01-03 03:32:47,0,
402,ACCT_01130,ACCT_00556,ACH,504.34,2023-01-03 03:48:01,0,
403,ACCT_00149,ACCT_00457,ACH,2758.14,2023-01-03 03:54:09,0,
404,ACCT_01169,ACCT_01563,CHECK,4302.29,2023-01-03 04:16:28,0,
405,ACCT_00718,ACCT_01954,TRANSFER,17930.07,2023-01-03 04:22:16,1,ALERT_0017
406,ACCT_01087,ACCT_01466,TRANSFER,2709.06,2023-01-03 04:41:26,0,
407,ACCT_00072,ACCT_00962,CHECK,467.27,2023-01-03 04:52:16,0,
408,ACCT_01669,ACCT_01139,TRANSFER,3271.87,2023-01-03 04:52:31,0,
409,ACCT_00305,ACCT_00443,CHECK,1440.41,2023-01-03 05:01:57,0,
410,ACCT_01869,ACCT_00723,ACH,326.69,2023-01-03 05:09:08,0,
411,ACCT_01999,ACCT_01841,TRANSFER,2277.53,2023-01-03 05:26:32,0,
412,ACCT_01730,ACCT_00265,CHECK,2978.85,2023-01-03 05:28:43,0,
413,ACCT_01426,ACCT_00779,WIRE,1612.27,2023-01-03 05:30:32,0,
414,ACCT_00061,ACCT_00010,TRANSFER,1455.07,2023-01-03 05:38:38,0,
415,ACCT_00574,ACCT_00132,TRANSFER,4540.14,2023-01-03 05:52:11,0,
416,ACCT_01093,ACCT_00160,CASH,3363.09,2023-01-03 05:54:13,0,
417,ACCT_01888,ACCT_00582,CHECK,44.37,2023-01-03 05:56:13,0,
418,ACCT_00804,ACCT_01185,CHECK,3326.27,2023-01-03 06:01:38,0,
419,ACCT_01705,ACCT_01231,WIRE,4629.04,2023-01-03 06:03:00,0,
420,ACCT_00082,ACCT_00249,CHECK,2306.65,2023-01-03 06:04:45,0,
421,ACCT_01528,ACCT_01004,WIRE,1251.29,2023-01-03 06:10:00,1,ALERT_0036
422,ACCT_00366,ACCT_00885,ACH,706.41,2023-01-03 06:11:17,0,
423,ACCT_01673,ACCT_00993,WIRE,683.09,2023-01-03 06:32:15,0,
424,ACCT_01281,ACCT_00431,CASH,2196.89,2023-01-03 06:34:55,0,
425,ACCT_00531,ACCT_00968,TRANSFER,3606.5,2023-01-03 06:41:14,0,
426,ACCT_00334,ACCT_01266,ACH,4754.43,2023-01-03 06:47:54,0,
427,ACCT_01794,ACCT_00475,WIRE,1210.01,2023-01-03 06:49:07,0,
428,ACCT_00491,ACCT_00507,CHECK,166.62,2023-01-03 06:57:08,0,
429,ACCT_00120,ACCT_00712,WIRE,2478.36,2023-01-03 07:01:34,0,
430,ACCT_00376,ACCT_01651,CASH,563.94,2023-01-03 07:12:05,0,
431,ACCT_00858,ACCT_01149,TRANSFER,7898.75,2023-01-03 07:25:31,1,ALERT_0006
432,ACCT_01755,ACCT_00699,CASH,819.37,2023-01-03 07:34:53,0,
433,ACCT_00693,ACCT_00366,CASH,4215.76,2023-01-03 07:53:59,0,
434,ACCT_00191,ACCT_01348,CASH,1352.55,2023-01-03 08:13:03,0,
435,ACCT_01397,ACCT_01401,TRANSFER,2766.95,2023-01-03 08:18:41,0,
436,ACCT_00087,ACCT_01153,CASH,216.33,2023-01-03 08:20:06,0,
437,ACCT_00001,ACCT_00663,TRANSFER,4480.81,2023-01-03 08:21:51,0,
438,ACCT_00964,ACCT_00883,CASH,38.55,2023-01-03 08:29:14,0,
439,ACCT_00306,ACCT_00253,CHECK,3086.49,2023-01-03 08:31:10,0,
440,ACCT_01737,ACCT_01501,WIRE,3505.03,2023-01-03 08:46:17,0,
441,ACCT_01882,ACCT_01702,CASH,4141.88,2023-01-03 08:49:28,0,
442,ACCT_00921,ACCT_01302,CASH,1213.95,2023-01-03 09:05:10,0,
443,ACCT_00655,ACCT_00945,WIRE,1793.35,2023-01-03 09:07:09,0,
444,ACCT_01311,ACCT_01890,TRANSFER,1484.14,2023-01-03 09:22:08,0,
445,ACCT_00996,ACCT_01448,ACH,3869.95,2023-01-03 09:29:32,0,
446,ACCT_01272,ACCT_01113,ACH,4390.25,2023-01-03 09:49:08,0,
447,ACCT_00923,ACCT_00320,CASH,2975.24,2023-01-03 09:55:13,0,
448,ACCT_00188,ACCT_01955,CASH,82.32,2023-01-03 09:56:47,0,
449,ACCT_01372,ACCT_01830,CASH,928.55,2023-01-03 10:02:29,0,
450,ACCT_00965,ACCT_01850,TRANSFER,538.58,2023-01-03 10:06:13,0,
451,ACCT_00286,ACCT_00267,CASH,3944.96,2023-01-03 10:06:14,0,
452,ACCT_00283,ACCT_00345,CHECK,820.94,2023-01-03 10:17:32,0,
453,ACCT_01541,ACCT_01621,ACH,4330.62,2023-01-03 10:27:11,0,
454,ACCT_00130,ACCT_00475,ACH,1483.78,2023-01-03 10:30:39,0,
455,ACCT_01654,ACCT_01563,ACH,2306.5,2023-01-03 10:41:38,0,
456,ACCT_01925,ACCT_00920,TRANSFER,581.04,2023-01-03 10:45:04,0,
457,ACCT_00024,ACCT_00996,CHECK,2118.06,2023-01-03 10:52:19,0,
458,ACCT_01800,ACCT_01711,ACH,2273.52,2023-01-03 10:53:39,0,
459,ACCT_00865,ACCT_00358,WIRE,344.76,2023-01-03 11:10:43,0,
460,ACCT_01404,ACCT_01533,CHECK,4156.46,2023-01-03 11:17:03,0,
461,ACCT_00872,ACCT_00601,TRANSFER,4294.7,2023-01-03 11:18:21,0,
462,ACCT_00747,ACCT_01428,WIRE,456.32,2023-01-03 11:18:43,0,
463,ACCT_00263,ACCT_01210,TRANSFER,33209.15,2023-01-03 11:34:39,1,ALERT_0001
464,ACCT_01746,ACCT_00087,CHECK,3913.35,2023-01-03 11:45:12,0,
465,ACCT_01741,ACCT_01795,WIRE,117.0,2023-01-03 11:47:06,0,
466,ACCT_00087,ACCT_01934,WIRE,4375.4,2023-01-03 11:49:06,0,
467,ACCT_01642,ACCT_01319,CASH,1622.62,2023-01-03 11:58:40,0,
468,ACCT_01959,ACCT_00698,TRANSFER,871.49,2023-01-03 12:16:56,0,
469,ACCT_00257,ACCT_01522,WIRE,2008.01,2023-01-03 12:28:35,0,
470,ACCT_00687,ACCT_00948,CHECK,4639.67,2023-01-03 12:30:14,0,
471,ACCT_00921,ACCT_01980,TRANSFER,194.84,2023-01-03 12:32:19,0,
472,ACCT_01724,ACCT_00632,ACH,2148.37,2023-01-03 12:34:08,0,
473,ACCT_00282,ACCT_01597,CHECK,2997.73,2023-01-03 12:44:13,0,
474,ACCT_01507,ACCT_00838,CHECK,1083.11,2023-01-03 12:47:56,0,
475,ACCT_01358,ACCT_00136,CASH,4631.36,2023-01-03 13:27:19,0,
476,ACCT_00708,ACCT_00842,ACH,2264.99,2023-01-03 13:32:33,0,
477,ACCT_01840,ACCT_01253,CASH,1629.93,2023-01-03 13:50:40,0,
478,ACCT_00585,ACCT_00047,ACH,5471.13,2023-01-03 13:55:39,1,ALERT_0034
479,ACCT_01210,ACCT_01329,TRANSFER,29435.29,2023-01-03 14:01:31,1,ALERT_0001
480,ACCT_01656,ACCT_01088,WIRE,1462.94,2023-01-03 14:05:20,0,
481,ACCT_00949,ACCT_01828,ACH,4243.28,2023-01-03 14:05:47,0,
482,ACCT_00644,ACCT_00393,CASH,2063.35,2023-01-03 14:23:41,0,
483,ACCT_01353,ACCT_01890,WIRE,4513.53,2023-01-03 14:26:04,0,
484,ACCT_01195,ACCT_00133,CASH,2475.62,2023-01-03 14:43:27,0,
485,ACCT_00559,ACCT_01205,ACH,183.95,2023-01-03 14:58:37,0,
486,ACCT_01088,ACCT_00670,CASH,2785.8,2023-01-03 15:09:59,0,
487,ACCT_00036,ACCT_01732,CASH,822.61,2023-01-03 15:11:28,0,
488,ACCT_00718,ACCT_01625,TRANSFER,38932.35,2023-01-03 15:13:32,1,ALERT_0017
489,ACCT_00984,ACCT_01307,ACH,1097.03,2023-01-03 15:16:17,0,
490,ACCT_00945,ACCT_00305,WIRE,193.62,2023-01-03 15:26:52,0,
491,ACCT_01322,ACCT_00015,CASH,3124.1,2023-01-03 15:42:11,0,
492,ACCT_00249,ACCT_00499,CHECK,220.89,2023-01-03 15:47:47,0,
493,ACCT_00869,ACCT_00399,WIRE,1358.15,2023-01-03 15:49:43,0,
494,ACCT_01725,ACCT_00385,CHECK,2742.34,2023-01-03 16:07:17,0,
495,ACCT_00206,ACCT_00500,WIRE,1411.28,2023-01-03 16:54:53,0,
496,ACCT_01177,ACCT_00047,TRANSFER,17909.63,2023-01-03 17:07:53,1,ALERT_0034
497,ACCT_00982,ACCT_00473,ACH,2479.34,2023-01-03 17:08:01,0,
498,ACCT_01246,ACCT_01069,CASH,3898.74,2023-01-03 17:30:01,0,
499,ACCT_01253,ACCT_01916,CHECK,1167.21,2023-01-03 17:33:39,0,
500,ACCT_00485,ACCT_01306,ACH,1977.79,2023-01-03 17:45:05,0,
501,ACCT_00731,ACCT_01446,ACH,2354.38,2023-01-03 17:46:02,0,
502,ACCT_01073,ACCT_00528,TRANSFER,4397.71,2023-01-03 17:46:22,0,
503,ACCT_01469,ACCT_00252,TRANSFER,1424.2,2023-01-03 17:52:34,0,
504,ACCT_00193,ACCT_01102,CHECK,1661.87,2023-01-03 17:59:47,0,
505,ACCT_00834,ACCT_00801,WIRE,942.23,2023-01-03 18:05:15,0,
506,ACCT_01832,ACCT_01557,ACH,2233.26,2023-01-03 18:06:00,0,
507,ACCT_01802,ACCT_01622,WIRE,4055.68,2023-01-03 18:14:14,0,
508,ACCT_01757,ACCT_00393,ACH,3618.64,2023-01-03 18:39:13,0,
509,ACCT_01633,ACCT_01416,CASH,452.17,2023-01-03 19:02:32,0,
510,ACCT_01445,ACCT_00271,WIRE,4340.38,2023-01-03 19:04:14,0,
511,ACCT_00872,ACCT_01697,CHECK,418.92,2023-01-03 19:10:08,0,
512,ACCT_01410,ACCT_01527,WIRE,3534.09,2023-01-03 19:22:44,0,
513,ACCT_00432,ACCT_00715,ACH,1959.22,2023-01-03 19:47:13,0,
514,ACCT_00126,ACCT_00392,WIRE,3528.7,2023-01-03 19:49:05,0,
515,ACCT_01098,ACCT_01777,ACH,2106.3,2023-01-03 19:51:48,0,
516,ACCT_00269,ACCT_00403,CASH,4000.89,2023-01-03 19:55:07,0,
517,ACCT_01006,ACCT_01683,CASH,233.58,2023-01-03 19:56:16,0,
518,ACCT_01427,ACCT_01747,CASH,3124.01,2023-01-03 20:00:13,0,
519,ACCT_00230,ACCT_00287,ACH,410.09,2023-01-03 20:10:42,0,
520,ACCT_01684,ACCT_00589,TRANSFER,2408.65,2023-01-03 20:10:51,0,
521,ACCT_00740,ACCT_00222,TRANSFER,3759.52,2023-01-03 20:16:04,0,
522,ACCT_01559,ACCT_00614,CHECK,778.11,2023-01-03 20:19:45,0,
523,ACCT_00718,ACCT_00121,WIRE,22172.02,2023-01-03 20:25:45,1,ALERT_0017
524,ACCT_00780,ACCT_01598,TRANSFER,4817.98,2023-01-03 20:33:34,0,
525,ACCT_00039,ACCT_00865,ACH,1586.09,2023-01-03 20:35:29,0,
526,ACCT_01518,ACCT_01909,ACH,583.37,2023-01-03 20:44:00,0,
527,ACCT_01761,ACCT_01832,ACH,169.53,2023-01-03 20:45:31,0,
528,ACCT_00772,ACCT_01466,CASH,3503.07,2023-01-03 21:06:34,0,
529,ACCT_01092,ACCT_00913,WIRE,926.75,2023-01-03 21:22:09,0,
530,ACCT_00209,ACCT_01471,ACH,713.12,2023-01-03 21:22:36,0,
531,ACCT_01574,ACCT_00888,WIRE,2013.59,2023-01-03 21:37:45,0,
532,ACCT_01754,ACCT_01894,ACH,931.98,2023-01-03 21:40:32,0,
533,ACCT_00659,ACCT_00376,CHECK,3152.61,2023-01-03 21:47:10,0,
534,ACCT_00139,ACCT_01554,CHECK,4218.12,2023-01-03 22:07:11,0,
535,ACCT_01078,ACCT_00147,ACH,1429.38,2023-01-03 22:08:16,0,
536,ACCT_01500,ACCT_00114,WIRE,4802.98,2023-01-03 22:13:59,0,
537,ACCT_00360,ACCT_00134,ACH,649.95,2023-01-03 22:15:11,0,
538,ACCT_00242,ACCT_01369,ACH,2134.73,2023-01-03 22:20:08,0,
539,ACCT_00549,ACCT_01156,WIRE,2995.96,2023-01-03 22:32:12,0,
540,ACCT_01277,ACCT_01806,CHECK,4393.16,2023-01-03 22:36:27,0,
541,ACCT_00113,ACCT_00618,ACH,3134.66,2023-01-03 23:03:12,0,
542,ACCT_00249,ACCT_01748,TRANSFER,4768.39,2023-01-03 23:15:39,0,
543,ACCT_01982,ACCT_00717,CHECK,4199.83,2023-01-03 23:17:56,0,
544,ACCT_00961,ACCT_01547,WIRE,4783.94,2023-01-03 23:23:35,0,
545,ACCT_01278,ACCT_00047,ACH,19588.15,2023-01-03 23:23:47,1,ALERT_0034
546,ACCT_01421,ACCT_01035,TRANSFER,2451.5,2023-01-03 23:25:45,0,
547,ACCT_01254,ACCT_00686,TRANSFER,249.1,2023-01-03 23:31:12,0,
548,ACCT_01727,ACCT_00927,WIRE,2319.22,2023-01-03 23:36:49,0,
549,ACCT_01128,ACCT_01925,ACH,509.99,2023-01-04 00:01:36,0,
550,ACCT_01149,ACCT_00594,WIRE,12800.43,2023-01-04 00:05:13,1,ALERT_0006
551,ACCT_01190,ACCT_00740,CHECK,979.08,2023-01-04 00:05:36,0,
552,ACCT_00639,ACCT_00428,ACH,2973.98,2023-01-04 00:09:35,0,
553,ACCT_00740,ACCT_00610,CASH,4736.11,2023-01-04 00:10:08,0,
554,ACCT_00991,ACCT_01585,ACH,3741.19,2023-01-04 00:15:09,0,
555,ACCT_00572,ACCT_00894,ACH,3513.22,2023-01-04 00:17:37,0,
556,ACCT_00007,ACCT_01815,ACH,1422.22,2023-01-04 00:24:02,0,
557,ACCT_00932,ACCT_01138,TRANSFER,2285.85,2023-01-04 00:25:25,0,
558,ACCT_01568,ACCT_01656,ACH,4291.82,2023-01-04 00:32:32,0,
559,ACCT_00170,ACCT_00787,CASH,3128.45,2023-01-04 00:35:50,0,
560,ACCT_01643,ACCT_00218,TRANSFER,3931.39,2023-01-04 00:51:20,0,
561,ACCT_01712,ACCT_00029,CHECK,390.56,2023-01-04 01:05:06,0,
562,ACCT_00919,ACCT_01290,TRANSFER,4555.14,2023-01-04 01:07:30,0,
563,ACCT_01445,ACCT_01729,ACH,4587.61,2023-01-04 01:08:53,0,
564,ACCT_01349,ACCT_00379,TRANSFER,4653.29,2023-01-04 01:25:43,0,
565,ACCT_01413,ACCT_00045,WIRE,3862.78,2023-01-04 01:26:39,0,
566,ACCT_01506,ACCT_00074,CASH,1283.85,2023-01-04 01:35:19,0,
567,ACCT_01542,ACCT_01080,CHECK,3013.69,2023-01-04 01:36:06,0,
568,ACCT_01353,ACCT_01625,WIRE,20803.92,2023-01-04 01:49:22,1,ALERT_0011
569,ACCT_00265,ACCT_01099,CHECK,2396.47,2023-01-04 02:15:50,0,
570,ACCT_01675,ACCT_01031,CHECK,2637.57,2023-01-04 02:44:44,0,
571,ACCT_00124,ACCT_00529,CASH,897.87,2023-01-04 02:57:01,0,
572,ACCT_01081,ACCT_00081,CASH,3227.43,2023-01-04 03:00:37,0,
573,ACCT_01236,ACCT_01001,TRANSFER,941.59,2023-01-04 03:03:01,0,
574,ACCT_00485,ACCT_00801,CHECK,3609.99,2023-01-04 03:41:04,0,
575,ACCT_00956,ACCT_00060,ACH,3686.94,2023-01-04 03:45:02,0,
576,ACCT_00256,ACCT_01109,ACH,2277.29,2023-01-04 04:02:05,0,
577,ACCT_01100,ACCT_01115,CHECK,965.05,2023-01-04 04:08:10,0,
578,ACCT_00384,ACCT_01458,WIRE,3121.76,2023-01-04 04:11:50,0,
579,ACCT_01386,ACCT_00872,WIRE,2684.16,2023-01-04 04:12:09,0,
580,ACCT_00594,ACCT_01940,WIRE,24630.49,2023-01-04 04:15:25,1,ALERT_0006
581,ACCT_01443,ACCT_01963,CHECK,634.98,2023-01-04 04:20:53,0,
582,ACCT_00951,ACCT_01442,TRANSFER,4303.31,2023-01-04 04:21:16,0,
583,ACCT_01632,ACCT_00220,CASH,2785.19,2023-01-04 04:35:52,0,
584,ACCT_01274,ACCT_01525,ACH,2992.12,2023-01-04 04:39:40,0,
585,ACCT_00301,ACCT_01831,CHECK,3438.22,2023-01-04 04:53:48,0,
586,ACCT_01399,ACCT_01018,CHECK,1719.07,2023-01-04 05:18:16,0,
587,ACCT_00144,ACCT_01241,WIRE,640.96,2023-01-04 05:34:02,0,
588,ACCT_00581,ACCT_00769,ACH,3034.07,2023-01-04 05:41:41,0,
589,ACCT_00403,ACCT_01864,CASH,2772.21,2023-01-04 05:44:55,0,
590,ACCT_00299,ACCT_00390,CASH,2548.51,2023-01-04 06:15:25,0,
591,ACCT_00968,ACCT_01084,CHECK,3910.13,2023-01-04 06:27:34,0,
592,ACCT_01449,ACCT_01954,ACH,1063.49,2023-01-04 06:41:11,0,
593,ACCT_00330,ACCT_01297,CASH,4143.93,2023-01-04 06:42:31,0,
594,ACCT_01552,ACCT_01359,TRANSFER,1185.73,2023-01-04 06:44:41,0,
595,ACCT_00442,ACCT_00528,CASH,4333.7,2023-01-04 06:47:06,0,
596,ACCT_01946,ACCT_00381,WIRE,3564.93,2023-01-04 06:48:02,0,
597,ACCT_00770,ACCT_00325,ACH,2002.41,2023-01-04 06:49:01,0,
598,ACCT_00188,ACCT_01793,WIRE,1035.47,2023-01-04 06:52:57,0,
599,ACCT_01694,ACCT_00437,CHECK,4365.18,2023-01-04 06:53:06,0,
600,ACCT_01596,ACCT_00002,CHECK,2184.73,2023-01-04 07:00:36,0,
601,ACCT_00197,ACCT_00279,TRANSFER,756.86,2023-01-04 07:09:17,0,
602,ACCT_01948,ACCT_01471,ACH,1456.34,2023-01-04 07:17:28,0,
603,ACCT_00442,ACCT_01243,ACH,2534.2,2023-01-04 07:22:54,0,
604,ACCT_02000,ACCT_00028,WIRE,3747.71,2023-01-04 07:33:58,0,
605,ACCT_00820,ACCT_00378,TRANSFER,1820.46,2023-01-04 07:37:46,0,
606,ACCT_00708,ACCT_00047,ACH,35468.9,2023-01-04 07:39:49,1,ALERT_0034
607,ACCT_00111,ACCT_01437,TRANSFER,3317.11,2023-01-04 07:40:18,0,
608,ACCT_01369,ACCT_00799,CHECK,1350.68,2023-01-04 07:43:54,0,
609,ACCT_00046,ACCT_01277,TRANSFER,455.02,2023-01-04 07:45:40,0,
610,ACCT_00460,ACCT_01561,TRANSFER,2822.56,2023-01-04 07:50:16,0,
611,ACCT_01867,ACCT_01257,ACH,4149.64,2023-01-04 07:59:39,0,
612,ACCT_00566,ACCT_00929,ACH,3363.69,2023-01-04 08:00:56,0,
613,ACCT_01211,ACCT_00451,WIRE,4065.77,2023-01-04 08:09:49,0,
614,ACCT_00003,ACCT_00700,WIRE,4329.78,2023-01-04 08:29:39,0,
615,ACCT_00222,ACCT_00802,WIRE,1693.11,2023-01-04 08:31:23,0,
616,ACCT_01513,ACCT_00871,ACH,4048.75,2023-01-04 08:33:42,0,
617,ACCT_00112,ACCT_01514,CHECK,4818.03,2023-01-04 08:40:46,0,
618,ACCT_01787,ACCT_01785,WIRE,4840.89,2023-01-04 08:45:33,0,
619,ACCT_00280,ACCT_01861,CHECK,4670.09,2023-01-04 09:05:22,0,
620,ACCT_00497,ACCT_01351,WIRE,3477.88,2023-01-04 09:09:21,0,
621,ACCT_00315,ACCT_00734,CHECK,768.6,2023-01-04 09:15:39,0,
622,ACCT_00958,ACCT_00957,WIRE,1026.72,2023-01-04 09:28:00,0,
623,ACCT_01201,ACCT_00272,WIRE,1983.66,2023-01-04 10:05:40,0,
624,ACCT_01186,ACCT_00006,CASH,2317.18,2023-01-04 10:05:47,0,
625,ACCT_01455,ACCT_00440,WIRE,1333.84,2023-01-04 10:09:58,0,
626,ACCT_00504,ACCT_00419,CASH,4426.87,2023-01-04 10:19:40,0,
627,ACCT_00815,ACCT_00981,TRANSFER,3286.39,2023-01-04 10:29:17,0,
628,ACCT_01644,ACCT_00234,CHECK,2307.85,2023-01-04 10:30:44,0,
629,ACCT_00742,ACCT_00164,CASH,2806.68,2023-01-04 10:33:33,0,
630,ACCT_01940,ACCT_01145,TRANSFER,8258.24,2023-01-04 10:34:32,1,ALERT_0006
631,ACCT_01613,ACCT_01903,CASH,2014.95,2023-01-04 10:37:15,0,
632,ACCT_00031,ACCT_01789,WIRE,4064.98,2023-01-04 10:44:26,0,
633,ACCT_00754,ACCT_00881,TRANSFER,4791.17,2023-01-04 10:44:31,0,
634,ACCT_00925,ACCT_00564,CASH,1695.1,2023-01-04 10:53:03,0,
635,ACCT_00747,ACCT_01887,TRANSFER,3147.14,2023-01-04 11:12:16,0,
636,ACCT_00804,ACCT_00377,ACH,3029.37,2023-01-04 11:23:09,0,
637,ACCT_00861,ACCT_01220,CHECK,2308.29,2023-01-04 11:32:03,0,
638,ACCT_00076,ACCT_00791,CASH,54.68,2023-01-04 11:43:43,0,
639,ACCT_00869,ACCT_00399,CASH,550.92,2023-01-04 12:01:59,0,
640,ACCT_01820,ACCT_00267,CHECK,1081.77,2023-01-04 12:19:06,0,
641,ACCT_01703,ACCT_01629,WIRE,1189.19,2023-01-04 12:25:03,0,
642,ACCT_01760,ACCT_01538,CASH,2330.03,2023-01-04 12:29:36,0,
643,ACCT_00929,ACCT_01360,TRANSFER,1311.26,2023-01-04 12:30:00,0,
644,ACCT_01740,ACCT_00047,ACH,43936.63,2023-01-04 12:43:07,1,ALERT_0034
645,ACCT_00593,ACCT_00130,TRANSFER,1110.02,2023-01-04 12:46:16,0,
646,ACCT_01737,ACCT_01999,TRANSFER,930.42,2023-01-04 13:07:03,0,
647,ACCT_01261,ACCT_01482,CHECK,2585.89,2023-01-04 13:08:52,0,
648,ACCT_01108,ACCT_01719,CASH,4329.61,2023-01-04 13:10:10,0,
649,ACCT_01822,ACCT_00807,CHECK,4117.73,2023-01-04 13:14:53,0,
650,ACCT_01329,ACCT_01699,TRANSFER,6336.96,2023-01-04 13:27:59,1,ALERT_0001
651,ACCT_01565,ACCT_00871,CASH,2511.15,2023-01-04 13:29:30,0,
652,ACCT_01080,ACCT_00999,CASH,1698.99,2023-01-04 13:37:51,0,
653,ACCT_01884,ACCT_00343,WIRE,4660.29,2023-01-04 13:45:10,0,
654,ACCT_01124,ACCT_00419,CHECK,2312.64,2023-01-04 13:47:06,0,
655,ACCT_01375,ACCT_00122,TRANSFER,159.24,2023-01-04 13:49:31,0,
656,ACCT_00250,ACCT_01179,WIRE,3938.45,2023-01-04 14:12:21,0,
657,ACCT_00943,ACCT_00253,ACH,4668.54,2023-01-04 14:20:53,0,
658,ACCT_01150,ACCT_00464,CASH,2193.78,2023-01-04 14:23:34,0,
659,ACCT_00869,ACCT_01089,CHECK,4352.87,2023-01-04 14:24:35,0,
660,ACCT_00833,ACCT_01617,TRANSFER,1377.44,2023-01-04 14:30:07,0,
661,ACCT_01081,ACCT_00115,ACH,3244.94,2023-01-04 14:30:46,0,
662,ACCT_01598,ACCT_01306,CASH,3688.2,2023-01-04 14:33:55,0,
663,ACCT_01377,ACCT_01061,WIRE,3391.82,2023-01-04 14:43:36,0,
664,ACCT_00815,ACCT_01447,ACH,4870.99,2023-01-04 14:46:34,0,
665,ACCT_01346,ACCT_00408,TRANSFER,2503.08,2023-01-04 15:01:30,0,
666,ACCT_01502,ACCT_00403,CHECK,2930.27,2023-01-04 15:10:31,0,
667,ACCT_00582,ACCT_01604,CHECK,1413.63,2023-01-04 15:11:42,0,
668,ACCT_01219,ACCT_01517,ACH,4204.03,2023-01-04 15:27:11,0,
669,ACCT_01949,ACCT_00218,CASH,777.34,2023-01-04 15:32:53,0,
670,ACCT_01572,ACCT_00483,ACH,921.67,2023-01-04 15:38:31,0,
671,ACCT_00787,ACCT_01537,WIRE,3121.8,2023-01-04 15:48:44,0,
672,ACCT_01984,ACCT_01197,CHECK,1054.1,2023-01-04 15:55:13,0,
673,ACCT_00172,ACCT_00291,TRANSFER,1376.79,2023-01-04 16:14:45,0,
674,ACCT_00648,ACCT_00011,CHECK,981.09,2023-01-04 16:21:13,0,
675,ACCT_00517,ACCT_01983,ACH,3137.73,2023-01-04 16:27:09,0,
676,ACCT_01522,ACCT_01919,WIRE,2899.26,2023-01-04 16:30:44,0,
677,ACCT_01650,ACCT_01930,WIRE,1135.5,2023-01-04 16:45:50,0,
678,ACCT_00178,ACCT_00973,CASH,2723.24,2023-01-04 17:36:06,0,
679,ACCT_00482,ACCT_00717,ACH,4805.9,2023-01-04 17:43:12,0,
680,ACCT_01683,ACCT_00201,CHECK,2481.47,2023-01-04 17:44:19,0,
681,ACCT_00674,ACCT_00860,CASH,4915.6,2023-01-04 17:44:26,0,
682,ACCT_01229,ACCT_00209,WIRE,507.65,2023-01-04 18:00:05,0,
683,ACCT_01079,ACCT_00455,CASH,986.62,2023-01-04 18:16:36,0,
684,ACCT_01465,ACCT_00792,TRANSFER,65.91,2023-01-04 18:18:01,0,
685,ACCT_01689,ACCT_01032,WIRE,768.21,2023-01-04 18:24:58,0,
686,ACCT_01483,ACCT_00823,TRANSFER,991.24,2023-01-04 18:33:18,0,
687,ACCT_00258,ACCT_00624,ACH,2039.66,2023-01-04 18:37:15,0,
688,ACCT_01029,ACCT_00672,CHECK,1847.53,2023-01-04 18:45:21,0,
689,ACCT_00721,ACCT_00544,TRANSFER,4635.37,2023-01-04 18:47:31,0,
690,ACCT_00180,ACCT_01944,CASH,4012.19,2023-01-04 19:01:04,0,
691,ACCT_00829,ACCT_01589,WIRE,4406.06,2023-01-04 19:01:24,0,
692,ACCT_01205,ACCT_00787,CASH,4137.62,2023-01-04 19:15:09,0,
693,ACCT_00547,ACCT_00171,CHECK,4594.69,2023-01-04 19:34:44,0,
694,ACCT_01625,ACCT_01037,TRANSFER,38278.28,2023-01-04 19:38:19,1,ALERT_0011
695,ACCT_00654,ACCT_01331,WIRE,3209.35,2023-01-04 19:51:23,0,
696,ACCT_01995,ACCT_01896,TRANSFER,4557.31,2023-01-04 19:52:56,0,
697,ACCT_00824,ACCT_01094,WIRE,4397.94,2023-01-04 19:59:20,0,
698,ACCT_00887,ACCT_01549,CHECK,311.71,2023-01-04 20:00:43,0,
699,ACCT_01471,ACCT_01457,TRANSFER,43.08,2023-01-04 20:00:47,0,
700,ACCT_01716,ACCT_00016,CASH,4311.41,2023-01-04 20:02:35,0,
701,ACCT_01505,ACCT_00291,CHECK,3962.61,2023-01-04 20:05:34,0,
702,ACCT_01890,ACCT_00910,TRANSFER,3353.7,2023-01-04 20:13:51,0,
703,ACCT_01565,ACCT_00196,CHECK,2898.88,2023-01-04 20:22:38,0,
704,ACCT_00224,ACCT_01779,WIRE,408.25,2023-01-04 20:33:49,0,
705,ACCT_00073,ACCT_01385,TRANSFER,3936.94,2023-01-04 20:36:36,0,
706,ACCT_00692,ACCT_00894,CASH,3325.64,2023-01-04 20:45:55,0,
707,ACCT_01627,ACCT_00382,TRANSFER,658.65,2023-01-04 20:49:44,0,
708,ACCT_01274,ACCT_00425,CASH,3456.58,2023-01-04 21:05:14,0,
709,ACCT_00959,ACCT_00939,TRANSFER,4970.1,2023-01-04 21:19:24,0,
710,ACCT_00089,ACCT_00360,WIRE,1014.22,2023-01-04 21:21:49,0,
711,ACCT_00875,ACCT_01274,CASH,2091.27,2023-01-04 21:36:42,0,
712,ACCT_00182,ACCT_00309,ACH,1230.27,2023-01-04 21:43:22,0,
713,ACCT_01553,ACCT_01011,WIRE,2709.18,2023-01-04 21:58:01,0,
714,ACCT_00153,ACCT_00536,ACH,3022.51,2023-01-04 21:59:36,0,
715,ACCT_01407,ACCT_01954,WIRE,4862.66,2023-01-04 22:03:57,0,
716,ACCT_01853,ACCT_00396,CASH,462.48,2023-01-04 22:07:42,0,
717,ACCT_00033,ACCT_01292,ACH,4590.97,2023-01-04 22:08:05,0,
718,ACCT_01391,ACCT_01405,CASH,3333.63,2023-01-04 22:31:18,0,
719,ACCT_00720,ACCT_00631,CHECK,4372.77,2023-01-04 22:36:23,0,
720,ACCT_01414,ACCT_01383,CHECK,4025.16,2023-01-04 22:38:45,0,
721,ACCT_01145,ACCT_01916,WIRE,37915.36,2023-01-04 22:54:47,1,ALERT_0006
722,ACCT_00567,ACCT_01641,CASH,3217.66,2023-01-04 22:58:36,0,
723,ACCT_00216,ACCT_00662,CHECK,1139.44,2023-01-04 23:03:29,0,
724,ACCT_01691,ACCT_01980,TRANSFER,544.28,2023-01-04 23:09:41,0,
725,ACCT_01900,ACCT_00283,ACH,124.92,2023-01-04 23:14:20,0,
726,ACCT_00411,ACCT_01961,WIRE,644.65,2023-01-04 23:18:10,0,
727,ACCT_00558,ACCT_01057,CASH,3190.76,2023-01-04 23:20:15,0,
728,ACCT_01924,ACCT_00251,WIRE,3054.2,2023-01-04 23:26:31,0,
729,ACCT_01601,ACCT_01056,WIRE,3476.24,2023-01-04 23:27:18,0,
730,ACCT_01866,ACCT_00785,CASH,2840.11,2023-01-04 23:30:20,0,
731,ACCT_00452,ACCT_01298,CHECK,2091.62,2023-01-04 23:36:07,0,
732,ACCT_01674,ACCT_00980,ACH,4566.36,2023-01-04 23:37:25,0,
733,ACCT_00969,ACCT_01450,ACH,3671.96,2023-01-04 23:40:57,0,
734,ACCT_00168,ACCT_01633,WIRE,444.49,2023-01-04 23:41:27,0,
735,ACCT_00581,ACCT_01676,TRANSFER,276.33,2023-01-04 23:53:27,0,
736,ACCT_00105,ACCT_00602,WIRE,406.49,2023-01-04 23:53:52,0,
737,ACCT_01252,ACCT_00672,CASH,35.23,2023-01-05 00:04:34,0,
738,ACCT_00180,ACCT_00527,WIRE,287.49,2023-01-05 00:04:44,0,
739,ACCT_01124,ACCT_00834,TRANSFER,1653.49,2023-01-05 00:05:31,0,
740,ACCT_00591,ACCT_00736,TRANSFER,1725.46,2023-01-05 00:10:40,0,
741,ACCT_00425,ACCT_00622,WIRE,4631.38,2023-01-05 00:33:25,0,
742,ACCT_01706,ACCT_01837,WIRE,4061.0,2023-01-05 00:33:42,0,
743,ACCT_00894,ACCT_01484,CHECK,4546.85,2023-01-05 00:37:03,0,
744,ACCT_01618,ACCT_00811,WIRE,2745.01,2023-01-05 00:37:53,0,
745,ACCT_01895,ACCT_01740,WIRE,2504.16,2023-01-05 00:39:54,0,
746,ACCT_00038,ACCT_00639,ACH,2857.73,2023-01-05 00:43:38,0,
747,ACCT_01139,ACCT_00831,WIRE,3157.47,2023-01-05 00:43:48,0,
748,ACCT_01163,ACCT_01506,CHECK,352.53,2023-01-05 00:44:13,0,
749,ACCT_00002,ACCT_00121,ACH,1318.52,2023-01-05 00:51:01,0,
750,ACCT_01070,ACCT_00294,CHECK,442.46,2023-01-05 00:54:34,0,
751,ACCT_00018,ACCT_01885,TRANSFER,1664.23,2023-01-05 01:08:33,0,
752,ACCT_01566,ACCT_01608,CASH,888.92,2023-01-05 01:18:30,0,
753,ACCT_01627,ACCT_01610,TRANSFER,2883.61,2023-01-05 01:28:28,0,
754,ACCT_01004,ACCT_01408,ACH,1698.87,2023-01-05 01:32:04,0,
755,ACCT_01558,ACCT_00516,WIRE,3234.13,2023-01-05 01:53:27,0,
756,ACCT_01761,ACCT_01082,CASH,1916.23,2023-01-05 02:18:25,0,
757,ACCT_01916,ACCT_00858,WIRE,1065.49,2023-01-05 02:26:31,1,ALERT_0006
758,ACCT_00345,ACCT_00006,WIRE,4945.55,2023-01-05 02:38:43,0,
759,ACCT_01710,ACCT_01321,ACH,731.82,2023-01-05 03:15:15,0,
760,ACCT_00516,ACCT_00396,TRANSFER,128.27,2023-01-05 03:17:47,0,
761,ACCT_01648,ACCT_00463,ACH,3717.01,2023-01-05 03:18:52,0,
762,ACCT_00570,ACCT_01609,TRANSFER,1787.73,2023-01-05 03:23:33,0,
763,ACCT_00640,ACCT_00423,ACH,430.7,2023-01-05 03:28:01,0,
764,ACCT_00886,ACCT_01725,ACH,2342.34,2023-01-05 03:36:49,0,
765,ACCT_00308,ACCT_01107,CHECK,2468.32,2023-01-05 03:42:00,0,
766,ACCT_01284,ACCT_00141,ACH,2622.23,2023-01-05 03:42:21,0,
767,ACCT_01286,ACCT_01679,ACH,3726.8,2023-01-05 03:56:14,0,
768,ACCT_01305,ACCT_00097,CASH,1549.48,2023-01-05 04:09:56,0,
769,ACCT_00259,ACCT_01066,ACH,1426.8,2023-01-05 04:14:42,0,
770,ACCT_01849,ACCT_00270,WIRE,1809.12,2023-01-05 04:16:13,0,
771,ACCT_01101,ACCT_00786,TRANSFER,2847.72,2023-01-05 04:17:39,0,
772,ACCT_00606,ACCT_00388,CASH,1924.74,2023-01-05 04:22:32,0,
773,ACCT_01149,ACCT_00491,ACH,1798.45,2023-01-05 04:24:49,0,
774,ACCT_00241,ACCT_00299,ACH,1792.84,2023-01-05 04:53:29,0,
775,ACCT_01132,ACCT_00172,CASH,2630.13,2023-01-05 05:01:10,0,
776,ACCT_01973,ACCT_01409,CASH,1029.15,2023-01-05 05:16:11,0,
777,ACCT_01331,ACCT_01982,TRANSFER,3553.75,2023-01-05 05:23:53,0,
778,ACCT_01683,ACCT_01417,CHECK,4927.42,2023-01-05 05:27:01,0,
779,ACCT_01253,ACCT_01782,CASH,2877.98,2023-01-05 05:44:12,0,
780,ACCT_01173,ACCT_00983,CASH,3471.69,2023-01-05 06:07:02,0,
781,ACCT_01319,ACCT_00681,CASH,2040.95,2023-01-05 06:11:26,0,
782,ACCT_00018,ACCT_00604,TRANSFER,805.76,2023-01-05 06:16:38,0,
783,ACCT_00206,ACCT_00948,ACH,4707.6,2023-01-05 06:20:06,0,
784,ACCT_00456,ACCT_01759,TRANSFER,1151.4,2023-01-05 06:37:07,0,
785,ACCT_01235,ACCT_01228,TRANSFER,1819.04,2023-01-05 06:46:11,0,
786,ACCT_01207,ACCT_01208,ACH,2155.69,2023-01-05 06:53:49,0,
787,ACCT_01451,ACCT_00867,ACH,1288.57,2023-01-05 06:54:06,0,
788,ACCT_00211,ACCT_00761,WIRE,1986.7,2023-01-05 06:54:15,0,
789,ACCT_01654,ACCT_00516,ACH,4067.36,2023-01-05 07:17:50,0,
790,ACCT_01979,ACCT_01620,TRANSFER,2601.5,2023-01-05 07:39:50,0,
791,ACCT_00501,ACCT_01952,CHECK,421.58,2023-01-05 07:48:39,0,
792,ACCT_01425,ACCT_00980,ACH,4922.01,2023-01-05 07:51:42,0,
793,ACCT_00492,ACCT_01616,CHECK,2713.1,2023-01-05 07:57:32,0,
794,ACCT_00397,ACCT_01115,CHECK,950.87,2023-01-05 08:04:12,0,
795,ACCT_01225,ACCT_00732,ACH,2409.99,2023-01-05 08:15:21,0,
796,ACCT_01256,ACCT_00569,ACH,3456.37,2023-01-05 08:15:28,0,
797,ACCT_01439,ACCT_00506,ACH,2899.0,2023-01-05 08:21:04,0,
798,ACCT_01219,ACCT_01630,ACH,4252.52,2023-01-05 08:25:10,0,
799,ACCT_00675,ACCT_00637,TRANSFER,3133.71,2023-01-05 08:27:51,0,
800,ACCT_00227,ACCT_00147,CHECK,2086.32,2023-01-05 08:30:11,0,
801,ACCT_01007,ACCT_00745,CASH,1528.74,2023-01-05 08:38:17,0,
802,ACCT_00732,ACCT_01412,CHECK,4079.8,2023-01-05 08:38:56,0,
803,ACCT_01480,ACCT_01205,CASH,4724.39,2023-01-05 08:39:01,0,
804,ACCT_01867,ACCT_01983,CASH,1943.14,2023-01-05 08:51:31,0,
805,ACCT_00498,ACCT_01630,CHECK,1058.32,2023-01-05 08:53:44,0,
806,ACCT_01770,ACCT_01488,ACH,4754.3,2023-01-05 09:01:43,0,
807,ACCT_01636,ACCT_01124,TRANSFER,2748.48,2023-01-05 09:06:11,0,
808,ACCT_01144,ACCT_01199,TRANSFER,3341.5,2023-01-05 09:08:04,0,
809,ACCT_01487,ACCT_00729,WIRE,3516.26,2023-01-05 09:10:12,0,
810,ACCT_00113,ACCT_00554,TRANSFER,1674.08,2023-01-05 09:11:27,0,
811,ACCT_01140,ACCT_01426,WIRE,144.23,2023-01-05 09:18:43,0,
812,ACCT_00018,ACCT_01704,TRANSFER,69.69,2023-01-05 09:30:52,0,
813,ACCT_00088,ACCT_01379,WIRE,538.17,2023-01-05 09:33:49,0,
814,ACCT_00684,ACCT_00109,CHECK,1370.22,2023-01-05 09:38:15,0,
815,ACCT_00559,ACCT_00687,CASH,1342.77,2023-01-05 10:08:20,0,
816,ACCT_00951,ACCT_01344,WIRE,3419.93,2023-01-05 10:11:20,0,
817,ACCT_00532,ACCT_01774,TRANSFER,1743.11,2023-01-05 10:12:24,0,
818,ACCT_00233,ACCT_01147,TRANSFER,4463.23,2023-01-05 10:14:37,0,
819,ACCT_01856,ACCT_00920,CHECK,1654.28,2023-01-05 10:21:32,0,
820,ACCT_01118,ACCT_00636,WIRE,753.0,2023-01-05 10:25:23,0,
821,ACCT_00760,ACCT_01395,TRANSFER,4554.2,2023-01-05 10:32:34,0,
822,ACCT_01700,ACCT_01749,WIRE,1911.85,2023-01-05 10:33:50,0,
823,ACCT_00745,ACCT_01361,TRANSFER,1998.47,2023-01-05 10:44:49,0,
824,ACCT_01323,ACCT_01709,CASH,4457.29,2023-01-05 10:47:32,0,
825,ACCT_00029,ACCT_00543,WIRE,870.23,2023-01-05 11:39:11,0,
826,ACCT_01017,ACCT_01536,ACH,4636.87,2023-01-05 11:40:41,0,
827,ACCT_00247,ACCT_01183,TRANSFER,4570.43,2023-01-05 11:46:56,0,
828,ACCT_00595,ACCT_01616,CASH,2766.07,2023-01-05 11:50:26,0,
829,ACCT_01371,ACCT_01434,WIRE,116.52,2023-01-05 11:54:48,0,
830,ACCT_00858,ACCT_00903,WIRE,3386.73,2023-01-05 11:57:17,0,
831,ACCT_00444,ACCT_01630,CHECK,4438.47,2023-01-05 12:06:03,0,
832,ACCT_01226,ACCT_01480,ACH,857.0,2023-01-05 12:07:28,0,
833,ACCT_01940,ACCT_01088,WIRE,1878.62,2023-01-05 12:08:56,0,
834,ACCT_01509,ACCT_01624,CHECK,2773.68,2023-01-05 12:24:26,0,
835,ACCT_01253,ACCT_00526,WIRE,1005.34,2023-01-05 12:27:12,0,
836,ACCT_01119,ACCT_00609,ACH,3292.92,2023-01-05 12:28:14,0,
837,ACCT_01338,ACCT_01648,CHECK,113.28,2023-01-05 12:43:47,0,
838,ACCT_01844,ACCT_00760,ACH,1670.73,2023-01-05 12:53:14,0,
839,ACCT_00527,ACCT_01830,CHECK,516.13,2023-01-05 12:54:42,0,
840,ACCT_00032,ACCT_00648,WIRE,243.79,2023-01-05 13:00:31,0,
841,ACCT_01095,ACCT_00629,WIRE,1125.9,2023-01-05 13:06:39,0,
842,ACCT_00117,ACCT_00535,WIRE,2572.0,2023-01-05 13:11:20,0,
843,ACCT_01979,ACCT_00467,CASH,4145.13,2023-01-05 13:24:07,0,
844,ACCT_01271,ACCT_01433,CHECK,1965.62,2023-01-05 13:24:31,0,
845,ACCT_00401,ACCT_01235,TRANSFER,346.24,2023-01-05 13:37:52,0,
846,ACCT_01214,ACCT_01096,ACH,2244.82,2023-01-05 13:45:15,0,
847,ACCT_00290,ACCT_00076,CASH,332.64,2023-01-05 13:53:06,0,
848,ACCT_00238,ACCT_00468,CASH,4450.64,2023-01-05 13:55:20,0,
849,ACCT_01708,ACCT_00644,TRANSFER,442.95,2023-01-05 13:56:47,0,
850,ACCT_00149,ACCT_00849,ACH,1912.23,2023-01-05 14:08:08,0,
851,ACCT_01437,ACCT_00155,ACH,2502.82,2023-01-05 14:23:00,0,
852,ACCT_01018,ACCT_00131,TRANSFER,708.16,2023-01-05 14:26:00,0,
853,ACCT_00874,ACCT_00877,ACH,4712.62,2023-01-05 14:29:21,0,
854,ACCT_01767,ACCT_01364,WIRE,2384.23,2023-01-05 14:33:03,0,
855,ACCT_01067,ACCT_01978,CASH,4800.17,2023-01-05 14:39:01,0,
856,ACCT_00488,ACCT_00528,WIRE,2368.47,2023-01-05 14:43:47,0,
857,ACCT_01818,ACCT_01470,CASH,4809.74,2023-01-05 15:07:34,0,
858,ACCT_01165,ACCT_00509,WIRE,1658.47,2023-01-05 15:10:46,0,
859,ACCT_00749,ACCT_01943,TRANSFER,3811.87,2023-01-05 15:16:03,0,
860,ACCT_00796,ACCT_01012,ACH,762.17,2023-01-05 15:31:06,0,
861,ACCT_01318,ACCT_00218,CHECK,3579.85,2023-01-05 15:33:00,0,
862,ACCT_01867,ACCT_00744,ACH,4921.05,2023-01-05 15:50:34,0,
863,ACCT_01910,ACCT_00462,ACH,763.74,2023-01-05 15:51:16,0,
864,ACCT_01331,ACCT_00902,CHECK,3939.24,2023-01-05 15:54:46,0,
865,ACCT_00933,ACCT_01333,CASH,3885.48,2023-01-05 15:55:11,0,
866,ACCT_00230,ACCT_01027,ACH,219.47,2023-01-05 16:07:13,0,
867,ACCT_00939,ACCT_01330,TRANSFER,1472.93,2023-01-05 16:19:07,0,
868,ACCT_01480,ACCT_01486,ACH,2160.14,2023-01-05 16:25:13,0,
869,ACCT_01414,ACCT_01790,ACH,3025.4,2023-01-05 16:28:24,0,
870,ACCT_01924,ACCT_00800,WIRE,292.04,2023-01-05 16:42:33,0,
871,ACCT_01095,ACCT_01708,CASH,1799.26,2023-01-05 16:43:28,0,
872,ACCT_00183,ACCT_00238,TRANSFER,1919.08,2023-01-05 16:51:57,0,
873,ACCT_01986,ACCT_00067,ACH,3025.87,2023-01-05 17:00:18,0,
874,ACCT_01646,ACCT_00211,TRANSFER,2102.56,2023-01-05 17:00:46,0,
875,ACCT_01573,ACCT_00825,WIRE,1994.27,2023-01-05 17:08:06,0,
876,ACCT_00328,ACCT_01072,CHECK,4910.39,2023-01-05 17:11:45,0,
877,ACCT_01954,ACCT_00422,WIRE,4952.76,2023-01-05 17:34:03,0,
878,ACCT_01682,ACCT_01149,TRANSFER,781.27,2023-01-05 17:43:18,0,
879,ACCT_00181,ACCT_00267,TRANSFER,2007.62,2023-01-05 18:06:03,0,
880,ACCT_00140,ACCT_00256,WIRE,1482.28,2023-01-05 18:06:07,0,
881,ACCT_01056,ACCT_00944,ACH,4222.81,2023-01-05 18:08:47,0,
882,ACCT_00465,ACCT_00959,TRANSFER,4728.01,2023-01-05 18:14:46,0,
883,ACCT_00721,ACCT_00092,TRANSFER,2484.99,2023-01-05 18:18:28,0,
884,ACCT_00328,ACCT_00999,TRANSFER,1773.31,2023-01-05 18:29:32,0,
885,ACCT_01037,ACCT_00935,WIRE,2086.45,2023-01-05 18:36:08,1,ALERT_0011
886,ACCT_01501,ACCT_00326,WIRE,491.74,2023-01-05 18:43:05,0,
887,ACCT_01937,ACCT_00505,CASH,2403.06,2023-01-05 18:56:20,0,
888,ACCT_01491,ACCT_01768,WIRE,2202.85,2023-01-05 18:59:16,0,
889,ACCT_00692,ACCT_00657,CASH,2791.51,2023-01-05 19:16:42,0,
890,ACCT_00088,ACCT_00961,CASH,2035.88,2023-01-05 19:26:31,0,
891,ACCT_00048,ACCT_01661,WIRE,4033.07,2023-01-05 19:36:48,0,
892,ACCT_01223,ACCT_00585,WIRE,397.59,2023-01-05 19:50:33,0,
893,ACCT_00340,ACCT_00957,TRANSFER,1844.55,2023-01-05 19:57:38,0,
894,ACCT_00176,ACCT_00655,WIRE,31807.09,2023-01-05 20:17:40,1,ALERT_0048
895,ACCT_01840,ACCT_00690,ACH,3047.7,2023-01-05 20:23:36,0,
896,ACCT_01637,ACCT_00803,TRANSFER,3832.2,2023-01-05 20:23:43,0,
897,ACCT_01008,ACCT_01832,TRANSFER,3004.61,2023-01-05 20:25:14,0,
898,ACCT_01243,ACCT_01063,CHECK,220.09,2023-01-05 20:25:17,0,
899,ACCT_01681,ACCT_01789,WIRE,3576.53,2023-01-05 20:35:50,0,
900,ACCT_01192,ACCT_00608,WIRE,734.95,2023-01-05 20:56:05,0,
901,ACCT_00825,ACCT_01553,ACH,676.65,2023-01-05 21:05:26,0,
902,ACCT_00889,ACCT_01131,CASH,4826.01,2023-01-05 21:21:10,0,
903,ACCT_01043,ACCT_01127,WIRE,2186.84,2023-01-05 21:28:32,0,
904,ACCT_01396,ACCT_01846,ACH,413.24,2023-01-05 21:46:23,0,
905,ACCT_00926,ACCT_01701,CASH,4967.64,2023-01-05 21:51:18,0,
906,ACCT_01341,ACCT_00925,WIRE,809.64,2023-01-05 21:53:22,0,
907,ACCT_01020,ACCT_00139,ACH,1102.99,2023-01-05 21:56:50,0,
908,ACCT_00650,ACCT_00574,CASH,4623.43,2023-01-05 22:07:31,0,
909,ACCT_00571,ACCT_01178,WIRE,4395.28,2023-01-05 22:16:33,0,
910,ACCT_00559,ACCT_00690,WIRE,2780.64,2023-01-05 22:16:37,0,
911,ACCT_00507,ACCT_00159,CASH,631.86,2023-01-05 22:47:21,0,
912,ACCT_00974,ACCT_01894,WIRE,2888.55,2023-01-05 22:47:46,0,
913,ACCT_01779,ACCT_01657,CHECK,4069.65,2023-01-05 22:50:49,0,
914,ACCT_00014,ACCT_01084,CASH,413.83,2023-01-05 22:56:22,0,
915,ACCT_00408,ACCT_01531,CASH,1158.02,2023-01-05 22:56:36,0,
916,ACCT_01646,ACCT_01917,WIRE,4117.3,2023-01-05 23:02:58,0,
917,ACCT_01509,ACCT_01033,WIRE,314.52,2023-01-05 23:04:40,0,
918,ACCT_01586,ACCT_00623,CHECK,4934.9,2023-01-05 23:16:38,0,
919,ACCT_00191,ACCT_00406,TRANSFER,2583.19,2023-01-05 23:44:00,0,
920,ACCT_00077,ACCT_00657,CHECK,1412.12,2023-01-05 23:46:08,0,
921,ACCT_00460,ACCT_00448,CASH,1111.16,2023-01-05 23:48:45,0,
922,ACCT_01463,ACCT_00826,CHECK,1203.97,2023-01-06 00:07:41,0,
923,ACCT_01842,ACCT_00752,TRANSFER,815.49,2023-01-06 00:08:34,0,
924,ACCT_00547,ACCT_01997,TRANSFER,4498.01,2023-01-06 00:11:43,0,
925,ACCT_00740,ACCT_01849,CASH,2387.25,2023-01-06 00:18:38,0,
926,ACCT_00420,ACCT_00082,ACH,308.8,2023-01-06 00:20:47,0,
927,ACCT_01606,ACCT_01169,ACH,2377.94,2023-01-06 00:22:33,0,
928,ACCT_00833,ACCT_00386,WIRE,2345.47,2023-01-06 00:23:35,0,
929,ACCT_01546,ACCT_00327,WIRE,1620.57,2023-01-06 00:23:56,0,
930,ACCT_01735,ACCT_00538,ACH,3770.35,2023-01-06 00:43:35,0,
931,ACCT_01418,ACCT_00736,ACH,2704.85,2023-01-06 00:54:08,0,
932,ACCT_01960,ACCT_00158,TRANSFER,832.18,2023-01-06 00:59:11,0,
933,ACCT_01681,ACCT_00041,TRANSFER,551.39,2023-01-06 01:00:04,0,
934,ACCT_01426,ACCT_01224,CASH,1164.01,2023-01-06 01:04:58,0,
935,ACCT_00874,ACCT_00992,WIRE,184.47,2023-01-06 01:23:19,0,
936,ACCT_00562,ACCT_00730,CASH,4994.69,2023-01-06 01:34:30,0,
937,ACCT_00273,ACCT_01977,WIRE,1389.98,2023-01-06 01:37:21,0,
938,ACCT_00118,ACCT_00295,CHECK,3622.88,2023-01-06 01:45:12,0,
939,ACCT_00519,ACCT_01090,WIRE,3981.23,2023-01-06 01:47:21,0,
940,ACCT_00929,ACCT_00999,TRANSFER,336.17,2023-01-06 01:55:04,0,
941,ACCT_01194,ACCT_01865,ACH,1358.97,2023-01-06 01:56:07,0,
942,ACCT_00880,ACCT_01571,ACH,2180.68,2023-01-06 02:00:10,0,
943,ACCT_00739,ACCT_01756,CASH,756.77,2023-01-06 02:01:32,0,
944,ACCT_01478,ACCT_01632,CHECK,4075.1,2023-01-06 02:13:01,0,
945,ACCT_01578,ACCT_01627,CASH,4826.07,2023-01-06 02:26:25,0,
946,ACCT_00175,ACCT_00833,CASH,175.4,2023-01-06 02:34:55,0,
947,ACCT_00690,ACCT_00529,TRANSFER,3188.57,2023-01-06 02:37:33,0,
948,ACCT_01913,ACCT_00303,CHECK,4322.86,2023-01-06 02:41:43,0,
949,ACCT_01392,ACCT_00944,CHECK,3892.29,2023-01-06 03:01:15,0,
950,ACCT_01376,ACCT_00499,CHECK,259.84,2023-01-06 03:08:20,0,
951,ACCT_01030,ACCT_00700,CHECK,4246.12,2023-01-06 03:12:11,0,
952,ACCT_00660,ACCT_00655,WIRE,33358.1,2023-01-06 03:21:49,1,ALERT_0048
953,ACCT_01358,ACCT_01413,WIRE,361.92,2023-01-06 03:31:50,0,
954,ACCT_00287,ACCT_01460,CASH,516.0,2023-01-06 04:54:31,0,
955,ACCT_00381,ACCT_00732,CASH,3951.37,2023-01-06 04:56:43,0,
956,ACCT_00112,ACCT_01316,CASH,3779.86,2023-01-06 05:16:26,0,
957,ACCT_01752,ACCT_01438,TRANSFER,3955.67,2023-01-06 05:17:11,0,
958,ACCT_00361,ACCT_00324,TRANSFER,2430.46,2023-01-06 05:21:01,0,
959,ACCT_01213,ACCT_01920,WIRE,3725.64,2023-01-06 05:23:40,0,
960,ACCT_01955,ACCT_00800,WIRE,2345.13,2023-01-06 05:31:41,0,
961,ACCT_00105,ACCT_00654,TRANSFER,990.16,2023-01-06 05:43:08,0,
962,ACCT_00595,ACCT_01679,WIRE,588.71,2023-01-06 05:49:01,0,
963,ACCT_00957,ACCT_01243,CHECK,4783.05,2023-01-06 06:07:16,0,
964,ACCT_01844,ACCT_00083,WIRE,3393.26,2023-01-06 06:13:34,0,
965,ACCT_01719,ACCT_01451,WIRE,814.66,2023-01-06 06:16:14,0,
966,ACCT_01829,ACCT_01328,CHECK,4446.81,2023-01-06 06:17:45,0,
967,ACCT_01900,ACCT_00323,WIRE,2966.72,2023-01-06 06:23:15,0,
968,ACCT_00633,ACCT_01146,TRANSFER,2759.15,2023-01-06 06:35:50,0,
969,ACCT_01935,ACCT_01947,TRANSFER,2525.81,2023-01-06 06:38:59,0,
970,ACCT_01717,ACCT_01626,TRANSFER,2882.37,2023-01-06 06:52:16,0,
971,ACCT_00029,ACCT_00594,CHECK,1041.63,2023-01-06 07:04:19,0,
972,ACCT_01339,ACCT_01484,TRANSFER,1273.49,2023-01-06 07:04:55,0,
973,ACCT_01053,ACCT_00119,ACH,59.36,2023-01-06 07:05:55,0,
974,ACCT_01005,ACCT_01380,TRANSFER,848.41,2023-01-06 07:18:36,0,
975,ACCT_00089,ACCT_01206,CASH,1154.39,2023-01-06 07:20:49,0,
976,ACCT_00265,ACCT_01983,ACH,4317.73,2023-01-06 07:30:10,0,
977,ACCT_01761,ACCT_00444,ACH,228.57,2023-01-06 07:43:36,0,
978,ACCT_01465,ACCT_01558,ACH,192.87,2023-01-06 07:53:43,0,
979,ACCT_00192,ACCT_00007,CASH,95.21,2023-01-06 07:58:15,0,
980,ACCT_01352,ACCT_01052,ACH,305.73,2023-01-06 08:26:09,0,
981,ACCT_00008,ACCT_01201,WIRE,1485.63,2023-01-06 08:32:11,0,
982,ACCT_01138,ACCT_01645,TRANSFER,1453.75,2023-01-06 08:46:10,0,
983,ACCT_00222,ACCT_00976,CHECK,1940.55,2023-01-06 09:00:01,0,
984,ACCT_00120,ACCT_01667,CHECK,3845.79,2023-01-06 09:12:48,0,
985,ACCT_00935,ACCT_01356,TRANSFER,22262.86,2023-01-06 09:16:41,1,ALERT_0011
986,ACCT_01733,ACCT_01873,ACH,3404.2,2023-01-06 09:19:48,0,
987,ACCT_01372,ACCT_00279,CASH,3877.02,2023-01-06 09:30:45,0,
988,ACCT_01001,ACCT_00655,WIRE,577.46,2023-01-06 09:44:03,1,ALERT_0048
989,ACCT_00466,ACCT_01997,CHECK,4152.09,2023-01-06 09:53:59,0,
990,ACCT_01058,ACCT_00250,WIRE,3785.47,2023-01-06 09:59:13,0,
991,ACCT_00508,ACCT_01629,CASH,2458.86,2023-01-06 10:09:26,0,
992,ACCT_00581,ACCT_00825,CASH,2762.13,2023-01-06 10:14:35,0,
993,ACCT_01716,ACCT_00017,ACH,2729.64,2023-01-06 10:20:15,0,
994,ACCT_01701,ACCT_00760,CHECK,2135.37,2023-01-06 10:20:50,0,
995,ACCT_01843,ACCT_00369,CHECK,87.41,2023-01-06 10:27:07,0,
996,ACCT_00138,ACCT_00001,WIRE,3022.92,2023-01-06 10:43:01,0,
997,ACCT_00392,ACCT_00049,TRANSFER,165.18,2023-01-06 10:45:41,0,
998,ACCT_01679,ACCT_00727,TRANSFER,4856.17,2023-01-06 10:47:55,0,
999,ACCT_00439,ACCT_01043,TRANSFER,1044.5,2023-01-06 10:57:12,0,
1000,ACCT_01877,ACCT_01600,CHECK,71.66,2023-01-06 11:07:53,0,
1001,ACCT_01448,ACCT_00385,CHECK,4057.38,2023-01-06 11:14:07,0,
1002,ACCT_01036,ACCT_00909,CHECK,287.71,2023-01-06 11:33:22,0,
1003,ACCT_00637,ACCT_01401,ACH,2150.7,2023-01-06 11:35:42,0,
1004,ACCT_00516,ACCT_01017,TRANSFER,1198.0,2023-01-06 12:03:32,0,
1005,ACCT_00418,ACCT_00876,CASH,4443.89,2023-01-06 12:42:18,0,
1006,ACCT_01486,ACCT_01711,WIRE,138.15,2023-01-06 12:43:33,0,
1007,ACCT_00440,ACCT_00880,CASH,1947.83,2023-01-06 12:53:59,0,
1008,ACCT_01939,ACCT_00897,WIRE,4941.9,2023-01-06 13:03:32,0,
1009,ACCT_01470,ACCT_00218,CASH,3164.89,2023-01-06 13:09:35,0,
1010,ACCT_00617,ACCT_00465,ACH,3464.58,2023-01-06 13:17:28,0,
1011,ACCT_00084,ACCT_00446,CASH,4129.1,2023-01-06 13:18:38,0,
1012,ACCT_01586,ACCT_00290,ACH,988.92,2023-01-06 13:22:13,0,
1013,ACCT_00776,ACCT_01950,TRANSFER,3915.84,2023-01-06 13:23:01,0,
1014,ACCT_01356,ACCT_00930,TRANSFER,22738.06,2023-01-06 13:29:50,1,ALERT_0011
1015,ACCT_01410,ACCT_00507,TRANSFER,1369.57,2023-01-06 13:32:03,0,
1016,ACCT_00542,ACCT_01573,CASH,1598.38,2023-01-06 13:37:30,0,
1017,ACCT_00085,ACCT_00500,TRANSFER,4684.93,2023-01-06 13:50:53,0,
1018,ACCT_01354,ACCT_01181,CASH,4382.6,2023-01-06 14:02:33,0,
1019,ACCT_00479,ACCT_01322,CASH,3076.4,2023-01-06 14:04:05,0,
1020,ACCT_00344,ACCT_01843,CASH,4009.67,2023-01-06 14:19:16,0,
1021,ACCT_00214,ACCT_01448,CHECK,1490.28,2023-01-06 14:19:30,0,
1022,ACCT_01861,ACCT_00114,CASH,2646.44,2023-01-06 14:24:05,0,
1023,ACCT_00146,ACCT_00838,TRANSFER,4962.44,2023-01-06 14:26:08,0,
1024,ACCT_01152,ACCT_00526,TRANSFER,432.21,2023-01-06 14:41:40,0,
1025,ACCT_01865,ACCT_00799,CASH,1580.37,2023-01-06 15:09:17,0,
1026,ACCT_00940,ACCT_00616,WIRE,380.08,2023-01-06 15:34:56,0,
1027,ACCT_01215,ACCT_01617,WIRE,4522.81,2023-01-06 16:03:36,0,
1028,ACCT_00949,ACCT_01823,TRANSFER,3477.57,2023-01-06 16:10:08,0,
1029,ACCT_00874,ACCT_01316,TRANSFER,4824.12,2023-01-06 16:19:35,0,
1030,ACCT_00835,ACCT_00342,ACH,4291.05,2023-01-06 16:20:20,0,
1031,ACCT_01419,ACCT_01750,CHECK,4667.07,2023-01-06 16:25:13,0,
1032,ACCT_01837,ACCT_01867,TRANSFER,3864.28,2023-01-06 16:55:10,0,
1033,ACCT_00471,ACCT_00591,WIRE,1218.58,2023-01-06 17:01:31,0,
1034,ACCT_01800,ACCT_01861,ACH,3375.58,2023-01-06 17:03:13,0,
1035,ACCT_01006,ACCT_00089,TRANSFER,1824.52,2023-01-06 17:03:44,0,
1036,ACCT_01285,ACCT_01109,TRANSFER,739.1,2023-01-06 17:06:43,0,
1037,ACCT_00529,ACCT_01774,CHECK,953.5,2023-01-06 17:18:21,0,
1038,ACCT_01281,ACCT_00771,TRANSFER,2850.07,2023-01-06 17:22:03,0,
1039,ACCT_01890,ACCT_00195,WIRE,2854.23,2023-01-06 17:33:57,0,
1040,ACCT_00726,ACCT_00990,WIRE,2394.63,2023-01-06 17:38:25,0,
1041,ACCT_01129,ACCT_00438,ACH,1479.78,2023-01-06 17:39:27,0,
1042,ACCT_00961,ACCT_00417,TRANSFER,1097.83,2023-01-06 17:39:28,0,
1043,ACCT_00445,ACCT_01636,ACH,3727.43,2023-01-06 17:44:23,0,
1044,ACCT_01789,ACCT_00859,TRANSFER,939.59,2023-01-06 17:56:00,0,
1045,ACCT_00812,ACCT_00986,CHECK,4958.27,2023-01-06 18:04:49,0,
1046,ACCT_01155,ACCT_00328,WIRE,4854.1,2023-01-06 18:06:45,0,
1047,ACCT_00968,ACCT_01557,WIRE,3426.32,2023-01-06 18:08:07,0,
1048,ACCT_00219,ACCT_00686,CHECK,568.95,2023-01-06 18:08:22,0,
1049,ACCT_00755,ACCT_00543,ACH,882.39,2023-01-06 18:09:00,0,
1050,ACCT_00798,ACCT_01350,TRANSFER,2089.29,2023-01-06 18:12:54,0,
1051,ACCT_01465,ACCT_00190,TRANSFER,4589.3,2023-01-06 19:18:29,0,
1052,ACCT_00871,ACCT_00356,WIRE,4770.66,2023-01-06 19:23:25,0,
1053,ACCT_01439,ACCT_01413,WIRE,4694.13,2023-01-06 19:33:22,0,
1054,ACCT_01026,ACCT_00915,TRANSFER,3617.57,2023-01-06 19:43:56,0,
1055,ACCT_00378,ACCT_00095,TRANSFER,125.44,2023-01-06 19:45:13,0,
1056,ACCT_01234,ACCT_01342,WIRE,4990.46,2023-01-06 20:05:36,0,
1057,ACCT_00838,ACCT_01192,ACH,3024.03,2023-01-06 20:17:15,0,
1058,ACCT_01828,ACCT_00694,ACH,2223.8,2023-01-06 20:28:47,0,
1059,ACCT_00370,ACCT_01872,WIRE,4325.95,2023-01-06 20:32:39,0,
1060,ACCT_00488,ACCT_01194,CHECK,800.67,2023-01-06 20:42:32,0,
1061,ACCT_00028,ACCT_01399,ACH,3854.61,2023-01-06 20:43:57,0,
1062,ACCT_00975,ACCT_01726,CASH,4225.26,2023-01-06 20:51:54,0,
1063,ACCT_00242,ACCT_01735,ACH,4539.8,2023-01-06 20:52:15,0,
1064,ACCT_00498,ACCT_01802,CHECK,3784.83,2023-01-06 20:57:04,0,
1065,ACCT_00005,ACCT_00817,ACH,1725.51,2023-01-06 20:57:21,0,
1066,ACCT_01891,ACCT_00400,ACH,1974.92,2023-01-06 21:22:21,0,
1067,ACCT_01279,ACCT_00707,WIRE,3451.5,2023-01-06 21:27:35,0,
1068,ACCT_01799,ACCT_00476,TRANSFER,4792.72,2023-01-06 21:37:05,0,
1069,ACCT_01072,ACCT_01906,CASH,2242.93,2023-01-06 21:41:36,0,
1070,ACCT_01464,ACCT_01426,WIRE,1102.9,2023-01-06 21:41:47,0,
1071,ACCT_01740,ACCT_01728,CASH,4135.82,2023-01-06 21:44:45,0,
1072,ACCT_00592,ACCT_01283,WIRE,596.59,2023-01-06 22:05:48,0,
1073,ACCT_01150,ACCT_00124,ACH,3665.18,2023-01-06 22:09:54,0,
1074,ACCT_01183,ACCT_01810,CASH,3801.87,2023-01-06 22:14:37,0,
1075,ACCT_00930,ACCT_01643,WIRE,47074.02,2023-01-06 22:32:35,1,ALERT_0011
1076,ACCT_01633,ACCT_01478,ACH,308.77,2023-01-06 22:36:32,0,
1077,ACCT_01751,ACCT_01211,WIRE,1154.63,2023-01-06 22:52:46,0,
1078,ACCT_01702,ACCT_01879,TRANSFER,4531.64,2023-01-06 23:09:10,0,
1079,ACCT_01732,ACCT_01829,TRANSFER,2187.52,2023-01-06 23:10:39,0,
1080,ACCT_01543,ACCT_00026,CHECK,4750.17,2023-01-06 23:19:44,0,
1081,ACCT_01684,ACCT_01922,ACH,3386.82,2023-01-06 23:20:04,0,
1082,ACCT_00094,ACCT_01002,TRANSFER,2277.73,2023-01-06 23:27:59,0,
1083,ACCT_01277,ACCT_01468,ACH,2157.61,2023-01-06 23:41:30,0,
1084,ACCT_01912,ACCT_01775,WIRE,18324.13,2023-01-06 23:54:37,1,ALERT_0042
1085,ACCT_01283,ACCT_00120,ACH,2266.46,2023-01-07 00:02:39,0,
1086,ACCT_01544,ACCT_01889,WIRE,1002.86,2023-01-07 00:09:16,0,
1087,ACCT_00665,ACCT_00171,ACH,1327.55,2023-01-07 00:18:01,0,
1088,ACCT_01319,ACCT_00793,TRANSFER,2558.61,2023-01-07 00:31:13,0,
1089,ACCT_01859,ACCT_01792,ACH,3009.71,2023-01-07 00:36:32,0,
1090,ACCT_01862,ACCT_01686,CHECK,4457.13,2023-01-07 00:49:31,0,
1091,ACCT_00757,ACCT_00898,CASH,564.04,2023-01-07 01:01:39,0,
1092,ACCT_01563,ACCT_00412,ACH,3099.74,2023-01-07 01:13:34,0,
1093,ACCT_00126,ACCT_01356,CHECK,1135.87,2023-01-07 01:16:34,0,
1094,ACCT_00797,ACCT_00675,CASH,2162.76,2023-01-07 01:18:00,0,
1095,ACCT_00460,ACCT_01610,TRANSFER,2323.27,2023-01-07 01:22:19,0,
1096,ACCT_00188,ACCT_01293,WIRE,2467.98,2023-01-07 01:29:00,0,
1097,ACCT_01063,ACCT_00656,ACH,4534.12,2023-01-07 01:31:50,0,
1098,ACCT_01443,ACCT_01603,ACH,2767.83,2023-01-07 01:33:20,0,
1099,ACCT_00993,ACCT_01778,ACH,4389.42,2023-01-07 01:43:25,0,
1100,ACCT_01699,ACCT_01520,ACH,2063.06,2023-01-07 02:33:19,0,
1101,ACCT_01344,ACCT_01334,ACH,1512.65,2023-01-07 02:45:27,0,
1102,ACCT_01530,ACCT_01775,TRANSFER,24106.21,2023-01-07 02:50:44,1,ALERT_0042
1103,ACCT_01561,ACCT_01213,ACH,1707.71,2023-01-07 03:17:03,0,
1104,ACCT_00261,ACCT_00066,ACH,307.66,2023-01-07 03:25:17,0,
1105,ACCT_01725,ACCT_00927,CHECK,366.66,2023-01-07 03:31:22,0,
1106,ACCT_00596,ACCT_00266,CHECK,834.32,2023-01-07 03:43:12,0,
1107,ACCT_01252,ACCT_01224,CHECK,4362.49,2023-01-07 03:52:52,0,
1108,ACCT_00051,ACCT_01049,TRANSFER,710.25,2023-01-07 04:04:25,0,
1109,ACCT_00162,ACCT_00226,ACH,3253.87,2023-01-07 04:20:29,0,
1110,ACCT_01092,ACCT_01849,CASH,1583.87,2023-01-07 04:25:22,0,
1111,ACCT_00655,ACCT_00663,TRANSFER,31742.54,2023-01-07 04:28:47,1,ALERT_0048
1112,ACCT_01551,ACCT_00499,ACH,406.15,2023-01-07 04:33:35,0,
1113,ACCT_01554,ACCT_00477,WIRE,4772.56,2023-01-07 04:41:13,0,
1114,ACCT_01037,ACCT_00343,CHECK,2272.68,2023-01-07 04:44:15,0,
1115,ACCT_00548,ACCT_01908,CHECK,3168.63,2023-01-07 04:48:32,0,
1116,ACCT_01634,ACCT_01860,CASH,2035.4,2023-01-07 04:55:54,0,
1117,ACCT_00059,ACCT_01992,CASH,1057.82,2023-01-07 05:07:05,0,
1118,ACCT_01199,ACCT_00132,ACH,1210.33,2023-01-07 05:16:47,0,
1119,ACCT_01636,ACCT_00359,ACH,1401.71,2023-01-07 05:21:50,0,
1120,ACCT_01475,ACCT_01708,ACH,672.72,2023-01-07 05:36:14,0,
1121,ACCT_00748,ACCT_00236,WIRE,157.19,2023-01-07 05:39:00,0,
1122,ACCT_00050,ACCT_02000,CHECK,2324.17,2023-01-07 05:42:49,0,
1123,ACCT_00210,ACCT_00221,WIRE,1598.92,2023-01-07 05:53:47,0,
1124,ACCT_01910,ACCT_01775,WIRE,23071.41,2023-01-07 05:56:39,1,ALERT_0042
1125,ACCT_00788,ACCT_01163,WIRE,4103.8,2023-01-07 05:58:22,0,
1126,ACCT_00386,ACCT_01171,TRANSFER,4767.45,2023-01-07 06:12:04,0,
1127,ACCT_01933,ACCT_01838,ACH,1849.03,2023-01-07 06:20:10,0,
1128,ACCT_01981,ACCT_00921,CHECK,4812.15,2023-01-07 06:23:23,0,
1129,ACCT_00660,ACCT_01311,ACH,4608.9,2023-01-07 06:26:36,0,
1130,ACCT_00699,ACCT_01835,WIRE,4597.56,2023-01-07 06:37:04,0,
1131,ACCT_01493,ACCT_01400,WIRE,3804.06,2023-01-07 06:41:01,0,
1132,ACCT_01712,ACCT_01818,TRANSFER,828.49,2023-01-07 06:42:15,0,
1133,ACCT_00327,ACCT_01584,ACH,1162.08,2023-01-07 06:59:52,0,
1134,ACCT_00853,ACCT_00307,WIRE,2354.13,2023-01-07 07:19:17,0,
1135,ACCT_00806,ACCT_00944,ACH,1976.39,2023-01-07 07:34:56,0,
1136,ACCT_00513,ACCT_00790,TRANSFER,4988.46,2023-01-07 07:37:44,0,
1137,ACCT_00055,ACCT_01961,CHECK,451.26,2023-01-07 07:49:56,0,
1138,ACCT_00524,ACCT_01793,ACH,2002.66,2023-01-07 07:56:11,0,
1139,ACCT_00418,ACCT_00847,TRANSFER,4407.72,2023-01-07 07:57:13,0,
1140,ACCT_00655,ACCT_01201,TRANSFER,25984.8,2023-01-07 08:05:15,1,ALERT_0048
1141,ACCT_00446,ACCT_00607,WIRE,567.85,2023-01-07 08:10:55,0,
1142,ACCT_00164,ACCT_00542,ACH,2744.5,2023-01-07 08:17:26,0,
1143,ACCT_00750,ACCT_01308,WIRE,1789.54,2023-01-07 08:26:15,0,
1144,ACCT_00222,ACCT_00379,WIRE,1479.21,2023-01-07 08:35:44,0,
1145,ACCT_01930,ACCT_01004,ACH,1257.35,2023-01-07 08:38:13,0,
1146,ACCT_01995,ACCT_00377,ACH,2959.15,2023-01-07 08:40:04,0,
1147,ACCT_00513,ACCT_00275,TRANSFER,2028.44,2023-01-07 08:42:25,0,
1148,ACCT_00367,ACCT_01633,TRANSFER,4424.87,2023-01-07 08:46:57,0,
1149,ACCT_01952,ACCT_00663,CHECK,3043.01,2023-01-07 08:47:45,0,
1150,ACCT_01323,ACCT_00757,CASH,1655.33,2023-01-07 08:50:36,0,
1151,ACCT_00752,ACCT_01624,CASH,2576.85,2023-01-07 08:53:22,0,
1152,ACCT_00959,ACCT_00739,CASH,3704.6,2023-01-07 09:04:57,0,
1153,ACCT_01815,ACCT_00818,CASH,2718.26,2023-01-07 09:06:02,0,
1154,ACCT_00816,ACCT_00964,ACH,550.33,2023-01-07 09:06:54,0,
1155,ACCT_00347,ACCT_00751,CHECK,3286.12,2023-01-07 09:18:21,0,
1156,ACCT_01671,ACCT_00022,CHECK,4280.95,2023-01-07 09:21:14,0,
1157,ACCT_00915,ACCT_01102,TRANSFER,4369.81,2023-01-07 09:29:36,0,
1158,ACCT_01500,ACCT_00011,ACH,2469.51,2023-01-07 09:30:42,0,
1159,ACCT_01198,ACCT_01947,ACH,3086.64,2023-01-07 09:35:09,0,
1160,ACCT_01330,ACCT_01626,CASH,1987.84,2023-01-07 09:42:01,0,
1161,ACCT_01182,ACCT_01390,ACH,2148.53,2023-01-07 09:42:43,0,
1162,ACCT_01303,ACCT_01025,WIRE,3916.58,2023-01-07 09:45:23,0,
1163,ACCT_00318,ACCT_01954,TRANSFER,3568.85,2023-01-07 10:03:20,0,
1164,ACCT_01052,ACCT_01461,WIRE,3291.24,2023-01-07 10:05:01,0,
1165,ACCT_01554,ACCT_00679,CHECK,2064.27,2023-01-07 10:13:10,0,
1166,ACCT_01929,ACCT_01590,WIRE,268.91,2023-01-07 10:32:43,0,
1167,ACCT_00338,ACCT_00121,WIRE,3199.08,2023-01-07 10:36:55,0,
1168,ACCT_01643,ACCT_01353,TRANSFER,16720.74,2023-01-07 10:43:13,1,ALERT_0011
1169,ACCT_00655,ACCT_00697,TRANSFER,45060.44,2023-01-07 10:46:26,1,ALERT_0048
1170,ACCT_00518,ACCT_00960,TRANSFER,2207.4,2023-01-07 10:47:23,0,
1171,ACCT_00228,ACCT_01726,ACH,266.2,2023-01-07 10:56:09,0,
1172,ACCT_01483,ACCT_01911,CASH,1858.16,2023-01-07 10:57:55,0,
1173,ACCT_00808,ACCT_01408,ACH,947.36,2023-01-07 11:00:14,0,
1174,ACCT_01831,ACCT_00089,TRANSFER,2001.38,2023-01-07 11:24:49,0,
1175,ACCT_01359,ACCT_01593,CASH,938.9,2023-01-07 11:32:49,0,
1176,ACCT_01739,ACCT_01740,WIRE,1480.54,2023-01-07 11:40:17,0,
1177,ACCT_00385,ACCT_01047,TRANSFER,3438.88,2023-01-07 11:56:06,0,
1178,ACCT_00452,ACCT_01785,CASH,327.43,2023-01-07 12:03:35,0,
1179,ACCT_00610,ACCT_00751,TRANSFER,4296.51,2023-01-07 12:19:58,0,
1180,ACCT_00282,ACCT_00905,CHECK,1462.5,2023-01-07 12:24:31,0,
1181,ACCT_00471,ACCT_00666,ACH,2520.18,2023-01-07 12:24:44,0,
1182,ACCT_01775,ACCT_00821,CHECK,4168.31,2023-01-07 13:05:49,0,
1183,ACCT_01501,ACCT_00447,ACH,3164.27,2023-01-07 13:08:23,0,
1184,ACCT_00852,ACCT_01966,TRANSFER,1234.38,2023-01-07 13:10:49,0,
1185,ACCT_01796,ACCT_01359,CHECK,4262.52,2023-01-07 13:25:36,0,
1186,ACCT_00579,ACCT_01775,TRANSFER,18424.54,2023-01-07 13:31:40,1,ALERT_0042
1187,ACCT_01720,ACCT_00285,ACH,3909.7,2023-01-07 13:33:56,0,
1188,ACCT_00671,ACCT_00730,ACH,2417.94,2023-01-07 13:48:35,0,
1189,ACCT_01871,ACCT_00095,CASH,4534.26,2023-01-07 13:56:07,0,
1190,ACCT_01910,ACCT_01164,CHECK,2691.67,2023-01-07 14:02:49,0,
1191,ACCT_00126,ACCT_00018,CHECK,4537.93,2023-01-07 14:08:27,0,
1192,ACCT_00395,ACCT_01686,CASH,2277.0,2023-01-07 14:16:39,0,
1193,ACCT_00474,ACCT_01081,CASH,934.14,2023-01-07 14:22:02,0,
1194,ACCT_01349,ACCT_01431,CHECK,4650.43,2023-01-07 14:32:15,0,
1195,ACCT_01709,ACCT_00241,TRANSFER,1484.63,2023-01-07 14:36:24,0,
1196,ACCT_00609,ACCT_01114,TRANSFER,3458.25,2023-01-07 14:37:32,0,
1197,ACCT_01375,ACCT_01334,CHECK,2742.32,2023-01-07 15:02:31,0,
1198,ACCT_01901,ACCT_00236,CHECK,4653.49,2023-01-07 15:03:15,0,
1199,ACCT_01949,ACCT_01782,ACH,3245.43,2023-01-07 15:04:22,0,
1200,ACCT_00536,ACCT_01240,CHECK,4721.88,2023-01-07 15:09:24,0,
1201,ACCT_01946,ACCT_00829,CHECK,2561.96,2023-01-07 15:09:50,0,
1202,ACCT_01812,ACCT_01896,TRANSFER,3535.42,2023-01-07 15:12:48,0,
1203,ACCT_00603,ACCT_01317,ACH,4299.68,2023-01-07 15:13:26,0,
1204,ACCT_00964,ACCT_01790,WIRE,4243.37,2023-01-07 15:18:05,0,
1205,ACCT_00024,ACCT_01315,CASH,3055.5,2023-01-07 15:24:41,0,
1206,ACCT_00123,ACCT_01070,WIRE,1827.73,2023-01-07 15:33:47,0,
1207,ACCT_00292,ACCT_01775,ACH,17284.31,2023-01-07 15:34:05,1,ALERT_0042
1208,ACCT_00535,ACCT_00327,TRANSFER,2733.42,2023-01-07 15:46:44,0,
1209,ACCT_01642,ACCT_01768,CASH,541.42,2023-01-07 15:48:35,0,
1210,ACCT_01680,ACCT_01691,WIRE,254.1,2023-01-07 16:06:59,0,
1211,ACCT_01541,ACCT_01102,ACH,4540.24,2023-01-07 16:22:58,0,
1212,ACCT_01412,ACCT_01790,CASH,235.21,2023-01-07 16:28:28,0,
1213,ACCT_01488,ACCT_00362,TRANSFER,1867.4,2023-01-07 16:29:06,0,
1214,ACCT_01304,ACCT_01635,CHECK,275.58,2023-01-07 16:30:37,0,
1215,ACCT_01282,ACCT_00420,CASH,2464.17,2023-01-07 16:48:46,0,
1216,ACCT_01069,ACCT_00857,CASH,4755.67,2023-01-07 16:50:58,0,
1217,ACCT_01304,ACCT_00944,CHECK,3339.43,2023-01-07 16:54:04,0,
1218,ACCT_00295,ACCT_00401,CHECK,4121.59,2023-01-07 17:01:16,0,
1219,ACCT_01248,ACCT_01170,TRANSFER,4692.53,2023-01-07 17:05:05,0,
1220,ACCT_00297,ACCT_00328,CASH,3473.46,2023-01-07 17:06:33,0,
1221,ACCT_01169,ACCT_01841,TRANSFER,123.97,2023-01-07 17:09:09,0,
1222,ACCT_01938,ACCT_01874,ACH,1222.71,2023-01-07 17:10:43,0,
1223,ACCT_01638,ACCT_00680,CHECK,3446.95,2023-01-07 17:11:22,0,
1224,ACCT_01405,ACCT_00230,ACH,4089.0,2023-01-07 17:14:24,0,
1225,ACCT_01877,ACCT_01819,CASH,340.4,2023-01-07 17:14:57,0,
1226,ACCT_01182,ACCT_00254,CASH,965.03,2023-01-07 17:29:45,0,
1227,ACCT_01052,ACCT_01005,WIRE,166.24,2023-01-07 17:35:10,0,
1228,ACCT_00904,ACCT_01474,CASH,3219.3,2023-01-07 17:40:51,0,
1229,ACCT_01318,ACCT_00282,WIRE,2487.75,2023-01-07 17:49:21,0,
1230,ACCT_00445,ACCT_00195,TRANSFER,1962.55,2023-01-07 17:53:30,0,
1231,ACCT_01664,ACCT_00796,TRANSFER,2106.11,2023-01-07 17:53:54,0,
1232,ACCT_01232,ACCT_00484,CHECK,1200.03,2023-01-07 17:57:33,0,
1233,ACCT_00702,ACCT_00461,CASH,1040.08,2023-01-07 18:05:44,0,
1234,ACCT_01022,ACCT_01899,WIRE,2336.92,2023-01-07 18:14:45,0,
1235,ACCT_00971,ACCT_00021,CASH,2087.35,2023-01-07 18:22:37,0,
1236,ACCT_01908,ACCT_01847,CASH,1023.01,2023-01-07 18:39:04,0,
1237,ACCT_01912,ACCT_00298,TRANSFER,2007.14,2023-01-07 18:47:02,0,
1238,ACCT_01399,ACCT_00437,WIRE,750.31,2023-01-07 18:50:18,0,
1239,ACCT_00519,ACCT_00364,TRANSFER,316.64,2023-01-07 18:59:58,0,
1240,ACCT_00236,ACCT_00298,CHECK,251.6,2023-01-07 19:00:22,0,
1241,ACCT_01578,ACCT_01798,ACH,1344.78,2023-01-07 19:16:21,0,
1242,ACCT_01598,ACCT_01921,CASH,47.87,2023-01-07 19:19:17,0,
1243,ACCT_01780,ACCT_01745,TRANSFER,1457.7,2023-01-07 19:39:39,0,
1244,ACCT_01426,ACCT_00424,TRANSFER,2216.92,2023-01-07 19:43:58,0,
1245,ACCT_00661,ACCT_01893,CHECK,1099.65,2023-01-07 19:45:55,0,
1246,ACCT_01678,ACCT_01316,TRANSFER,892.13,2023-01-07 19:59:13,0,
1247,ACCT_01487,ACCT_01515,ACH,4722.26,2023-01-07 19:59:38,0,
1248,ACCT_00314,ACCT_00493,ACH,506.04,2023-01-07 20:03:16,0,
1249,ACCT_01105,ACCT_01865,TRANSFER,3446.7,2023-01-07 20:23:02,0,
1250,ACCT_01020,ACCT_00172,TRANSFER,1437.47,2023-01-07 20:23:58,0,
1251,ACCT_00961,ACCT_00323,CHECK,4837.56,2023-01-07 20:25:43,0,
1252,ACCT_01980,ACCT_00547,TRANSFER,1374.18,2023-01-07 20:29:51,0,
1253,ACCT_00322,ACCT_00412,WIRE,3587.31,2023-01-07 20:32:34,0,
1254,ACCT_01314,ACCT_01351,WIRE,396.61,2023-01-07 20:36:55,0,
1255,ACCT_00867,ACCT_00636,TRANSFER,4227.22,2023-01-07 20:43:45,0,
1256,ACCT_00402,ACCT_01260,CASH,61.08,2023-01-07 20:48:14,0,
1257,ACCT_00644,ACCT_00556,CHECK,3775.43,2023-01-07 20:48:44,0,
1258,ACCT_01923,ACCT_01258,ACH,1341.83,2023-01-07 20:55:01,0,
1259,ACCT_01134,ACCT_01559,CASH,3618.81,2023-01-07 20:56:09,0,
1260,ACCT_01750,ACCT_00171,CASH,2979.96,2023-01-07 21:01:21,0,
1261,ACCT_00640,ACCT_00311,TRANSFER,2225.29,2023-01-07 21:11:06,0,
1262,ACCT_00411,ACCT_01847,TRANSFER,1962.65,2023-01-07 21:20:43,0,
1263,ACCT_01304,ACCT_00932,CHECK,4597.94,2023-01-07 21:23:20,0,
1264,ACCT_00895,ACCT_01728,CASH,2807.99,2023-01-07 21:38:13,0,
1265,ACCT_01862,ACCT_00850,TRANSFER,87.5,2023-01-07 21:38:43,0,
1266,ACCT_00159,ACCT_01376,TRANSFER,3390.14,2023-01-07 21:46:34,0,
1267,ACCT_00972,ACCT_01559,WIRE,2672.45,2023-01-07 21:57:58,0,
1268,ACCT_01163,ACCT_01609,TRANSFER,4611.5,2023-01-07 21:59:11,0,
1269,ACCT_01438,ACCT_00208,ACH,2118.6,2023-01-07 21:59:38,0,
1270,ACCT_00223,ACCT_00174,WIRE,1066.81,2023-01-07 22:02:19,0,
1271,ACCT_00897,ACCT_01506,CHECK,525.81,2023-01-07 22:07:37,0,
1272,ACCT_00894,ACCT_01036,CHECK,3595.51,2023-01-07 22:13:42,0,
1273,ACCT_01348,ACCT_00634,CHECK,1763.91,2023-01-07 22:20:30,0,
1274,ACCT_00417,ACCT_00895,TRANSFER,3623.43,2023-01-07 22:28:08,0,
1275,ACCT_00158,ACCT_00229,WIRE,4722.88,2023-01-07 22:29:48,0,
1276,ACCT_01586,ACCT_01798,CASH,2681.22,2023-01-07 22:33:42,0,
1277,ACCT_01804,ACCT_00033,CASH,1232.79,2023-01-07 22:34:49,0,
1278,ACCT_01900,ACCT_01249,WIRE,2859.33,2023-01-07 22:57:55,0,
1279,ACCT_00209,ACCT_00356,TRANSFER,2579.9,2023-01-07 23:06:59,0,
1280,ACCT_00622,ACCT_01564,CHECK,3475.41,2023-01-07 23:09:07,0,
1281,ACCT_01636,ACCT_00774,WIRE,734.91,2023-01-07 23:37:08,0,
1282,ACCT_01117,ACCT_00159,WIRE,3952.48,2023-01-07 23:40:33,0,
1283,ACCT_01664,ACCT_01753,CASH,1520.7,2023-01-07 23:42:58,0,
1284,ACCT_00317,ACCT_00942,ACH,2870.3,2023-01-07 23:43:03,0,
1285,ACCT_01411,ACCT_00406,TRANSFER,3304.15,2023-01-07 23:43:27,0,
1286,ACCT_01290,ACCT_01285,WIRE,4144.07,2023-01-07 23:59:02,0,
1287,ACCT_01124,ACCT_01309,TRANSFER,390.37,2023-01-08 00:00:50,0,
1288,ACCT_01812,ACCT_01291,CHECK,4421.69,2023-01-08 00:02:06,0,
1289,ACCT_00235,ACCT_00571,CHECK,201.03,2023-01-08 00:12:01,0,
1290,ACCT_00364,ACCT_01157,TRANSFER,648.46,2023-01-08 00:13:08,0,
1291,ACCT_00910,ACCT_01601,TRANSFER,1440.98,2023-01-08 00:21:29,0,
1292,ACCT_00298,ACCT_01942,CHECK,4639.78,2023-01-08 00:32:15,0,
1293,ACCT_00069,ACCT_01792,WIRE,304.79,2023-01-08 00:34:20,0,
1294,ACCT_00408,ACCT_00846,CASH,2501.96,2023-01-08 00:47:11,0,
1295,ACCT_01172,ACCT_00963,CHECK,2815.65,2023-01-08 00:48:57,0,
1296,ACCT_01329,ACCT_01071,CASH,4465.01,2023-01-08 01:03:50,0,
1297,ACCT_00684,ACCT_00408,WIRE,3038.74,2023-01-08 01:06:40,0,
1298,ACCT_00436,ACCT_00933,CHECK,172.71,2023-01-08 01:23:12,0,
1299,ACCT_01243,ACCT_01673,WIRE,1565.67,2023-01-08 01:32:42,0,
1300,ACCT_00432,ACCT_00742,ACH,1000.21,2023-01-08 01:33:08,0,
1301,ACCT_00955,ACCT_01595,TRANSFER,1162.34,2023-01-08 01:35:33,0,
1302,ACCT_01745,ACCT_01743,WIRE,3524.82,2023-01-08 01:35:47,0,
1303,ACCT_00249,ACCT_00046,CASH,131.54,2023-01-08 01:43:58,0,
1304,ACCT_01018,ACCT_00416,TRANSFER,1265.48,2023-01-08 02:06:21,0,
1305,ACCT_01205,ACCT_01505,TRANSFER,3705.76,2023-01-08 02:09:19,0,
1306,ACCT_00835,ACCT_00399,WIRE,4076.58,2023-01-08 02:17:32,0,
1307,ACCT_01388,ACCT_00845,CASH,4049.75,2023-01-08 02:24:21,0,
1308,ACCT_00626,ACCT_00643,ACH,420.34,2023-01-08 02:26:53,0,
1309,ACCT_01414,ACCT_01265,ACH,462.32,2023-01-08 02:33:58,0,
1310,ACCT_01239,ACCT_00461,WIRE,2315.47,2023-01-08 02:38:38,0,
1311,ACCT_00278,ACCT_00048,ACH,1318.84,2023-01-08 02:43:33,0,
1312,ACCT_00691,ACCT_00406,TRANSFER,2491.64,2023-01-08 02:58:53,0,
1313,ACCT_01957,ACCT_01993,TRANSFER,3985.07,2023-01-08 02:59:23,0,
1314,ACCT_00992,ACCT_01258,ACH,2736.95,2023-01-08 03:03:33,0,
1315,ACCT_01366,ACCT_01497,CASH,2044.13,2023-01-08 03:16:49,0,
1316,ACCT_01613,ACCT_01453,CASH,3002.5,2023-01-08 03:19:55,0,
1317,ACCT_00634,ACCT_00431,ACH,2048.29,2023-01-08 03:28:14,0,
1318,ACCT_01080,ACCT_00383,ACH,4811.29,2023-01-08 03:32:41,0,
1319,ACCT_00293,ACCT_00671,CHECK,3674.7,2023-01-08 03:32:48,0,
1320,ACCT_01096,ACCT_01359,WIRE,4364.46,2023-01-08 03:33:29,0,
1321,ACCT_01600,ACCT_00111,TRANSFER,3718.65,2023-01-08 03:40:11,0,
1322,ACCT_01285,ACCT_01878,CASH,4188.32,2023-01-08 03:46:38,0,
1323,ACCT_00541,ACCT_01284,WIRE,1618.13,2023-01-08 03:47:31,0,
1324,ACCT_00227,ACCT_01169,CASH,901.33,2023-01-08 03:50:48,0,
1325,ACCT_00459,ACCT_01289,CASH,1646.17,2023-01-08 03:57:16,0,
1326,ACCT_00511,ACCT_00829,ACH,3492.87,2023-01-08 03:59:39,0,
1327,ACCT_01487,ACCT_01163,ACH,3112.93,2023-01-08 04:03:00,0,
1328,ACCT_01138,ACCT_01732,CASH,34.67,2023-01-08 04:04:34,0,
1329,ACCT_01624,ACCT_01503,WIRE,1055.94,2023-01-08 04:05:22,0,
1330,ACCT_01566,ACCT_01991,WIRE,1962.28,2023-01-08 04:11:54,0,
1331,ACCT_00691,ACCT_00460,TRANSFER,2407.12,2023-01-08 04:23:04,0,
1332,ACCT_01632,ACCT_00306,CHECK,2492.6,2023-01-08 04:32:25,0,
1333,ACCT_00594,ACCT_00622,TRANSFER,4013.66,2023-01-08 04:35:50,0,
1334,ACCT_01460,ACCT_01068,WIRE,3323.34,2023-01-08 04:37:04,0,
1335,ACCT_01244,ACCT_00557,WIRE,928.49,2023-01-08 04:48:11,0,
1336,ACCT_00238,ACCT_01318,TRANSFER,3255.55,2023-01-08 04:50:05,0,
1337,ACCT_01721,ACCT_01741,ACH,3185.88,2023-01-08 04:50:25,0,
1338,ACCT_00922,ACCT_00227,ACH,3311.57,2023-01-08 04:55:27,0,
1339,ACCT_01380,ACCT_00143,CHECK,3412.57,2023-01-08 04:58:44,0,
1340,ACCT_00483,ACCT_00610,WIRE,4298.49,2023-01-08 05:02:43,0,
1341,ACCT_00820,ACCT_01554,ACH,2686.15,2023-01-08 05:08:13,0,
1342,ACCT_00809,ACCT_00863,CASH,4505.98,2023-01-08 05:08:15,0,
1343,ACCT_01931,ACCT_01994,CASH,3113.36,2023-01-08 05:08:16,0,
1344,ACCT_00429,ACCT_01206,CHECK,1974.34,2023-01-08 05:08:38,0,
1345,ACCT_00177,ACCT_00130,WIRE,737.61,2023-01-08 05:10:01,0,
1346,ACCT_01832,ACCT_00533,CASH,2680.17,2023-01-08 05:34:25,0,
1347,ACCT_01142,ACCT_00986,TRANSFER,2963.59,2023-01-08 05:45:33,0,
1348,ACCT_00442,ACCT_01654,WIRE,3846.44,2023-01-08 05:55:50,0,
1349,ACCT_00081,ACCT_00264,ACH,1039.09,2023-01-08 06:06:25,0,
1350,ACCT_01342,ACCT_01824,CASH,1414.43,2023-01-08 06:09:55,0,
1351,ACCT_00101,ACCT_00224,CHECK,4968.74,2023-01-08 06:14:31,0,
1352,ACCT_01098,ACCT_00811,WIRE,1458.04,2023-01-08 06:18:59,0,
1353,ACCT_01657,ACCT_00132,CHECK,1076.01,2023-01-08 06:39:41,0,
1354,ACCT_00004,ACCT_01916,CASH,2770.22,2023-01-08 06:47:09,0,
1355,ACCT_00499,ACCT_01857,WIRE,613.84,2023-01-08 06:57:17,0,
1356,ACCT_00941,ACCT_01376,WIRE,1922.78,2023-01-08 06:57:26,0,
1357,ACCT_00159,ACCT_00770,WIRE,3786.86,2023-01-08 07:03:38,0,
1358,ACCT_01559,ACCT_01736,CHECK,1645.5,2023-01-08 07:04:37,0,
1359,ACCT_00472,ACCT_00626,CHECK,2528.96,2023-01-08 07:08:08,0,
1360,ACCT_00437,ACCT_01795,CHECK,4820.4,2023-01-08 07:15:02,0,
1361,ACCT_00303,ACCT_00764,CHECK,2703.93,2023-01-08 07:36:19,0,
1362,ACCT_01980,ACCT_00594,ACH,2795.12,2023-01-08 07:36:55,0,
1363,ACCT_00566,ACCT_00406,ACH,2272.13,2023-01-08 07:55:59,0,
1364,ACCT_00036,ACCT_00626,TRANSFER,236.91,2023-01-08 08:08:33,0,
1365,ACCT_01660,ACCT_00918,TRANSFER,1567.74,2023-01-08 08:16:27,0,
1366,ACCT_00509,ACCT_00733,ACH,3204.08,2023-01-08 08:18:16,0,
1367,ACCT_01648,ACCT_00369,CHECK,1050.32,2023-01-08 08:25:14,0,
1368,ACCT_01621,ACCT_01710,CASH,4736.77,2023-01-08 08:26:20,0,
1369,ACCT_01859,ACCT_00337,TRANSFER,402.19,2023-01-08 08:27:12,0,
1370,ACCT_01877,ACCT_00432,TRANSFER,4955.22,2023-01-08 08:27:45,0,
1371,ACCT_00346,ACCT_00341,CHECK,3848.05,2023-01-08 08:36:28,0,
1372,ACCT_00512,ACCT_00452,ACH,2277.47,2023-01-08 08:38:01,0,
1373,ACCT_00471,ACCT_00376,TRANSFER,2356.54,2023-01-08 08:38:21,0,
1374,ACCT_00937,ACCT_00894,ACH,2383.36,2023-01-08 08:40:37,0,
1375,ACCT_01915,ACCT_01454,CASH,2293.09,2023-01-08 08:47:24,0,
1376,ACCT_01351,ACCT_01763,CASH,4424.65,2023-01-08 09:16:32,0,
1377,ACCT_01657,ACCT_00776,TRANSFER,819.14,2023-01-08 09:42:20,0,
1378,ACCT_01817,ACCT_00567,ACH,4664.86,2023-01-08 09:47:52,0,
1379,ACCT_00009,ACCT_00522,ACH,3326.54,2023-01-08 09:52:40,0,
1380,ACCT_01415,ACCT_00050,TRANSFER,427.33,2023-01-08 10:07:04,0,
1381,ACCT_00541,ACCT_01059,CASH,2184.52,2023-01-08 10:10:57,0,
1382,ACCT_00044,ACCT_01965,ACH,4114.38,2023-01-08 10:20:35,0,
1383,ACCT_00777,ACCT_00003,CHECK,2210.7,2023-01-08 10:20:41,0,
1384,ACCT_00197,ACCT_01626,CASH,3024.04,2023-01-08 10:25:41,0,
1385,ACCT_01403,ACCT_01091,ACH,4857.98,2023-01-08 10:45:34,0,
1386,ACCT_01158,ACCT_01966,WIRE,2979.16,2023-01-08 11:10:34,0,
1387,ACCT_01594,ACCT_00671,CHECK,287.88,2023-01-08 11:12:29,0,
1388,ACCT_01489,ACCT_00659,ACH,1119.64,2023-01-08 11:13:13,0,
1389,ACCT_00210,ACCT_01891,ACH,4255.69,2023-01-08 11:16:54,0,
1390,ACCT_00615,ACCT_01761,TRANSFER,2893.34,2023-01-08 11:20:10,0,
1391,ACCT_00223,ACCT_00891,WIRE,3501.44,2023-01-08 11:29:03,0,
1392,ACCT_01377,ACCT_00264,WIRE,3985.85,2023-01-08 11:32:48,0,
1393,ACCT_00184,ACCT_00990,WIRE,4805.46,2023-01-08 11:46:31,0,
1394,ACCT_01447,ACCT_00245,TRANSFER,2368.02,2023-01-08 11:47:06,0,
1395,ACCT_00917,ACCT_00840,WIRE,2866.8,2023-01-08 11:51:28,0,
1396,ACCT_01133,ACCT_01128,WIRE,1189.91,2023-01-08 11:53:20,0,
1397,ACCT_01876,ACCT_00381,WIRE,2053.23,2023-01-08 11:57:32,0,
1398,ACCT_00110,ACCT_00803,ACH,4890.37,2023-01-08 12:01:29,0,
1399,ACCT_01878,ACCT_01775,ACH,3155.07,2023-01-08 12:16:40,0,
1400,ACCT_00859,ACCT_01073,ACH,3956.52,2023-01-08 12:17:23,0,
1401,ACCT_01533,ACCT_00634,CASH,4158.77,2023-01-08 12:21:29,0,
1402,ACCT_01034,ACCT_01833,TRANSFER,1975.09,2023-01-08 12:21:40,0,
1403,ACCT_01289,ACCT_01482,CASH,4129.35,2023-01-08 12:24:43,0,
1404,ACCT_00376,ACCT_01567,TRANSFER,2997.82,2023-01-08 12:30:24,0,
1405,ACCT_00053,ACCT_01967,TRANSFER,4904.45,2023-01-08 12:48:14,0,
1406,ACCT_00163,ACCT_01372,WIRE,4200.28,2023-01-08 12:58:00,0,
1407,ACCT_00164,ACCT_01948,CASH,1997.24,2023-01-08 13:11:14,0,
1408,ACCT_00010,ACCT_01216,ACH,895.39,2023-01-08 13:23:54,0,
1409,ACCT_00248,ACCT_00561,WIRE,3790.17,2023-01-08 13:29:41,0,
1410,ACCT_00244,ACCT_01299,ACH,88.23,2023-01-08 13:36:00,0,
1411,ACCT_01329,ACCT_01620,CASH,1458.04,2023-01-08 13:39:05,0,
1412,ACCT_01533,ACCT_00816,CASH,42.04,2023-01-08 13:52:14,0,
1413,ACCT_00354,ACCT_00614,WIRE,215.47,2023-01-08 14:11:45,0,
1414,ACCT_00469,ACCT_01479,ACH,4755.27,2023-01-08 14:17:11,0,
1415,ACCT_00033,ACCT_01274,ACH,2094.52,2023-01-08 14:35:05,0,
1416,ACCT_00682,ACCT_01715,CASH,4489.7,2023-01-08 14:45:02,0,
1417,ACCT_01035,ACCT_00488,ACH,2518.9,2023-01-08 14:47:17,0,
1418,ACCT_01315,ACCT_00975,WIRE,4212.52,2023-01-08 15:08:46,0,
1419,ACCT_01331,ACCT_00598,CASH,2942.44,2023-01-08 15:17:05,0,
1420,ACCT_01776,ACCT_01988,ACH,167.07,2023-01-08 15:17:37,0,
1421,ACCT_00062,ACCT_00529,TRANSFER,4842.99,2023-01-08 15:27:54,0,
1422,ACCT_01189,ACCT_01937,CHECK,4152.38,2023-01-08 15:33:10,0,
1423,ACCT_01418,ACCT_00084,CHECK,4453.15,2023-01-08 15:46:52,0,
1424,ACCT_00107,ACCT_00075,CASH,3084.28,2023-01-08 15:50:20,0,
1425,ACCT_00949,ACCT_01518,CHECK,3339.71,2023-01-08 15:56:37,0,
1426,ACCT_01255,ACCT_01622,CHECK,1356.86,2023-01-08 15:57:56,0,
1427,ACCT_01893,ACCT_00537,TRANSFER,3279.49,2023-01-08 16:00:59,0,
1428,ACCT_01867,ACCT_00433,TRANSFER,23790.75,2023-01-08 16:01:37,1,ALERT_0002
1429,ACCT_01803,ACCT_00781,CHECK,1903.06,2023-01-08 16:05:40,0,
1430,ACCT_01489,ACCT_00723,WIRE,1657.99,2023-01-08 16:06:01,0,
1431,ACCT_01887,ACCT_01020,CHECK,1601.34,2023-01-08 16:08:09,0,
1432,ACCT_01076,ACCT_00854,CASH,3667.88,2023-01-08 16:17:05,0,
1433,ACCT_01681,ACCT_01626,TRANSFER,2286.36,2023-01-08 16:20:40,0,
1434,ACCT_00043,ACCT_00364,CASH,4407.48,2023-01-08 16:22:59,0,
1435,ACCT_01652,ACCT_00808,TRANSFER,1640.07,2023-01-08 16:34:24,0,
1436,ACCT_01958,ACCT_01679,CASH,2521.55,2023-01-08 16:35:19,0,
1437,ACCT_01108,ACCT_00295,TRANSFER,3297.96,2023-01-08 16:36:55,0,
1438,ACCT_01139,ACCT_00658,CASH,2775.18,2023-01-08 16:38:48,0,
1439,ACCT_01504,ACCT_01688,CASH,2480.91,2023-01-08 16:42:41,0,
1440,ACCT_00607,ACCT_01451,CASH,2765.23,2023-01-08 16:47:52,0,
1441,ACCT_00573,ACCT_01516,CASH,1396.74,2023-01-08 17:01:12,0,
1442,ACCT_01211,ACCT_00894,TRANSFER,4766.29,2023-01-08 17:02:54,0,
1443,ACCT_01846,ACCT_00326,CHECK,1896.65,2023-01-08 17:05:06,0,
1444,ACCT_01509,ACCT_01911,CASH,4380.72,2023-01-08 17:06:23,0,
1445,ACCT_01727,ACCT_00679,WIRE,2123.39,2023-01-08 17:23:51,0,
1446,ACCT_01467,ACCT_01069,ACH,1021.59,2023-01-08 17:30:21,0,
1447,ACCT_00857,ACCT_00425,CASH,3433.39,2023-01-08 17:47:13,0,
1448,ACCT_01368,ACCT_01450,TRANSFER,1590.16,2023-01-08 17:53:24,0,
1449,ACCT_01011,ACCT_00722,TRANSFER,4956.08,2023-01-08 17:55:11,0,
1450,ACCT_00068,ACCT_00168,TRANSFER,4948.89,2023-01-08 17:55:13,0,
1451,ACCT_00138,ACCT_01726,CHECK,1733.25,2023-01-08 18:01:47,0,
1452,ACCT_00949,ACCT_01369,WIRE,3232.31,2023-01-08 18:08:57,0,
1453,ACCT_00322,ACCT_01933,ACH,1058.35,2023-01-08 18:11:40,0,
1454,ACCT_01980,ACCT_00382,TRANSFER,1635.85,2023-01-08 18:20:50,0,
1455,ACCT_01200,ACCT_00803,WIRE,2781.69,2023-01-08 18:25:21,0,
1456,ACCT_01226,ACCT_00652,TRANSFER,2475.02,2023-01-08 18:28:35,0,
1457,ACCT_00143,ACCT_01077,WIRE,4028.87,2023-01-08 18:42:13,0,
1458,ACCT_01455,ACCT_00264,WIRE,2152.08,2023-01-08 18:45:06,0,
1459,ACCT_00432,ACCT_00115,TRANSFER,4708.4,2023-01-08 18:53:05,0,
1460,ACCT_01494,ACCT_01620,TRANSFER,2744.42,2023-01-08 19:07:39,0,
1461,ACCT_00322,ACCT_00714,WIRE,1243.86,2023-01-08 19:10:41,0,
1462,ACCT_01111,ACCT_01173,TRANSFER,2928.06,2023-01-08 19:13:15,0,
1463,ACCT_00419,ACCT_01635,CHECK,2912.93,2023-01-08 19:17:19,0,
1464,ACCT_00433,ACCT_00956,WIRE,28616.0,2023-01-08 19:19:58,1,ALERT_0002
1465,ACCT_01202,ACCT_01222,ACH,4953.58,2023-01-08 19:24:42,0,
1466,ACCT_00496,ACCT_00942,ACH,836.56,2023-01-08 19:25:35,0,
1467,ACCT_01805,ACCT_01316,TRANSFER,3024.83,2023-01-08 19:27:59,0,
1468,ACCT_00476,ACCT_00438,TRANSFER,1789.32,2023-01-08 19:30:40,0,
1469,ACCT_00635,ACCT_01163,CASH,3988.05,2023-01-08 19:34:32,0,
1470,ACCT_00856,ACCT_01992,TRANSFER,3213.26,2023-01-08 19:49:40,0,
1471,ACCT_01966,ACCT_01810,WIRE,4105.94,2023-01-08 20:05:49,0,
1472,ACCT_00690,ACCT_01804,ACH,3086.83,2023-01-08 20:12:12,0,
1473,ACCT_01193,ACCT_00899,TRANSFER,942.11,2023-01-08 20:16:37,0,
1474,ACCT_01072,ACCT_00923,CHECK,1203.88,2023-01-08 20:30:46,0,
1475,ACCT_01805,ACCT_00535,CASH,3387.87,2023-01-08 20:41:31,0,
1476,ACCT_01649,ACCT_00824,CHECK,4558.43,2023-01-08 20:47:21,0,
1477,ACCT_01107,ACCT_01532,CHECK,3555.26,2023-01-08 21:01:54,0,
1478,ACCT_01475,ACCT_01923,ACH,1525.56,2023-01-08 21:12:06,0,
1479,ACCT_00310,ACCT_01350,CHECK,1855.14,2023-01-08 21:25:52,0,
1480,ACCT_00548,ACCT_00372,ACH,2972.23,2023-01-08 21:27:45,0,
1481,ACCT_00553,ACCT_00777,CASH,4549.74,2023-01-08 21:29:09,0,
1482,ACCT_00149,ACCT_00657,WIRE,508.73,2023-01-08 21:32:55,0,
1483,ACCT_01464,ACCT_01241,ACH,3808.29,2023-01-08 21:39:04,0,
1484,ACCT_00066,ACCT_01152,ACH,3030.7,2023-01-08 21:54:33,0,
1485,ACCT_00619,ACCT_00609,CHECK,4429.87,2023-01-08 21:58:53,0,
1486,ACCT_00060,ACCT_00530,CASH,3296.77,2023-01-08 22:03:50,0,
1487,ACCT_00902,ACCT_01772,CHECK,4670.01,2023-01-08 22:04:57,0,
1488,ACCT_00339,ACCT_01288,ACH,3406.5,2023-01-08 22:06:08,0,
1489,ACCT_00956,ACCT_01000,WIRE,23847.44,2023-01-08 22:28:35,1,ALERT_0002
1490,ACCT_01082,ACCT_00466,TRANSFER,748.05,2023-01-08 22:46:06,0,
1491,ACCT_01611,ACCT_01706,WIRE,2491.49,2023-01-08 22:51:03,0,
1492,ACCT_01330,ACCT_00929,CHECK,1608.98,2023-01-08 22:51:36,0,
1493,ACCT_00771,ACCT_00907,CHECK,189.55,2023-01-08 23:01:07,0,
1494,ACCT_01832,ACCT_01461,WIRE,3531.14,2023-01-08 23:03:37,0,
1495,ACCT_00349,ACCT_01743,CASH,2726.43,2023-01-08 23:15:38,0,
1496,ACCT_01665,ACCT_00771,ACH,1796.25,2023-01-08 23:21:41,0,
1497,ACCT_01710,ACCT_01586,TRANSFER,1679.7,2023-01-08 23:46:07,0,
1498,ACCT_00603,ACCT_00005,CHECK,2128.95,2023-01-08 23:53:19,0,
1499,ACCT_00156,ACCT_00882,CASH,289.33,2023-01-08 23:54:57,0,
1500,ACCT_00578,ACCT_00044,CASH,822.96,2023-01-08 23:57:10,0,
1501,ACCT_01274,ACCT_00597,CHECK,648.4,2023-01-09 00:13:11,0,
1502,ACCT_00636,ACCT_00110,CHECK,3532.51,2023-01-09 00:14:39,0,
1503,ACCT_01957,ACCT_00751,CASH,2248.67,2023-01-09 00:14:56,0,
1504,ACCT_00247,ACCT_01143,CHECK,3263.94,2023-01-09 00:15:12,0,
1505,ACCT_01790,ACCT_00889,ACH,2624.68,2023-01-09 00:33:11,0,
1506,ACCT_00535,ACCT_00681,ACH,689.54,2023-01-09 00:34:29,0,
1507,ACCT_00607,ACCT_01571,TRANSFER,2718.32,2023-01-09 01:01:35,0,
1508,ACCT_01996,ACCT_01044,CHECK,2483.98,2023-01-09 01:05:55,0,
1509,ACCT_01729,ACCT_01096,CASH,567.24,2023-01-09 01:08:48,0,
1510,ACCT_01847,ACCT_00126,TRANSFER,4200.94,2023-01-09 01:28:22,0,
1511,ACCT_00017,ACCT_00425,ACH,4283.82,2023-01-09 01:30:17,0,
1512,ACCT_00760,ACCT_01216,CHECK,3597.89,2023-01-09 01:35:09,0,
1513,ACCT_00659,ACCT_01294,TRANSFER,1639.92,2023-01-09 01:49:02,0,
1514,ACCT_01294,ACCT_01136,ACH,3595.78,2023-01-09 02:00:08,0,
1515,ACCT_01331,ACCT_01190,WIRE,273.63,2023-01-09 02:10:33,0,
1516,ACCT_01823,ACCT_00643,CHECK,4044.66,2023-01-09 02:11:27,0,
1517,ACCT_01017,ACCT_01065,CHECK,2467.6,2023-01-09 02:17:59,0,
1518,ACCT_00991,ACCT_00772,CHECK,3033.15,2023-01-09 02:48:16,0,
1519,ACCT_00387,ACCT_01167,CHECK,4717.34,2023-01-09 02:50:21,0,
1520,ACCT_00915,ACCT_01115,CHECK,146.79,2023-01-09 02:51:37,0,
1521,ACCT_01447,ACCT_00179,CHECK,892.94,2023-01-09 03:07:06,0,
1522,ACCT_00860,ACCT_01337,CHECK,280.57,2023-01-09 03:11:35,0,
1523,ACCT_01593,ACCT_00885,TRANSFER,1088.04,2023-01-09 03:11:48,0,
1524,ACCT_00537,ACCT_00553,ACH,3522.99,2023-01-09 03:25:22,0,
1525,ACCT_00287,ACCT_00470,WIRE,2765.55,2023-01-09 03:27:35,0,
1526,ACCT_01125,ACCT_00148,CASH,3932.83,2023-01-09 03:28:38,0,
1527,ACCT_01727,ACCT_00162,CASH,2887.5,2023-01-09 03:36:53,0,
1528,ACCT_00365,ACCT_00878,ACH,1680.87,2023-01-09 03:52:29,0,
1529,ACCT_00347,ACCT_00121,ACH,4806.01,2023-01-09 03:58:28,0,
1530,ACCT_01018,ACCT_00528,ACH,3512.93,2023-01-09 04:11:31,0,
1531,ACCT_01954,ACCT_01050,ACH,3188.3,2023-01-09 04:13:26,0,
1532,ACCT_00909,ACCT_00395,TRANSFER,1925.91,2023-01-09 04:20:12,0,
1533,ACCT_00768,ACCT_00382,WIRE,998.12,2023-01-09 04:32:35,0,
1534,ACCT_01069,ACCT_00418,CHECK,2782.17,2023-01-09 04:43:15,0,
1535,ACCT_00034,ACCT_00234,CHECK,905.97,2023-01-09 04:47:05,0,
1536,ACCT_01799,ACCT_01007,ACH,2685.86,2023-01-09 04:59:00,0,
1537,ACCT_00516,ACCT_00034,TRANSFER,3502.02,2023-01-09 05:02:55,0,
1538,ACCT_01986,ACCT_01453,WIRE,287.5,2023-01-09 05:15:48,0,
1539,ACCT_00204,ACCT_01110,WIRE,1433.91,2023-01-09 05:16:56,0,
1540,ACCT_01693,ACCT_00625,CASH,2091.19,2023-01-09 05:30:07,0,
1541,ACCT_01853,ACCT_00247,ACH,4665.75,2023-01-09 05:40:45,0,
1542,ACCT_01000,ACCT_01867,TRANSFER,47012.93,2023-01-09 06:02:43,1,ALERT_0002
1543,ACCT_01077,ACCT_01981,TRANSFER,1546.01,2023-01-09 06:06:10,0,
1544,ACCT_00057,ACCT_01561,TRANSFER,3210.45,2023-01-09 06:26:19,0,
1545,ACCT_01645,ACCT_01219,CHECK,3154.77,2023-01-09 06:35:27,0,
1546,ACCT_00553,ACCT_00903,TRANSFER,565.48,2023-01-09 06:39:03,0,
1547,ACCT_01349,ACCT_00645,ACH,4341.99,2023-01-09 06:40:43,0,
1548,ACCT_01034,ACCT_00607,WIRE,4260.17,2023-01-09 06:58:11,0,
1549,ACCT_00143,ACCT_01708,ACH,3505.81,2023-01-09 06:59:47,0,
1550,ACCT_00583,ACCT_00504,WIRE,3370.44,2023-01-09 07:02:58,0,
1551,ACCT_00781,ACCT_01605,WIRE,4272.9,2023-01-09 07:04:16,0,
1552,ACCT_00875,ACCT_00339,ACH,2388.85,2023-01-09 07:06:39,0,
1553,ACCT_00526,ACCT_00381,ACH,2626.93,2023-01-09 07:16:49,0,
1554,ACCT_01778,ACCT_01960,TRANSFER,2527.17,2023-01-09 07:26:21,0,
1555,ACCT_00770,ACCT_01345,ACH,4017.97,2023-01-09 07:33:00,0,
1556,ACCT_01790,ACCT_00138,ACH,3149.47,2023-01-09 07:46:19,0,
1557,ACCT_01518,ACCT_00649,CHECK,1173.53,2023-01-09 07:47:07,0,
1558,ACCT_00474,ACCT_00164,ACH,4925.6,2023-01-09 08:12:15,0,
1559,ACCT_01016,ACCT_01725,CASH,3969.32,2023-01-09 08:21:50,0,
1560,ACCT_01340,ACCT_00989,TRANSFER,3186.18,2023-01-09 08:23:06,0,
1561,ACCT_00733,ACCT_01032,ACH,3764.48,2023-01-09 08:33:20,0,
1562,ACCT_00015,ACCT_00767,CHECK,255.39,2023-01-09 08:35:39,0,
1563,ACCT_01532,ACCT_01986,ACH,1451.76,2023-01-09 08:41:16,0,
1564,ACCT_00369,ACCT_01657,CASH,2152.64,2023-01-09 08:47:17,0,
1565,ACCT_01082,ACCT_00825,WIRE,4468.58,2023-01-09 08:48:41,0,
1566,ACCT_01140,ACCT_01129,ACH,969.27,2023-01-09 08:56:33,0,
1567,ACCT_01204,ACCT_00442,TRANSFER,1007.52,2023-01-09 09:05:08,0,
1568,ACCT_00251,ACCT_01346,TRANSFER,2135.89,2023-01-09 09:09:49,0,
1569,ACCT_00520,ACCT_00984,ACH,628.21,2023-01-09 09:12:01,0,
1570,ACCT_01398,ACCT_00365,WIRE,337.91,2023-01-09 09:12:47,0,
1571,ACCT_00613,ACCT_01050,TRANSFER,936.12,2023-01-09 09:15:20,0,
1572,ACCT_00924,ACCT_01319,CASH,4959.14,2023-01-09 09:22:10,0,
1573,ACCT_01892,ACCT_01567,CHECK,687.21,2023-01-09 09:23:42,0,
1574,ACCT_01349,ACCT_00219,TRANSFER,9885.42,2023-01-09 09:38:14,1,ALERT_0043
1575,ACCT_00019,ACCT_01423,CHECK,809.72,2023-01-09 09:40:37,0,
1576,ACCT_01070,ACCT_01183,ACH,4156.87,2023-01-09 09:42:49,0,
1577,ACCT_01515,ACCT_00184,CHECK,4702.66,2023-01-09 09:55:51,0,
1578,ACCT_01055,ACCT_00951,CHECK,2260.19,2023-01-09 10:16:27,0,
1579,ACCT_01726,ACCT_00340,ACH,3032.39,2023-01-09 10:22:09,0,
1580,ACCT_01385,ACCT_01770,WIRE,4185.06,2023-01-09 10:54:09,0,
1581,ACCT_00159,ACCT_01323,WIRE,699.02,2023-01-09 11:00:29,0,
1582,ACCT_01358,ACCT_01679,TRANSFER,1193.13,2023-01-09 11:07:10,0,
1583,ACCT_01648,ACCT_00219,WIRE,29330.57,2023-01-09 11:20:09,1,ALERT_0043
1584,ACCT_00541,ACCT_01225,CHECK,3351.73,2023-01-09 11:25:15,0,
1585,ACCT_01244,ACCT_01747,TRANSFER,543.8,2023-01-09 11:26:10,0,
1586,ACCT_01291,ACCT_01577,CHECK,1650.79,2023-01-09 11:26:46,0,
1587,ACCT_00723,ACCT_00075,ACH,786.74,2023-01-09 11:41:57,0,
1588,ACCT_00212,ACCT_01436,ACH,3059.39,2023-01-09 11:45:45,0,
1589,ACCT_00615,ACCT_00916,WIRE,2766.83,2023-01-09 11:47:57,0,
1590,ACCT_01080,ACCT_01227,CHECK,2632.63,2023-01-09 11:57:49,0,
1591,ACCT_01358,ACCT_01913,ACH,3836.28,2023-01-09 12:05:13,0,
1592,ACCT_00332,ACCT_00463,ACH,40.53,2023-01-09 12:10:07,0,
1593,ACCT_00504,ACCT_01684,CHECK,1698.51,2023-01-09 12:10:19,0,
1594,ACCT_01329,ACCT_00784,CHECK,977.72,2023-01-09 12:36:20,0,
1595,ACCT_00682,ACCT_01986,ACH,1044.82,2023-01-09 12:45:31,0,
1596,ACCT_00943,ACCT_01346,WIRE,1619.75,2023-01-09 12:45:51,0,
1597,ACCT_00738,ACCT_00886,CHECK,1217.06,2023-01-09 12:49:33,0,
1598,ACCT_01951,ACCT_00129,CASH,1125.05,2023-01-09 12:59:38,0,
1599,ACCT_00004,ACCT_00637,TRANSFER,2954.4,2023-01-09 13:02:46,0,
1600,ACCT_00856,ACCT_00271,WIRE,286.91,2023-01-09 13:03:48,0,
1601,ACCT_01700,ACCT_01957,ACH,1395.57,2023-01-09 13:08:30,0,
1602,ACCT_00545,ACCT_01131,CASH,465.88,2023-01-09 13:12:55,0,
1603,ACCT_01002,ACCT_00642,ACH,4995.5,2023-01-09 13:30:28,0,
1604,ACCT_01175,ACCT_02000,CASH,1886.15,2023-01-09 13:37:05,0,
1605,ACCT_01113,ACCT_01655,TRANSFER,3687.86,2023-01-09 13:39:27,0,
1606,ACCT_01766,ACCT_01063,WIRE,4982.75,2023-01-09 14:17:22,0,
1607,ACCT_00637,ACCT_01982,TRANSFER,923.03,2023-01-09 14:49:27,0,
1608,ACCT_00296,ACCT_01808,WIRE,3976.54,2023-01-09 15:00:56,0,
1609,ACCT_01499,ACCT_01955,CASH,1356.36,2023-01-09 15:05:04,0,
1610,ACCT_00134,ACCT_01281,ACH,3914.35,2023-01-09 15:13:28,0,
1611,ACCT_00412,ACCT_00121,WIRE,4047.8,2023-01-09 15:14:08,0,
1612,ACCT_00367,ACCT_00886,CHECK,4276.28,2023-01-09 15:20:51,0,
1613,ACCT_01010,ACCT_00167,CHECK,3499.3,2023-01-09 15:37:30,0,
1614,ACCT_00889,ACCT_01667,ACH,4045.27,2023-01-09 15:40:46,0,
1615,ACCT_01801,ACCT_01324,CHECK,4251.49,2023-01-09 15:44:46,0,
1616,ACCT_00584,ACCT_00212,CASH,2480.01,2023-01-09 15:47:52,0,
1617,ACCT_01093,ACCT_01697,ACH,267.57,2023-01-09 15:48:44,0,
1618,ACCT_00113,ACCT_01491,CASH,2342.95,2023-01-09 15:49:54,0,
1619,ACCT_01495,ACCT_00439,TRANSFER,1475.12,2023-01-09 15:50:24,0,
1620,ACCT_01285,ACCT_01171,TRANSFER,3339.82,2023-01-09 15:56:53,0,
1621,ACCT_01309,ACCT_01828,WIRE,1611.19,2023-01-09 15:56:57,0,
1622,ACCT_00344,ACCT_00589,WIRE,828.18,2023-01-09 15:59:59,0,
1623,ACCT_01618,ACCT_01870,CASH,3189.5,2023-01-09 16:03:56,0,
1624,ACCT_01940,ACCT_01933,WIRE,3873.11,2023-01-09 16:30:47,0,
1625,ACCT_00923,ACCT_00895,WIRE,695.98,2023-01-09 16:33:26,0,
1626,ACCT_01139,ACCT_01049,WIRE,3279.19,2023-01-09 16:40:28,0,
1627,ACCT_01905,ACCT_00894,WIRE,903.44,2023-01-09 16:46:21,0,
1628,ACCT_01032,ACCT_00414,TRANSFER,415.26,2023-01-09 16:47:58,0,
1629,ACCT_00998,ACCT_01796,CHECK,1311.34,2023-01-09 16:50:56,0,
1630,ACCT_00988,ACCT_01452,CASH,3502.51,2023-01-09 16:59:18,0,
1631,ACCT_00782,ACCT_01956,WIRE,162.08,2023-01-09 17:02:13,0,
1632,ACCT_00702,ACCT_01307,ACH,4114.56,2023-01-09 17:04:59,0,
1633,ACCT_01283,ACCT_01351,WIRE,1389.37,2023-01-09 17:12:59,0,
1634,ACCT_01888,ACCT_00443,TRANSFER,2006.31,2023-01-09 17:32:22,0,
1635,ACCT_01210,ACCT_00050,CASH,3147.27,2023-01-09 17:36:32,0,
1636,ACCT_01396,ACCT_00774,ACH,4274.93,2023-01-09 18:21:11,0,
1637,ACCT_00022,ACCT_00402,CHECK,1811.35,2023-01-09 18:28:46,0,
1638,ACCT_01604,ACCT_01539,ACH,3211.16,2023-01-09 18:35:11,0,
1639,ACCT_01854,ACCT_00206,CHECK,1476.38,2023-01-09 18:40:59,0,
1640,ACCT_01966,ACCT_01825,ACH,2694.2,2023-01-09 18:44:35,0,
1641,ACCT_00190,ACCT_00669,TRANSFER,3044.67,2023-01-09 18:45:42,0,
1642,ACCT_01068,ACCT_00219,TRANSFER,35719.45,2023-01-09 18:48:54,1,ALERT_0043
1643,ACCT_01001,ACCT_01046,ACH,161.12,2023-01-09 18:51:16,0,
1644,ACCT_00396,ACCT_00524,TRANSFER,2141.62,2023-01-09 19:04:57,0,
1645,ACCT_01862,ACCT_00423,ACH,3555.07,2023-01-09 19:05:17,0,
1646,ACCT_00254,ACCT_00208,ACH,2470.36,2023-01-09 19:12:35,0,
1647,ACCT_00018,ACCT_00290,CASH,2575.44,2023-01-09 19:14:34,0,
1648,ACCT_00745,ACCT_01013,WIRE,2299.24,2023-01-09 19:14:41,0,
1649,ACCT_01321,ACCT_01060,ACH,2659.37,2023-01-09 19:22:09,0,
1650,ACCT_00774,ACCT_00273,ACH,2786.78,2023-01-09 19:22:31,0,
1651,ACCT_01225,ACCT_01349,ACH,2017.01,2023-01-09 19:30:01,0,
1652,ACCT_00357,ACCT_00696,ACH,1237.36,2023-01-09 19:39:59,0,
1653,ACCT_01038,ACCT_01015,WIRE,4646.18,2023-01-09 19:45:43,0,
1654,ACCT_01709,ACCT_00266,CASH,2585.42,2023-01-09 19:50:45,0,
1655,ACCT_01960,ACCT_00738,ACH,3016.19,2023-01-09 19:59:08,0,
1656,ACCT_00027,ACCT_00107,CHECK,2456.06,2023-01-09 20:09:54,0,
1657,ACCT_01768,ACCT_00549,ACH,1130.92,2023-01-09 20:10:08,0,
1658,ACCT_00508,ACCT_00448,WIRE,4518.11,2023-01-09 20:17:28,0,
1659,ACCT_01143,ACCT_00352,CASH,1628.17,2023-01-09 20:17:43,0,
1660,ACCT_01083,ACCT_01210,ACH,4633.63,2023-01-09 20:23:38,0,
1661,ACCT_01413,ACCT_00868,TRANSFER,4585.81,2023-01-09 20:37:37,0,
1662,ACCT_01816,ACCT_00097,CHECK,1274.79,2023-01-09 20:48:17,0,
1663,ACCT_01501,ACCT_01685,TRANSFER,265.17,2023-01-09 20:50:22,0,
1664,ACCT_01798,ACCT_00021,WIRE,119.61,2023-01-09 21:03:00,0,
1665,ACCT_01937,ACCT_01380,TRANSFER,1811.46,2023-01-09 21:10:38,0,
1666,ACCT_00419,ACCT_01522,CHECK,65.59,2023-01-09 21:18:53,0,
1667,ACCT_01485,ACCT_00957,CASH,829.15,2023-01-09 21:20:20,0,
1668,ACCT_01459,ACCT_00820,CHECK,769.83,2023-01-09 21:23:32,0,
1669,ACCT_00135,ACCT_00562,TRANSFER,2801.57,2023-01-09 21:43:58,0,
1670,ACCT_01204,ACCT_01299,CASH,4197.5,2023-01-09 21:47:48,0,
1671,ACCT_01324,ACCT_01368,ACH,4051.85,2023-01-09 21:59:14,0,
1672,ACCT_01284,ACCT_00469,TRANSFER,4870.9,2023-01-09 22:07:38,0,
1673,ACCT_00360,ACCT_00130,CHECK,3440.54,2023-01-09 22:11:12,0,
1674,ACCT_00178,ACCT_01013,WIRE,4543.08,2023-01-09 22:20:10,0,
1675,ACCT_00430,ACCT_00108,CHECK,3618.83,2023-01-09 22:26:39,0,
1676,ACCT_00384,ACCT_01503,CHECK,1420.17,2023-01-09 22:27:31,0,
1677,ACCT_00614,ACCT_00766,TRANSFER,1579.58,2023-01-09 22:35:56,0,
1678,ACCT_00955,ACCT_01779,TRANSFER,4965.3,2023-01-09 22:37:11,0,
1679,ACCT_00138,ACCT_00012,CASH,3510.31,2023-01-09 23:12:32,0,
1680,ACCT_00616,ACCT_01853,ACH,2066.47,2023-01-09 23:21:45,0,
1681,ACCT_01987,ACCT_01087,CASH,2465.25,2023-01-09 23:27:14,0,
1682,ACCT_00928,ACCT_01962,ACH,4399.68,2023-01-09 23:41:46,0,
1683,ACCT_01980,ACCT_00285,TRANSFER,2815.29,2023-01-09 23:51:37,0,
1684,ACCT_00788,ACCT_01429,TRANSFER,4937.37,2023-01-09 23:55:22,0,
1685,ACCT_00909,ACCT_01621,WIRE,25.35,2023-01-10 00:04:52,0,
1686,ACCT_01428,ACCT_00850,ACH,349.13,2023-01-10 00:08:03,0,
1687,ACCT_01487,ACCT_00673,WIRE,2729.87,2023-01-10 00:16:39,0,
1688,ACCT_00339,ACCT_00944,TRANSFER,3296.46,2023-01-10 00:26:20,0,
1689,ACCT_01919,ACCT_00014,CHECK,3122.08,2023-01-10 00:45:21,0,
1690,ACCT_01896,ACCT_01964,WIRE,1374.66,2023-01-10 00:49:07,0,
1691,ACCT_01651,ACCT_01306,WIRE,66.37,2023-01-10 01:16:55,0,
1692,ACCT_01129,ACCT_01285,CHECK,255.29,2023-01-10 01:20:08,0,
1693,ACCT_01512,ACCT_00548,ACH,3610.96,2023-01-10 01:35:02,0,
1694,ACCT_01526,ACCT_00385,CASH,2056.46,2023-01-10 01:41:50,0,
1695,ACCT_00415,ACCT_00335,TRANSFER,4997.52,2023-01-10 01:46:33,0,
1696,ACCT_00529,ACCT_00212,CHECK,3298.96,2023-01-10 01:50:30,0,
1697,ACCT_01055,ACCT_01896,WIRE,4887.25,2023-01-10 02:21:33,0,
1698,ACCT_00398,ACCT_01295,CASH,4878.02,2023-01-10 02:23:15,0,
1699,ACCT_00484,ACCT_00461,WIRE,1311.1,2023-01-10 02:29:29,0,
1700,ACCT_01999,ACCT_01710,WIRE,657.59,2023-01-10 03:01:36,0,
1701,ACCT_01213,ACCT_01820,ACH,1785.9,2023-01-10 03:34:12,0,
1702,ACCT_01225,ACCT_00934,ACH,4593.38,2023-01-10 03:34:21,0,
1703,ACCT_01303,ACCT_00533,TRANSFER,351.38,2023-01-10 03:43:46,0,
1704,ACCT_01771,ACCT_01018,CHECK,1519.21,2023-01-10 04:05:23,0,
1705,ACCT_01570,ACCT_00021,TRANSFER,2444.41,2023-01-10 04:06:12,0,
1706,ACCT_00729,ACCT_00219,WIRE,3896.14,2023-01-10 04:21:48,0,
1707,ACCT_01245,ACCT_01176,CHECK,4901.06,2023-01-10 04:32:27,0,
1708,ACCT_01022,ACCT_00608,WIRE,766.84,2023-01-10 04:44:10,0,
1709,ACCT_00098,ACCT_01597,CASH,652.99,2023-01-10 04:48:41,0,
1710,ACCT_01982,ACCT_01335,ACH,3852.38,2023-01-10 04:57:26,0,
1711,ACCT_01975,ACCT_00344,WIRE,590.27,2023-01-10 05:30:52,0,
1712,ACCT_00768,ACCT_00960,TRANSFER,3786.78,2023-01-10 05:31:48,0,
1713,ACCT_00198,ACCT_01603,TRANSFER,4601.29,2023-01-10 05:49:59,0,
1714,ACCT_00341,ACCT_01133,CASH,1785.93,2023-01-10 05:50:30,0,
1715,ACCT_01267,ACCT_00197,CHECK,3382.88,2023-01-10 06:03:00,0,
1716,ACCT_01957,ACCT_01851,WIRE,658.36,2023-01-10 06:07:52,0,
1717,ACCT_00784,ACCT_00788,CHECK,231.63,2023-01-10 06:11:18,0,
1718,ACCT_01484,ACCT_01481,CASH,3196.59,2023-01-10 06:11:33,0,
1719,ACCT_01175,ACCT_01254,CHECK,4299.97,2023-01-10 06:14:10,0,
1720,ACCT_01363,ACCT_00817,WIRE,3619.31,2023-01-10 06:23:17,0,
1721,ACCT_01536,ACCT_01715,WIRE,2282.65,2023-01-10 06:44:29,0,
1722,ACCT_00323,ACCT_00469,CASH,2541.16,2023-01-10 06:44:41,0,
1723,ACCT_00746,ACCT_01684,CHECK,4759.71,2023-01-10 06:47:03,0,
1724,ACCT_00845,ACCT_00050,ACH,2977.25,2023-01-10 06:50:07,0,
1725,ACCT_00966,ACCT_01489,CASH,56.16,2023-01-10 06:50:55,0,
1726,ACCT_00026,ACCT_00444,WIRE,4303.19,2023-01-10 06:51:39,0,
1727,ACCT_00617,ACCT_00434,CASH,3207.29,2023-01-10 06:54:27,0,
1728,ACCT_00885,ACCT_00370,CHECK,128.94,2023-01-10 06:58:10,0,
1729,ACCT_00017,ACCT_01871,TRANSFER,2832.97,2023-01-10 07:04:06,0,
1730,ACCT_00278,ACCT_00614,WIRE,3576.02,2023-01-10 07:06:38,0,
1731,ACCT_01894,ACCT_00475,CASH,713.61,2023-01-10 07:23:26,0,
1732,ACCT_00653,ACCT_00592,ACH,2506.96,2023-01-10 07:34:38,0,
1733,ACCT_01542,ACCT_01580,ACH,4039.44,2023-01-10 07:42:46,0,
1734,ACCT_01887,ACCT_01620,ACH,3252.19,2023-01-10 07:46:32,0,
1735,ACCT_00050,ACCT_00953,TRANSFER,3689.97,2023-01-10 07:55:02,0,
1736,ACCT_01462,ACCT_01677,TRANSFER,3770.01,2023-01-10 08:03:39,0,
1737,ACCT_01999,ACCT_00172,TRANSFER,2808.82,2023-01-10 08:17:46,0,
1738,ACCT_01552,ACCT_00095,TRANSFER,578.22,2023-01-10 08:21:11,0,
1739,ACCT_00219,ACCT_01077,ACH,24714.72,2023-01-10 08:23:39,1,ALERT_0043
1740,ACCT_00282,ACCT_00381,TRANSFER,1140.52,2023-01-10 08:24:42,0,
1741,ACCT_00812,ACCT_01475,TRANSFER,3741.47,2023-01-10 08:30:09,0,
1742,ACCT_00081,ACCT_01281,CHECK,274.65,2023-01-10 08:32:59,0,
1743,ACCT_01761,ACCT_01710,WIRE,4715.96,2023-01-10 08:54:19,0,
1744,ACCT_01043,ACCT_00806,ACH,3872.38,2023-01-10 09:02:50,0,
1745,ACCT_01541,ACCT_00065,CHECK,4294.68,2023-01-10 09:06:08,0,
1746,ACCT_01224,ACCT_00615,CASH,1944.86,2023-01-10 09:07:27,0,
1747,ACCT_01024,ACCT_01176,WIRE,4607.77,2023-01-10 09:15:34,0,
1748,ACCT_00740,ACCT_01615,ACH,2131.48,2023-01-10 09:18:29,0,
1749,ACCT_01537,ACCT_00539,CHECK,1518.28,2023-01-10 09:18:57,0,
1750,ACCT_00049,ACCT_00331,WIRE,3002.51,2023-01-10 09:21:43,0,
1751,ACCT_01928,ACCT_00068,CASH,2920.68,2023-01-10 09:22:22,0,
1752,ACCT_00819,ACCT_01482,CHECK,3006.39,2023-01-10 09:34:31,0,
1753,ACCT_01476,ACCT_01228,CHECK,2846.07,2023-01-10 09:42:16,0,
1754,ACCT_01080,ACCT_00848,ACH,1057.13,2023-01-10 09:46:30,0,
1755,ACCT_01629,ACCT_01235,TRANSFER,4049.6,2023-01-10 09:49:32,0,
1756,ACCT_01256,ACCT_01430,CHECK,3812.54,2023-01-10 10:05:16,0,
1757,ACCT_01634,ACCT_00706,WIRE,1352.42,2023-01-10 10:17:15,0,
1758,ACCT_01853,ACCT_01240,CHECK,1424.06,2023-01-10 10:17:29,0,
1759,ACCT_00379,ACCT_01965,ACH,480.12,2023-01-10 10:29:42,0,
1760,ACCT_01161,ACCT_01641,ACH,2381.59,2023-01-10 10:31:05,0,
1761,ACCT_00665,ACCT_00907,CASH,663.81,2023-01-10 10:36:20,0,
1762,ACCT_00292,ACCT_01410,WIRE,1544.07,2023-01-10 10:37:41,0,
1763,ACCT_00361,ACCT_01843,CHECK,1918.42,2023-01-10 10:42:33,0,
1764,ACCT_00374,ACCT_01488,WIRE,3194.59,2023-01-10 10:42:49,0,
1765,ACCT_01620,ACCT_00106,WIRE,4947.79,2023-01-10 10:46:12,0,
1766,ACCT_01239,ACCT_00762,WIRE,3254.74,2023-01-10 10:50:09,0,
1767,ACCT_00553,ACCT_01446,CHECK,2645.24,2023-01-10 11:12:12,0,
1768,ACCT_00219,ACCT_01797,ACH,43722.48,2023-01-10 11:16:12,1,ALERT_0043
1769,ACCT_01627,ACCT_01735,CASH,3334.61,2023-01-10 11:23:27,0,
1770,ACCT_01195,ACCT_01777,TRANSFER,4763.36,2023-01-10 11:30:30,0,
1771,ACCT_00332,ACCT_00466,WIRE,2046.29,2023-01-10 11:41:10,0,
1772,ACCT_00219,ACCT_00706,WIRE,40661.1,2023-01-10 11:57:42,1,ALERT_0043
1773,ACCT_01950,ACCT_00129,ACH,2666.16,2023-01-10 12:09:19,0,
1774,ACCT_00146,ACCT_00182,ACH,4197.51,2023-01-10 12:09:35,0,
1775,ACCT_00442,ACCT_00520,CASH,3403.21,2023-01-10 12:11:15,0,
1776,ACCT_00562,ACCT_00602,TRANSFER,3087.74,2023-01-10 12:11:30,0,
1777,ACCT_01186,ACCT_00471,ACH,1591.77,2023-01-10 12:19:40,0,
1778,ACCT_01618,ACCT_00881,CHECK,1074.97,2023-01-10 12:24:44,0,
1779,ACCT_01614,ACCT_01477,TRANSFER,2033.48,2023-01-10 12:36:44,0,
1780,ACCT_01205,ACCT_00089,TRANSFER,3331.35,2023-01-10 12:38:34,0,
1781,ACCT_00507,ACCT_01470,TRANSFER,2445.75,2023-01-10 12:49:58,0,
1782,ACCT_01275,ACCT_00611,CASH,777.88,2023-01-10 13:08:01,0,
1783,ACCT_00934,ACCT_01035,ACH,1317.0,2023-01-10 13:15:39,0,
1784,ACCT_01121,ACCT_01908,WIRE,1626.67,2023-01-10 13:30:09,0,
1785,ACCT_00981,ACCT_01766,ACH,1473.78,2023-01-10 13:32:28,0,
1786,ACCT_01943,ACCT_00226,CHECK,2839.79,2023-01-10 13:34:45,0,
1787,ACCT_01674,ACCT_00295,ACH,3496.03,2023-01-10 13:43:03,0,
1788,ACCT_01393,ACCT_00779,CASH,4213.77,2023-01-10 13:46:28,0,
1789,ACCT_00824,ACCT_01340,CASH,69.79,2023-01-10 13:47:21,0,
1790,ACCT_01615,ACCT_00759,TRANSFER,245.74,2023-01-10 13:52:56,0,
1791,ACCT_00927,ACCT_00126,WIRE,4983.78,2023-01-10 13:55:35,0,
1792,ACCT_00595,ACCT_00613,CHECK,1474.79,2023-01-10 14:06:40,0,
1793,ACCT_00984,ACCT_00952,TRANSFER,652.68,2023-01-10 14:07:47,0,
1794,ACCT_00307,ACCT_01613,ACH,1017.95,2023-01-10 14:19:43,0,
1795,ACCT_00945,ACCT_00639,CASH,4658.55,2023-01-10 14:36:58,0,
1796,ACCT_01120,ACCT_00003,WIRE,2457.17,2023-01-10 15:06:45,0,
1797,ACCT_01181,ACCT_01957,ACH,4549.11,2023-01-10 15:13:34,0,
1798,ACCT_01252,ACCT_01831,ACH,3211.09,2023-01-10 15:15:29,0,
1799,ACCT_01970,ACCT_01049,WIRE,3664.17,2023-01-10 15:36:17,0,
1800,ACCT_00904,ACCT_01472,WIRE,1111.45,2023-01-10 15:41:47,0,
1801,ACCT_00104,ACCT_00162,CASH,563.86,2023-01-10 15:46:00,0,
1802,ACCT_01520,ACCT_01508,TRANSFER,4028.76,2023-01-10 15:47:15,0,
1803,ACCT_00814,ACCT_00032,WIRE,1718.18,2023-01-10 15:50:51,0,
1804,ACCT_01989,ACCT_01183,CHECK,2266.0,2023-01-10 16:01:23,0,
1805,ACCT_01473,ACCT_01728,WIRE,2751.08,2023-01-10 16:12:30,0,
1806,ACCT_00328,ACCT_01906,TRANSFER,393.13,2023-01-10 16:15:58,0,
1807,ACCT_01413,ACCT_01212,CASH,507.53,2023-01-10 16:17:55,0,
1808,ACCT_00256,ACCT_01248,TRANSFER,1665.61,2023-01-10 16:41:28,0,
1809,ACCT_00274,ACCT_00874,CASH,3544.49,2023-01-10 16:43:59,0,
1810,ACCT_00677,ACCT_00822,ACH,4957.62,2023-01-10 16:46:06,0,
1811,ACCT_00196,ACCT_01961,TRANSFER,4010.85,2023-01-10 16:48:51,0,
1812,ACCT_00100,ACCT_01919,CASH,4446.4,2023-01-10 16:49:40,0,
1813,ACCT_01013,ACCT_00124,WIRE,75.51,2023-01-10 17:25:34,0,
1814,ACCT_00048,ACCT_01061,ACH,3807.2,2023-01-10 17:36:39,0,
1815,ACCT_00226,ACCT_00583,TRANSFER,3757.89,2023-01-10 17:42:39,0,
1816,ACCT_00146,ACCT_01772,CHECK,2473.18,2023-01-10 17:49:51,0,
1817,ACCT_00175,ACCT_00151,TRANSFER,2402.63,2023-01-10 17:53:49,0,
1818,ACCT_01717,ACCT_01243,CASH,529.96,2023-01-10 18:01:36,0,
1819,ACCT_01596,ACCT_00345,CASH,1532.67,2023-01-10 18:02:34,0,
1820,ACCT_01436,ACCT_01789,CHECK,3629.56,2023-01-10 18:35:37,0,
1821,ACCT_01410,ACCT_00136,CHECK,3017.81,2023-01-10 18:50:17,0,
1822,ACCT_01978,ACCT_00042,WIRE,3945.8,2023-01-10 18:55:40,0,
1823,ACCT_00652,ACCT_00479,TRANSFER,1576.62,2023-01-10 19:02:17,0,
1824,ACCT_00127,ACCT_01060,CASH,4414.52,2023-01-10 19:08:47,0,
1825,ACCT_00897,ACCT_01880,CASH,4325.19,2023-01-10 19:09:23,0,
1826,ACCT_01283,ACCT_00006,CHECK,2544.23,2023-01-10 19:20:41,0,
1827,ACCT_00611,ACCT_01668,TRANSFER,341.3,2023-01-10 19:21:48,0,
1828,ACCT_01651,ACCT_01533,WIRE,4678.15,2023-01-10 19:26:56,0,
1829,ACCT_01232,ACCT_00845,ACH,3206.57,2023-01-10 19:43:07,0,
1830,ACCT_00988,ACCT_00218,TRANSFER,3011.91,2023-01-10 19:45:47,0,
1831,ACCT_00776,ACCT_01244,TRANSFER,493.93,2023-01-10 19:46:11,0,
1832,ACCT_01378,ACCT_01846,CASH,1410.25,2023-01-10 19:48:33,0,
1833,ACCT_00223,ACCT_00295,ACH,3845.85,2023-01-10 19:51:26,0,
1834,ACCT_01999,ACCT_00893,WIRE,1960.7,2023-01-10 19:51:35,0,
1835,ACCT_01297,ACCT_00330,WIRE,1032.72,2023-01-10 20:18:25,0,
1836,ACCT_01127,ACCT_00666,TRANSFER,3497.42,2023-01-10 20:30:09,0,
1837,ACCT_00077,ACCT_00544,CHECK,3937.19,2023-01-10 20:37:19,0,
1838,ACCT_01825,ACCT_01122,TRANSFER,1354.22,2023-01-10 20:39:00,0,
1839,ACCT_01635,ACCT_01626,CASH,1251.17,2023-01-10 21:20:22,0,
1840,ACCT_00483,ACCT_00274,CHECK,3627.41,2023-01-10 21:40:07,0,
1841,ACCT_01934,ACCT_01334,TRANSFER,3986.72,2023-01-10 21:51:37,0,
1842,ACCT_01711,ACCT_01635,TRANSFER,2911.94,2023-01-10 22:00:16,0,
1843,ACCT_01903,ACCT_00669,CHECK,3833.88,2023-01-10 22:00:22,0,
1844,ACCT_00698,ACCT_00816,CHECK,2974.66,2023-01-10 22:04:25,0,
1845,ACCT_00988,ACCT_01160,ACH,69.55,2023-01-10 22:11:26,0,
1846,ACCT_00833,ACCT_00501,CASH,1580.53,2023-01-10 22:14:17,0,
1847,ACCT_00375,ACCT_00573,CASH,4715.9,2023-01-10 22:15:21,0,
1848,ACCT_01782,ACCT_01002,CHECK,3151.7,2023-01-10 22:15:38,0,
1849,ACCT_01476,ACCT_00583,ACH,1844.5,2023-01-10 22:19:25,0,
1850,ACCT_01994,ACCT_00339,WIRE,695.85,2023-01-10 22:42:38,0,
1851,ACCT_00388,ACCT_00532,CASH,1988.78,2023-01-10 22:59:24,0,
1852,ACCT_01635,ACCT_01692,ACH,502.05,2023-01-10 23:01:12,0,
1853,ACCT_01203,ACCT_00646,TRANSFER,1979.65,2023-01-10 23:37:44,0,
1854,ACCT_01490,ACCT_01484,TRANSFER,4797.54,2023-01-10 23:42:02,0,
1855,ACCT_00881,ACCT_01214,ACH,4057.48,2023-01-10 23:44:12,0,
1856,ACCT_01735,ACCT_00552,CHECK,4153.24,2023-01-10 23:58:22,0,
1857,ACCT_01833,ACCT_01173,TRANSFER,4113.01,2023-01-10 23:59:07,0,
1858,ACCT_00495,ACCT_01876,ACH,36.59,2023-01-11 00:04:32,0,
1859,ACCT_01413,ACCT_00632,TRANSFER,1766.13,2023-01-11 00:05:25,0,
1860,ACCT_00211,ACCT_01027,CHECK,4071.47,2023-01-11 00:09:35,0,
1861,ACCT_00170,ACCT_00603,CASH,565.05,2023-01-11 00:16:51,0,
1862,ACCT_00426,ACCT_01812,CASH,4154.23,2023-01-11 00:23:24,0,
1863,ACCT_00708,ACCT_00352,CASH,4762.71,2023-01-11 00:29:42,0,
1864,ACCT_01158,ACCT_01830,CHECK,730.13,2023-01-11 00:38:48,0,
1865,ACCT_00591,ACCT_01403,CASH,1868.1,2023-01-11 00:39:51,0,
1866,ACCT_01752,ACCT_00644,CHECK,2541.84,2023-01-11 00:48:20,0,
1867,ACCT_00199,ACCT_00399,WIRE,3622.02,2023-01-11 00:52:41,0,
1868,ACCT_01100,ACCT_00173,ACH,4855.1,2023-01-11 01:03:46,0,
1869,ACCT_01698,ACCT_00174,CHECK,4143.21,2023-01-11 01:12:51,0,
1870,ACCT_01903,ACCT_00132,WIRE,3620.44,2023-01-11 01:19:18,0,
1871,ACCT_01585,ACCT_01586,CASH,2299.15,2023-01-11 01:23:23,0,
1872,ACCT_01159,ACCT_01825,WIRE,1723.71,2023-01-11 01:23:49,0,
1873,ACCT_01979,ACCT_01754,CHECK,4044.15,2023-01-11 01:26:05,0,
1874,ACCT_00243,ACCT_00590,CASH,2438.31,2023-01-11 01:31:26,0,
1875,ACCT_00017,ACCT_01309,CHECK,3829.97,2023-01-11 01:39:39,0,
1876,ACCT_01450,ACCT_00418,ACH,427.08,2023-01-11 01:41:28,0,
1877,ACCT_01379,ACCT_01108,ACH,3658.14,2023-01-11 01:42:36,0,
1878,ACCT_01438,ACCT_01321,ACH,4107.18,2023-01-11 01:52:51,0,
1879,ACCT_01549,ACCT_00999,CASH,4126.06,2023-01-11 02:08:35,0,
1880,ACCT_01136,ACCT_00683,TRANSFER,3642.95,2023-01-11 02:08:41,0,
1881,ACCT_01850,ACCT_01198,TRANSFER,3059.42,2023-01-11 02:11:04,0,
1882,ACCT_00318,ACCT_01368,CASH,141.53,2023-01-11 02:25:33,0,
1883,ACCT_00815,ACCT_01206,TRANSFER,4934.82,2023-01-11 02:26:33,0,
1884,ACCT_01385,ACCT_01714,ACH,864.97,2023-01-11 02:29:27,0,
1885,ACCT_01199,ACCT_00345,CHECK,3794.71,2023-01-11 02:36:14,0,
1886,ACCT_00801,ACCT_00922,ACH,4183.5,2023-01-11 02:41:55,0,
1887,ACCT_00948,ACCT_01227,CASH,494.77,2023-01-11 02:48:38,0,
1888,ACCT_01278,ACCT_01697,CHECK,104.17,2023-01-11 03:14:53,0,
1889,ACCT_01756,ACCT_01370,CHECK,1175.17,2023-01-11 03:22:30,0,
1890,ACCT_01601,ACCT_01704,WIRE,3911.47,2023-01-11 03:32:31,0,
1891,ACCT_01172,ACCT_01655,TRANSFER,4951.42,2023-01-11 03:40:41,0,
1892,ACCT_01317,ACCT_00499,WIRE,1874.62,2023-01-11 03:44:54,0,
1893,ACCT_00368,ACCT_00814,ACH,4958.56,2023-01-11 03:49:46,0,
1894,ACCT_00968,ACCT_01558,WIRE,232.59,2023-01-11 03:51:43,0,
1895,ACCT_01790,ACCT_01377,WIRE,4582.46,2023-01-11 04:00:16,0,
1896,ACCT_01818,ACCT_01627,ACH,45914.23,2023-01-11 04:11:55,1,ALERT_0035
1897,ACCT_00530,ACCT_00565,ACH,2259.94,2023-01-11 04:31:41,0,
1898,ACCT_00489,ACCT_00135,ACH,514.15,2023-01-11 04:34:55,0,
1899,ACCT_00640,ACCT_01151,CASH,3498.64,2023-01-11 05:09:48,0,
1900,ACCT_01236,ACCT_01886,WIRE,2013.81,2023-01-11 05:10:27,0,
1901,ACCT_01455,ACCT_01983,TRANSFER,3371.71,2023-01-11 05:31:55,0,
1902,ACCT_00960,ACCT_00392,CASH,776.29,2023-01-11 05:32:46,0,
1903,ACCT_01531,ACCT_01803,TRANSFER,3721.9,2023-01-11 05:36:20,0,
1904,ACCT_01340,ACCT_01050,WIRE,4328.68,2023-01-11 05:47:05,0,
1905,ACCT_01188,ACCT_00650,TRANSFER,2771.5,2023-01-11 06:11:19,0,
1906,ACCT_00001,ACCT_00134,CHECK,3088.07,2023-01-11 06:11:22,0,
1907,ACCT_00311,ACCT_01543,ACH,2114.39,2023-01-11 06:26:11,0,
1908,ACCT_00542,ACCT_01529,CHECK,2502.31,2023-01-11 06:31:30,0,
1909,ACCT_00872,ACCT_00247,CHECK,4045.17,2023-01-11 06:51:14,0,
1910,ACCT_00075,ACCT_00782,CASH,249.41,2023-01-11 06:51:59,0,
1911,ACCT_00471,ACCT_00506,ACH,541.65,2023-01-11 07:03:36,0,
1912,ACCT_01896,ACCT_00702,CASH,4701.21,2023-01-11 07:07:00,0,
1913,ACCT_01195,ACCT_01017,TRANSFER,3884.05,2023-01-11 07:10:20,0,
1914,ACCT_01978,ACCT_00660,ACH,4855.97,2023-01-11 07:14:27,0,
1915,ACCT_00355,ACCT_01951,WIRE,1409.18,2023-01-11 07:29:01,0,
1916,ACCT_00209,ACCT_00505,TRANSFER,2315.11,2023-01-11 07:31:26,0,
1917,ACCT_01977,ACCT_01157,CHECK,3229.41,2023-01-11 07:49:31,0,
1918,ACCT_01279,ACCT_01831,WIRE,1661.81,2023-01-11 07:52:47,0,
1919,ACCT_00237,ACCT_01632,WIRE,4505.15,2023-01-11 08:07:00,0,
1920,ACCT_00740,ACCT_00950,TRANSFER,3242.67,2023-01-11 08:11:41,0,
1921,ACCT_00400,ACCT_00712,ACH,1858.49,2023-01-11 08:23:20,0,
1922,ACCT_00615,ACCT_01382,ACH,2698.6,2023-01-11 08:28:40,0,
1923,ACCT_00918,ACCT_00931,CASH,1353.53,2023-01-11 08:44:48,0,
1924,ACCT_01528,ACCT_00008,TRANSFER,1732.86,2023-01-11 08:49:34,0,
1925,ACCT_00097,ACCT_01639,ACH,1819.65,2023-01-11 08:51:26,0,
1926,ACCT_00004,ACCT_00605,ACH,23679.62,2023-01-11 08:53:52,1,ALERT_0040
1927,ACCT_01060,ACCT_00611,TRANSFER,598.46,2023-01-11 09:01:09,0,
1928,ACCT_00595,ACCT_01528,CASH,619.88,2023-01-11 09:13:08,0,
1929,ACCT_00476,ACCT_00722,CHECK,3868.63,2023-01-11 09:27:49,0,
1930,ACCT_01457,ACCT_01009,WIRE,2990.41,2023-01-11 09:55:41,0,
1931,ACCT_01944,ACCT_00701,TRANSFER,3490.06,2023-01-11 09:58:20,0,
1932,ACCT_00192,ACCT_01282,ACH,2289.39,2023-01-11 10:02:04,0,
1933,ACCT_01181,ACCT_00435,ACH,4003.85,2023-01-11 10:02:27,0,
1934,ACCT_01914,ACCT_01392,CHECK,1625.06,2023-01-11 10:03:26,0,
1935,ACCT_00949,ACCT_00162,TRANSFER,4764.56,2023-01-11 10:05:44,0,
1936,ACCT_00267,ACCT_01627,TRANSFER,13106.32,2023-01-11 10:07:26,1,ALERT_0035
1937,ACCT_01713,ACCT_00584,TRANSFER,103.63,2023-01-11 10:07:38,0,
1938,ACCT_01560,ACCT_01545,TRANSFER,981.49,2023-01-11 10:09:13,0,
1939,ACCT_01192,ACCT_01290,CHECK,786.65,2023-01-11 10:15:39,0,
1940,ACCT_01988,ACCT_00400,WIRE,1021.31,2023-01-11 10:40:55,0,
1941,ACCT_01694,ACCT_01099,CHECK,3920.35,2023-01-11 10:43:56,0,
1942,ACCT_01702,ACCT_00083,CASH,4669.48,2023-01-11 10:52:33,0,
1943,ACCT_00763,ACCT_01753,TRANSFER,666.66,2023-01-11 11:10:33,0,
1944,ACCT_00301,ACCT_01785,ACH,3283.33,2023-01-11 11:17:10,0,
1945,ACCT_00846,ACCT_01903,CHECK,2238.44,2023-01-11 11:17:58,0,
1946,ACCT_01715,ACCT_01132,CHECK,2889.85,2023-01-11 11:18:14,0,
1947,ACCT_01791,ACCT_01099,WIRE,3707.85,2023-01-11 11:37:28,0,
1948,ACCT_00188,ACCT_00008,CHECK,3960.05,2023-01-11 11:43:18,0,
1949,ACCT_00823,ACCT_00197,ACH,3762.3,2023-01-11 11:45:39,0,
1950,ACCT_01978,ACCT_01810,WIRE,3865.35,2023-01-11 12:03:03,0,
1951,ACCT_01095,ACCT_00873,TRANSFER,2567.67,2023-01-11 12:03:06,0,
1952,ACCT_01232,ACCT_01864,WIRE,3316.11,2023-01-11 12:12:11,0,
1953,ACCT_00094,ACCT_01986,CASH,3392.87,2023-01-11 12:14:36,0,
1954,ACCT_01130,ACCT_00605,ACH,9084.14,2023-01-11 12:16:36,1,ALERT_0040
1955,ACCT_01575,ACCT_01627,WIRE,20954.43,2023-01-11 12:19:22,1,ALERT_0035
1956,ACCT_01229,ACCT_00355,WIRE,2853.54,2023-01-11 12:25:33,0,
1957,ACCT_01918,ACCT_01072,CHECK,2960.7,2023-01-11 12:27:23,0,
1958,ACCT_01192,ACCT_01159,ACH,4224.03,2023-01-11 12:32:41,0,
1959,ACCT_01273,ACCT_01911,TRANSFER,2125.24,2023-01-11 12:45:52,0,
1960,ACCT_01180,ACCT_00715,ACH,584.54,2023-01-11 12:51:31,0,
1961,ACCT_01428,ACCT_01539,CASH,2929.53,2023-01-11 12:58:25,0,
1962,ACCT_01489,ACCT_01647,WIRE,692.21,2023-01-11 13:04:45,0,
1963,ACCT_00898,ACCT_01854,WIRE,95.56,2023-01-11 13:10:28,0,
1964,ACCT_00635,ACCT_00616,TRANSFER,2141.28,2023-01-11 13:12:40,0,
1965,ACCT_01380,ACCT_01869,WIRE,932.29,2023-01-11 13:27:48,0,
1966,ACCT_00358,ACCT_00030,TRANSFER,439.62,2023-01-11 13:35:13,0,
1967,ACCT_01461,ACCT_01948,TRANSFER,1947.06,2023-01-11 13:39:28,0,
1968,ACCT_00979,ACCT_00014,CASH,1811.32,2023-01-11 13:48:38,0,
1969,ACCT_01591,ACCT_01421,WIRE,3518.44,2023-01-11 14:00:30,0,
1970,ACCT_00736,ACCT_00225,CASH,4329.74,2023-01-11 14:03:37,0,
1971,ACCT_01068,ACCT_01258,ACH,1842.41,2023-01-11 14:05:09,0,
1972,ACCT_00272,ACCT_01056,CHECK,1875.82,2023-01-11 14:15:19,0,
1973,ACCT_00299,ACCT_00059,CASH,4880.88,2023-01-11 14:19:28,0,
1974,ACCT_01983,ACCT_01622,CHECK,3640.81,2023-01-11 14:29:06,0,
1975,ACCT_00063,ACCT_00684,CASH,599.95,2023-01-11 14:32:12,0,
1976,ACCT_00353,ACCT_00618,CASH,411.07,2023-01-11 15:04:41,0,
1977,ACCT_01435,ACCT_00744,TRANSFER,2679.2,2023-01-11 15:17:32,0,
1978,ACCT_01830,ACCT_00429,TRANSFER,1710.66,2023-01-11 15:38:46,0,
1979,ACCT_01238,ACCT_00194,CHECK,4759.68,2023-01-11 15:41:42,0,
1980,ACCT_00261,ACCT_01627,WIRE,33640.31,2023-01-11 15:56:31,1,ALERT_0035
1981,ACCT_00974,ACCT_01329,ACH,2107.58,2023-01-11 16:12:35,0,
1982,ACCT_01232,ACCT_00164,ACH,4629.12,2023-01-11 16:45:12,0,
1983,ACCT_01404,ACCT_00981,CHECK,405.58,2023-01-11 16:49:08,0,
1984,ACCT_00805,ACCT_00646,WIRE,801.52,2023-01-11 16:55:27,0,
1985,ACCT_01040,ACCT_01951,CHECK,717.38,2023-01-11 16:56:25,0,
1986,ACCT_00566,ACCT_01089,ACH,103.22,2023-01-11 16:59:47,0,
1987,ACCT_00778,ACCT_00231,WIRE,3754.19,2023-01-11 17:00:38,0,
1988,ACCT_01214,ACCT_00921,WIRE,2612.1,2023-01-11 17:19:42,0,
1989,ACCT_00693,ACCT_01335,WIRE,243.2,2023-01-11 17:21:44,0,
1990,ACCT_01312,ACCT_00241,WIRE,2058.62,2023-01-11 17:24:10,0,
1991,ACCT_00075,ACCT_01607,TRANSFER,38552.19,2023-01-11 17:31:01,1,ALERT_0014
1992,ACCT_00414,ACCT_01903,WIRE,1879.48,2023-01-11 17:37:24,0,
1993,ACCT_00806,ACCT_00485,TRANSFER,1987.17,2023-01-11 17:48:08,0,
1994,ACCT_01199,ACCT_01179,WIRE,1061.99,2023-01-11 18:05:36,0,
1995,ACCT_01485,ACCT_01855,TRANSFER,567.26,2023-01-11 18:07:14,0,
1996,ACCT_01427,ACCT_00389,ACH,4105.6,2023-01-11 18:11:26,0,
1997,ACCT_00452,ACCT_00412,ACH,1700.79,2023-01-11 18:34:32,0,
1998,ACCT_00915,ACCT_00373,TRANSFER,4268.71,2023-01-11 18:41:29,0,
1999,ACCT_01082,ACCT_00869,TRANSFER,4120.74,2023-01-11 18:53:41,0,
2000,ACCT_00810,ACCT_00324,CASH,298.21,2023-01-11 18:55:23,0,
2001,ACCT_00794,ACCT_01748,CASH,3397.11,2023-01-11 19:16:13,0,
2002,ACCT_00694,ACCT_01918,WIRE,1532.31,2023-01-11 19:21:42,0,
2003,ACCT_00723,ACCT_00406,CHECK,2439.17,2023-01-11 19:21:53,0,
2004,ACCT_01402,ACCT_01861,TRANSFER,166.76,2023-01-11 19:31:08,0,
2005,ACCT_00019,ACCT_01089,CASH,3379.81,2023-01-11 19:37:09,0,
2006,ACCT_01297,ACCT_00480,CASH,2032.35,2023-01-11 19:38:05,0,
2007,ACCT_01799,ACCT_01153,WIRE,735.4,2023-01-11 19:45:44,0,
2008,ACCT_00002,ACCT_01776,CHECK,935.29,2023-01-11 19:54:18,0,
2009,ACCT_01279,ACCT_01474,CASH,1428.1,2023-01-11 19:56:04,0,
2010,ACCT_01576,ACCT_00363,TRANSFER,1802.32,2023-01-11 19:59:49,0,
2011,ACCT_00097,ACCT_00703,WIRE,4003.71,2023-01-11 20:14:46,0,
2012,ACCT_01115,ACCT_00099,ACH,4878.2,2023-01-11 20:23:02,0,
2013,ACCT_01180,ACCT_01048,TRANSFER,3472.11,2023-01-11 20:37:47,0,
2014,ACCT_00266,ACCT_00519,TRANSFER,3875.52,2023-01-11 20:38:40,0,
2015,ACCT_00048,ACCT_00058,ACH,2966.59,2023-01-11 20:38:49,0,
2016,ACCT_01871,ACCT_00019,CHECK,579.56,2023-01-11 20:45:35,0,
2017,ACCT_01758,ACCT_01243,ACH,4423.26,2023-01-11 20:48:51,0,
2018,ACCT_00767,ACCT_00391,CHECK,794.84,2023-01-11 21:03:56,0,
2019,ACCT_00687,ACCT_00350,ACH,4964.22,2023-01-11 21:10:39,0,
2020,ACCT_00387,ACCT_01685,CASH,3419.18,2023-01-11 21:19:48,0,
2021,ACCT_01750,ACCT_00684,WIRE,2198.78,2023-01-11 21:22:18,0,
2022,ACCT_00118,ACCT_00298,CASH,3042.96,2023-01-11 21:40:29,0,
2023,ACCT_00225,ACCT_00304,CHECK,1739.72,2023-01-11 21:48:50,0,
2024,ACCT_01735,ACCT_00620,TRANSFER,2060.66,2023-01-11 21:56:03,0,
2025,ACCT_00535,ACCT_01356,ACH,1226.71,2023-01-11 22:22:07,0,
2026,ACCT_00123,ACCT_00205,ACH,2407.31,2023-01-11 22:39:55,0,
2027,ACCT_01295,ACCT_01641,CASH,2037.85,2023-01-11 22:42:51,0,
2028,ACCT_00771,ACCT_01757,CASH,4849.05,2023-01-11 23:05:21,0,
2029,ACCT_01118,ACCT_00736,CASH,3802.23,2023-01-11 23:07:17,0,
2030,ACCT_00632,ACCT_00993,CASH,2260.83,2023-01-11 23:07:36,0,
2031,ACCT_01804,ACCT_01662,WIRE,1604.45,2023-01-11 23:10:12,0,
2032,ACCT_01663,ACCT_00443,WIRE,71.97,2023-01-11 23:10:28,0,
2033,ACCT_00593,ACCT_00029,ACH,1617.93,2023-01-11 23:22:08,0,
2034,ACCT_01686,ACCT_01265,ACH,1701.4,2023-01-11 23:23:28,0,
2035,ACCT_00563,ACCT_00708,CHECK,3448.07,2023-01-11 23:37:43,0,
2036,ACCT_01750,ACCT_00424,ACH,2894.64,2023-01-11 23:44:47,0,
2037,ACCT_01769,ACCT_00877,ACH,3286.16,2023-01-11 23:56:32,0,
2038,ACCT_01451,ACCT_00679,CASH,807.39,2023-01-12 00:06:20,0,
2039,ACCT_00497,ACCT_01707,CHECK,4323.82,2023-01-12 00:12:48,0,
2040,ACCT_00115,ACCT_00915,ACH,2619.51,2023-01-12 00:16:03,0,
2041,ACCT_00567,ACCT_00218,ACH,2107.22,2023-01-12 00:16:04,0,
2042,ACCT_00088,ACCT_01272,TRANSFER,3707.8,2023-01-12 00:24:07,0,
2043,ACCT_00779,ACCT_00967,ACH,989.38,2023-01-12 00:28:29,0,
2044,ACCT_01735,ACCT_01627,ACH,18521.69,2023-01-12 00:48:28,1,ALERT_0035
2045,ACCT_00986,ACCT_00175,CHECK,250.87,2023-01-12 00:49:32,0,
2046,ACCT_01971,ACCT_00039,CASH,3935.92,2023-01-12 00:54:34,0,
2047,ACCT_01521,ACCT_01589,CASH,3296.86,2023-01-12 00:59:10,0,
2048,ACCT_01983,ACCT_00813,CHECK,3435.23,2023-01-12 01:12:34,0,
2049,ACCT_01404,ACCT_00880,TRANSFER,1650.59,2023-01-12 01:14:38,0,
2050,ACCT_00154,ACCT_00103,TRANSFER,2878.85,2023-01-12 01:15:32,0,
2051,ACCT_00547,ACCT_01874,CHECK,2964.78,2023-01-12 01:17:56,0,
2052,ACCT_00502,ACCT_00929,CASH,3866.82,2023-01-12 01:18:38,0,
2053,ACCT_01839,ACCT_01673,CHECK,293.78,2023-01-12 01:23:20,0,
2054,ACCT_00916,ACCT_00490,WIRE,228.2,2023-01-12 01:29:43,0,
2055,ACCT_00006,ACCT_00104,CASH,66.43,2023-01-12 01:29:46,0,
2056,ACCT_00664,ACCT_00461,CHECK,4132.41,2023-01-12 01:34:33,0,
2057,ACCT_00979,ACCT_01296,CHECK,1030.44,2023-01-12 01:45:37,0,
2058,ACCT_00130,ACCT_00037,CHECK,1856.34,2023-01-12 01:47:55,0,
2059,ACCT_00009,ACCT_01004,TRANSFER,3756.24,2023-01-12 01:48:34,0,
2060,ACCT_00319,ACCT_00321,TRANSFER,2972.58,2023-01-12 01:52:49,0,
2061,ACCT_00395,ACCT_01793,WIRE,1479.77,2023-01-12 01:59:34,0,
2062,ACCT_00149,ACCT_01795,ACH,3015.09,2023-01-12 02:09:49,0,
2063,ACCT_00572,ACCT_00030,CHECK,3683.53,2023-01-12 02:23:11,0,
2064,ACCT_00870,ACCT_01753,TRANSFER,1607.09,2023-01-12 02:31:28,0,
2065,ACCT_00671,ACCT_00901,WIRE,2731.71,2023-01-12 02:40:00,0,
2066,ACCT_00877,ACCT_00217,CASH,4457.66,2023-01-12 02:49:41,0,
2067,ACCT_00236,ACCT_01770,CASH,4971.34,2023-01-12 03:08:33,0,
2068,ACCT_01731,ACCT_00221,CHECK,2283.58,2023-01-12 03:14:48,0,
2069,ACCT_01495,ACCT_01660,ACH,4754.27,2023-01-12 03:19:06,0,
2070,ACCT_00326,ACCT_01211,ACH,4476.17,2023-01-12 03:22:54,0,
2071,ACCT_00844,ACCT_00720,TRANSFER,3309.59,2023-01-12 03:25:22,0,
2072,ACCT_00543,ACCT_01333,ACH,2921.77,2023-01-12 03:38:14,0,
2073,ACCT_00692,ACCT_01843,TRANSFER,1147.19,2023-01-12 03:49:01,0,
2074,ACCT_00075,ACCT_00911,ACH,24570.23,2023-01-12 03:55:25,1,ALERT_0014
2075,ACCT_01422,ACCT_00456,CASH,2288.8,2023-01-12 03:58:10,0,
2076,ACCT_01509,ACCT_01979,WIRE,4547.04,2023-01-12 04:20:14,0,
2077,ACCT_00845,ACCT_01583,CHECK,2167.06,2023-01-12 04:20:35,0,
2078,ACCT_00108,ACCT_01464,CASH,888.42,2023-01-12 04:28:15,0,
2079,ACCT_01911,ACCT_01374,WIRE,177.09,2023-01-12 04:33:14,0,
2080,ACCT_00449,ACCT_00066,CHECK,4665.34,2023-01-12 04:37:36,0,
2081,ACCT_00175,ACCT_01068,WIRE,3238.01,2023-01-12 04:37:48,0,
2082,ACCT_00458,ACCT_01730,WIRE,4404.92,2023-01-12 04:38:13,0,
2083,ACCT_01128,ACCT_00165,ACH,742.29,2023-01-12 05:00:13,0,
2084,ACCT_00742,ACCT_01663,CASH,886.88,2023-01-12 05:00:59,0,
2085,ACCT_01215,ACCT_01249,WIRE,4068.48,2023-01-12 05:01:37,0,
2086,ACCT_01101,ACCT_01267,WIRE,968.78,2023-01-12 05:26:53,0,
2087,ACCT_00205,ACCT_01773,CASH,695.07,2023-01-12 05:31:30,0,
2088,ACCT_00230,ACCT_00645,CHECK,2386.85,2023-01-12 05:37:41,0,
2089,ACCT_00075,ACCT_00757,ACH,20850.64,2023-01-12 05:50:19,1,ALERT_0014
2090,ACCT_00362,ACCT_00795,WIRE,2731.07,2023-01-12 06:17:52,0,
2091,ACCT_01640,ACCT_01420,TRANSFER,4811.18,2023-01-12 06:18:29,0,
2092,ACCT_00659,ACCT_00769,ACH,3039.98,2023-01-12 06:24:48,0,
2093,ACCT_00059,ACCT_00952,TRANSFER,724.85,2023-01-12 06:25:51,0,
2094,ACCT_01790,ACCT_00473,ACH,3589.56,2023-01-12 06:34:49,0,
2095,ACCT_01148,ACCT_00905,CHECK,3478.55,2023-01-12 06:34:55,0,
2096,ACCT_01931,ACCT_01262,WIRE,1366.48,2023-01-12 06:37:35,0,
2097,ACCT_01753,ACCT_00399,CHECK,198.5,2023-01-12 06:39:15,0,
2098,ACCT_01997,ACCT_01473,ACH,3586.59,2023-01-12 06:49:58,0,
2099,ACCT_00002,ACCT_00124,CHECK,1373.78,2023-01-12 06:57:36,0,
2100,ACCT_00886,ACCT_00003,WIRE,3588.96,2023-01-12 07:03:09,0,
2101,ACCT_00157,ACCT_00053,ACH,468.03,2023-01-12 07:04:24,0,
2102,ACCT_00190,ACCT_00763,ACH,4078.27,2023-01-12 07:17:49,0,
2103,ACCT_01884,ACCT_00338,TRANSFER,1027.42,2023-01-12 07:19:36,0,
2104,ACCT_01971,ACCT_00890,CASH,972.49,2023-01-12 07:24:54,0,
2105,ACCT_01377,ACCT_01393,WIRE,1274.04,2023-01-12 07:31:04,0,
2106,ACCT_01558,ACCT_00477,TRANSFER,3839.37,2023-01-12 08:11:08,0,
2107,ACCT_01813,ACCT_00220,WIRE,4494.89,2023-01-12 08:16:00,0,
2108,ACCT_01861,ACCT_01243,TRANSFER,2160.23,2023-01-12 08:26:38,0,
2109,ACCT_00262,ACCT_00393,CHECK,2756.97,2023-01-12 08:43:39,0,
2110,ACCT_00003,ACCT_00521,CASH,1399.46,2023-01-12 08:56:19,0,
2111,ACCT_01597,ACCT_00668,CHECK,2260.17,2023-01-12 08:59:16,0,
2112,ACCT_01026,ACCT_00314,CASH,388.26,2023-01-12 09:03:11,0,
2113,ACCT_00212,ACCT_01929,ACH,3845.71,2023-01-12 09:25:35,0,
2114,ACCT_01128,ACCT_00605,WIRE,2728.4,2023-01-12 09:39:18,0,
2115,ACCT_01643,ACCT_00059,CHECK,4248.66,2023-01-12 09:47:43,0,
2116,ACCT_00173,ACCT_00984,CASH,1696.98,2023-01-12 10:01:07,0,
2117,ACCT_00215,ACCT_00562,CHECK,3408.31,2023-01-12 10:05:47,0,
2118,ACCT_00381,ACCT_00246,TRANSFER,4023.28,2023-01-12 10:11:48,0,
2119,ACCT_01522,ACCT_00458,CASH,3060.09,2023-01-12 10:14:33,0,
2120,ACCT_01172,ACCT_00400,CASH,1337.72,2023-01-12 10:35:00,0,
2121,ACCT_00808,ACCT_01553,ACH,1415.92,2023-01-12 11:06:00,0,
2122,ACCT_00377,ACCT_00586,TRANSFER,2302.3,2023-01-12 11:09:10,0,
2123,ACCT_01285,ACCT_00033,WIRE,3503.14,2023-01-12 11:19:51,0,
2124,ACCT_01662,ACCT_00372,ACH,4773.73,2023-01-12 11:29:22,0,
2125,ACCT_00103,ACCT_00513,TRANSFER,2631.02,2023-01-12 11:33:25,0,
2126,ACCT_00792,ACCT_01432,TRANSFER,3529.11,2023-01-12 11:33:25,0,
2127,ACCT_00360,ACCT_01609,WIRE,544.26,2023-01-12 11:46:47,0,
2128,ACCT_00981,ACCT_01335,CHECK,1313.08,2023-01-12 11:53:02,0,
2129,ACCT_00758,ACCT_00725,ACH,940.83,2023-01-12 12:18:04,0,
2130,ACCT_01567,ACCT_01638,ACH,3918.68,2023-01-12 12:23:56,0,
2131,ACCT_00061,ACCT_00411,TRANSFER,45810.16,2023-01-12 12:41:45,1,ALERT_0003
2132,ACCT_01257,ACCT_01792,CHECK,3289.77,2023-01-12 12:52:35,0,
2133,ACCT_01727,ACCT_01335,CASH,4393.57,2023-01-12 12:55:11,0,
2134,ACCT_01068,ACCT_00169,CHECK,4038.12,2023-01-12 12:56:19,0,
2135,ACCT_00547,ACCT_01687,CASH,3233.75,2023-01-12 12:57:44,0,
2136,ACCT_00518,ACCT_01239,CASH,826.5,2023-01-12 13:19:12,0,
2137,ACCT_00272,ACCT_01262,CASH,1383.33,2023-01-12 13:30:43,0,
2138,ACCT_00603,ACCT_01741,CASH,2652.7,2023-01-12 13:45:10,0,
2139,ACCT_00735,ACCT_00150,ACH,3907.9,2023-01-12 13:46:52,0,
2140,ACCT_00867,ACCT_01473,WIRE,3807.64,2023-01-12 13:54:51,0,
2141,ACCT_00927,ACCT_01005,CASH,4949.07,2023-01-12 13:55:36,0,
2142,ACCT_00208,ACCT_00356,CHECK,153.45,2023-01-12 14:08:29,0,
2143,ACCT_00245,ACCT_00156,CASH,4665.79,2023-01-12 14:25:07,0,
2144,ACCT_00310,ACCT_00786,ACH,3820.12,2023-01-12 14:32:53,0,
2145,ACCT_01733,ACCT_01199,CHECK,970.71,2023-01-12 14:33:24,0,
2146,ACCT_00075,ACCT_00841,ACH,8485.76,2023-01-12 14:41:39,1,ALERT_0014
2147,ACCT_01794,ACCT_00931,ACH,3559.92,2023-01-12 14:41:55,0,
2148,ACCT_00301,ACCT_01887,ACH,1361.63,2023-01-12 14:47:40,0,
2149,ACCT_00473,ACCT_01505,ACH,2785.08,2023-01-12 14:58:49,0,
2150,ACCT_00120,ACCT_00900,CHECK,4582.3,2023-01-12 15:39:32,0,
2151,ACCT_00499,ACCT_01440,TRANSFER,1043.82,2023-01-12 16:25:31,0,
2152,ACCT_00589,ACCT_00875,ACH,4240.51,2023-01-12 16:25:58,0,
2153,ACCT_01439,ACCT_01651,ACH,2302.72,2023-01-12 16:45:14,0,
2154,ACCT_00271,ACCT_01840,CASH,866.97,2023-01-12 16:48:28,0,
2155,ACCT_00316,ACCT_00359,CASH,4309.26,2023-01-12 16:48:47,0,
2156,ACCT_01819,ACCT_01234,WIRE,2310.87,2023-01-12 16:50:22,0,
2157,ACCT_00353,ACCT_01252,CHECK,1403.09,2023-01-12 17:02:49,0,
2158,ACCT_00525,ACCT_00686,WIRE,1642.02,2023-01-12 17:10:09,0,
2159,ACCT_00361,ACCT_00772,CASH,3428.65,2023-01-12 17:31:36,0,
2160,ACCT_01914,ACCT_00212,CASH,2030.46,2023-01-12 17:35:12,0,
2161,ACCT_01888,ACCT_01855,WIRE,711.93,2023-01-12 17:40:48,0,
2162,ACCT_00888,ACCT_01197,TRANSFER,434.17,2023-01-12 17:43:52,0,
2163,ACCT_01879,ACCT_01211,CHECK,3192.18,2023-01-12 17:48:09,0,
2164,ACCT_00783,ACCT_01772,CASH,43.47,2023-01-12 17:50:11,0,
2165,ACCT_00594,ACCT_00507,TRANSFER,2859.51,2023-01-12 17:55:15,0,
2166,ACCT_01936,ACCT_01846,TRANSFER,1718.53,2023-01-12 17:56:48,0,
2167,ACCT_00126,ACCT_00952,CASH,4049.51,2023-01-12 17:58:40,0,
2168,ACCT_01111,ACCT_00810,WIRE,2861.53,2023-01-12 18:00:35,0,
2169,ACCT_01266,ACCT_01239,CHECK,2531.22,2023-01-12 18:10:12,0,
2170,ACCT_01422,ACCT_01707,WIRE,638.19,2023-01-12 18:38:05,0,
2171,ACCT_00075,ACCT_00093,ACH,28309.9,2023-01-12 18:47:11,1,ALERT_0014
2172,ACCT_00406,ACCT_00582,WIRE,1102.54,2023-01-12 18:57:31,0,
2173,ACCT_00841,ACCT_00103,CASH,3948.0,2023-01-12 19:06:04,0,
2174,ACCT_01959,ACCT_00571,CASH,2483.0,2023-01-12 19:09:26,0,
2175,ACCT_00319,ACCT_01613,ACH,3869.33,2023-01-12 19:29:26,0,
2176,ACCT_00104,ACCT_01274,WIRE,256.35,2023-01-12 19:30:47,0,
2177,ACCT_00814,ACCT_01919,ACH,3376.42,2023-01-12 19:49:22,0,
2178,ACCT_01759,ACCT_00469,CASH,3076.66,2023-01-12 19:51:25,0,
2179,ACCT_01455,ACCT_00365,TRANSFER,2096.62,2023-01-12 20:07:10,0,
2180,ACCT_00107,ACCT_01330,WIRE,3505.57,2023-01-12 20:09:44,0,
2181,ACCT_01657,ACCT_01478,TRANSFER,1867.72,2023-01-12 20:20:24,0,
2182,ACCT_01913,ACCT_01756,ACH,4363.09,2023-01-12 20:21:39,0,
2183,ACCT_01927,ACCT_00169,CASH,3953.86,2023-01-12 20:23:39,0,
2184,ACCT_01818,ACCT_00510,CASH,4763.9,2023-01-12 20:34:34,0,
2185,ACCT_01910,ACCT_01233,TRANSFER,3847.87,2023-01-12 20:37:46,0,
2186,ACCT_01768,ACCT_01710,TRANSFER,2141.31,2023-01-12 20:40:21,0,
2187,ACCT_00838,ACCT_00014,CHECK,435.5,2023-01-12 20:47:23,0,
2188,ACCT_00403,ACCT_01381,WIRE,377.15,2023-01-12 20:47:30,0,
2189,ACCT_00660,ACCT_01583,CHECK,1136.89,2023-01-12 20:55:01,0,
2190,ACCT_00925,ACCT_00683,CHECK,4481.72,2023-01-12 21:08:57,0,
2191,ACCT_00502,ACCT_00279,WIRE,427.85,2023-01-12 21:25:51,0,
2192,ACCT_00952,ACCT_01233,WIRE,1103.13,2023-01-12 21:39:44,0,
2193,ACCT_00585,ACCT_01595,CASH,2831.81,2023-01-12 21:42:24,0,
2194,ACCT_00917,ACCT_00153,ACH,1490.67,2023-01-12 21:45:59,0,
2195,ACCT_00780,ACCT_00600,ACH,2673.18,2023-01-12 22:26:19,0,
2196,ACCT_01851,ACCT_01103,CHECK,2564.85,2023-01-12 22:27:29,0,
2197,ACCT_00151,ACCT_00399,CHECK,4872.13,2023-01-12 22:42:23,0,
2198,ACCT_01505,ACCT_00093,CASH,2226.6,2023-01-12 22:46:33,0,
2199,ACCT_00784,ACCT_00051,WIRE,2214.03,2023-01-12 22:52:29,0,
2200,ACCT_00650,ACCT_00094,TRANSFER,4799.4,2023-01-12 23:00:53,0,
2201,ACCT_00279,ACCT_01733,CHECK,625.2,2023-01-12 23:09:09,0,
2202,ACCT_00700,ACCT_00588,ACH,864.6,2023-01-12 23:17:48,0,
2203,ACCT_00527,ACCT_00432,ACH,2924.32,2023-01-12 23:17:54,0,
2204,ACCT_01116,ACCT_01386,WIRE,2176.39,2023-01-12 23:19:17,0,
2205,ACCT_00979,ACCT_00994,TRANSFER,57.44,2023-01-12 23:22:01,0,
2206,ACCT_00411,ACCT_01455,TRANSFER,16812.92,2023-01-12 23:22:29,1,ALERT_0003
2207,ACCT_00510,ACCT_00019,WIRE,2761.09,2023-01-12 23:33:39,0,
2208,ACCT_01514,ACCT_00704,ACH,3480.18,2023-01-12 23:52:46,0,
2209,ACCT_00452,ACCT_01267,ACH,2857.38,2023-01-13 00:04:28,0,
2210,ACCT_01473,ACCT_00690,WIRE,3372.11,2023-01-13 00:20:18,0,
2211,ACCT_01042,ACCT_01914,ACH,1300.7,2023-01-13 00:49:57,0,
2212,ACCT_01229,ACCT_00551,TRANSFER,2280.42,2023-01-13 01:08:50,0,
2213,ACCT_01231,ACCT_00844,WIRE,154.52,2023-01-13 01:21:27,0,
2214,ACCT_00262,ACCT_01643,TRANSFER,1932.85,2023-01-13 01:39:00,0,
2215,ACCT_00871,ACCT_00817,CASH,4562.72,2023-01-13 01:46:57,0,
2216,ACCT_01181,ACCT_00431,CASH,2539.48,2023-01-13 01:49:55,0,
2217,ACCT_00730,ACCT_00923,CHECK,678.41,2023-01-13 02:00:48,0,
2218,ACCT_01824,ACCT_00546,WIRE,3396.26,2023-01-13 02:07:43,0,
2219,ACCT_00160,ACCT_01575,CHECK,849.41,2023-01-13 02:09:42,0,
2220,ACCT_01129,ACCT_00423,CHECK,1110.99,2023-01-13 02:17:49,0,
2221,ACCT_01322,ACCT_00618,CHECK,2659.23,2023-01-13 02:25:01,0,
2222,ACCT_01136,ACCT_00676,CASH,113.91,2023-01-13 02:30:27,0,
2223,ACCT_01426,ACCT_00140,TRANSFER,4343.53,2023-01-13 02:35:05,0,
2224,ACCT_01069,ACCT_01707,CASH,2914.07,2023-01-13 02:39:52,0,
2225,ACCT_01021,ACCT_01735,WIRE,3563.53,2023-01-13 02:47:25,0,
2226,ACCT_01051,ACCT_00212,TRANSFER,3748.99,2023-01-13 02:54:11,0,
2227,ACCT_01672,ACCT_00300,CASH,3601.86,2023-01-13 02:59:12,0,
2228,ACCT_00187,ACCT_01170,ACH,4893.58,2023-01-13 03:18:26,0,
2229,ACCT_01987,ACCT_00910,CASH,4021.1,2023-01-13 03:24:04,0,
2230,ACCT_01756,ACCT_01772,ACH,2426.93,2023-01-13 03:31:56,0,
2231,ACCT_00389,ACCT_00632,ACH,2615.25,2023-01-13 03:40:25,0,
2232,ACCT_00234,ACCT_00044,CHECK,4183.26,2023-01-13 03:55:20,0,
2233,ACCT_00822,ACCT_00522,TRANSFER,1124.02,2023-01-13 03:59:33,0,
2234,ACCT_00571,ACCT_01107,CASH,2554.21,2023-01-13 04:03:09,0,
2235,ACCT_01930,ACCT_01810,CASH,4636.97,2023-01-13 04:04:10,0,
2236,ACCT_00075,ACCT_00306,ACH,44969.59,2023-01-13 04:12:16,1,ALERT_0014
2237,ACCT_01511,ACCT_01513,WIRE,214.36,2023-01-13 04:13:50,0,
2238,ACCT_01559,ACCT_01991,ACH,4364.35,2023-01-13 04:24:40,0,
2239,ACCT_00999,ACCT_00350,WIRE,154.93,2023-01-13 04:31:17,0,
2240,ACCT_01303,ACCT_00623,WIRE,1755.71,2023-01-13 04:41:39,0,
2241,ACCT_01752,ACCT_01327,TRANSFER,2662.55,2023-01-13 05:16:49,0,
2242,ACCT_00416,ACCT_01643,CASH,131.82,2023-01-13 05:43:09,0,
2243,ACCT_00361,ACCT_00866,CHECK,647.62,2023-01-13 05:53:30,0,
2244,ACCT_00996,ACCT_00214,CASH,1638.22,2023-01-13 06:22:15,0,
2245,ACCT_00558,ACCT_00467,ACH,3219.65,2023-01-13 06:23:34,0,
2246,ACCT_00894,ACCT_00865,TRANSFER,1017.93,2023-01-13 06:31:44,0,
2247,ACCT_00925,ACCT_01974,CASH,3149.59,2023-01-13 06:40:34,0,
2248,ACCT_00862,ACCT_01086,TRANSFER,2034.1,2023-01-13 06:50:57,0,
2249,ACCT_01356,ACCT_01426,TRANSFER,1454.45,2023-01-13 06:57:09,0,
2250,ACCT_01782,ACCT_01816,ACH,3477.64,2023-01-13 06:59:07,0,
2251,ACCT_00079,ACCT_01648,ACH,4205.49,2023-01-13 07:01:44,0,
2252,ACCT_00734,ACCT_00910,TRANSFER,4655.62,2023-01-13 07:03:10,0,
2253,ACCT_01914,ACCT_00605,CASH,1296.37,2023-01-13 07:13:21,0,
2254,ACCT_01729,ACCT_01185,TRANSFER,2963.4,2023-01-13 07:14:02,0,
2255,ACCT_01469,ACCT_01921,WIRE,1618.22,2023-01-13 07:23:51,0,
2256,ACCT_01937,ACCT_00348,WIRE,1235.96,2023-01-13 07:24:32,0,
2257,ACCT_01217,ACCT_00910,CASH,547.65,2023-01-13 07:26:10,0,
2258,ACCT_01707,ACCT_00988,WIRE,4785.42,2023-01-13 07:31:21,0,
2259,ACCT_00098,ACCT_01964,TRANSFER,4013.93,2023-01-13 07:31:31,0,
2260,ACCT_01080,ACCT_01717,CASH,337.07,2023-01-13 07:32:48,0,
2261,ACCT_01886,ACCT_00771,CHECK,3415.22,2023-01-13 07:53:21,0,
2262,ACCT_01105,ACCT_01484,CHECK,1544.95,2023-01-13 07:58:41,0,
2263,ACCT_00263,ACCT_01934,CHECK,4276.3,2023-01-13 07:59:42,0,
2264,ACCT_00013,ACCT_01063,TRANSFER,2030.69,2023-01-13 08:00:43,0,
2265,ACCT_01176,ACCT_01978,ACH,2056.99,2023-01-13 08:16:00,0,
2266,ACCT_00965,ACCT_00276,TRANSFER,3476.15,2023-01-13 08:22:19,0,
2267,ACCT_00195,ACCT_01700,CHECK,3619.04,2023-01-13 08:38:50,0,
2268,ACCT_00039,ACCT_01602,CHECK,3289.49,2023-01-13 08:45:00,0,
2269,ACCT_01042,ACCT_01945,CHECK,1069.21,2023-01-13 08:45:12,0,
2270,ACCT_01112,ACCT_01363,CASH,4800.57,2023-01-13 08:55:55,0,
2271,ACCT_01026,ACCT_01063,WIRE,4153.77,2023-01-13 09:28:04,0,
2272,ACCT_00422,ACCT_01377,TRANSFER,2152.93,2023-01-13 09:38:24,0,
2273,ACCT_01266,ACCT_01743,ACH,1428.29,2023-01-13 09:51:48,0,
2274,ACCT_00122,ACCT_00208,TRANSFER,3201.75,2023-01-13 10:07:47,0,
2275,ACCT_01604,ACCT_00820,WIRE,4281.07,2023-01-13 10:08:48,0,
2276,ACCT_01046,ACCT_01547,TRANSFER,3932.98,2023-01-13 10:28:21,0,
2277,ACCT_01918,ACCT_00156,CHECK,4614.25,2023-01-13 10:29:39,0,
2278,ACCT_00926,ACCT_01021,WIRE,2593.68,2023-01-13 10:33:39,0,
2279,ACCT_01167,ACCT_00805,TRANSFER,1724.58,2023-01-13 10:35:54,0,
2280,ACCT_00009,ACCT_01858,TRANSFER,1646.75,2023-01-13 10:39:36,0,
2281,ACCT_00749,ACCT_00791,TRANSFER,1576.02,2023-01-13 10:59:48,0,
2282,ACCT_01911,ACCT_00017,WIRE,2842.61,2023-01-13 11:03:18,0,
2283,ACCT_00262,ACCT_00074,WIRE,4893.59,2023-01-13 11:09:29,0,
2284,ACCT_01956,ACCT_01300,WIRE,729.55,2023-01-13 11:12:42,0,
2285,ACCT_01525,ACCT_00464,TRANSFER,3966.22,2023-01-13 11:20:12,0,
2286,ACCT_01652,ACCT_00367,TRANSFER,2645.89,2023-01-13 11:24:20,0,
2287,ACCT_00141,ACCT_00314,ACH,3391.16,2023-01-13 11:31:25,0,
2288,ACCT_01032,ACCT_01194,WIRE,4624.81,2023-01-13 11:53:00,0,
2289,ACCT_00587,ACCT_01344,WIRE,35213.12,2023-01-13 11:56:00,1,ALERT_0022
2290,ACCT_01139,ACCT_00318,CASH,75.72,2023-01-13 11:56:07,0,
2291,ACCT_01318,ACCT_01470,TRANSFER,2859.17,2023-01-13 11:59:03,0,
2292,ACCT_00260,ACCT_01036,TRANSFER,4258.71,2023-01-13 12:04:36,0,
2293,ACCT_00492,ACCT_01051,ACH,2481.83,2023-01-13 12:05:28,0,
2294,ACCT_00289,ACCT_00264,WIRE,4265.87,2023-01-13 12:06:19,0,
2295,ACCT_00458,ACCT_00063,ACH,3886.53,2023-01-13 12:12:54,0,
2296,ACCT_00558,ACCT_01923,CHECK,505.57,2023-01-13 12:14:10,0,
2297,ACCT_00435,ACCT_01080,WIRE,523.57,2023-01-13 12:17:32,0,
2298,ACCT_01569,ACCT_00829,CHECK,1467.59,2023-01-13 12:20:29,0,
2299,ACCT_01716,ACCT_01890,TRANSFER,1017.96,2023-01-13 12:22:50,0,
2300,ACCT_00086,ACCT_01668,WIRE,2158.38,2023-01-13 12:31:00,0,
2301,ACCT_00627,ACCT_01430,TRANSFER,2728.21,2023-01-13 12:31:04,0,
2302,ACCT_00941,ACCT_00352,WIRE,4138.13,2023-01-13 12:43:18,0,
2303,ACCT_00306,ACCT_00601,WIRE,4293.92,2023-01-13 12:47:40,0,
2304,ACCT_00477,ACCT_01717,CHECK,3628.75,2023-01-13 12:47:59,0,
2305,ACCT_00099,ACCT_01695,WIRE,3584.48,2023-01-13 12:57:02,0,
2306,ACCT_01943,ACCT_00473,CASH,3498.11,2023-01-13 12:58:24,0,
2307,ACCT_00945,ACCT_01927,CHECK,1659.91,2023-01-13 13:04:59,0,
2308,ACCT_00319,ACCT_01368,ACH,2605.04,2023-01-13 13:16:54,0,
2309,ACCT_00760,ACCT_00637,WIRE,3285.99,2023-01-13 13:16:59,0,
2310,ACCT_00728,ACCT_00404,CHECK,2799.02,2023-01-13 13:26:00,0,
2311,ACCT_01402,ACCT_01140,CASH,3260.75,2023-01-13 13:26:16,0,
2312,ACCT_01807,ACCT_01667,WIRE,3102.29,2023-01-13 13:51:08,0,
2313,ACCT_01371,ACCT_01369,TRANSFER,795.14,2023-01-13 13:52:17,0,
2314,ACCT_00643,ACCT_01863,CASH,49.43,2023-01-13 14:09:47,0,
2315,ACCT_00104,ACCT_01495,CASH,1110.35,2023-01-13 14:11:03,0,
2316,ACCT_00469,ACCT_00272,WIRE,4659.56,2023-01-13 14:14:54,0,
2317,ACCT_00389,ACCT_01543,CASH,255.86,2023-01-13 14:25:17,0,
2318,ACCT_00023,ACCT_00430,WIRE,4813.6,2023-01-13 14:30:45,0,
2319,ACCT_00348,ACCT_01913,CASH,815.75,2023-01-13 14:31:36,0,
2320,ACCT_00864,ACCT_00117,TRANSFER,4327.18,2023-01-13 14:37:11,0,
2321,ACCT_00750,ACCT_01677,WIRE,1041.46,2023-01-13 14:37:11,0,
2322,ACCT_01334,ACCT_00643,WIRE,2849.71,2023-01-13 15:01:34,0,
2323,ACCT_00926,ACCT_00349,WIRE,2572.68,2023-01-13 15:13:37,0,
2324,ACCT_01179,ACCT_00974,WIRE,871.03,2023-01-13 15:14:39,0,
2325,ACCT_01101,ACCT_01818,ACH,1060.61,2023-01-13 15:24:18,0,
2326,ACCT_01265,ACCT_00313,ACH,942.43,2023-01-13 15:37:47,0,
2327,ACCT_01687,ACCT_00295,TRANSFER,693.38,2023-01-13 15:55:52,0,
2328,ACCT_00694,ACCT_00031,CASH,2567.37,2023-01-13 16:15:46,0,
2329,ACCT_01455,ACCT_00061,TRANSFER,37838.45,2023-01-13 16:19:33,1,ALERT_0003
2330,ACCT_00954,ACCT_00132,WIRE,4617.91,2023-01-13 16:20:53,0,
2331,ACCT_01001,ACCT_01705,TRANSFER,1854.01,2023-01-13 16:23:04,0,
2332,ACCT_01594,ACCT_01939,ACH,1515.66,2023-01-13 16:23:20,0,
2333,ACCT_01592,ACCT_00458,ACH,37546.53,2023-01-13 16:25:27,1,ALERT_0039
2334,ACCT_00035,ACCT_01290,CASH,1370.49,2023-01-13 16:25:34,0,
2335,ACCT_01236,ACCT_01595,CASH,149.96,2023-01-13 16:47:00,0,
2336,ACCT_01203,ACCT_00503,TRANSFER,1537.53,2023-01-13 16:53:47,0,
2337,ACCT_01194,ACCT_01164,TRANSFER,3539.94,2023-01-13 16:53:53,0,
2338,ACCT_00801,ACCT_00148,ACH,3636.51,2023-01-13 16:57:11,0,
2339,ACCT_01175,ACCT_00330,CASH,2340.91,2023-01-13 17:06:38,0,
2340,ACCT_01169,ACCT_01464,TRANSFER,4707.31,2023-01-13 17:29:52,0,
2341,ACCT_01903,ACCT_01305,TRANSFER,288.85,2023-01-13 17:33:03,0,
2342,ACCT_01813,ACCT_01239,CHECK,3513.04,2023-01-13 17:40:59,0,
2343,ACCT_00475,ACCT_01292,CASH,3645.04,2023-01-13 17:42:06,0,
2344,ACCT_01295,ACCT_00055,CASH,1937.15,2023-01-13 17:56:45,0,
2345,ACCT_00713,ACCT_01289,CASH,2651.67,2023-01-13 18:03:54,0,
2346,ACCT_01841,ACCT_00477,ACH,340.51,2023-01-13 18:18:12,0,
2347,ACCT_00968,ACCT_01305,CHECK,1326.8,2023-01-13 18:20:28,0,
2348,ACCT_00233,ACCT_01267,WIRE,4946.66,2023-01-13 18:22:27,0,
2349,ACCT_00884,ACCT_00851,TRANSFER,3759.43,2023-01-13 18:35:55,0,
2350,ACCT_00347,ACCT_00511,WIRE,603.66,2023-01-13 18:40:32,0,
2351,ACCT_01436,ACCT_01758,CHECK,1655.52,2023-01-13 18:45:42,0,
2352,ACCT_00212,ACCT_01314,CASH,1739.93,2023-01-13 18:46:48,0,
2353,ACCT_00254,ACCT_00716,TRANSFER,1026.63,2023-01-13 18:50:44,0,
2354,ACCT_01264,ACCT_01386,CASH,3834.69,2023-01-13 19:11:33,0,
2355,ACCT_01183,ACCT_01191,WIRE,2906.63,2023-01-13 19:16:13,0,
2356,ACCT_00028,ACCT_00940,TRANSFER,1815.61,2023-01-13 19:16:30,0,
2357,ACCT_00078,ACCT_00224,TRANSFER,402.45,2023-01-13 19:17:31,0,
2358,ACCT_00876,ACCT_00758,CHECK,1870.43,2023-01-13 19:25:20,0,
2359,ACCT_01424,ACCT_00816,CASH,2685.94,2023-01-13 19:28:52,0,
2360,ACCT_01423,ACCT_01375,CASH,4046.22,2023-01-13 19:31:22,0,
2361,ACCT_01802,ACCT_01261,CASH,506.34,2023-01-13 19:34:27,0,
2362,ACCT_01033,ACCT_01666,ACH,4044.59,2023-01-13 19:37:26,0,
2363,ACCT_00587,ACCT_00009,ACH,37398.0,2023-01-13 19:38:46,1,ALERT_0022
2364,ACCT_00748,ACCT_00458,TRANSFER,42908.88,2023-01-13 19:45:41,1,ALERT_0039
2365,ACCT_00420,ACCT_00355,TRANSFER,817.2,2023-01-13 19:50:17,0,
2366,ACCT_01211,ACCT_00785,WIRE,2886.3,2023-01-13 19:50:23,0,
2367,ACCT_01890,ACCT_00089,TRANSFER,3227.86,2023-01-13 19:52:10,0,
2368,ACCT_00615,ACCT_00834,TRANSFER,140.48,2023-01-13 19:58:03,0,
2369,ACCT_00880,ACCT_00522,CASH,3267.58,2023-01-13 20:01:24,0,
2370,ACCT_01484,ACCT_01944,TRANSFER,2361.77,2023-01-13 20:03:01,0,
2371,ACCT_01141,ACCT_01972,ACH,1414.76,2023-01-13 20:08:18,0,
2372,ACCT_00869,ACCT_00362,ACH,1252.36,2023-01-13 20:10:52,0,
2373,ACCT_01190,ACCT_01450,TRANSFER,4018.4,2023-01-13 20:37:32,0,
2374,ACCT_01291,ACCT_01210,WIRE,228.79,2023-01-13 20:41:46,0,
2375,ACCT_00339,ACCT_01179,TRANSFER,432.08,2023-01-13 20:43:08,0,
2376,ACCT_00067,ACCT_01908,TRANSFER,3240.18,2023-01-13 20:47:27,0,
2377,ACCT_00632,ACCT_01569,CHECK,1438.05,2023-01-13 20:52:38,0,
2378,ACCT_01745,ACCT_00688,CASH,3036.88,2023-01-13 20:55:24,0,
2379,ACCT_00184,ACCT_01325,CHECK,2196.39,2023-01-13 20:55:48,0,
2380,ACCT_01366,ACCT_00458,ACH,2971.89,2023-01-13 21:06:12,1,ALERT_0039
2381,ACCT_01733,ACCT_01746,ACH,2394.36,2023-01-13 21:24:54,0,
2382,ACCT_00964,ACCT_01127,WIRE,2673.43,2023-01-13 21:42:42,0,
2383,ACCT_01769,ACCT_00218,TRANSFER,918.49,2023-01-13 21:44:22,0,
2384,ACCT_00822,ACCT_01354,TRANSFER,2548.5,2023-01-13 21:46:10,0,
2385,ACCT_01099,ACCT_01802,CASH,1126.96,2023-01-13 21:48:45,0,
2386,ACCT_00712,ACCT_00831,CASH,2457.01,2023-01-13 21:57:45,0,
2387,ACCT_00871,ACCT_00308,CASH,3127.54,2023-01-13 21:57:57,0,
2388,ACCT_00618,ACCT_01842,ACH,1745.26,2023-01-13 22:01:50,0,
2389,ACCT_00087,ACCT_00138,CHECK,688.16,2023-01-13 22:10:43,0,
2390,ACCT_00223,ACCT_00823,ACH,2942.49,2023-01-13 22:30:02,0,
2391,ACCT_01278,ACCT_01032,CASH,685.01,2023-01-13 22:40:37,0,
2392,ACCT_00164,ACCT_01985,TRANSFER,4066.86,2023-01-13 22:44:35,0,
2393,ACCT_01152,ACCT_00417,CHECK,4056.2,2023-01-13 22:49:32,0,
2394,ACCT_01453,ACCT_00665,WIRE,327.98,2023-01-13 22:51:28,0,
2395,ACCT_01863,ACCT_01968,CASH,1493.64,2023-01-13 22:54:56,0,
2396,ACCT_01487,ACCT_00224,CHECK,3551.06,2023-01-13 22:55:43,0,
2397,ACCT_00417,ACCT_00712,CASH,3532.21,2023-01-13 23:01:00,0,
2398,ACCT_00356,ACCT_01848,CASH,3306.53,2023-01-13 23:20:06,0,
2399,ACCT_00179,ACCT_00165,CHECK,4490.75,2023-01-13 23:26:33,0,
2400,ACCT_01218,ACCT_00074,WIRE,748.64,2023-01-13 23:30:17,0,
2401,ACCT_00986,ACCT_00663,WIRE,2444.1,2023-01-13 23:40:04,0,
2402,ACCT_00323,ACCT_01264,ACH,1866.03,2023-01-14 00:03:58,0,
2403,ACCT_00074,ACCT_01152,ACH,29671.67,2023-01-14 00:26:14,1,ALERT_0024
2404,ACCT_00127,ACCT_01879,WIRE,4489.73,2023-01-14 00:30:43,0,
2405,ACCT_01120,ACCT_00411,CHECK,2407.53,2023-01-14 00:36:17,0,
2406,ACCT_01574,ACCT_00155,CASH,1664.17,2023-01-14 00:47:43,0,
2407,ACCT_00747,ACCT_00689,ACH,1210.89,2023-01-14 00:58:23,0,
2408,ACCT_00697,ACCT_00165,CHECK,3804.66,2023-01-14 01:09:19,0,
2409,ACCT_01331,ACCT_01723,ACH,1931.44,2023-01-14 01:15:37,0,
2410,ACCT_00284,ACCT_01954,CASH,4776.97,2023-01-14 01:16:41,0,
2411,ACCT_00896,ACCT_00879,TRANSFER,2622.38,2023-01-14 01:42:27,0,
2412,ACCT_01107,ACCT_01218,CHECK,3321.22,2023-01-14 01:45:00,0,
2413,ACCT_00010,ACCT_01893,ACH,4506.45,2023-01-14 01:59:09,0,
2414,ACCT_01305,ACCT_01557,WIRE,3397.66,2023-01-14 02:22:33,0,
2415,ACCT_01973,ACCT_00791,CASH,1037.4,2023-01-14 02:23:38,0,
2416,ACCT_00074,ACCT_00817,ACH,9080.08,2023-01-14 02:23:39,1,ALERT_0024
2417,ACCT_01999,ACCT_01182,ACH,274.55,2023-01-14 02:25:37,0,
2418,ACCT_00205,ACCT_00542,ACH,2362.29,2023-01-14 02:32:15,0,
2419,ACCT_00740,ACCT_00860,CASH,253.09,2023-01-14 02:59:50,0,
2420,ACCT_01124,ACCT_01063,CHECK,1250.85,2023-01-14 03:01:33,0,
2421,ACCT_00836,ACCT_01858,ACH,1575.51,2023-01-14 03:32:45,0,
2422,ACCT_02000,ACCT_01887,CASH,31.85,2023-01-14 03:34:57,0,
2423,ACCT_00587,ACCT_00665,WIRE,23584.91,2023-01-14 03:38:36,1,ALERT_0022
2424,ACCT_00810,ACCT_00004,TRANSFER,69.81,2023-01-14 03:40:46,0,
2425,ACCT_01184,ACCT_00281,CASH,2713.73,2023-01-14 04:15:42,0,
2426,ACCT_01059,ACCT_01006,WIRE,4512.29,2023-01-14 04:51:38,0,
2427,ACCT_01234,ACCT_01748,CHECK,664.48,2023-01-14 04:51:56,0,
2428,ACCT_01963,ACCT_01048,CASH,2938.48,2023-01-14 04:57:05,0,
2429,ACCT_01001,ACCT_01734,CHECK,3687.83,2023-01-14 05:05:16,0,
2430,ACCT_00074,ACCT_01089,TRANSFER,28285.16,2023-01-14 05:05:25,1,ALERT_0024
2431,ACCT_01943,ACCT_00886,TRANSFER,2013.32,2023-01-14 05:19:08,0,
2432,ACCT_00756,ACCT_00697,ACH,3419.09,2023-01-14 05:20:23,0,
2433,ACCT_00136,ACCT_01784,TRANSFER,4025.9,2023-01-14 05:46:01,0,
2434,ACCT_01812,ACCT_00064,TRANSFER,929.95,2023-01-14 05:50:51,0,
2435,ACCT_00438,ACCT_00458,TRANSFER,21390.42,2023-01-14 06:08:52,1,ALERT_0039
2436,ACCT_01761,ACCT_00921,ACH,1220.72,2023-01-14 06:25:04,0,
2437,ACCT_01407,ACCT_00040,WIRE,1649.38,2023-01-14 06:31:35,0,
2438,ACCT_00559,ACCT_01810,WIRE,893.79,2023-01-14 06:31:36,0,
2439,ACCT_00840,ACCT_00010,CASH,4571.42,2023-01-14 06:35:02,0,
2440,ACCT_00402,ACCT_01695,WIRE,996.25,2023-01-14 06:35:59,0,
2441,ACCT_00611,ACCT_00357,TRANSFER,1879.22,2023-01-14 07:09:47,0,
2442,ACCT_00439,ACCT_01897,TRANSFER,989.39,2023-01-14 07:10:37,0,
2443,ACCT_01962,ACCT_01892,ACH,3029.36,2023-01-14 07:16:08,0,
2444,ACCT_00658,ACCT_00049,TRANSFER,4983.97,2023-01-14 07:27:01,0,
2445,ACCT_00562,ACCT_00176,WIRE,3858.98,2023-01-14 07:29:27,0,
2446,ACCT_01653,ACCT_01849,CHECK,2271.64,2023-01-14 07:35:06,0,
2447,ACCT_00023,ACCT_00611,CASH,1029.16,2023-01-14 07:47:29,0,
2448,ACCT_00375,ACCT_01775,CHECK,4456.14,2023-01-14 07:53:23,0,
2449,ACCT_01950,ACCT_00559,CASH,3558.73,2023-01-14 07:58:01,0,
2450,ACCT_01086,ACCT_00033,WIRE,4444.45,2023-01-14 08:13:38,0,
2451,ACCT_01830,ACCT_01415,CASH,2659.29,2023-01-14 08:19:01,0,
2452,ACCT_01403,ACCT_00376,TRANSFER,2346.68,2023-01-14 08:30:41,0,
2453,ACCT_01976,ACCT_01602,TRANSFER,1845.04,2023-01-14 08:41:21,0,
2454,ACCT_00569,ACCT_00458,TRANSFER,48005.25,2023-01-14 08:47:24,1,ALERT_0039
2455,ACCT_00464,ACCT_01815,WIRE,1941.74,2023-01-14 09:09:46,0,
2456,ACCT_00076,ACCT_00826,CHECK,1123.54,2023-01-14 09:28:38,0,
2457,ACCT_00731,ACCT_00855,TRANSFER,2239.38,2023-01-14 09:29:52,0,
2458,ACCT_01897,ACCT_00704,CASH,3274.42,2023-01-14 09:32:08,0,
2459,ACCT_01116,ACCT_01363,CHECK,2487.09,2023-01-14 09:33:48,0,
2460,ACCT_01353,ACCT_01238,TRANSFER,1546.45,2023-01-14 09:35:00,0,
2461,ACCT_01026,ACCT_00819,CASH,3864.85,2023-01-14 09:47:05,0,
2462,ACCT_00634,ACCT_01640,TRANSFER,19.32,2023-01-14 09:48:21,0,
2463,ACCT_00632,ACCT_01223,CHECK,1760.15,2023-01-14 09:53:28,0,
2464,ACCT_00899,ACCT_00770,CASH,4061.35,2023-01-14 10:31:15,0,
2465,ACCT_01226,ACCT_00965,WIRE,3305.5,2023-01-14 10:43:40,0,
2466,ACCT_01722,ACCT_01093,CHECK,4256.91,2023-01-14 10:59:59,0,
2467,ACCT_01854,ACCT_01326,CHECK,4581.54,2023-01-14 11:01:05,0,
2468,ACCT_01025,ACCT_00696,WIRE,1313.14,2023-01-14 11:10:15,0,
2469,ACCT_01353,ACCT_01838,TRANSFER,4101.81,2023-01-14 11:10:44,0,
2470,ACCT_01493,ACCT_01344,TRANSFER,2454.11,2023-01-14 11:16:10,0,
2471,ACCT_00901,ACCT_00859,WIRE,4262.13,2023-01-14 11:50:00,0,
2472,ACCT_00754,ACCT_01516,TRANSFER,2164.37,2023-01-14 11:50:46,0,
2473,ACCT_00050,ACCT_01939,CHECK,4552.81,2023-01-14 11:52:56,0,
2474,ACCT_01558,ACCT_00583,TRANSFER,369.32,2023-01-14 11:52:59,0,
2475,ACCT_01630,ACCT_00158,CASH,2528.15,2023-01-14 11:54:06,0,
2476,ACCT_00196,ACCT_00458,TRANSFER,23799.37,2023-01-14 12:01:51,1,ALERT_0039
2477,ACCT_00587,ACCT_00480,ACH,1095.31,2023-01-14 12:05:49,1,ALERT_0022
2478,ACCT_00162,ACCT_01335,CHECK,3017.36,2023-01-14 12:06:59,0,
2479,ACCT_00055,ACCT_01621,TRANSFER,778.58,2023-01-14 12:10:58,0,
2480,ACCT_01779,ACCT_00946,WIRE,2315.5,2023-01-14 12:13:10,0,
2481,ACCT_00924,ACCT_00734,CHECK,1858.51,2023-01-14 12:16:01,0,
2482,ACCT_01710,ACCT_01211,WIRE,2251.86,2023-01-14 12:18:18,0,
2483,ACCT_00616,ACCT_00305,WIRE,3424.73,2023-01-14 12:26:28,0,
2484,ACCT_01568,ACCT_00364,CASH,2222.58,2023-01-14 12:29:03,0,
2485,ACCT_01498,ACCT_01917,ACH,362.88,2023-01-14 12:33:37,0,
2486,ACCT_00990,ACCT_00558,CASH,4700.3,2023-01-14 12:36:52,0,
2487,ACCT_01763,ACCT_01652,ACH,3156.74,2023-01-14 12:37:16,0,
2488,ACCT_01519,ACCT_01508,CASH,2225.76,2023-01-14 12:37:46,0,
2489,ACCT_01838,ACCT_00323,CHECK,4084.72,2023-01-14 13:04:37,0,
2490,ACCT_00598,ACCT_00577,TRANSFER,2650.41,2023-01-14 13:28:14,0,
2491,ACCT_00154,ACCT_01929,ACH,3098.86,2023-01-14 13:35:40,0,
2492,ACCT_00289,ACCT_01846,CASH,878.8,2023-01-14 13:36:00,0,
2493,ACCT_00587,ACCT_01724,WIRE,1927.9,2023-01-14 14:02:20,0,
2494,ACCT_00077,ACCT_00250,CASH,1798.17,2023-01-14 14:03:44,0,
2495,ACCT_01698,ACCT_00333,TRANSFER,549.28,2023-01-14 14:07:42,0,
2496,ACCT_01135,ACCT_01005,TRANSFER,4115.77,2023-01-14 14:09:08,0,
2497,ACCT_00473,ACCT_01201,WIRE,2505.56,2023-01-14 14:14:09,0,
2498,ACCT_01926,ACCT_00761,ACH,1912.62,2023-01-14 14:15:14,0,
2499,ACCT_00954,ACCT_00540,WIRE,4967.8,2023-01-14 14:15:57,0,
2500,ACCT_01779,ACCT_00697,TRANSFER,3899.61,2023-01-14 14:22:12,0,
2501,ACCT_00127,ACCT_00765,WIRE,904.42,2023-01-14 14:23:59,0,
2502,ACCT_00762,ACCT_00926,CASH,1088.54,2023-01-14 14:30:13,0,
2503,ACCT_00011,ACCT_00520,ACH,3102.09,2023-01-14 14:42:28,0,
2504,ACCT_01537,ACCT_00094,WIRE,3961.2,2023-01-14 14:44:53,0,
2505,ACCT_00252,ACCT_01905,ACH,3649.61,2023-01-14 14:44:58,0,
2506,ACCT_01956,ACCT_01980,TRANSFER,1027.69,2023-01-14 14:48:46,0,
2507,ACCT_00732,ACCT_01839,WIRE,2223.27,2023-01-14 14:56:11,0,
2508,ACCT_01417,ACCT_00830,ACH,3632.3,2023-01-14 15:01:26,0,
2509,ACCT_01638,ACCT_00670,ACH,386.06,2023-01-14 15:27:15,0,
2510,ACCT_00242,ACCT_00761,CASH,4955.19,2023-01-14 15:31:15,0,
2511,ACCT_00867,ACCT_01491,ACH,1648.44,2023-01-14 15:35:52,0,
2512,ACCT_00462,ACCT_01332,CASH,2163.26,2023-01-14 15:41:30,0,
2513,ACCT_01736,ACCT_01674,TRANSFER,4981.83,2023-01-14 15:43:53,0,
2514,ACCT_01022,ACCT_00630,CHECK,4504.83,2023-01-14 15:51:35,0,
2515,ACCT_01348,ACCT_01386,ACH,723.64,2023-01-14 16:04:32,0,
2516,ACCT_00074,ACCT_01010,ACH,7948.22,2023-01-14 16:16:00,1,ALERT_0024
2517,ACCT_00541,ACCT_00595,TRANSFER,587.98,2023-01-14 16:19:36,0,
2518,ACCT_01592,ACCT_01758,CASH,322.71,2023-01-14 16:22:08,0,
2519,ACCT_00590,ACCT_01961,ACH,1089.0,2023-01-14 16:23:14,0,
2520,ACCT_01086,ACCT_01725,ACH,2231.83,2023-01-14 16:24:32,0,
2521,ACCT_01797,ACCT_00795,ACH,2435.56,2023-01-14 16:30:22,0,
2522,ACCT_01212,ACCT_01992,ACH,3518.96,2023-01-14 16:31:14,0,
2523,ACCT_01759,ACCT_01528,WIRE,2072.62,2023-01-14 16:32:36,0,
2524,ACCT_01392,ACCT_00581,CASH,639.94,2023-01-14 16:37:17,0,
2525,ACCT_00126,ACCT_01045,CHECK,3222.93,2023-01-14 16:37:59,0,
2526,ACCT_00619,ACCT_00570,ACH,2169.86,2023-01-14 16:44:15,0,
2527,ACCT_01378,ACCT_01424,CHECK,2463.62,2023-01-14 16:49:33,0,
2528,ACCT_01571,ACCT_01073,WIRE,3550.15,2023-01-14 16:58:28,0,
2529,ACCT_00674,ACCT_01167,CHECK,3198.63,2023-01-14 17:01:01,0,
2530,ACCT_01564,ACCT_01987,CASH,869.31,2023-01-14 17:03:32,0,
2531,ACCT_00629,ACCT_01935,WIRE,2842.52,2023-01-14 17:07:14,0,
2532,ACCT_01337,ACCT_01856,TRANSFER,1621.74,2023-01-14 17:09:50,0,
2533,ACCT_00587,ACCT_01508,ACH,44528.63,2023-01-14 17:20:00,1,ALERT_0022
2534,ACCT_01264,ACCT_01484,TRANSFER,4783.35,2023-01-14 17:21:23,0,
2535,ACCT_01247,ACCT_01493,ACH,1407.4,2023-01-14 17:27:03,0,
2536,ACCT_01918,ACCT_01361,TRANSFER,2920.87,2023-01-14 17:29:53,0,
2537,ACCT_00390,ACCT_01792,TRANSFER,1656.1,2023-01-14 17:31:51,0,
2538,ACCT_00528,ACCT_01609,TRANSFER,3960.62,2023-01-14 17:46:50,0,
2539,ACCT_01560,ACCT_00397,CHECK,914.21,2023-01-14 17:59:48,0,
2540,ACCT_00563,ACCT_00583,CHECK,2926.5,2023-01-14 18:12:37,0,
2541,ACCT_01489,ACCT_00360,CASH,1908.45,2023-01-14 18:18:54,0,
2542,ACCT_01583,ACCT_01506,ACH,4544.71,2023-01-14 18:22:52,0,
2543,ACCT_01074,ACCT_00562,CASH,4187.06,2023-01-14 18:30:33,0,
2544,ACCT_01611,ACCT_00333,TRANSFER,2492.8,2023-01-14 18:33:00,0,
2545,ACCT_00288,ACCT_00862,ACH,2326.69,2023-01-14 18:39:50,0,
2546,ACCT_01084,ACCT_00026,TRANSFER,1641.03,2023-01-14 18:45:53,0,
2547,ACCT_01850,ACCT_00206,WIRE,4566.61,2023-01-14 18:46:39,0,
2548,ACCT_01660,ACCT_00927,CASH,4759.01,2023-01-14 18:54:38,0,
2549,ACCT_01351,ACCT_00514,ACH,71.57,2023-01-14 19:26:48,0,
2550,ACCT_01767,ACCT_01565,CHECK,1880.34,2023-01-14 19:27:03,0,
2551,ACCT_01460,ACCT_00606,WIRE,4367.8,2023-01-14 19:35:34,0,
2552,ACCT_00810,ACCT_01860,CASH,2177.06,2023-01-14 19:44:36,0,
2553,ACCT_00557,ACCT_01663,WIRE,1544.92,2023-01-14 19:49:03,0,
2554,ACCT_01153,ACCT_01828,CHECK,4079.17,2023-01-14 19:58:32,0,
2555,ACCT_01930,ACCT_01892,CASH,3729.19,2023-01-14 19:58:58,0,
2556,ACCT_00078,ACCT_00177,CASH,1058.83,2023-01-14 20:11:12,0,
2557,ACCT_01596,ACCT_00307,WIRE,3948.49,2023-01-14 20:19:56,0,
2558,ACCT_01803,ACCT_00458,ACH,31920.11,2023-01-14 20:35:00,1,ALERT_0039
2559,ACCT_01107,ACCT_00417,CASH,2784.16,2023-01-14 20:42:22,0,
2560,ACCT_00015,ACCT_00243,TRANSFER,3409.64,2023-01-14 20:54:53,0,
2561,ACCT_01662,ACCT_01071,TRANSFER,1959.19,2023-01-14 20:59:24,0,
2562,ACCT_01998,ACCT_01088,CASH,384.81,2023-01-14 21:03:21,0,
2563,ACCT_01394,ACCT_01692,CHECK,4699.45,2023-01-14 21:13:17,0,
2564,ACCT_01740,ACCT_01642,TRANSFER,2998.41,2023-01-14 21:36:09,0,
2565,ACCT_01516,ACCT_00755,CASH,4849.44,2023-01-14 21:49:57,0,
2566,ACCT_00264,ACCT_00362,TRANSFER,4889.08,2023-01-14 22:02:07,0,
2567,ACCT_01131,ACCT_00148,CHECK,2389.99,2023-01-14 22:11:03,0,
2568,ACCT_01796,ACCT_00277,TRANSFER,2919.0,2023-01-14 22:11:31,0,
2569,ACCT_00122,ACCT_01273,CHECK,3575.79,2023-01-14 22:19:54,0,
2570,ACCT_01429,ACCT_00058,TRANSFER,3989.31,2023-01-14 22:21:15,0,
2571,ACCT_00837,ACCT_00211,CHECK,4203.38,2023-01-14 22:21:52,0,
2572,ACCT_01256,ACCT_00071,WIRE,3726.43,2023-01-14 22:27:10,0,
2573,ACCT_01401,ACCT_01845,CASH,4349.05,2023-01-14 22:29:00,0,
2574,ACCT_00234,ACCT_01490,TRANSFER,4049.62,2023-01-14 22:30:01,0,
2575,ACCT_00495,ACCT_01237,CHECK,181.37,2023-01-14 22:35:55,0,
2576,ACCT_01757,ACCT_00205,CASH,1808.36,2023-01-14 22:46:48,0,
2577,ACCT_01119,ACCT_00093,WIRE,1657.29,2023-01-14 23:10:07,0,
2578,ACCT_01884,ACCT_01431,CHECK,495.34,2023-01-14 23:13:22,0,
2579,ACCT_01199,ACCT_00151,WIRE,1870.44,2023-01-14 23:14:41,0,
2580,ACCT_00074,ACCT_01822,TRANSFER,12702.2,2023-01-14 23:30:48,1,ALERT_0024
2581,ACCT_00306,ACCT_00493,ACH,3983.45,2023-01-14 23:36:07,0,
2582,ACCT_00893,ACCT_01526,CHECK,4705.71,2023-01-14 23:37:33,0,
2583,ACCT_00701,ACCT_01741,WIRE,2934.72,2023-01-14 23:43:09,0,
2584,ACCT_01620,ACCT_01943,WIRE,2427.52,2023-01-14 23:44:09,0,
2585,ACCT_01566,ACCT_01273,ACH,3579.96,2023-01-14 23:58:10,0,
2586,ACCT_00620,ACCT_00559,ACH,2836.73,2023-01-14 23:59:17,0,
2587,ACCT_00972,ACCT_00284,CASH,923.12,2023-01-15 00:05:27,0,
2588,ACCT_01101,ACCT_00429,TRANSFER,4859.57,2023-01-15 00:16:20,0,
2589,ACCT_00581,ACCT_01176,WIRE,864.66,2023-01-15 00:17:15,0,
2590,ACCT_00587,ACCT_01301,WIRE,48811.89,2023-01-15 00:19:59,1,ALERT_0022
2591,ACCT_01347,ACCT_00171,TRANSFER,247.33,2023-01-15 00:28:28,0,
2592,ACCT_01677,ACCT_00269,TRANSFER,2402.8,2023-01-15 00:29:57,0,
2593,ACCT_01574,ACCT_01104,ACH,4012.03,2023-01-15 00:32:33,0,
2594,ACCT_01963,ACCT_01626,TRANSFER,4037.95,2023-01-15 00:35:54,0,
2595,ACCT_01757,ACCT_01751,ACH,3171.11,2023-01-15 01:00:52,0,
2596,ACCT_00902,ACCT_00639,ACH,1912.0,2023-01-15 01:20:17,0,
2597,ACCT_01290,ACCT_01713,CHECK,3085.41,2023-01-15 01:26:09,0,
2598,ACCT_01382,ACCT_00166,WIRE,1600.55,2023-01-15 01:27:30,0,
2599,ACCT_01505,ACCT_00412,CASH,614.23,2023-01-15 01:37:02,0,
2600,ACCT_01931,ACCT_01491,CASH,3911.35,2023-01-15 01:38:36,0,
2601,ACCT_01705,ACCT_00839,TRANSFER,4816.97,2023-01-15 01:41:01,0,
2602,ACCT_01239,ACCT_00053,WIRE,4942.13,2023-01-15 01:52:17,0,
2603,ACCT_00021,ACCT_00695,CHECK,2384.22,2023-01-15 02:01:39,0,
2604,ACCT_00488,ACCT_00776,TRANSFER,1681.94,2023-01-15 02:14:50,0,
2605,ACCT_00618,ACCT_01994,WIRE,636.51,2023-01-15 02:15:48,0,
2606,ACCT_01087,ACCT_00887,WIRE,1309.43,2023-01-15 02:19:52,0,
2607,ACCT_01587,ACCT_01556,TRANSFER,1977.84,2023-01-15 02:24:06,0,
2608,ACCT_01668,ACCT_01210,ACH,2574.5,2023-01-15 02:25:39,0,
2609,ACCT_01951,ACCT_00160,TRANSFER,706.35,2023-01-15 02:31:24,0,
2610,ACCT_01183,ACCT_00579,TRANSFER,4130.2,2023-01-15 02:35:40,0,
2611,ACCT_00605,ACCT_00932,WIRE,742.23,2023-01-15 02:37:21,0,
2612,ACCT_00069,ACCT_01199,WIRE,3554.7,2023-01-15 03:04:49,0,
2613,ACCT_00226,ACCT_00683,CHECK,4293.02,2023-01-15 03:11:01,0,
2614,ACCT_00592,ACCT_01027,ACH,3943.67,2023-01-15 03:14:33,0,
2615,ACCT_00260,ACCT_00899,WIRE,1420.15,2023-01-15 03:15:21,0,
2616,ACCT_00559,ACCT_01960,CASH,2428.64,2023-01-15 03:18:06,0,
2617,ACCT_00774,ACCT_00345,CHECK,1043.58,2023-01-15 03:20:55,0,
2618,ACCT_00448,ACCT_00362,CASH,4193.77,2023-01-15 03:21:50,0,
2619,ACCT_00587,ACCT_00367,ACH,2085.1,2023-01-15 03:22:39,1,ALERT_0022
2620,ACCT_00369,ACCT_00011,ACH,2241.69,2023-01-15 03:26:23,0,
2621,ACCT_00350,ACCT_01215,WIRE,153.29,2023-01-15 03:32:34,0,
2622,ACCT_00240,ACCT_01771,CASH,3529.28,2023-01-15 03:39:33,0,
2623,ACCT_00882,ACCT_01803,TRANSFER,1924.31,2023-01-15 03:43:26,0,
2624,ACCT_00092,ACCT_01155,CHECK,237.95,2023-01-15 03:44:48,0,
2625,ACCT_01060,ACCT_01933,TRANSFER,433.04,2023-01-15 03:59:20,0,
2626,ACCT_00559,ACCT_01392,ACH,3059.6,2023-01-15 04:00:22,0,
2627,ACCT_00987,ACCT_00819,TRANSFER,3712.04,2023-01-15 04:06:20,0,
2628,ACCT_01293,ACCT_01427,CASH,2875.1,2023-01-15 04:15:02,0,
2629,ACCT_00972,ACCT_00630,WIRE,3235.13,2023-01-15 04:21:39,0,
2630,ACCT_01068,ACCT_00614,ACH,3627.57,2023-01-15 04:44:35,0,
2631,ACCT_00025,ACCT_00592,CHECK,1916.2,2023-01-15 04:56:37,0,
2632,ACCT_00020,ACCT_00585,ACH,2179.63,2023-01-15 05:14:50,0,
2633,ACCT_01257,ACCT_00517,ACH,160.98,2023-01-15 05:21:31,0,
2634,ACCT_00931,ACCT_01887,TRANSFER,1220.63,2023-01-15 05:28:38,0,
2635,ACCT_00710,ACCT_01804,TRANSFER,858.8,2023-01-15 05:30:18,0,
2636,ACCT_01787,ACCT_01907,TRANSFER,907.59,2023-01-15 05:59:25,0,
2637,ACCT_00886,ACCT_00838,CASH,4024.48,2023-01-15 06:22:55,0,
2638,ACCT_00246,ACCT_00145,WIRE,2211.77,2023-01-15 06:32:51,0,
2639,ACCT_01719,ACCT_00458,WIRE,35765.31,2023-01-15 06:35:37,1,ALERT_0039
2640,ACCT_01906,ACCT_00695,CHECK,668.28,2023-01-15 06:42:09,0,
2641,ACCT_01205,ACCT_00865,CASH,3985.05,2023-01-15 06:42:48,0,
2642,ACCT_00375,ACCT_00530,CASH,3826.61,2023-01-15 06:43:29,0,
2643,ACCT_00025,ACCT_00212,CHECK,2586.43,2023-01-15 07:10:55,0,
2644,ACCT_01416,ACCT_00472,CASH,1779.58,2023-01-15 07:13:07,0,
2645,ACCT_01769,ACCT_00403,TRANSFER,1278.93,2023-01-15 07:13:10,0,
2646,ACCT_00840,ACCT_01096,WIRE,824.28,2023-01-15 07:16:42,0,
2647,ACCT_00597,ACCT_01190,ACH,1216.77,2023-01-15 07:25:49,0,
2648,ACCT_01660,ACCT_01428,ACH,1370.2,2023-01-15 07:31:36,0,
2649,ACCT_00800,ACCT_01492,WIRE,2021.56,2023-01-15 07:34:29,0,
2650,ACCT_00060,ACCT_01010,TRANSFER,3713.53,2023-01-15 07:44:15,0,
2651,ACCT_00432,ACCT_01251,ACH,4787.51,2023-01-15 07:46:05,0,
2652,ACCT_01563,ACCT_01878,TRANSFER,1943.99,2023-01-15 07:49:30,0,
2653,ACCT_01698,ACCT_01641,TRANSFER,3586.95,2023-01-15 08:26:52,0,
2654,ACCT_01729,ACCT_00890,WIRE,2908.84,2023-01-15 08:35:15,0,
2655,ACCT_00229,ACCT_01550,WIRE,2443.03,2023-01-15 08:44:38,0,
2656,ACCT_01924,ACCT_01880,CHECK,2921.79,2023-01-15 08:51:48,0,
2657,ACCT_00283,ACCT_01195,CHECK,608.31,2023-01-15 08:52:45,0,
2658,ACCT_01284,ACCT_01007,ACH,2726.29,2023-01-15 09:00:19,0,
2659,ACCT_00145,ACCT_00056,WIRE,1598.35,2023-01-15 09:05:13,0,
2660,ACCT_01039,ACCT_01849,CHECK,4609.49,2023-01-15 09:10:34,0,
2661,ACCT_00702,ACCT_00057,CHECK,1618.54,2023-01-15 09:18:25,0,
2662,ACCT_00076,ACCT_00212,CASH,386.19,2023-01-15 09:20:21,0,
2663,ACCT_00749,ACCT_00438,TRANSFER,3403.25,2023-01-15 09:27:50,0,
2664,ACCT_01026,ACCT_01070,WIRE,4197.1,2023-01-15 09:36:00,0,
2665,ACCT_01380,ACCT_01019,CHECK,1707.52,2023-01-15 09:37:39,0,
2666,ACCT_01439,ACCT_00124,WIRE,3799.42,2023-01-15 09:38:28,0,
2667,ACCT_00074,ACCT_01634,TRANSFER,1735.3,2023-01-15 09:38:36,1,ALERT_0024
2668,ACCT_01461,ACCT_00120,CASH,1955.8,2023-01-15 09:38:41,0,
2669,ACCT_01260,ACCT_01376,CHECK,3158.0,2023-01-15 09:41:24,0,
2670,ACCT_01398,ACCT_01549,CHECK,1595.74,2023-01-15 09:43:52,0,
2671,ACCT_00850,ACCT_01156,CASH,2354.23,2023-01-15 09:46:35,0,
2672,ACCT_01703,ACCT_00339,ACH,2890.42,2023-01-15 09:47:44,0,
2673,ACCT_00532,ACCT_01107,TRANSFER,2099.75,2023-01-15 09:48:50,0,
2674,ACCT_00502,ACCT_00201,CHECK,2434.93,2023-01-15 09:48:58,0,
2675,ACCT_00772,ACCT_01572,TRANSFER,4189.04,2023-01-15 09:50:56,0,
2676,ACCT_01426,ACCT_01486,WIRE,4941.88,2023-01-15 09:53:22,0,
2677,ACCT_00833,ACCT_00123,CHECK,224.12,2023-01-15 10:07:35,0,
2678,ACCT_01621,ACCT_01949,ACH,1247.26,2023-01-15 10:15:56,0,
2679,ACCT_01847,ACCT_00761,ACH,2708.43,2023-01-15 10:22:05,0,
2680,ACCT_00800,ACCT_01703,TRANSFER,13.43,2023-01-15 10:42:41,0,
2681,ACCT_01290,ACCT_01243,TRANSFER,4290.61,2023-01-15 11:06:15,0,
2682,ACCT_00637,ACCT_00606,WIRE,650.02,2023-01-15 11:41:02,0,
2683,ACCT_01316,ACCT_00458,WIRE,4433.92,2023-01-15 12:03:08,1,ALERT_0039
2684,ACCT_00355,ACCT_01155,CHECK,3397.83,2023-01-15 12:16:41,0,
2685,ACCT_01932,ACCT_01332,TRANSFER,4270.76,2023-01-15 12:50:21,0,
2686,ACCT_00101,ACCT_01487,WIRE,4324.14,2023-01-15 12:51:52,0,
2687,ACCT_00876,ACCT_01966,CASH,731.89,2023-01-15 12:53:51,0,
2688,ACCT_00380,ACCT_01558,CHECK,2983.76,2023-01-15 12:56:39,0,
2689,ACCT_00699,ACCT_00897,ACH,4400.97,2023-01-15 12:58:05,0,
2690,ACCT_01668,ACCT_00706,CASH,844.43,2023-01-15 13:01:44,0,
2691,ACCT_01818,ACCT_01902,WIRE,2148.43,2023-01-15 13:05:20,0,
2692,ACCT_01277,ACCT_01427,CHECK,4794.91,2023-01-15 13:11:46,0,
2693,ACCT_00625,ACCT_01582,TRANSFER,3269.47,2023-01-15 13:52:32,0,
2694,ACCT_01688,ACCT_01862,TRANSFER,2927.16,2023-01-15 14:06:47,0,
2695,ACCT_00150,ACCT_01722,CASH,2521.24,2023-01-15 14:15:46,0,
2696,ACCT_00334,ACCT_00273,ACH,4677.89,2023-01-15 14:19:38,0,
2697,ACCT_00070,ACCT_01108,CASH,4512.54,2023-01-15 14:30:59,0,
2698,ACCT_00656,ACCT_00638,WIRE,1507.41,2023-01-15 14:46:15,0,
2699,ACCT_01610,ACCT_01792,TRANSFER,4712.08,2023-01-15 14:49:53,0,
2700,ACCT_01423,ACCT_00781,WIRE,3743.27,2023-01-15 14:52:02,0,
2701,ACCT_01640,ACCT_01866,WIRE,4522.15,2023-01-15 14:54:39,0,
2702,ACCT_00979,ACCT_01387,TRANSFER,4215.27,2023-01-15 14:55:19,0,
2703,ACCT_01819,ACCT_01299,TRANSFER,512.72,2023-01-15 14:56:48,0,
2704,ACCT_00147,ACCT_00850,CHECK,1770.97,2023-01-15 15:06:13,0,
2705,ACCT_01153,ACCT_00067,CHECK,3783.6,2023-01-15 15:06:14,0,
2706,ACCT_00024,ACCT_01020,CHECK,2181.78,2023-01-15 15:06:37,0,
2707,ACCT_00302,ACCT_01484,TRANSFER,4345.32,2023-01-15 15:07:13,0,
2708,ACCT_00889,ACCT_00612,ACH,634.93,2023-01-15 15:14:50,0,
2709,ACCT_00962,ACCT_00781,WIRE,771.99,2023-01-15 15:16:28,0,
2710,ACCT_01910,ACCT_00383,WIRE,3936.67,2023-01-15 15:30:57,0,
2711,ACCT_00562,ACCT_00219,TRANSFER,1223.26,2023-01-15 15:31:18,0,
2712,ACCT_00465,ACCT_01401,CASH,2451.01,2023-01-15 15:31:34,0,
2713,ACCT_01699,ACCT_00735,CHECK,2166.35,2023-01-15 15:51:20,0,
2714,ACCT_01834,ACCT_00482,CHECK,2967.61,2023-01-15 16:03:00,0,
2715,ACCT_00742,ACCT_00919,WIRE,4428.09,2023-01-15 16:22:23,0,
2716,ACCT_01141,ACCT_00782,WIRE,2087.26,2023-01-15 16:29:44,0,
2717,ACCT_01846,ACCT_01668,CASH,3161.31,2023-01-15 16:39:20,0,
2718,ACCT_01879,ACCT_00805,TRANSFER,4534.7,2023-01-15 16:47:08,0,
2719,ACCT_00271,ACCT_01788,CHECK,907.21,2023-01-15 16:51:15,0,
2720,ACCT_01195,ACCT_00578,TRANSFER,2189.54,2023-01-15 17:22:00,0,
2721,ACCT_00491,ACCT_00906,ACH,3926.63,2023-01-15 17:26:33,0,
2722,ACCT_00620,ACCT_01695,WIRE,23.29,2023-01-15 17:29:58,0,
2723,ACCT_01184,ACCT_00857,TRANSFER,4785.4,2023-01-15 17:33:41,0,
2724,ACCT_01930,ACCT_01789,CHECK,3005.76,2023-01-15 17:50:18,0,
2725,ACCT_01750,ACCT_01097,CASH,3950.04,2023-01-15 17:53:42,0,
2726,ACCT_00270,ACCT_00481,WIRE,386.18,2023-01-15 18:04:50,0,
2727,ACCT_00501,ACCT_00106,CASH,3938.25,2023-01-15 18:05:11,0,
2728,ACCT_01028,ACCT_00935,TRANSFER,3287.09,2023-01-15 18:25:58,0,
2729,ACCT_01921,ACCT_01384,TRANSFER,2275.84,2023-01-15 18:26:56,0,
2730,ACCT_00679,ACCT_01680,CASH,4311.47,2023-01-15 18:30:58,0,
2731,ACCT_00700,ACCT_00432,CHECK,4795.37,2023-01-15 18:44:01,0,
2732,ACCT_01732,ACCT_01303,CHECK,4109.16,2023-01-15 18:56:57,0,
2733,ACCT_01348,ACCT_01841,WIRE,509.75,2023-01-15 19:36:40,0,
2734,ACCT_01256,ACCT_01534,CHECK,2144.46,2023-01-15 19:38:50,0,
2735,ACCT_00227,ACCT_00099,CASH,384.46,2023-01-15 19:40:31,0,
2736,ACCT_01429,ACCT_00278,CASH,4543.87,2023-01-15 19:52:01,0,
2737,ACCT_00286,ACCT_00419,ACH,4085.64,2023-01-15 19:58:40,0,
2738,ACCT_01360,ACCT_00313,CHECK,2198.81,2023-01-15 20:06:51,0,
2739,ACCT_00154,ACCT_00599,CHECK,3963.13,2023-01-15 20:07:06,0,
2740,ACCT_00734,ACCT_00515,ACH,2034.44,2023-01-15 20:22:29,0,
2741,ACCT_01413,ACCT_00334,CASH,2726.37,2023-01-15 20:43:04,0,
2742,ACCT_00623,ACCT_00519,CASH,1102.16,2023-01-15 20:43:51,0,
2743,ACCT_00508,ACCT_01030,TRANSFER,352.86,2023-01-15 20:51:34,0,
2744,ACCT_01023,ACCT_01042,ACH,2904.75,2023-01-15 21:02:28,0,
2745,ACCT_00354,ACCT_01660,CHECK,4640.48,2023-01-15 21:10:37,0,
2746,ACCT_01083,ACCT_01448,ACH,1964.12,2023-01-15 21:13:43,0,
2747,ACCT_00074,ACCT_00547,TRANSFER,32583.78,2023-01-15 21:16:03,1,ALERT_0024
2748,ACCT_01311,ACCT_00563,WIRE,4978.87,2023-01-15 21:21:55,0,
2749,ACCT_00320,ACCT_01194,CHECK,3158.7,2023-01-15 21:22:21,0,
2750,ACCT_01619,ACCT_00194,CHECK,2116.61,2023-01-15 21:35:40,0,
2751,ACCT_01392,ACCT_01141,WIRE,2772.16,2023-01-15 21:36:29,0,
2752,ACCT_01368,ACCT_00975,CHECK,3002.81,2023-01-15 21:38:13,0,
2753,ACCT_00846,ACCT_01521,CHECK,2102.26,2023-01-15 21:42:36,0,
2754,ACCT_01242,ACCT_01249,TRANSFER,559.89,2023-01-15 21:44:03,0,
2755,ACCT_01987,ACCT_01513,ACH,4878.25,2023-01-15 21:46:59,0,
2756,ACCT_00595,ACCT_01537,TRANSFER,2671.77,2023-01-15 21:47:38,0,
2757,ACCT_01205,ACCT_00777,CHECK,4172.11,2023-01-15 21:55:12,0,
2758,ACCT_00078,ACCT_00280,ACH,4151.03,2023-01-15 21:56:27,0,
2759,ACCT_00978,ACCT_00083,CHECK,348.1,2023-01-15 21:58:06,0,
2760,ACCT_01098,ACCT_00039,WIRE,2891.21,2023-01-15 22:15:24,0,
2761,ACCT_01563,ACCT_00299,CASH,2273.91,2023-01-15 22:17:50,0,
2762,ACCT_01910,ACCT_00275,TRANSFER,1681.38,2023-01-15 22:25:58,0,
2763,ACCT_01581,ACCT_01147,WIRE,2762.79,2023-01-15 22:34:36,0,
2764,ACCT_00947,ACCT_00568,WIRE,598.15,2023-01-15 22:40:58,0,
2765,ACCT_00349,ACCT_00646,TRANSFER,841.56,2023-01-15 22:43:39,0,
2766,ACCT_01486,ACCT_01585,TRANSFER,187.25,2023-01-15 22:52:24,0,
2767,ACCT_00786,ACCT_01966,CHECK,1860.92,2023-01-15 23:07:00,0,
2768,ACCT_01430,ACCT_01639,WIRE,1847.65,2023-01-15 23:15:09,0,
2769,ACCT_00568,ACCT_01592,TRANSFER,1920.17,2023-01-15 23:16:01,0,
2770,ACCT_00306,ACCT_01481,TRANSFER,1419.55,2023-01-15 23:20:47,0,
2771,ACCT_00178,ACCT_01234,CASH,4425.01,2023-01-15 23:25:42,0,
2772,ACCT_01225,ACCT_00015,WIRE,1606.09,2023-01-15 23:44:24,0,
2773,ACCT_00664,ACCT_01571,TRANSFER,578.05,2023-01-15 23:56:43,0,
2774,ACCT_01736,ACCT_01846,ACH,1023.84,2023-01-16 00:02:22,0,
2775,ACCT_00368,ACCT_01979,TRANSFER,741.6,2023-01-16 00:12:28,0,
2776,ACCT_00123,ACCT_00197,CHECK,1224.54,2023-01-16 00:13:17,0,
2777,ACCT_00008,ACCT_01760,TRANSFER,977.22,2023-01-16 00:33:06,0,
2778,ACCT_00409,ACCT_00250,WIRE,1687.78,2023-01-16 00:40:28,0,
2779,ACCT_00820,ACCT_00591,TRANSFER,2668.0,2023-01-16 00:46:45,0,
2780,ACCT_00324,ACCT_00855,ACH,2156.26,2023-01-16 00:53:51,0,
2781,ACCT_00598,ACCT_00923,WIRE,438.88,2023-01-16 01:03:26,0,
2782,ACCT_00154,ACCT_00168,WIRE,3052.85,2023-01-16 01:03:26,0,
2783,ACCT_00111,ACCT_01673,CHECK,3662.7,2023-01-16 01:04:32,0,
2784,ACCT_00843,ACCT_01916,ACH,2235.01,2023-01-16 01:13:24,0,
2785,ACCT_00138,ACCT_01149,WIRE,700.64,2023-01-16 01:43:26,0,
2786,ACCT_00806,ACCT_01391,CASH,84.01,2023-01-16 01:51:18,0,
2787,ACCT_01277,ACCT_01793,WIRE,1224.6,2023-01-16 01:51:29,0,
2788,ACCT_01504,ACCT_01240,TRANSFER,4714.48,2023-01-16 01:59:18,0,
2789,ACCT_01543,ACCT_01944,CASH,4106.52,2023-01-16 02:05:22,0,
2790,ACCT_00437,ACCT_01566,TRANSFER,2969.5,2023-01-16 02:20:38,0,
2791,ACCT_00099,ACCT_00156,WIRE,421.18,2023-01-16 02:21:24,0,
2792,ACCT_00873,ACCT_00101,TRANSFER,4323.5,2023-01-16 02:25:07,0,
2793,ACCT_00074,ACCT_01424,CASH,3487.31,2023-01-16 02:29:08,0,
2794,ACCT_00903,ACCT_01321,CHECK,2558.31,2023-01-16 02:29:55,0,
2795,ACCT_01614,ACCT_01403,TRANSFER,3106.07,2023-01-16 02:33:00,0,
2796,ACCT_00017,ACCT_00326,CHECK,2382.72,2023-01-16 03:36:20,0,
2797,ACCT_01240,ACCT_01228,ACH,694.96,2023-01-16 04:02:28,0,
2798,ACCT_01343,ACCT_01574,ACH,4620.19,2023-01-16 04:14:05,0,
2799,ACCT_01228,ACCT_01406,CASH,1269.11,2023-01-16 04:27:31,0,
2800,ACCT_00290,ACCT_01405,CASH,2756.54,2023-01-16 04:40:41,0,
2801,ACCT_00944,ACCT_00338,CASH,4963.83,2023-01-16 04:41:45,0,
2802,ACCT_00522,ACCT_00086,WIRE,1662.03,2023-01-16 04:46:16,0,
2803,ACCT_00927,ACCT_00910,CHECK,2322.95,2023-01-16 04:49:31,0,
2804,ACCT_00777,ACCT_00350,CASH,4848.94,2023-01-16 04:59:43,0,
2805,ACCT_01386,ACCT_00559,CASH,1411.24,2023-01-16 04:59:58,0,
2806,ACCT_00968,ACCT_00291,ACH,1983.19,2023-01-16 05:30:21,0,
2807,ACCT_01605,ACCT_01078,TRANSFER,1689.35,2023-01-16 05:31:24,0,
2808,ACCT_00198,ACCT_00687,ACH,1385.63,2023-01-16 05:35:01,0,
2809,ACCT_00027,ACCT_01960,CASH,3161.23,2023-01-16 05:40:01,0,
2810,ACCT_00839,ACCT_00794,WIRE,4502.22,2023-01-16 06:07:03,0,
2811,ACCT_01040,ACCT_00450,ACH,4546.26,2023-01-16 06:17:06,0,
2812,ACCT_00675,ACCT_01262,CASH,2816.3,2023-01-16 06:35:20,0,
2813,ACCT_00903,ACCT_00316,CHECK,3148.32,2023-01-16 06:38:12,0,
2814,ACCT_01830,ACCT_01371,CASH,2711.33,2023-01-16 06:41:56,0,
2815,ACCT_01629,ACCT_00877,ACH,3099.96,2023-01-16 06:47:08,0,
2816,ACCT_00075,ACCT_00115,CASH,1659.65,2023-01-16 06:49:45,0,
2817,ACCT_00365,ACCT_01573,WIRE,1851.97,2023-01-16 07:02:20,0,
2818,ACCT_00237,ACCT_00596,TRANSFER,565.8,2023-01-16 07:27:24,0,
2819,ACCT_00041,ACCT_01914,CHECK,1169.89,2023-01-16 07:37:04,0,
2820,ACCT_01677,ACCT_00789,WIRE,2443.35,2023-01-16 07:41:10,0,
2821,ACCT_01148,ACCT_01818,TRANSFER,3166.29,2023-01-16 07:53:16,0,
2822,ACCT_00415,ACCT_00014,WIRE,3945.58,2023-01-16 08:15:00,0,
2823,ACCT_01386,ACCT_00052,ACH,2060.5,2023-01-16 08:45:07,0,
2824,ACCT_01312,ACCT_01861,WIRE,3928.47,2023-01-16 08:52:33,0,
2825,ACCT_00437,ACCT_00974,CHECK,4473.27,2023-01-16 09:04:02,0,
2826,ACCT_01341,ACCT_01346,CHECK,1833.63,2023-01-16 09:18:46,0,
2827,ACCT_00259,ACCT_00631,TRANSFER,3603.53,2023-01-16 09:22:07,0,
2828,ACCT_00950,ACCT_00932,WIRE,4268.03,2023-01-16 09:26:00,0,
2829,ACCT_01782,ACCT_01545,CASH,2406.89,2023-01-16 09:29:34,0,
2830,ACCT_01645,ACCT_01050,CHECK,2041.9,2023-01-16 09:29:56,0,
2831,ACCT_01230,ACCT_00424,WIRE,3614.65,2023-01-16 09:56:58,0,
2832,ACCT_00163,ACCT_01949,CHECK,1887.33,2023-01-16 10:10:26,0,
2833,ACCT_00299,ACCT_00302,CHECK,1550.29,2023-01-16 10:19:56,0,
2834,ACCT_01570,ACCT_01893,ACH,332.69,2023-01-16 10:41:01,0,
2835,ACCT_00083,ACCT_01644,ACH,3911.89,2023-01-16 10:42:05,0,
2836,ACCT_01882,ACCT_01111,ACH,4222.76,2023-01-16 10:43:19,0,
2837,ACCT_01719,ACCT_00939,ACH,4719.18,2023-01-16 10:49:54,0,
2838,ACCT_01188,ACCT_00640,ACH,273.34,2023-01-16 11:01:47,0,
2839,ACCT_00387,ACCT_01469,WIRE,2842.09,2023-01-16 11:17:35,0,
2840,ACCT_01859,ACCT_00912,TRANSFER,463.26,2023-01-16 11:47:32,0,
2841,ACCT_01144,ACCT_01628,CASH,2549.33,2023-01-16 11:51:29,0,
2842,ACCT_00081,ACCT_00989,ACH,1012.52,2023-01-16 12:07:31,0,
2843,ACCT_00167,ACCT_01921,CHECK,1618.66,2023-01-16 12:10:55,0,
2844,ACCT_01631,ACCT_00014,WIRE,3116.22,2023-01-16 12:16:35,0,
2845,ACCT_01605,ACCT_01128,CHECK,2868.84,2023-01-16 12:17:41,0,
2846,ACCT_00062,ACCT_01351,CASH,1951.07,2023-01-16 12:21:07,0,
2847,ACCT_01413,ACCT_01915,TRANSFER,1441.5,2023-01-16 12:28:48,0,
2848,ACCT_01832,ACCT_01064,CHECK,3852.03,2023-01-16 12:32:15,0,
2849,ACCT_01142,ACCT_00050,WIRE,1359.04,2023-01-16 12:32:31,0,
2850,ACCT_01706,ACCT_00461,CHECK,1812.52,2023-01-16 12:38:20,0,
2851,ACCT_00487,ACCT_01399,CHECK,3066.92,2023-01-16 12:45:28,0,
2852,ACCT_01817,ACCT_01993,TRANSFER,1890.18,2023-01-16 12:46:29,0,
2853,ACCT_01795,ACCT_01608,WIRE,4274.48,2023-01-16 12:51:03,0,
2854,ACCT_00870,ACCT_00818,CHECK,123.32,2023-01-16 12:59:58,0,
2855,ACCT_00035,ACCT_01714,ACH,1820.48,2023-01-16 13:34:13,0,
2856,ACCT_01774,ACCT_00749,CHECK,3856.02,2023-01-16 13:40:15,0,
2857,ACCT_00999,ACCT_00003,CHECK,3220.91,2023-01-16 13:57:27,0,
2858,ACCT_00282,ACCT_00706,CASH,922.41,2023-01-16 14:03:49,0,
2859,ACCT_00844,ACCT_01247,CHECK,4682.65,2023-01-16 14:09:26,0,
2860,ACCT_01877,ACCT_00271,TRANSFER,4118.3,2023-01-16 14:20:25,0,
2861,ACCT_00654,ACCT_01481,CHECK,3982.36,2023-01-16 14:32:51,0,
2862,ACCT_01688,ACCT_00455,CASH,3192.26,2023-01-16 14:42:55,0,
2863,ACCT_01474,ACCT_01906,WIRE,4533.46,2023-01-16 14:47:11,0,
2864,ACCT_00697,ACCT_01682,TRANSFER,2892.31,2023-01-16 15:11:16,0,
2865,ACCT_00183,ACCT_00860,WIRE,1934.43,2023-01-16 15:21:48,0,
2866,ACCT_00175,ACCT_01723,CASH,1593.15,2023-01-16 15:32:15,0,
2867,ACCT_00731,ACCT_01319,ACH,344.2,2023-01-16 15:35:58,0,
2868,ACCT_00299,ACCT_01733,CASH,4744.47,2023-01-16 15:39:48,0,
2869,ACCT_01562,ACCT_01085,TRANSFER,2936.56,2023-01-16 15:40:13,0,
2870,ACCT_00592,ACCT_00015,WIRE,2786.09,2023-01-16 15:41:44,0,
2871,ACCT_00218,ACCT_01211,CASH,2169.1,2023-01-16 15:41:51,0,
2872,ACCT_00796,ACCT_00207,TRANSFER,398.39,2023-01-16 15:46:09,0,
2873,ACCT_01045,ACCT_00342,TRANSFER,2364.9,2023-01-16 16:06:39,0,
2874,ACCT_01054,ACCT_01079,ACH,4283.7,2023-01-16 16:10:53,0,
2875,ACCT_00993,ACCT_00820,ACH,3971.86,2023-01-16 16:12:02,0,
2876,ACCT_00215,ACCT_01654,ACH,1146.84,2023-01-16 16:12:36,0,
2877,ACCT_01267,ACCT_01306,ACH,4573.62,2023-01-16 16:15:29,0,
2878,ACCT_00578,ACCT_00126,CASH,1217.53,2023-01-16 16:27:23,0,
2879,ACCT_01955,ACCT_00935,CHECK,1562.65,2023-01-16 16:28:53,0,
2880,ACCT_00981,ACCT_00945,WIRE,1418.46,2023-01-16 16:30:16,0,
2881,ACCT_01874,ACCT_00901,TRANSFER,1092.99,2023-01-16 16:34:23,0,
2882,ACCT_00779,ACCT_01293,ACH,1181.23,2023-01-16 16:36:00,0,
2883,ACCT_00543,ACCT_01992,CHECK,3725.46,2023-01-16 16:46:48,0,
2884,ACCT_00529,ACCT_01960,CHECK,2646.84,2023-01-16 16:47:05,0,
2885,ACCT_00796,ACCT_01791,CHECK,3349.06,2023-01-16 16:51:10,0,
2886,ACCT_01501,ACCT_01995,CASH,4518.06,2023-01-16 17:14:24,0,
2887,ACCT_01421,ACCT_00503,CASH,631.18,2023-01-16 17:14:36,0,
2888,ACCT_00274,ACCT_01887,TRANSFER,307.29,2023-01-16 17:17:43,0,
2889,ACCT_00348,ACCT_00151,CHECK,4952.99,2023-01-16 17:34:50,0,
2890,ACCT_01261,ACCT_00850,CHECK,237.01,2023-01-16 17:37:19,0,
2891,ACCT_00215,ACCT_01958,CHECK,546.11,2023-01-16 17:53:48,0,
2892,ACCT_01137,ACCT_00009,CASH,3522.8,2023-01-16 18:00:26,0,
2893,ACCT_00465,ACCT_00867,CHECK,444.67,2023-01-16 18:00:31,0,
2894,ACCT_00313,ACCT_00700,CASH,4609.98,2023-01-16 18:07:35,0,
2895,ACCT_01305,ACCT_01737,WIRE,1573.76,2023-01-16 18:39:10,0,
2896,ACCT_01961,ACCT_01944,CASH,4338.34,2023-01-16 18:59:32,0,
2897,ACCT_01346,ACCT_01679,CHECK,1103.17,2023-01-16 19:13:30,0,
2898,ACCT_00378,ACCT_00534,CHECK,1011.03,2023-01-16 19:17:48,0,
2899,ACCT_00320,ACCT_01280,ACH,842.0,2023-01-16 19:45:23,0,
2900,ACCT_00944,ACCT_00101,CHECK,1364.87,2023-01-16 19:46:30,0,
2901,ACCT_01103,ACCT_01215,CASH,401.5,2023-01-16 19:48:33,0,
2902,ACCT_01433,ACCT_01023,CHECK,2076.13,2023-01-16 19:52:02,0,
2903,ACCT_01689,ACCT_00329,CASH,2536.61,2023-01-16 20:00:17,0,
2904,ACCT_00031,ACCT_01380,ACH,1838.02,2023-01-16 20:02:59,0,
2905,ACCT_00629,ACCT_01405,CHECK,1282.0,2023-01-16 20:05:55,0,
2906,ACCT_01593,ACCT_01505,CHECK,2754.85,2023-01-16 20:11:11,0,
2907,ACCT_00504,ACCT_00820,TRANSFER,2046.97,2023-01-16 20:12:45,0,
2908,ACCT_00846,ACCT_01220,CASH,1739.88,2023-01-16 20:28:49,0,
2909,ACCT_01777,ACCT_01224,CHECK,4657.55,2023-01-16 20:43:45,0,
2910,ACCT_00790,ACCT_01151,TRANSFER,280.02,2023-01-16 20:46:00,0,
2911,ACCT_00243,ACCT_01260,CASH,4725.45,2023-01-16 20:57:47,0,
2912,ACCT_01244,ACCT_00785,CHECK,1006.61,2023-01-16 21:08:55,0,
2913,ACCT_00465,ACCT_00824,WIRE,4202.28,2023-01-16 21:10:36,0,
2914,ACCT_01672,ACCT_01376,CHECK,3364.51,2023-01-16 21:14:03,0,
2915,ACCT_00413,ACCT_01757,WIRE,1041.84,2023-01-16 21:25:56,0,
2916,ACCT_01194,ACCT_01344,TRANSFER,989.63,2023-01-16 21:38:33,0,
2917,ACCT_00679,ACCT_01052,CHECK,1889.78,2023-01-16 21:55:50,0,
2918,ACCT_00406,ACCT_00215,CASH,4048.53,2023-01-16 21:58:56,0,
2919,ACCT_00452,ACCT_00377,CASH,4102.03,2023-01-16 22:00:13,0,
2920,ACCT_00013,ACCT_01261,CHECK,1649.47,2023-01-16 22:12:14,0,
2921,ACCT_00651,ACCT_01873,TRANSFER,2325.55,2023-01-16 22:15:08,0,
2922,ACCT_01007,ACCT_00256,WIRE,1988.16,2023-01-16 22:33:30,0,
2923,ACCT_00977,ACCT_01777,WIRE,328.25,2023-01-16 22:45:54,0,
2924,ACCT_01555,ACCT_01119,TRANSFER,2082.25,2023-01-16 22:50:36,0,
2925,ACCT_00047,ACCT_01963,CHECK,2112.04,2023-01-16 23:04:00,0,
2926,ACCT_01480,ACCT_00093,TRANSFER,3696.35,2023-01-16 23:21:15,0,
2927,ACCT_01990,ACCT_01269,ACH,1266.58,2023-01-16 23:21:23,0,
2928,ACCT_01037,ACCT_01356,WIRE,4344.33,2023-01-16 23:28:21,0,
2929,ACCT_01429,ACCT_00901,CASH,471.14,2023-01-16 23:33:55,0,
2930,ACCT_00655,ACCT_00761,WIRE,3485.68,2023-01-16 23:55:02,0,
2931,ACCT_00310,ACCT_00407,CHECK,624.29,2023-01-17 00:11:40,0,
2932,ACCT_00473,ACCT_01915,CHECK,2290.02,2023-01-17 00:19:39,0,
2933,ACCT_00839,ACCT_01620,CASH,4939.35,2023-01-17 00:25:18,0,
2934,ACCT_00364,ACCT_01274,CHECK,4153.58,2023-01-17 00:42:29,0,
2935,ACCT_01607,ACCT_01483,CASH,190.55,2023-01-17 00:44:27,0,
2936,ACCT_00272,ACCT_00016,TRANSFER,2099.29,2023-01-17 00:50:05,0,
2937,ACCT_01903,ACCT_01249,TRANSFER,866.93,2023-01-17 00:50:14,0,
2938,ACCT_01169,ACCT_01695,CHECK,2509.24,2023-01-17 01:00:14,0,
2939,ACCT_00999,ACCT_01452,TRANSFER,1834.53,2023-01-17 01:00:51,0,
2940,ACCT_01247,ACCT_01594,TRANSFER,3253.48,2023-01-17 01:01:17,0,
2941,ACCT_00137,ACCT_01163,ACH,3913.65,2023-01-17 01:14:25,0,
2942,ACCT_01372,ACCT_01725,ACH,2830.43,2023-01-17 01:26:18,0,
2943,ACCT_00069,ACCT_01631,CHECK,1869.28,2023-01-17 01:38:01,0,
2944,ACCT_01896,ACCT_01919,WIRE,1607.57,2023-01-17 01:38:24,0,
2945,ACCT_01815,ACCT_00915,CASH,1406.9,2023-01-17 01:54:51,0,
2946,ACCT_01479,ACCT_01444,CASH,3340.07,2023-01-17 01:57:12,0,
2947,ACCT_00161,ACCT_00977,CASH,1726.66,2023-01-17 02:04:38,0,
2948,ACCT_00613,ACCT_01204,ACH,302.35,2023-01-17 02:19:53,0,
2949,ACCT_00594,ACCT_01889,CASH,1958.23,2023-01-17 02:32:15,0,
2950,ACCT_00670,ACCT_01775,WIRE,2634.78,2023-01-17 02:32:56,0,
2951,ACCT_01615,ACCT_01618,CASH,4561.22,2023-01-17 02:46:43,0,
2952,ACCT_00729,ACCT_01613,CASH,368.99,2023-01-17 02:50:44,0,
2953,ACCT_01208,ACCT_01954,CASH,4152.46,2023-01-17 02:53:43,0,
2954,ACCT_00817,ACCT_00661,CASH,3760.52,2023-01-17 03:09:06,0,
2955,ACCT_01068,ACCT_01916,ACH,360.48,2023-01-17 03:15:35,0,
2956,ACCT_01232,ACCT_01418,TRANSFER,573.64,2023-01-17 03:29:45,0,
2957,ACCT_00881,ACCT_01161,TRANSFER,3450.46,2023-01-17 04:01:44,0,
2958,ACCT_01218,ACCT_01597,ACH,4456.09,2023-01-17 04:40:08,0,
2959,ACCT_00612,ACCT_01772,TRANSFER,1735.41,2023-01-17 04:44:14,0,
2960,ACCT_00116,ACCT_00696,WIRE,51.19,2023-01-17 04:46:44,0,
2961,ACCT_00007,ACCT_01307,CASH,92.99,2023-01-17 05:01:19,0,
2962,ACCT_00915,ACCT_01187,ACH,4756.6,2023-01-17 05:06:45,0,
2963,ACCT_00821,ACCT_00681,TRANSFER,4550.95,2023-01-17 05:08:29,0,
2964,ACCT_00335,ACCT_01926,WIRE,468.38,2023-01-17 05:08:32,0,
2965,ACCT_00905,ACCT_00273,CHECK,2359.75,2023-01-17 05:17:12,0,
2966,ACCT_01195,ACCT_00418,TRANSFER,3922.46,2023-01-17 05:19:09,0,
2967,ACCT_01634,ACCT_00550,CASH,4735.48,2023-01-17 05:19:55,0,
2968,ACCT_01188,ACCT_00514,TRANSFER,4558.07,2023-01-17 05:22:23,0,
2969,ACCT_01491,ACCT_00040,WIRE,2710.3,2023-01-17 05:25:57,0,
2970,ACCT_01200,ACCT_01406,CHECK,4043.39,2023-01-17 05:34:09,0,
2971,ACCT_01610,ACCT_01433,CASH,4786.43,2023-01-17 06:07:40,0,
2972,ACCT_01856,ACCT_00874,WIRE,3648.52,2023-01-17 06:20:38,0,
2973,ACCT_01644,ACCT_00908,TRANSFER,1044.6,2023-01-17 06:25:36,0,
2974,ACCT_01193,ACCT_01839,TRANSFER,2412.23,2023-01-17 06:34:34,0,
2975,ACCT_01170,ACCT_00809,TRANSFER,3081.58,2023-01-17 06:37:49,0,
2976,ACCT_01950,ACCT_01746,ACH,3975.09,2023-01-17 06:42:58,0,
2977,ACCT_01112,ACCT_01850,CHECK,3947.04,2023-01-17 06:50:16,0,
2978,ACCT_00815,ACCT_01954,ACH,4824.74,2023-01-17 07:05:06,0,
2979,ACCT_01670,ACCT_00218,CHECK,2780.78,2023-01-17 07:05:25,0,
2980,ACCT_01984,ACCT_01234,CHECK,2616.75,2023-01-17 07:40:20,0,
2981,ACCT_00063,ACCT_00760,ACH,2149.48,2023-01-17 08:03:46,0,
2982,ACCT_01555,ACCT_01181,CHECK,4615.02,2023-01-17 08:21:58,0,
2983,ACCT_00092,ACCT_01287,CHECK,4226.66,2023-01-17 08:26:03,0,
2984,ACCT_00295,ACCT_01764,ACH,1297.68,2023-01-17 08:31:31,0,
2985,ACCT_00729,ACCT_01275,CASH,4439.77,2023-01-17 08:36:46,0,
2986,ACCT_00217,ACCT_01873,WIRE,1101.74,2023-01-17 08:44:07,0,
2987,ACCT_01536,ACCT_00126,CHECK,2219.94,2023-01-17 08:46:46,0,
2988,ACCT_01021,ACCT_01501,TRANSFER,779.94,2023-01-17 08:50:09,0,
2989,ACCT_01804,ACCT_00657,WIRE,362.34,2023-01-17 08:51:26,0,
2990,ACCT_01621,ACCT_01577,CASH,3562.42,2023-01-17 08:53:06,0,
2991,ACCT_01182,ACCT_01957,TRANSFER,1857.58,2023-01-17 08:53:52,0,
2992,ACCT_01920,ACCT_00069,CHECK,39.26,2023-01-17 08:56:40,0,
2993,ACCT_01242,ACCT_01442,ACH,4830.97,2023-01-17 08:59:03,0,
2994,ACCT_01052,ACCT_01967,ACH,1961.11,2023-01-17 09:06:21,0,
2995,ACCT_01359,ACCT_01879,CHECK,1048.95,2023-01-17 09:11:11,0,
2996,ACCT_01453,ACCT_00430,CHECK,3284.35,2023-01-17 09:20:45,0,
2997,ACCT_00604,ACCT_00618,ACH,3002.26,2023-01-17 09:26:25,0,
2998,ACCT_01664,ACCT_01383,TRANSFER,682.23,2023-01-17 09:27:06,0,
2999,ACCT_01966,ACCT_01418,CASH,3307.15,2023-01-17 09:37:21,0,
3000,ACCT_01646,ACCT_01642,CASH,2162.26,2023-01-17 09:40:32,0,
3001,ACCT_00170,ACCT_00908,TRANSFER,1508.81,2023-01-17 09:42:49,0,
3002,ACCT_00383,ACCT_01821,CASH,3336.89,2023-01-17 09:50:38,0,
3003,ACCT_01867,ACCT_00146,CHECK,2386.59,2023-01-17 09:54:24,0,
3004,ACCT_01194,ACCT_01293,CHECK,550.6,2023-01-17 09:56:44,0,
3005,ACCT_01768,ACCT_00883,TRANSFER,526.02,2023-01-17 09:56:57,0,
3006,ACCT_01272,ACCT_01299,CHECK,44.77,2023-01-17 10:10:52,0,
3007,ACCT_00258,ACCT_01967,CHECK,1827.13,2023-01-17 10:12:24,0,
3008,ACCT_01373,ACCT_01846,CHECK,3918.73,2023-01-17 10:24:57,0,
3009,ACCT_01716,ACCT_01217,WIRE,160.63,2023-01-17 10:27:49,0,
3010,ACCT_01091,ACCT_00895,CHECK,1819.25,2023-01-17 10:31:25,0,
3011,ACCT_00527,ACCT_00263,CASH,3285.31,2023-01-17 10:49:45,0,
3012,ACCT_01370,ACCT_01136,TRANSFER,1698.34,2023-01-17 10:56:56,0,
3013,ACCT_00944,ACCT_00146,CASH,4630.75,2023-01-17 11:04:46,0,
3014,ACCT_00415,ACCT_00220,WIRE,3647.37,2023-01-17 11:23:56,0,
3015,ACCT_01806,ACCT_01871,CASH,3607.82,2023-01-17 11:45:23,0,
3016,ACCT_01073,ACCT_01851,WIRE,882.32,2023-01-17 12:24:54,0,
3017,ACCT_00075,ACCT_00424,TRANSFER,3002.99,2023-01-17 12:54:04,0,
3018,ACCT_01638,ACCT_00578,WIRE,431.15,2023-01-17 13:00:27,0,
3019,ACCT_00800,ACCT_01634,ACH,1166.45,2023-01-17 13:03:45,0,
3020,ACCT_01230,ACCT_00533,WIRE,454.42,2023-01-17 13:21:13,0,
3021,ACCT_00929,ACCT_01782,CASH,692.18,2023-01-17 13:22:41,0,
3022,ACCT_01164,ACCT_01969,WIRE,495.19,2023-01-17 13:29:37,0,
3023,ACCT_01691,ACCT_01092,CASH,2265.37,2023-01-17 13:35:51,0,
3024,ACCT_00726,ACCT_01773,TRANSFER,4854.96,2023-01-17 13:51:59,0,
3025,ACCT_01258,ACCT_00033,CASH,3562.95,2023-01-17 14:22:08,0,
3026,ACCT_01201,ACCT_00636,CASH,479.6,2023-01-17 14:22:36,0,
3027,ACCT_00451,ACCT_00136,CASH,3253.23,2023-01-17 14:29:54,0,
3028,ACCT_01034,ACCT_00218,ACH,3555.97,2023-01-17 14:46:11,0,
3029,ACCT_00404,ACCT_01224,TRANSFER,473.24,2023-01-17 14:58:40,0,
3030,ACCT_01023,ACCT_00077,WIRE,1504.85,2023-01-17 14:59:08,0,
3031,ACCT_00216,ACCT_00546,CHECK,3915.95,2023-01-17 15:01:54,0,
3032,ACCT_00649,ACCT_01177,WIRE,2210.03,2023-01-17 15:14:45,0,
3033,ACCT_00172,ACCT_00312,TRANSFER,2971.83,2023-01-17 15:27:49,0,
3034,ACCT_00557,ACCT_00763,ACH,4370.66,2023-01-17 15:31:56,0,
3035,ACCT_00260,ACCT_00162,WIRE,1722.86,2023-01-17 15:32:03,0,
3036,ACCT_00216,ACCT_00912,CHECK,2889.69,2023-01-17 16:02:20,0,
3037,ACCT_01441,ACCT_00831,WIRE,3951.39,2023-01-17 16:03:14,0,
3038,ACCT_01573,ACCT_01663,TRANSFER,632.57,2023-01-17 16:07:08,0,
3039,ACCT_00338,ACCT_00656,WIRE,4375.19,2023-01-17 16:15:57,0,
3040,ACCT_01381,ACCT_01973,WIRE,988.92,2023-01-17 16:26:47,0,
3041,ACCT_00898,ACCT_00350,ACH,4555.08,2023-01-17 16:36:36,0,
3042,ACCT_00419,ACCT_01645,ACH,4760.46,2023-01-17 16:57:12,0,
3043,ACCT_00493,ACCT_00479,CHECK,3783.17,2023-01-17 16:57:18,0,
3044,ACCT_00146,ACCT_00162,ACH,3107.04,2023-01-17 17:02:33,0,
3045,ACCT_00386,ACCT_01473,TRANSFER,2580.03,2023-01-17 17:11:03,0,
3046,ACCT_01695,ACCT_00780,WIRE,282.81,2023-01-17 17:11:46,0,
3047,ACCT_00808,ACCT_01585,TRANSFER,1095.86,2023-01-17 17:28:17,0,
3048,ACCT_01282,ACCT_00069,CHECK,3135.4,2023-01-17 17:28:55,0,
3049,ACCT_01925,ACCT_01513,TRANSFER,1200.35,2023-01-17 17:29:11,0,
3050,ACCT_01090,ACCT_00443,WIRE,3649.69,2023-01-17 17:37:24,0,
3051,ACCT_00503,ACCT_00149,WIRE,3288.2,2023-01-17 17:43:17,0,
3052,ACCT_01946,ACCT_01698,WIRE,3912.73,2023-01-17 17:52:56,0,
3053,ACCT_00205,ACCT_01055,ACH,1306.93,2023-01-17 18:10:46,0,
3054,ACCT_01323,ACCT_00391,CHECK,3711.81,2023-01-17 18:38:47,0,
3055,ACCT_01294,ACCT_00739,CASH,4003.04,2023-01-17 18:51:56,0,
3056,ACCT_01858,ACCT_00620,WIRE,2905.81,2023-01-17 18:57:36,0,
3057,ACCT_00233,ACCT_01898,WIRE,2299.53,2023-01-17 18:58:16,0,
3058,ACCT_01177,ACCT_00834,WIRE,924.83,2023-01-17 19:02:59,0,
3059,ACCT_00818,ACCT_00970,WIRE,1270.35,2023-01-17 19:04:19,0,
3060,ACCT_00935,ACCT_01681,CHECK,2727.51,2023-01-17 19:07:43,0,
3061,ACCT_00266,ACCT_01085,CASH,1712.08,2023-01-17 19:13:23,0,
3062,ACCT_00428,ACCT_01356,CASH,1481.04,2023-01-17 19:21:11,0,
3063,ACCT_00227,ACCT_01080,WIRE,779.77,2023-01-17 19:23:52,0,
3064,ACCT_00423,ACCT_01314,CASH,2456.76,2023-01-17 19:36:37,0,
3065,ACCT_00478,ACCT_01170,CHECK,4862.87,2023-01-17 19:42:11,0,
3066,ACCT_00009,ACCT_00027,ACH,3654.54,2023-01-17 20:11:54,0,
3067,ACCT_00178,ACCT_01368,CASH,4153.97,2023-01-17 20:30:57,0,
3068,ACCT_00067,ACCT_01583,CHECK,2629.64,2023-01-17 20:33:55,0,
3069,ACCT_01442,ACCT_01607,CHECK,47.95,2023-01-17 20:36:55,0,
3070,ACCT_01244,ACCT_01034,TRANSFER,2285.86,2023-01-17 20:36:57,0,
3071,ACCT_01274,ACCT_01267,ACH,4411.94,2023-01-17 20:37:47,0,
3072,ACCT_00687,ACCT_01998,CHECK,4487.99,2023-01-17 20:41:34,0,
3073,ACCT_01751,ACCT_01343,TRANSFER,2483.13,2023-01-17 20:57:09,0,
3074,ACCT_00414,ACCT_01384,ACH,4355.03,2023-01-17 21:07:31,0,
3075,ACCT_00253,ACCT_00962,CASH,3364.76,2023-01-17 21:21:03,0,
3076,ACCT_00669,ACCT_00276,WIRE,2985.65,2023-01-17 21:37:23,0,
3077,ACCT_01687,ACCT_00914,CHECK,4417.68,2023-01-17 21:53:37,0,
3078,ACCT_01951,ACCT_01669,CASH,4038.28,2023-01-17 21:59:05,0,
3079,ACCT_00777,ACCT_01453,ACH,2979.61,2023-01-17 22:02:16,0,
3080,ACCT_01912,ACCT_01374,TRANSFER,2885.4,2023-01-17 22:03:11,0,
3081,ACCT_01936,ACCT_00958,WIRE,1907.05,2023-01-17 22:07:35,0,
3082,ACCT_00138,ACCT_00443,TRANSFER,2664.35,2023-01-17 22:11:02,0,
3083,ACCT_00202,ACCT_00700,CASH,1305.39,2023-01-17 22:29:27,0,
3084,ACCT_01242,ACCT_00148,CASH,630.9,2023-01-17 22:41:13,0,
3085,ACCT_00925,ACCT_00830,TRANSFER,1257.13,2023-01-17 22:51:37,0,
3086,ACCT_01510,ACCT_01317,CASH,3615.63,2023-01-17 22:53:00,0,
3087,ACCT_00689,ACCT_00327,ACH,1642.44,2023-01-17 22:59:43,0,
3088,ACCT_01467,ACCT_01684,WIRE,3510.46,2023-01-17 23:01:12,0,
3089,ACCT_00102,ACCT_00177,CASH,3336.03,2023-01-17 23:08:58,0,
3090,ACCT_01422,ACCT_01520,WIRE,2007.53,2023-01-17 23:11:31,0,
3091,ACCT_01786,ACCT_00296,CHECK,242.03,2023-01-17 23:11:58,0,
3092,ACCT_00602,ACCT_01599,TRANSFER,13534.17,2023-01-17 23:12:00,1,ALERT_0004
3093,ACCT_01729,ACCT_00159,ACH,2277.81,2023-01-17 23:13:08,0,
3094,ACCT_00600,ACCT_01934,CHECK,2027.15,2023-01-17 23:13:56,0,
3095,ACCT_01224,ACCT_01073,TRANSFER,1229.49,2023-01-17 23:28:27,0,
3096,ACCT_00108,ACCT_01226,TRANSFER,252.84,2023-01-17 23:35:13,0,
3097,ACCT_00314,ACCT_00442,TRANSFER,1993.72,2023-01-17 23:37:08,0,
3098,ACCT_01387,ACCT_01514,WIRE,2325.3,2023-01-17 23:44:20,0,
3099,ACCT_00378,ACCT_01362,WIRE,245.49,2023-01-18 00:00:11,0,
3100,ACCT_01123,ACCT_00415,CASH,2774.27,2023-01-18 00:09:15,0,
3101,ACCT_00138,ACCT_01983,WIRE,4665.41,2023-01-18 00:09:32,0,
3102,ACCT_01804,ACCT_01907,WIRE,2583.16,2023-01-18 00:20:05,0,
3103,ACCT_00184,ACCT_00852,TRANSFER,2353.69,2023-01-18 00:22:10,0,
3104,ACCT_01261,ACCT_00257,CASH,4236.52,2023-01-18 00:38:03,0,
3105,ACCT_00409,ACCT_01395,WIRE,4055.68,2023-01-18 00:51:29,0,
3106,ACCT_00744,ACCT_01152,CASH,2424.33,2023-01-18 01:13:20,0,
3107,ACCT_01574,ACCT_00613,CASH,1849.16,2023-01-18 01:15:16,0,
3108,ACCT_01599,ACCT_00570,WIRE,830.66,2023-01-18 01:18:29,1,ALERT_0004
3109,ACCT_01264,ACCT_01208,WIRE,1268.63,2023-01-18 01:24:43,0,
3110,ACCT_00786,ACCT_00505,CHECK,3760.52,2023-01-18 01:58:43,0,
3111,ACCT_00537,ACCT_00904,CHECK,2369.35,2023-01-18 02:03:58,0,
3112,ACCT_00227,ACCT_01504,CHECK,3253.02,2023-01-18 02:15:36,0,
3113,ACCT_01078,ACCT_00885,CASH,183.16,2023-01-18 02:17:44,0,
3114,ACCT_00165,ACCT_01253,WIRE,317.29,2023-01-18 02:21:48,0,
3115,ACCT_00706,ACCT_01228,ACH,4258.77,2023-01-18 02:23:18,0,
3116,ACCT_00620,ACCT_00780,WIRE,4523.63,2023-01-18 02:25:05,0,
3117,ACCT_01366,ACCT_00192,WIRE,4212.17,2023-01-18 02:40:11,0,
3118,ACCT_01871,ACCT_01092,TRANSFER,3480.3,2023-01-18 02:40:47,0,
3119,ACCT_01457,ACCT_00174,ACH,2858.76,2023-01-18 02:41:15,0,
3120,ACCT_00306,ACCT_01130,CHECK,4204.06,2023-01-18 02:43:42,0,
3121,ACCT_01263,ACCT_00409,TRANSFER,4323.11,2023-01-18 02:46:51,0,
3122,ACCT_00234,ACCT_00367,WIRE,846.98,2023-01-18 02:52:28,0,
3123,ACCT_01423,ACCT_01533,CHECK,4911.19,2023-01-18 02:58:41,0,
3124,ACCT_00782,ACCT_00931,ACH,4693.65,2023-01-18 03:21:40,0,
3125,ACCT_01516,ACCT_01307,TRANSFER,3489.59,2023-01-18 03:41:09,0,
3126,ACCT_01176,ACCT_01436,CHECK,4026.52,2023-01-18 03:47:38,0,
3127,ACCT_00320,ACCT_01679,CHECK,108.86,2023-01-18 03:55:58,0,
3128,ACCT_01940,ACCT_00562,TRANSFER,1524.2,2023-01-18 03:56:04,0,
3129,ACCT_00784,ACCT_01077,CHECK,505.09,2023-01-18 04:00:03,0,
3130,ACCT_01362,ACCT_00509,WIRE,3044.24,2023-01-18 04:00:17,0,
3131,ACCT_00979,ACCT_00740,WIRE,3487.98,2023-01-18 04:00:32,0,
3132,ACCT_00521,ACCT_00873,ACH,624.21,2023-01-18 04:02:43,0,
3133,ACCT_01133,ACCT_01219,WIRE,2718.39,2023-01-18 04:05:18,0,
3134,ACCT_00441,ACCT_00626,ACH,845.29,2023-01-18 04:05:45,0,
3135,ACCT_00276,ACCT_01520,CHECK,3826.91,2023-01-18 04:13:02,0,
3136,ACCT_01874,ACCT_00281,WIRE,938.17,2023-01-18 04:18:39,0,
3137,ACCT_00865,ACCT_00153,ACH,1282.29,2023-01-18 04:19:29,0,
3138,ACCT_00094,ACCT_00718,TRANSFER,3307.58,2023-01-18 04:21:15,0,
3139,ACCT_01446,ACCT_00018,WIRE,1930.29,2023-01-18 04:25:46,0,
3140,ACCT_01602,ACCT_00546,CASH,3734.75,2023-01-18 04:38:21,0,
3141,ACCT_01009,ACCT_00085,CHECK,2468.62,2023-01-18 04:46:48,0,
3142,ACCT_01299,ACCT_01960,WIRE,1216.89,2023-01-18 04:48:34,0,
3143,ACCT_01859,ACCT_01440,ACH,2537.9,2023-01-18 05:00:03,0,
3144,ACCT_00497,ACCT_00988,TRANSFER,174.7,2023-01-18 05:08:36,0,
3145,ACCT_00612,ACCT_00237,ACH,4521.78,2023-01-18 05:10:41,0,
3146,ACCT_01982,ACCT_00363,CASH,4003.01,2023-01-18 05:14:06,0,
3147,ACCT_00790,ACCT_01959,ACH,3335.75,2023-01-18 05:16:13,0,
3148,ACCT_00557,ACCT_01810,CHECK,264.79,2023-01-18 05:17:35,0,
3149,ACCT_01299,ACCT_00562,CASH,3657.74,2023-01-18 05:18:21,0,
3150,ACCT_00179,ACCT_00073,CASH,894.85,2023-01-18 05:34:01,0,
3151,ACCT_01185,ACCT_00266,ACH,2099.85,2023-01-18 05:43:25,0,
3152,ACCT_00570,ACCT_01227,WIRE,27389.94,2023-01-18 06:16:49,1,ALERT_0004
3153,ACCT_00295,ACCT_00292,WIRE,475.02,2023-01-18 06:36:02,0,
3154,ACCT_01228,ACCT_01613,ACH,62.93,2023-01-18 06:38:01,0,
3155,ACCT_00570,ACCT_00328,TRANSFER,4533.01,2023-01-18 06:38:42,0,
3156,ACCT_00433,ACCT_00619,CHECK,473.32,2023-01-18 06:47:30,0,
3157,ACCT_00416,ACCT_00362,ACH,206.26,2023-01-18 06:53:48,0,
3158,ACCT_01176,ACCT_01803,WIRE,2091.73,2023-01-18 06:55:34,0,
3159,ACCT_01221,ACCT_01801,ACH,3172.38,2023-01-18 06:55:59,0,
3160,ACCT_00264,ACCT_00301,ACH,1468.74,2023-01-18 06:57:53,0,
3161,ACCT_00638,ACCT_01265,ACH,2922.2,2023-01-18 07:30:17,0,
3162,ACCT_01470,ACCT_01206,TRANSFER,1335.82,2023-01-18 07:35:25,0,
3163,ACCT_00763,ACCT_01673,CHECK,3600.69,2023-01-18 07:39:22,0,
3164,ACCT_01095,ACCT_00058,TRANSFER,4834.17,2023-01-18 07:41:36,0,
3165,ACCT_01447,ACCT_00185,WIRE,2446.51,2023-01-18 07:54:15,0,
3166,ACCT_01210,ACCT_00657,WIRE,1202.95,2023-01-18 07:59:58,0,
3167,ACCT_01822,ACCT_00424,ACH,3050.97,2023-01-18 08:11:37,0,
3168,ACCT_00028,ACCT_01820,TRANSFER,1106.56,2023-01-18 08:11:46,0,
3169,ACCT_01138,ACCT_01898,ACH,1124.13,2023-01-18 08:22:04,0,
3170,ACCT_01653,ACCT_01362,WIRE,2373.19,2023-01-18 08:34:28,0,
3171,ACCT_01446,ACCT_01303,CASH,4853.96,2023-01-18 08:38:00,0,
3172,ACCT_01637,ACCT_01995,CHECK,3285.65,2023-01-18 08:44:37,0,
3173,ACCT_01378,ACCT_00804,CASH,4652.46,2023-01-18 08:46:30,0,
3174,ACCT_00811,ACCT_00346,ACH,4070.64,2023-01-18 09:00:08,0,
3175,ACCT_00369,ACCT_00872,WIRE,1431.97,2023-01-18 09:45:38,0,
3176,ACCT_00240,ACCT_01109,TRANSFER,4954.23,2023-01-18 09:58:40,0,
3177,ACCT_01112,ACCT_00125,TRANSFER,3037.64,2023-01-18 09:59:12,0,
3178,ACCT_01892,ACCT_00289,CASH,4723.31,2023-01-18 10:02:25,0,
3179,ACCT_01520,ACCT_01109,CASH,343.74,2023-01-18 10:04:02,0,
3180,ACCT_01057,ACCT_01929,CHECK,176.04,2023-01-18 10:10:04,0,
3181,ACCT_01555,ACCT_00973,TRANSFER,4458.75,2023-01-18 10:16:28,0,
3182,ACCT_00736,ACCT_01126,CASH,2702.8,2023-01-18 10:21:29,0,
3183,ACCT_01049,ACCT_01158,CHECK,766.99,2023-01-18 10:23:35,0,
3184,ACCT_00008,ACCT_01302,TRANSFER,85.97,2023-01-18 10:42:17,0,
3185,ACCT_01559,ACCT_01043,WIRE,1418.62,2023-01-18 10:55:40,0,
3186,ACCT_01373,ACCT_00201,CHECK,2333.8,2023-01-18 10:57:49,0,
3187,ACCT_01274,ACCT_00315,CHECK,3297.68,2023-01-18 11:03:42,0,
3188,ACCT_01446,ACCT_00625,WIRE,1708.69,2023-01-18 11:25:43,0,
3189,ACCT_01628,ACCT_00788,CHECK,3548.0,2023-01-18 11:52:41,0,
3190,ACCT_00536,ACCT_00372,TRANSFER,155.16,2023-01-18 11:54:09,0,
3191,ACCT_00230,ACCT_00383,TRANSFER,3433.29,2023-01-18 11:59:09,0,
3192,ACCT_00551,ACCT_01414,CASH,642.92,2023-01-18 12:07:27,0,
3193,ACCT_01597,ACCT_00238,WIRE,4628.89,2023-01-18 12:08:55,0,
3194,ACCT_00614,ACCT_00282,WIRE,3579.93,2023-01-18 12:12:59,0,
3195,ACCT_02000,ACCT_00941,TRANSFER,2562.14,2023-01-18 12:13:01,0,
3196,ACCT_00908,ACCT_00347,ACH,1043.22,2023-01-18 12:18:02,0,
3197,ACCT_00567,ACCT_00083,CASH,3644.72,2023-01-18 12:35:37,0,
3198,ACCT_00959,ACCT_01921,TRANSFER,906.83,2023-01-18 12:48:16,0,
3199,ACCT_01307,ACCT_01484,TRANSFER,2283.87,2023-01-18 12:53:36,0,
3200,ACCT_00822,ACCT_00276,CASH,3070.23,2023-01-18 13:21:17,0,
3201,ACCT_01961,ACCT_00795,TRANSFER,613.59,2023-01-18 13:26:53,0,
3202,ACCT_01538,ACCT_01044,CHECK,2816.87,2023-01-18 13:27:59,0,
3203,ACCT_01205,ACCT_00046,CASH,1894.91,2023-01-18 13:31:29,0,
3204,ACCT_01715,ACCT_01071,ACH,1551.41,2023-01-18 13:43:02,0,
3205,ACCT_00255,ACCT_01833,CHECK,4587.88,2023-01-18 13:45:29,0,
3206,ACCT_01399,ACCT_01522,WIRE,1761.11,2023-01-18 13:45:47,0,
3207,ACCT_00305,ACCT_01593,WIRE,1608.08,2023-01-18 13:50:51,0,
3208,ACCT_01509,ACCT_01524,ACH,1374.5,2023-01-18 13:56:43,0,
3209,ACCT_00641,ACCT_00987,CASH,880.16,2023-01-18 14:04:48,0,
3210,ACCT_01862,ACCT_00897,WIRE,4507.27,2023-01-18 14:05:33,0,
3211,ACCT_00363,ACCT_00603,TRANSFER,2677.92,2023-01-18 14:07:02,0,
3212,ACCT_01931,ACCT_00039,CHECK,506.96,2023-01-18 14:14:26,0,
3213,ACCT_00585,ACCT_00819,CHECK,1171.9,2023-01-18 14:15:07,0,
3214,ACCT_00232,ACCT_01896,WIRE,309.79,2023-01-18 14:23:58,0,
3215,ACCT_00071,ACCT_01412,WIRE,113.75,2023-01-18 14:24:46,0,
3216,ACCT_01705,ACCT_01013,WIRE,2176.54,2023-01-18 14:58:04,0,
3217,ACCT_01093,ACCT_00226,ACH,1646.21,2023-01-18 15:04:45,0,
3218,ACCT_01467,ACCT_01910,CHECK,522.12,2023-01-18 15:33:50,0,
3219,ACCT_00570,ACCT_01717,CASH,690.71,2023-01-18 15:38:13,0,
3220,ACCT_00802,ACCT_00869,CHECK,1972.29,2023-01-18 15:39:55,0,
3221,ACCT_01017,ACCT_01945,TRANSFER,4471.74,2023-01-18 15:43:06,0,
3222,ACCT_00118,ACCT_00910,CASH,3759.27,2023-01-18 16:14:51,0,
3223,ACCT_00748,ACCT_00300,ACH,718.52,2023-01-18 16:16:22,0,
3224,ACCT_00907,ACCT_00796,TRANSFER,4549.85,2023-01-18 16:24:49,0,
3225,ACCT_01993,ACCT_01986,WIRE,2414.34,2023-01-18 16:25:24,0,
3226,ACCT_00620,ACCT_01025,TRANSFER,1211.46,2023-01-18 16:42:23,0,
3227,ACCT_01583,ACCT_01314,TRANSFER,1853.91,2023-01-18 16:43:43,0,
3228,ACCT_01327,ACCT_01675,CASH,4732.05,2023-01-18 16:43:54,0,
3229,ACCT_01141,ACCT_00444,TRANSFER,1611.47,2023-01-18 16:46:48,0,
3230,ACCT_01994,ACCT_00802,WIRE,3085.18,2023-01-18 16:46:59,0,
3231,ACCT_00255,ACCT_00061,TRANSFER,3585.94,2023-01-18 16:48:55,0,
3232,ACCT_00270,ACCT_01232,ACH,4691.33,2023-01-18 16:51:58,0,
3233,ACCT_01227,ACCT_00775,WIRE,22099.64,2023-01-18 16:56:34,1,ALERT_0004
3234,ACCT_01980,ACCT_01498,CHECK,1552.01,2023-01-18 16:59:18,0,
3235,ACCT_00910,ACCT_00234,CASH,3142.65,2023-01-18 17:01:38,0,
3236,ACCT_00460,ACCT_01380,ACH,425.68,2023-01-18 17:08:36,0,
3237,ACCT_00314,ACCT_00173,ACH,2565.6,2023-01-18 17:12:49,0,
3238,ACCT_01799,ACCT_00905,CASH,4619.78,2023-01-18 17:18:40,0,
3239,ACCT_01748,ACCT_00840,WIRE,4548.85,2023-01-18 17:23:13,0,
3240,ACCT_01825,ACCT_00084,CHECK,1177.0,2023-01-18 17:31:16,0,
3241,ACCT_01221,ACCT_00116,TRANSFER,3707.7,2023-01-18 17:56:14,0,
3242,ACCT_01740,ACCT_00913,TRANSFER,4879.44,2023-01-18 17:58:39,0,
3243,ACCT_00354,ACCT_00681,CASH,3855.18,2023-01-18 17:58:53,0,
3244,ACCT_01435,ACCT_01093,TRANSFER,2804.72,2023-01-18 18:10:32,0,
3245,ACCT_01168,ACCT_00536,TRANSFER,3807.34,2023-01-18 18:29:55,0,
3246,ACCT_01907,ACCT_00153,ACH,751.47,2023-01-18 18:31:14,0,
3247,ACCT_01714,ACCT_01633,CASH,2746.77,2023-01-18 18:33:26,0,
3248,ACCT_01379,ACCT_01769,CASH,4062.25,2023-01-18 18:33:53,0,
3249,ACCT_01084,ACCT_01637,CHECK,3390.85,2023-01-18 18:37:05,0,
3250,ACCT_00279,ACCT_00099,CASH,3749.44,2023-01-18 18:41:41,0,
3251,ACCT_00645,ACCT_00315,WIRE,2851.15,2023-01-18 18:46:28,0,
3252,ACCT_00399,ACCT_00917,CHECK,437.27,2023-01-18 18:47:14,0,
3253,ACCT_01576,ACCT_01345,CASH,1138.22,2023-01-18 18:59:15,0,
3254,ACCT_01833,ACCT_00416,CHECK,4317.21,2023-01-18 19:34:19,0,
3255,ACCT_01541,ACCT_00943,WIRE,4099.77,2023-01-18 19:40:55,0,
3256,ACCT_00024,ACCT_01554,ACH,3092.85,2023-01-18 19:41:58,0,
3257,ACCT_01490,ACCT_00062,WIRE,1664.79,2023-01-18 19:48:44,0,
3258,ACCT_00640,ACCT_01499,ACH,1099.53,2023-01-18 20:03:00,0,
3259,ACCT_00624,ACCT_00129,CHECK,2874.73,2023-01-18 20:03:57,0,
3260,ACCT_00858,ACCT_00690,CASH,280.42,2023-01-18 20:12:34,0,
3261,ACCT_01361,ACCT_00438,CHECK,1054.59,2023-01-18 20:21:20,0,
3262,ACCT_00828,ACCT_00502,TRANSFER,602.82,2023-01-18 20:22:34,0,
3263,ACCT_00867,ACCT_01409,WIRE,42419.22,2023-01-18 20:26:52,1,ALERT_0026
3264,ACCT_01052,ACCT_01970,CASH,3469.9,2023-01-18 20:30:47,0,
3265,ACCT_00674,ACCT_00077,TRANSFER,228.84,2023-01-18 20:43:21,0,
3266,ACCT_00223,ACCT_01105,CASH,1136.96,2023-01-18 20:45:44,0,
3267,ACCT_00688,ACCT_00722,TRANSFER,1827.47,2023-01-18 20:49:52,0,
3268,ACCT_00766,ACCT_01145,ACH,508.21,2023-01-18 20:52:28,0,
3269,ACCT_00314,ACCT_01006,WIRE,3400.9,2023-01-18 21:05:05,0,
3270,ACCT_00125,ACCT_01627,WIRE,3706.17,2023-01-18 21:17:36,0,
3271,ACCT_00894,ACCT_00727,CASH,1293.7,2023-01-18 21:39:49,0,
3272,ACCT_00122,ACCT_01047,CASH,712.28,2023-01-18 21:42:07,0,
3273,ACCT_00654,ACCT_01353,TRANSFER,1744.42,2023-01-18 21:56:11,0,
3274,ACCT_01572,ACCT_01253,TRANSFER,307.61,2023-01-18 21:57:22,0,
3275,ACCT_01719,ACCT_01732,CASH,3812.82,2023-01-18 21:59:16,0,
3276,ACCT_00368,ACCT_00848,CHECK,2062.06,2023-01-18 21:59:41,0,
3277,ACCT_01686,ACCT_00004,ACH,2999.86,2023-01-18 22:02:06,0,
3278,ACCT_00242,ACCT_00270,TRANSFER,4895.44,2023-01-18 22:05:25,0,
3279,ACCT_00537,ACCT_01416,WIRE,468.41,2023-01-18 22:13:34,0,
3280,ACCT_00653,ACCT_00310,ACH,3151.48,2023-01-18 22:31:59,0,
3281,ACCT_00516,ACCT_01728,WIRE,3888.32,2023-01-18 22:33:50,0,
3282,ACCT_00145,ACCT_01121,ACH,1913.14,2023-01-18 22:46:01,0,
3283,ACCT_01887,ACCT_00314,ACH,1538.51,2023-01-18 22:47:46,0,
3284,ACCT_00488,ACCT_00765,CASH,425.2,2023-01-18 22:49:20,0,
3285,ACCT_01015,ACCT_01029,TRANSFER,3057.95,2023-01-18 23:09:41,0,
3286,ACCT_01845,ACCT_00466,CHECK,1272.07,2023-01-18 23:10:41,0,
3287,ACCT_01177,ACCT_00037,TRANSFER,326.21,2023-01-18 23:14:32,0,
3288,ACCT_00103,ACCT_00973,TRANSFER,755.05,2023-01-18 23:18:17,0,
3289,ACCT_01007,ACCT_01886,CHECK,3761.66,2023-01-18 23:27:30,0,
3290,ACCT_00156,ACCT_00183,ACH,3041.78,2023-01-18 23:38:31,0,
3291,ACCT_01565,ACCT_00385,ACH,3242.24,2023-01-18 23:41:07,0,
3292,ACCT_00301,ACCT_01326,WIRE,1366.1,2023-01-18 23:41:20,0,
3293,ACCT_00711,ACCT_00092,CASH,4580.11,2023-01-18 23:44:31,0,
3294,ACCT_01133,ACCT_01505,CHECK,4327.15,2023-01-18 23:48:09,0,
3295,ACCT_00497,ACCT_00318,TRANSFER,716.09,2023-01-19 00:05:21,0,
3296,ACCT_01967,ACCT_01617,WIRE,1336.93,2023-01-19 00:08:27,0,
3297,ACCT_00034,ACCT_00015,CHECK,4019.02,2023-01-19 00:19:58,0,
3298,ACCT_00152,ACCT_00515,ACH,464.79,2023-01-19 00:29:35,0,
3299,ACCT_01780,ACCT_01042,CASH,3346.23,2023-01-19 00:31:20,0,
3300,ACCT_01386,ACCT_00175,TRANSFER,725.4,2023-01-19 00:40:27,0,
3301,ACCT_01932,ACCT_00535,ACH,4529.66,2023-01-19 00:43:59,0,
3302,ACCT_01734,ACCT_00872,WIRE,2927.43,2023-01-19 00:51:19,0,
3303,ACCT_01482,ACCT_00524,ACH,3215.74,2023-01-19 00:52:45,0,
3304,ACCT_00341,ACCT_01357,TRANSFER,4501.67,2023-01-19 00:57:27,0,
3305,ACCT_01000,ACCT_00082,CASH,4296.43,2023-01-19 01:00:51,0,
3306,ACCT_01958,ACCT_01014,CHECK,1348.99,2023-01-19 01:01:18,0,
3307,ACCT_01579,ACCT_01185,TRANSFER,956.57,2023-01-19 01:15:56,0,
3308,ACCT_00612,ACCT_00224,ACH,3068.24,2023-01-19 01:22:48,0,
3309,ACCT_00145,ACCT_00464,CASH,710.8,2023-01-19 01:33:20,0,
3310,ACCT_00813,ACCT_01801,WIRE,2304.85,2023-01-19 01:38:22,0,
3311,ACCT_01493,ACCT_00284,CASH,4763.48,2023-01-19 01:39:05,0,
3312,ACCT_01310,ACCT_00711,CHECK,878.07,2023-01-19 01:55:17,0,
3313,ACCT_01656,ACCT_00055,CHECK,45.14,2023-01-19 01:55:59,0,
3314,ACCT_00473,ACCT_01182,TRANSFER,4460.8,2023-01-19 02:01:08,0,
3315,ACCT_01693,ACCT_00468,CASH,4588.74,2023-01-19 02:06:55,0,
3316,ACCT_00024,ACCT_01002,TRANSFER,1246.75,2023-01-19 02:10:19,0,
3317,ACCT_01088,ACCT_01017,WIRE,1901.78,2023-01-19 02:13:17,0,
3318,ACCT_00144,ACCT_00738,CHECK,2776.38,2023-01-19 02:13:40,0,
3319,ACCT_01661,ACCT_01023,CASH,4640.07,2023-01-19 02:16:37,0,
3320,ACCT_00065,ACCT_01061,TRANSFER,2276.77,2023-01-19 02:16:48,0,
3321,ACCT_01359,ACCT_01106,CASH,1008.38,2023-01-19 02:29:06,0,
3322,ACCT_00795,ACCT_01852,CHECK,1778.3,2023-01-19 02:30:10,0,
3323,ACCT_01204,ACCT_01644,TRANSFER,1067.57,2023-01-19 02:33:00,0,
3324,ACCT_01228,ACCT_00174,WIRE,4955.3,2023-01-19 02:38:49,0,
3325,ACCT_01901,ACCT_01028,TRANSFER,3271.57,2023-01-19 02:38:53,0,
3326,ACCT_00514,ACCT_01908,WIRE,4111.88,2023-01-19 02:41:50,0,
3327,ACCT_01250,ACCT_00890,CASH,3861.68,2023-01-19 02:50:48,0,
3328,ACCT_00244,ACCT_00929,CHECK,3503.56,2023-01-19 02:52:19,0,
3329,ACCT_00524,ACCT_00014,CHECK,99.81,2023-01-19 02:54:16,0,
3330,ACCT_01605,ACCT_01499,WIRE,282.03,2023-01-19 03:01:58,0,
3331,ACCT_01351,ACCT_01345,CASH,3760.11,2023-01-19 03:06:15,0,
3332,ACCT_00261,ACCT_00473,CHECK,201.82,2023-01-19 03:29:26,0,
3333,ACCT_01348,ACCT_00245,TRANSFER,2974.06,2023-01-19 03:32:24,0,
3334,ACCT_00315,ACCT_00721,ACH,3323.3,2023-01-19 03:32:39,0,
3335,ACCT_01392,ACCT_00707,CHECK,3801.26,2023-01-19 03:33:38,0,
3336,ACCT_00671,ACCT_00307,CASH,1387.63,2023-01-19 03:53:37,0,
3337,ACCT_00614,ACCT_00578,CASH,3917.81,2023-01-19 04:06:57,0,
3338,ACCT_01912,ACCT_01209,ACH,722.23,2023-01-19 04:15:31,0,
3339,ACCT_00050,ACCT_01091,WIRE,3837.01,2023-01-19 04:20:50,0,
3340,ACCT_00491,ACCT_01967,CHECK,949.82,2023-01-19 04:37:38,0,
3341,ACCT_00694,ACCT_00411,ACH,4221.71,2023-01-19 04:37:55,0,
3342,ACCT_00268,ACCT_00497,CASH,1297.86,2023-01-19 04:47:29,0,
3343,ACCT_00867,ACCT_00327,TRANSFER,45195.91,2023-01-19 04:48:18,1,ALERT_0026
3344,ACCT_01329,ACCT_00340,TRANSFER,1413.59,2023-01-19 04:49:14,0,
3345,ACCT_00118,ACCT_01956,CASH,2489.75,2023-01-19 04:57:33,0,
3346,ACCT_00350,ACCT_01650,CHECK,2707.06,2023-01-19 04:58:18,0,
3347,ACCT_00891,ACCT_01976,CASH,4239.59,2023-01-19 04:59:05,0,
3348,ACCT_00988,ACCT_01353,ACH,1585.59,2023-01-19 05:04:49,0,
3349,ACCT_01631,ACCT_01471,TRANSFER,1137.92,2023-01-19 05:12:20,0,
3350,ACCT_00328,ACCT_00029,TRANSFER,1233.1,2023-01-19 05:13:30,0,
3351,ACCT_00917,ACCT_01920,TRANSFER,3436.87,2023-01-19 05:19:46,0,
3352,ACCT_01642,ACCT_00860,ACH,125.76,2023-01-19 05:33:50,0,
3353,ACCT_01801,ACCT_01008,CHECK,2946.23,2023-01-19 05:44:35,0,
3354,ACCT_01387,ACCT_01819,ACH,3492.43,2023-01-19 05:54:33,0,
3355,ACCT_00867,ACCT_00230,TRANSFER,2436.74,2023-01-19 06:11:24,1,ALERT_0026
3356,ACCT_01200,ACCT_00124,ACH,2051.41,2023-01-19 06:20:08,0,
3357,ACCT_01312,ACCT_00316,CHECK,4509.97,2023-01-19 06:35:36,0,
3358,ACCT_01424,ACCT_01946,CASH,1216.75,2023-01-19 06:36:34,0,
3359,ACCT_01164,ACCT_00185,TRANSFER,1268.09,2023-01-19 06:41:21,0,
3360,ACCT_01787,ACCT_00403,WIRE,2502.97,2023-01-19 06:42:49,0,
3361,ACCT_01382,ACCT_01559,ACH,1445.4,2023-01-19 06:44:07,0,
3362,ACCT_00015,ACCT_01534,TRANSFER,3413.3,2023-01-19 06:51:15,0,
3363,ACCT_00653,ACCT_01501,CHECK,3425.08,2023-01-19 06:51:36,0,
3364,ACCT_00996,ACCT_00256,TRANSFER,1238.5,2023-01-19 06:54:51,0,
3365,ACCT_01479,ACCT_01033,CHECK,3040.83,2023-01-19 06:57:06,0,
3366,ACCT_00011,ACCT_00295,WIRE,1015.94,2023-01-19 07:03:31,0,
3367,ACCT_00635,ACCT_00937,CASH,923.73,2023-01-19 07:06:13,0,
3368,ACCT_00729,ACCT_01188,WIRE,4129.34,2023-01-19 07:09:41,0,
3369,ACCT_01319,ACCT_00662,WIRE,205.66,2023-01-19 07:10:43,0,
3370,ACCT_01360,ACCT_01573,CASH,1605.64,2023-01-19 07:19:09,0,
3371,ACCT_01864,ACCT_00372,CASH,1370.67,2023-01-19 07:45:26,0,
3372,ACCT_01574,ACCT_00184,WIRE,1540.9,2023-01-19 07:51:30,0,
3373,ACCT_01508,ACCT_00639,CHECK,1137.11,2023-01-19 07:51:53,0,
3374,ACCT_00420,ACCT_00608,WIRE,960.56,2023-01-19 07:59:14,0,
3375,ACCT_01896,ACCT_01102,WIRE,3884.48,2023-01-19 08:13:36,0,
3376,ACCT_01014,ACCT_01419,WIRE,4088.26,2023-01-19 08:16:53,0,
3377,ACCT_00950,ACCT_01238,ACH,4851.08,2023-01-19 08:22:22,0,
3378,ACCT_00867,ACCT_00405,ACH,25747.87,2023-01-19 08:24:00,1,ALERT_0026
3379,ACCT_01190,ACCT_00682,TRANSFER,639.09,2023-01-19 08:31:16,0,
3380,ACCT_00260,ACCT_00347,ACH,1200.55,2023-01-19 08:32:35,0,
3381,ACCT_00991,ACCT_00244,TRANSFER,1610.26,2023-01-19 08:38:24,0,
3382,ACCT_00625,ACCT_00801,ACH,1843.72,2023-01-19 08:38:50,0,
3383,ACCT_00074,ACCT_00193,CHECK,1689.54,2023-01-19 08:40:37,0,
3384,ACCT_00309,ACCT_01765,CASH,821.5,2023-01-19 09:04:18,0,
3385,ACCT_00580,ACCT_01489,WIRE,2097.47,2023-01-19 09:12:21,0,
3386,ACCT_01252,ACCT_01187,CASH,2290.36,2023-01-19 09:16:10,0,
3387,ACCT_00950,ACCT_00173,WIRE,2546.73,2023-01-19 09:16:25,0,
3388,ACCT_01145,ACCT_00757,TRANSFER,3011.99,2023-01-19 09:18:34,0,
3389,ACCT_01031,ACCT_00165,ACH,2857.22,2023-01-19 09:28:38,0,
3390,ACCT_00712,ACCT_01374,TRANSFER,4024.29,2023-01-19 09:33:20,0,
3391,ACCT_00197,ACCT_00593,WIRE,146.27,2023-01-19 09:33:58,0,
3392,ACCT_00565,ACCT_01247,WIRE,3446.7,2023-01-19 09:59:29,0,
3393,ACCT_01490,ACCT_00611,CHECK,2429.94,2023-01-19 10:15:52,0,
3394,ACCT_01203,ACCT_00350,TRANSFER,3457.41,2023-01-19 10:30:39,0,
3395,ACCT_01170,ACCT_01325,CASH,2302.28,2023-01-19 10:39:23,0,
3396,ACCT_00775,ACCT_00830,WIRE,25303.0,2023-01-19 10:59:40,1,ALERT_0004
3397,ACCT_00014,ACCT_00664,WIRE,4872.39,2023-01-19 11:00:46,0,
3398,ACCT_00309,ACCT_01529,CASH,4222.17,2023-01-19 11:04:51,0,
3399,ACCT_01189,ACCT_01338,CHECK,4871.49,2023-01-19 11:07:02,0,
3400,ACCT_01064,ACCT_01492,TRANSFER,748.02,2023-01-19 11:08:40,0,
3401,ACCT_01155,ACCT_00648,CASH,165.17,2023-01-19 11:25:27,0,
3402,ACCT_01592,ACCT_01442,CHECK,1090.61,2023-01-19 11:27:20,0,
3403,ACCT_01893,ACCT_01878,TRANSFER,139.29,2023-01-19 11:34:43,0,
3404,ACCT_01428,ACCT_01876,WIRE,4964.37,2023-01-19 11:34:47,0,
3405,ACCT_01026,ACCT_01778,CHECK,4496.22,2023-01-19 11:37:01,0,
3406,ACCT_00035,ACCT_00067,CASH,3477.34,2023-01-19 12:05:24,0,
3407,ACCT_00213,ACCT_00184,TRANSFER,3085.14,2023-01-19 12:10:55,0,
3408,ACCT_00629,ACCT_00626,WIRE,531.32,2023-01-19 12:16:01,0,
3409,ACCT_01312,ACCT_00522,TRANSFER,1444.54,2023-01-19 12:22:54,0,
3410,ACCT_00393,ACCT_01692,CASH,2593.18,2023-01-19 12:27:44,0,
3411,ACCT_00706,ACCT_00279,CHECK,4868.87,2023-01-19 12:27:59,0,
3412,ACCT_00575,ACCT_01476,CHECK,3668.06,2023-01-19 12:32:14,0,
3413,ACCT_00287,ACCT_01487,CHECK,3817.2,2023-01-19 12:34:40,0,
3414,ACCT_01643,ACCT_00476,ACH,3226.91,2023-01-19 12:37:37,0,
3415,ACCT_01243,ACCT_01309,TRANSFER,2632.17,2023-01-19 12:55:58,0,
3416,ACCT_00732,ACCT_00874,ACH,1466.69,2023-01-19 12:58:29,0,
3417,ACCT_01138,ACCT_01174,WIRE,4327.37,2023-01-19 13:05:42,0,
3418,ACCT_00474,ACCT_00842,TRANSFER,1032.75,2023-01-19 13:20:55,0,
3419,ACCT_00077,ACCT_01019,CHECK,4153.95,2023-01-19 13:25:05,0,
3420,ACCT_00955,ACCT_01943,WIRE,3144.37,2023-01-19 13:42:26,0,
3421,ACCT_01766,ACCT_01039,TRANSFER,1690.7,2023-01-19 13:50:35,0,
3422,ACCT_01597,ACCT_01927,CHECK,2360.75,2023-01-19 13:59:53,0,
3423,ACCT_00976,ACCT_00009,TRANSFER,3366.8,2023-01-19 14:12:57,0,
3424,ACCT_01323,ACCT_00289,ACH,2614.3,2023-01-19 14:15:38,0,
3425,ACCT_01314,ACCT_00268,WIRE,2428.52,2023-01-19 14:16:11,0,
3426,ACCT_00619,ACCT_01092,CHECK,2010.07,2023-01-19 14:31:02,0,
3427,ACCT_00946,ACCT_01815,CHECK,873.57,2023-01-19 14:33:16,0,
3428,ACCT_01188,ACCT_01471,CASH,4015.7,2023-01-19 14:38:27,0,
3429,ACCT_00164,ACCT_01368,TRANSFER,915.8,2023-01-19 14:42:01,0,
3430,ACCT_00793,ACCT_01384,TRANSFER,1026.73,2023-01-19 14:46:03,0,
3431,ACCT_01466,ACCT_01537,CHECK,346.35,2023-01-19 14:57:53,0,
3432,ACCT_00253,ACCT_01229,CHECK,4949.84,2023-01-19 14:58:19,0,
3433,ACCT_01059,ACCT_00828,ACH,3743.59,2023-01-19 14:58:52,0,
3434,ACCT_00501,ACCT_00012,ACH,2783.37,2023-01-19 15:07:29,0,
3435,ACCT_01020,ACCT_00122,CASH,2819.13,2023-01-19 15:34:56,0,
3436,ACCT_01339,ACCT_00243,ACH,2365.8,2023-01-19 15:36:03,0,
3437,ACCT_01351,ACCT_00427,TRANSFER,4592.34,2023-01-19 15:43:13,0,
3438,ACCT_00605,ACCT_00422,ACH,3386.56,2023-01-19 15:48:09,0,
3439,ACCT_00781,ACCT_00764,TRANSFER,17352.58,2023-01-19 15:58:11,1,ALERT_0037
3440,ACCT_01775,ACCT_01516,CASH,1864.8,2023-01-19 16:03:59,0,
3441,ACCT_01558,ACCT_00082,ACH,3960.98,2023-01-19 16:05:05,0,
3442,ACCT_01913,ACCT_00048,CASH,2190.72,2023-01-19 16:07:52,0,
3443,ACCT_00231,ACCT_01984,CHECK,2327.52,2023-01-19 16:16:58,0,
3444,ACCT_00171,ACCT_01676,CASH,2126.42,2023-01-19 16:30:01,0,
3445,ACCT_01513,ACCT_00017,TRANSFER,2602.76,2023-01-19 16:35:50,0,
3446,ACCT_01362,ACCT_01913,CASH,3247.1,2023-01-19 16:46:34,0,
3447,ACCT_00529,ACCT_00347,CASH,3362.34,2023-01-19 16:49:18,0,
3448,ACCT_01491,ACCT_01819,CHECK,3710.22,2023-01-19 16:51:30,0,
3449,ACCT_00867,ACCT_01921,WIRE,5806.95,2023-01-19 16:56:56,1,ALERT_0026
3450,ACCT_00836,ACCT_01261,ACH,4891.34,2023-01-19 16:57:30,0,
3451,ACCT_01781,ACCT_01605,WIRE,4771.9,2023-01-19 17:03:54,0,
3452,ACCT_00279,ACCT_00174,WIRE,3214.79,2023-01-19 17:07:26,0,
3453,ACCT_00959,ACCT_00225,CASH,1830.38,2023-01-19 17:09:00,0,
3454,ACCT_00971,ACCT_00537,TRANSFER,2771.13,2023-01-19 17:16:24,0,
3455,ACCT_00834,ACCT_01024,CHECK,2328.96,2023-01-19 17:22:49,0,
3456,ACCT_01553,ACCT_01635,TRANSFER,4531.79,2023-01-19 17:29:31,0,
3457,ACCT_01185,ACCT_00286,WIRE,1257.6,2023-01-19 17:37:02,0,
3458,ACCT_01063,ACCT_01932,CHECK,4020.07,2023-01-19 17:39:10,0,
3459,ACCT_01009,ACCT_00821,ACH,320.13,2023-01-19 17:39:40,0,
3460,ACCT_00640,ACCT_00569,TRANSFER,4822.38,2023-01-19 17:43:34,0,
3461,ACCT_01047,ACCT_00125,ACH,4581.45,2023-01-19 17:48:29,0,
3462,ACCT_01256,ACCT_00764,TRANSFER,6576.91,2023-01-19 18:06:13,1,ALERT_0037
3463,ACCT_00285,ACCT_00183,WIRE,1937.52,2023-01-19 18:07:40,0,
3464,ACCT_01081,ACCT_01294,ACH,3761.55,2023-01-19 18:16:05,0,
3465,ACCT_00902,ACCT_01412,CHECK,3661.27,2023-01-19 18:16:34,0,
3466,ACCT_01992,ACCT_00579,CASH,4335.54,2023-01-19 18:22:20,0,
3467,ACCT_01065,ACCT_00963,CHECK,361.12,2023-01-19 18:27:24,0,
3468,ACCT_00395,ACCT_00025,CHECK,950.93,2023-01-19 18:33:10,0,
3469,ACCT_00508,ACCT_00684,WIRE,3078.98,2023-01-19 18:36:32,0,
3470,ACCT_01622,ACCT_00129,CHECK,4149.47,2023-01-19 18:37:29,0,
3471,ACCT_00715,ACCT_01819,CASH,1961.22,2023-01-19 18:40:40,0,
3472,ACCT_00273,ACCT_00399,CHECK,2850.78,2023-01-19 18:59:46,0,
3473,ACCT_01938,ACCT_00306,ACH,4492.28,2023-01-19 19:11:36,0,
3474,ACCT_00085,ACCT_01841,WIRE,2521.66,2023-01-19 19:21:46,0,
3475,ACCT_01996,ACCT_00759,WIRE,3394.29,2023-01-19 19:42:11,0,
3476,ACCT_01868,ACCT_00735,ACH,776.52,2023-01-19 19:49:47,0,
3477,ACCT_01534,ACCT_01594,ACH,4043.74,2023-01-19 19:52:31,0,
3478,ACCT_01812,ACCT_00320,WIRE,3286.64,2023-01-19 20:04:42,0,
3479,ACCT_01185,ACCT_01160,CASH,3084.35,2023-01-19 20:11:27,0,
3480,ACCT_01929,ACCT_01662,CHECK,150.83,2023-01-19 20:23:47,0,
3481,ACCT_01163,ACCT_00588,TRANSFER,3011.02,2023-01-19 20:27:58,0,
3482,ACCT_00422,ACCT_01689,CHECK,417.9,2023-01-19 20:29:38,0,
3483,ACCT_01716,ACCT_00465,TRANSFER,2242.57,2023-01-19 20:45:48,0,
3484,ACCT_01294,ACCT_01461,ACH,4863.58,2023-01-19 20:50:58,0,
3485,ACCT_01932,ACCT_00678,ACH,4148.95,2023-01-19 20:51:12,0,
3486,ACCT_01327,ACCT_01681,ACH,3028.67,2023-01-19 21:15:41,0,
3487,ACCT_00456,ACCT_00783,TRANSFER,3477.19,2023-01-19 21:27:42,0,
3488,ACCT_00151,ACCT_00997,TRANSFER,1059.38,2023-01-19 21:29:58,0,
3489,ACCT_01276,ACCT_01550,CASH,837.07,2023-01-19 21:35:21,0,
3490,ACCT_01492,ACCT_01828,CHECK,3781.51,2023-01-19 21:39:38,0,
3491,ACCT_01006,ACCT_00230,ACH,454.34,2023-01-19 21:50:49,0,
3492,ACCT_00623,ACCT_00741,CASH,4674.35,2023-01-19 21:56:27,0,
3493,ACCT_00773,ACCT_00137,TRANSFER,1948.65,2023-01-19 22:00:32,0,
3494,ACCT_01196,ACCT_01682,CASH,2560.48,2023-01-19 22:07:57,0,
3495,ACCT_01826,ACCT_00618,TRANSFER,2832.71,2023-01-19 22:13:26,0,
3496,ACCT_00767,ACCT_01552,ACH,4123.13,2023-01-19 22:15:15,0,
3497,ACCT_01914,ACCT_01235,CASH,3172.76,2023-01-19 22:34:39,0,
3498,ACCT_00762,ACCT_01542,TRANSFER,2392.82,2023-01-19 22:38:37,0,
3499,ACCT_00700,ACCT_00643,TRANSFER,416.71,2023-01-19 22:42:15,0,
3500,ACCT_00900,ACCT_00746,ACH,1562.89,2023-01-19 22:46:44,0,
3501,ACCT_01302,ACCT_01552,WIRE,4971.38,2023-01-19 22:58:53,0,
3502,ACCT_01785,ACCT_00852,CHECK,1113.36,2023-01-19 23:47:20,0,
3503,ACCT_00402,ACCT_00764,WIRE,30844.59,2023-01-19 23:52:34,1,ALERT_0037
3504,ACCT_01670,ACCT_01146,ACH,4722.16,2023-01-19 23:53:39,0,
3505,ACCT_00541,ACCT_00293,CHECK,2104.3,2023-01-19 23:59:53,0,
3506,ACCT_00389,ACCT_01405,WIRE,3466.72,2023-01-20 00:15:17,0,
3507,ACCT_00668,ACCT_00077,CHECK,3292.26,2023-01-20 00:16:15,0,
3508,ACCT_01010,ACCT_00790,TRANSFER,3256.71,2023-01-20 00:17:28,0,
3509,ACCT_00786,ACCT_01542,ACH,3851.24,2023-01-20 00:31:04,0,
3510,ACCT_00274,ACCT_01053,CASH,4762.89,2023-01-20 00:32:24,0,
3511,ACCT_01660,ACCT_00731,CASH,4247.55,2023-01-20 00:42:14,0,
3512,ACCT_00657,ACCT_00723,CASH,2522.79,2023-01-20 00:45:48,0,
3513,ACCT_00906,ACCT_00219,ACH,3520.39,2023-01-20 00:58:26,0,
3514,ACCT_01853,ACCT_01619,TRANSFER,3952.68,2023-01-20 01:24:16,0,
3515,ACCT_00468,ACCT_00949,WIRE,1007.43,2023-01-20 01:33:07,0,
3516,ACCT_01172,ACCT_01028,CASH,3549.67,2023-01-20 01:33:49,0,
3517,ACCT_01107,ACCT_00345,WIRE,2692.3,2023-01-20 01:39:09,0,
3518,ACCT_01433,ACCT_01943,TRANSFER,1589.28,2023-01-20 01:41:01,0,
3519,ACCT_00817,ACCT_00566,TRANSFER,2450.03,2023-01-20 01:42:34,0,
3520,ACCT_00930,ACCT_00243,WIRE,1384.56,2023-01-20 01:46:15,0,
3521,ACCT_00892,ACCT_01642,WIRE,4791.51,2023-01-20 01:52:46,0,
3522,ACCT_01904,ACCT_01010,TRANSFER,4811.21,2023-01-20 01:54:08,0,
3523,ACCT_01354,ACCT_01679,WIRE,4740.72,2023-01-20 02:00:57,0,
3524,ACCT_00371,ACCT_01710,CASH,4906.69,2023-01-20 02:01:09,0,
3525,ACCT_01348,ACCT_00428,WIRE,1521.62,2023-01-20 02:13:34,0,
3526,ACCT_00219,ACCT_00750,ACH,4639.94,2023-01-20 02:14:12,0,
3527,ACCT_00295,ACCT_01115,WIRE,1246.28,2023-01-20 02:14:32,0,
3528,ACCT_00294,ACCT_00774,TRANSFER,3483.65,2023-01-20 02:41:07,0,
3529,ACCT_01989,ACCT_00413,TRANSFER,4061.42,2023-01-20 02:43:57,0,
3530,ACCT_00384,ACCT_00223,CASH,3607.2,2023-01-20 02:50:11,0,
3531,ACCT_01699,ACCT_01527,CASH,2254.04,2023-01-20 03:19:18,0,
3532,ACCT_00123,ACCT_00430,CASH,995.43,2023-01-20 03:30:16,0,
3533,ACCT_00294,ACCT_01298,CHECK,2478.32,2023-01-20 03:38:47,0,
3534,ACCT_01054,ACCT_01137,TRANSFER,4606.94,2023-01-20 03:45:29,0,
3535,ACCT_00012,ACCT_01210,CASH,1360.02,2023-01-20 03:45:49,0,
3536,ACCT_01797,ACCT_00480,ACH,548.2,2023-01-20 03:57:56,0,
3537,ACCT_00867,ACCT_00551,ACH,34703.91,2023-01-20 03:58:56,1,ALERT_0026
3538,ACCT_01076,ACCT_00628,WIRE,1116.66,2023-01-20 04:09:42,0,
3539,ACCT_01261,ACCT_00452,TRANSFER,4024.22,2023-01-20 04:18:30,0,
3540,ACCT_00079,ACCT_00561,WIRE,4646.2,2023-01-20 04:24:25,0,
3541,ACCT_01699,ACCT_01685,CHECK,366.25,2023-01-20 04:35:36,0,
3542,ACCT_01076,ACCT_01188,ACH,4221.89,2023-01-20 04:49:28,0,
3543,ACCT_00334,ACCT_00082,CASH,3009.59,2023-01-20 04:52:12,0,
3544,ACCT_01569,ACCT_00773,WIRE,2154.3,2023-01-20 04:58:48,0,
3545,ACCT_01864,ACCT_00387,CHECK,837.46,2023-01-20 05:01:16,0,
3546,ACCT_01887,ACCT_00983,TRANSFER,1251.21,2023-01-20 05:04:24,0,
3547,ACCT_00086,ACCT_00895,ACH,2576.05,2023-01-20 05:15:41,0,
3548,ACCT_01759,ACCT_00303,CHECK,4752.49,2023-01-20 05:16:47,0,
3549,ACCT_00291,ACCT_00003,WIRE,129.76,2023-01-20 05:18:22,0,
3550,ACCT_00475,ACCT_01679,CHECK,3630.89,2023-01-20 05:27:17,0,
3551,ACCT_01654,ACCT_00224,TRANSFER,1581.77,2023-01-20 05:35:45,0,
3552,ACCT_00521,ACCT_01878,CASH,1315.65,2023-01-20 05:41:50,0,
3553,ACCT_01487,ACCT_01699,ACH,2176.04,2023-01-20 05:45:11,0,
3554,ACCT_00830,ACCT_00602,WIRE,18101.71,2023-01-20 05:52:45,1,ALERT_0004
3555,ACCT_00642,ACCT_01032,CASH,2347.21,2023-01-20 05:52:57,0,
3556,ACCT_01105,ACCT_01668,CASH,4645.86,2023-01-20 05:58:39,0,
3557,ACCT_01685,ACCT_00236,ACH,938.46,2023-01-20 06:00:32,0,
3558,ACCT_01280,ACCT_00425,ACH,1981.37,2023-01-20 06:06:38,0,
3559,ACCT_00933,ACCT_00291,TRANSFER,3333.5,2023-01-20 06:09:22,0,
3560,ACCT_01813,ACCT_00848,CASH,2400.06,2023-01-20 06:11:48,0,
3561,ACCT_00795,ACCT_01647,CASH,826.7,2023-01-20 06:12:28,0,
3562,ACCT_01474,ACCT_00751,TRANSFER,1111.92,2023-01-20 06:21:18,0,
3563,ACCT_01637,ACCT_00357,TRANSFER,1847.75,2023-01-20 06:22:06,0,
3564,ACCT_00484,ACCT_00745,CHECK,3766.96,2023-01-20 06:40:37,0,
3565,ACCT_01046,ACCT_01214,CASH,3243.6,2023-01-20 06:41:00,0,
3566,ACCT_00692,ACCT_00487,CHECK,4678.61,2023-01-20 06:57:47,0,
3567,ACCT_01622,ACCT_00176,CASH,4230.55,2023-01-20 07:05:47,0,
3568,ACCT_01817,ACCT_01313,TRANSFER,3238.43,2023-01-20 07:14:58,0,
3569,ACCT_00593,ACCT_00578,CHECK,422.25,2023-01-20 07:16:05,0,
3570,ACCT_00314,ACCT_01065,ACH,4007.0,2023-01-20 07:28:58,0,
3571,ACCT_01213,ACCT_01701,CASH,4716.53,2023-01-20 07:40:20,0,
3572,ACCT_01570,ACCT_00451,WIRE,4855.66,2023-01-20 07:42:42,0,
3573,ACCT_00673,ACCT_01630,CHECK,1290.95,2023-01-20 07:45:06,0,
3574,ACCT_01386,ACCT_00728,CHECK,2135.28,2023-01-20 07:50:37,0,
3575,ACCT_00775,ACCT_01423,CASH,1596.58,2023-01-20 07:54:12,0,
3576,ACCT_00560,ACCT_00144,CASH,728.17,2023-01-20 08:00:54,0,
3577,ACCT_01166,ACCT_01897,TRANSFER,4210.87,2023-01-20 08:04:33,0,
3578,ACCT_01398,ACCT_00972,WIRE,412.21,2023-01-20 08:09:44,0,
3579,ACCT_00031,ACCT_00753,ACH,3803.44,2023-01-20 08:17:17,0,
3580,ACCT_00365,ACCT_00764,ACH,35334.02,2023-01-20 08:17:31,1,ALERT_0037
3581,ACCT_00414,ACCT_01171,WIRE,3761.97,2023-01-20 08:23:46,0,
3582,ACCT_01507,ACCT_01556,CHECK,1717.33,2023-01-20 08:29:25,0,
3583,ACCT_01458,ACCT_01685,CASH,834.06,2023-01-20 09:14:59,0,
3584,ACCT_00884,ACCT_00435,WIRE,1990.67,2023-01-20 09:18:58,0,
3585,ACCT_00738,ACCT_01319,ACH,4991.52,2023-01-20 09:21:35,0,
3586,ACCT_00596,ACCT_00738,ACH,4281.2,2023-01-20 09:22:24,0,
3587,ACCT_01036,ACCT_00320,CASH,1524.21,2023-01-20 09:25:00,0,
3588,ACCT_01332,ACCT_00391,TRANSFER,3837.91,2023-01-20 09:25:20,0,
3589,ACCT_01853,ACCT_01874,WIRE,2530.38,2023-01-20 09:34:47,0,
3590,ACCT_01639,ACCT_01887,TRANSFER,1650.41,2023-01-20 09:34:55,0,
3591,ACCT_00259,ACCT_01489,WIRE,3168.27,2023-01-20 09:35:18,0,
3592,ACCT_00207,ACCT_00173,CHECK,1528.57,2023-01-20 09:35:45,0,
3593,ACCT_01850,ACCT_01517,ACH,3070.82,2023-01-20 09:50:49,0,
3594,ACCT_01401,ACCT_01917,ACH,1426.95,2023-01-20 10:08:35,0,
3595,ACCT_00759,ACCT_00764,TRANSFER,48279.97,2023-01-20 10:23:20,1,ALERT_0037
3596,ACCT_01781,ACCT_01092,CHECK,3161.88,2023-01-20 10:25:54,0,
3597,ACCT_01192,ACCT_01824,CASH,4317.52,2023-01-20 10:29:52,0,
3598,ACCT_01985,ACCT_00814,CHECK,4570.2,2023-01-20 10:35:17,0,
3599,ACCT_01883,ACCT_01731,TRANSFER,2227.58,2023-01-20 10:50:50,0,
3600,ACCT_01039,ACCT_00814,CASH,3772.52,2023-01-20 10:53:42,0,
3601,ACCT_00553,ACCT_01177,TRANSFER,2449.52,2023-01-20 11:04:27,0,
3602,ACCT_01141,ACCT_00534,TRANSFER,2309.72,2023-01-20 11:07:09,0,
3603,ACCT_00807,ACCT_01346,CASH,4992.2,2023-01-20 11:09:49,0,
3604,ACCT_00309,ACCT_00178,CASH,3955.24,2023-01-20 11:26:58,0,
3605,ACCT_00679,ACCT_00106,CHECK,2988.09,2023-01-20 12:00:35,0,
3606,ACCT_00904,ACCT_00866,ACH,3050.88,2023-01-20 12:06:17,0,
3607,ACCT_00709,ACCT_01309,TRANSFER,4204.26,2023-01-20 12:25:07,0,
3608,ACCT_01481,ACCT_00009,CASH,2832.06,2023-01-20 12:26:01,0,
3609,ACCT_00266,ACCT_01734,WIRE,1932.85,2023-01-20 12:32:49,0,
3610,ACCT_00430,ACCT_00139,ACH,1124.46,2023-01-20 12:37:52,0,
3611,ACCT_01129,ACCT_01077,ACH,292.87,2023-01-20 12:39:52,0,
3612,ACCT_00130,ACCT_01417,ACH,1935.84,2023-01-20 12:41:17,0,
3613,ACCT_00341,ACCT_01560,CHECK,3000.36,2023-01-20 12:49:17,0,
3614,ACCT_00880,ACCT_02000,ACH,3689.78,2023-01-20 13:04:29,0,
3615,ACCT_01095,ACCT_01738,WIRE,1955.86,2023-01-20 13:18:44,0,
3616,ACCT_00867,ACCT_00854,WIRE,29351.51,2023-01-20 13:20:15,1,ALERT_0026
3617,ACCT_00715,ACCT_01890,CASH,2075.6,2023-01-20 13:23:40,0,
3618,ACCT_01263,ACCT_00935,ACH,2884.07,2023-01-20 13:45:57,0,
3619,ACCT_01213,ACCT_00326,WIRE,2131.32,2023-01-20 13:46:47,0,
3620,ACCT_00949,ACCT_01064,ACH,3776.55,2023-01-20 14:02:12,0,
3621,ACCT_00656,ACCT_01187,WIRE,3596.02,2023-01-20 14:09:41,0,
3622,ACCT_01332,ACCT_00091,ACH,4178.61,2023-01-20 14:10:19,0,
3623,ACCT_01674,ACCT_00665,CASH,2537.65,2023-01-20 14:14:02,0,
3624,ACCT_01614,ACCT_01524,CASH,2079.64,2023-01-20 14:19:05,0,
3625,ACCT_01991,ACCT_01493,ACH,2530.25,2023-01-20 14:30:13,0,
3626,ACCT_01460,ACCT_01213,CHECK,4700.43,2023-01-20 14:36:06,0,
3627,ACCT_00651,ACCT_00647,ACH,2017.09,2023-01-20 14:45:46,0,
3628,ACCT_01441,ACCT_00419,CHECK,3511.62,2023-01-20 14:48:21,0,
3629,ACCT_00342,ACCT_01260,CASH,1823.04,2023-01-20 14:52:13,0,
3630,ACCT_01347,ACCT_00785,TRANSFER,615.19,2023-01-20 14:59:55,0,
3631,ACCT_01276,ACCT_01923,CASH,2247.14,2023-01-20 15:07:42,0,
3632,ACCT_01910,ACCT_01159,WIRE,979.2,2023-01-20 15:12:06,0,
3633,ACCT_00847,ACCT_00537,TRANSFER,3454.49,2023-01-20 15:16:15,0,
3634,ACCT_00426,ACCT_00293,CHECK,3877.64,2023-01-20 15:26:24,0,
3635,ACCT_01851,ACCT_00754,CASH,976.29,2023-01-20 15:26:48,0,
3636,ACCT_00336,ACCT_00181,WIRE,567.4,2023-01-20 15:35:06,0,
3637,ACCT_01213,ACCT_00269,TRANSFER,3959.81,2023-01-20 15:36:54,0,
3638,ACCT_00206,ACCT_00874,ACH,2925.22,2023-01-20 15:37:16,0,
3639,ACCT_01361,ACCT_00764,ACH,49511.05,2023-01-20 15:39:12,1,ALERT_0037
3640,ACCT_00055,ACCT_01157,ACH,2892.02,2023-01-20 15:40:05,0,
3641,ACCT_01097,ACCT_01411,WIRE,4828.29,2023-01-20 15:43:36,0,
3642,ACCT_00693,ACCT_00186,CHECK,1419.6,2023-01-20 16:18:56,0,
3643,ACCT_00661,ACCT_00418,TRANSFER,475.39,2023-01-20 16:24:52,0,
3644,ACCT_00272,ACCT_01546,WIRE,314.44,2023-01-20 16:27:37,0,
3645,ACCT_01319,ACCT_01549,CHECK,1293.22,2023-01-20 16:33:02,0,
3646,ACCT_00867,ACCT_01564,TRANSFER,4078.93,2023-01-20 16:41:33,1,ALERT_0026
3647,ACCT_00336,ACCT_01325,CHECK,3923.04,2023-01-20 16:45:28,0,
3648,ACCT_00552,ACCT_01177,TRANSFER,2306.59,2023-01-20 16:54:02,0,
3649,ACCT_00736,ACCT_00997,TRANSFER,4427.22,2023-01-20 17:01:20,0,
3650,ACCT_01215,ACCT_00456,ACH,2064.8,2023-01-20 17:03:50,0,
3651,ACCT_00331,ACCT_00590,WIRE,2351.51,2023-01-20 17:09:34,0,
3652,ACCT_00535,ACCT_01572,ACH,965.99,2023-01-20 17:20:12,0,
3653,ACCT_01389,ACCT_00064,TRANSFER,3792.31,2023-01-20 17:23:44,0,
3654,ACCT_01911,ACCT_01771,WIRE,20115.2,2023-01-20 17:28:31,1,ALERT_0020
3655,ACCT_00564,ACCT_01743,CASH,1579.77,2023-01-20 17:40:31,0,
3656,ACCT_01843,ACCT_01145,WIRE,4009.96,2023-01-20 17:59:17,0,
3657,ACCT_00043,ACCT_01757,ACH,2421.53,2023-01-20 18:03:57,0,
3658,ACCT_00957,ACCT_01120,WIRE,3762.71,2023-01-20 18:07:45,0,
3659,ACCT_01766,ACCT_00907,CHECK,4452.95,2023-01-20 18:09:19,0,
3660,ACCT_01678,ACCT_00283,TRANSFER,4244.49,2023-01-20 18:14:13,0,
3661,ACCT_01555,ACCT_01801,CASH,2764.11,2023-01-20 18:23:03,0,
3662,ACCT_00552,ACCT_00223,CHECK,3284.84,2023-01-20 18:30:18,0,
3663,ACCT_00219,ACCT_00359,WIRE,4849.92,2023-01-20 18:38:00,0,
3664,ACCT_01875,ACCT_00764,ACH,41148.95,2023-01-20 18:52:01,1,ALERT_0037
3665,ACCT_00886,ACCT_00284,CHECK,80.89,2023-01-20 19:13:03,0,
3666,ACCT_00648,ACCT_00867,TRANSFER,1740.84,2023-01-20 19:14:26,0,
3667,ACCT_00409,ACCT_01634,WIRE,3091.6,2023-01-20 19:18:41,0,
3668,ACCT_00846,ACCT_01578,CHECK,1197.36,2023-01-20 19:23:59,0,
3669,ACCT_01424,ACCT_00449,WIRE,4376.93,2023-01-20 19:35:03,0,
3670,ACCT_01911,ACCT_00344,WIRE,28940.41,2023-01-20 19:37:46,1,ALERT_0020
3671,ACCT_00062,ACCT_01137,TRANSFER,720.59,2023-01-20 19:38:26,0,
3672,ACCT_01498,ACCT_00098,CASH,1174.46,2023-01-20 19:44:23,0,
3673,ACCT_00688,ACCT_01348,CHECK,136.3,2023-01-20 19:46:22,0,
3674,ACCT_01928,ACCT_01916,CASH,632.74,2023-01-20 20:04:55,0,
3675,ACCT_01656,ACCT_00630,CASH,61.21,2023-01-20 20:13:37,0,
3676,ACCT_01605,ACCT_00522,CASH,3283.58,2023-01-20 20:15:11,0,
3677,ACCT_01758,ACCT_00697,TRANSFER,2562.87,2023-01-20 20:41:26,0,
3678,ACCT_01040,ACCT_00938,TRANSFER,3479.45,2023-01-20 20:43:04,0,
3679,ACCT_01122,ACCT_01856,ACH,1311.75,2023-01-20 20:50:25,0,
3680,ACCT_00614,ACCT_00487,TRANSFER,2591.95,2023-01-20 20:56:45,0,
3681,ACCT_01708,ACCT_00895,TRANSFER,701.66,2023-01-20 21:15:12,0,
3682,ACCT_00403,ACCT_01213,CASH,3917.16,2023-01-20 21:22:59,0,
3683,ACCT_00429,ACCT_00503,ACH,1638.72,2023-01-20 21:43:28,0,
3684,ACCT_01764,ACCT_01854,TRANSFER,3602.71,2023-01-20 22:03:11,0,
3685,ACCT_01162,ACCT_01843,TRANSFER,3936.36,2023-01-20 22:03:57,0,
3686,ACCT_00160,ACCT_01117,CHECK,3417.14,2023-01-20 22:12:16,0,
3687,ACCT_00415,ACCT_02000,CASH,1479.19,2023-01-20 22:14:38,0,
3688,ACCT_01957,ACCT_01421,WIRE,293.38,2023-01-20 22:17:07,0,
3689,ACCT_00431,ACCT_01036,CASH,2756.97,2023-01-20 22:45:26,0,
3690,ACCT_01725,ACCT_01287,WIRE,1382.63,2023-01-20 22:49:14,0,
3691,ACCT_01219,ACCT_01206,WIRE,339.17,2023-01-20 22:50:11,0,
3692,ACCT_01028,ACCT_00303,CASH,429.0,2023-01-20 22:52:14,0,
3693,ACCT_00842,ACCT_00776,ACH,3404.77,2023-01-20 22:53:04,0,
3694,ACCT_00928,ACCT_00460,WIRE,20733.71,2023-01-20 23:04:05,1,ALERT_0023
3695,ACCT_00903,ACCT_00328,ACH,1400.4,2023-01-20 23:05:21,0,
3696,ACCT_00078,ACCT_00488,ACH,4942.87,2023-01-20 23:13:27,0,
3697,ACCT_00547,ACCT_01263,ACH,4989.85,2023-01-20 23:18:47,0,
3698,ACCT_01354,ACCT_00658,CASH,4239.49,2023-01-20 23:18:48,0,
3699,ACCT_00481,ACCT_00717,TRANSFER,396.62,2023-01-20 23:19:03,0,
3700,ACCT_01909,ACCT_00271,CHECK,1740.03,2023-01-20 23:22:07,0,
3701,ACCT_01597,ACCT_00555,CHECK,2161.95,2023-01-20 23:26:45,0,
3702,ACCT_00476,ACCT_00206,TRANSFER,2048.59,2023-01-20 23:39:49,0,
3703,ACCT_00703,ACCT_00698,CASH,1738.37,2023-01-20 23:56:01,0,
3704,ACCT_00279,ACCT_00795,WIRE,4716.57,2023-01-21 00:03:21,0,
3705,ACCT_01911,ACCT_01738,TRANSFER,25758.62,2023-01-21 00:07:42,1,ALERT_0020
3706,ACCT_01520,ACCT_01681,WIRE,1120.6,2023-01-21 00:17:10,0,
3707,ACCT_01989,ACCT_00008,ACH,4291.82,2023-01-21 00:21:21,0,
3708,ACCT_01064,ACCT_01853,CASH,3299.2,2023-01-21 00:30:50,0,
3709,ACCT_01332,ACCT_00783,CASH,3165.34,2023-01-21 00:43:39,0,
3710,ACCT_01441,ACCT_00532,TRANSFER,3139.33,2023-01-21 00:47:01,0,
3711,ACCT_00809,ACCT_01000,CHECK,3832.03,2023-01-21 00:53:18,0,
3712,ACCT_00245,ACCT_01333,CASH,2263.73,2023-01-21 01:11:12,0,
3713,ACCT_00565,ACCT_00414,TRANSFER,4955.51,2023-01-21 01:23:24,0,
3714,ACCT_00051,ACCT_00823,ACH,4205.98,2023-01-21 01:39:01,0,
3715,ACCT_00284,ACCT_01204,CASH,4243.72,2023-01-21 01:48:54,0,
3716,ACCT_01954,ACCT_01479,CHECK,2173.02,2023-01-21 01:51:01,0,
3717,ACCT_00892,ACCT_01188,ACH,4249.45,2023-01-21 01:51:30,0,
3718,ACCT_01081,ACCT_01251,WIRE,3504.47,2023-01-21 01:53:03,0,
3719,ACCT_01155,ACCT_01047,CASH,2669.16,2023-01-21 02:14:24,0,
3720,ACCT_00867,ACCT_00183,ACH,26994.58,2023-01-21 02:32:07,1,ALERT_0026
3721,ACCT_00053,ACCT_00910,WIRE,1908.28,2023-01-21 02:33:26,0,
3722,ACCT_00850,ACCT_01981,TRANSFER,3245.32,2023-01-21 02:34:31,0,
3723,ACCT_01931,ACCT_00461,CASH,17.91,2023-01-21 02:46:57,0,
3724,ACCT_00029,ACCT_00847,TRANSFER,1713.37,2023-01-21 02:50:25,0,
3725,ACCT_00231,ACCT_01973,CASH,2103.77,2023-01-21 02:56:48,0,
3726,ACCT_01075,ACCT_00200,WIRE,3996.03,2023-01-21 03:06:46,0,
3727,ACCT_01911,ACCT_01811,TRANSFER,13999.1,2023-01-21 03:27:50,1,ALERT_0020
3728,ACCT_01312,ACCT_01888,WIRE,3529.64,2023-01-21 03:31:10,0,
3729,ACCT_01118,ACCT_00892,TRANSFER,3729.21,2023-01-21 03:37:44,0,
3730,ACCT_01832,ACCT_01957,CASH,4149.0,2023-01-21 03:39:26,0,
3731,ACCT_01336,ACCT_00110,CHECK,1679.98,2023-01-21 04:03:20,0,
3732,ACCT_00319,ACCT_01562,ACH,1234.65,2023-01-21 04:09:43,0,
3733,ACCT_00448,ACCT_01292,ACH,1862.62,2023-01-21 04:13:38,0,
3734,ACCT_01058,ACCT_01708,CASH,4985.19,2023-01-21 04:35:25,0,
3735,ACCT_01225,ACCT_00764,WIRE,8469.46,2023-01-21 04:38:18,1,ALERT_0037
3736,ACCT_00978,ACCT_01832,CASH,2912.36,2023-01-21 04:41:57,0,
3737,ACCT_01023,ACCT_00997,WIRE,384.44,2023-01-21 04:43:37,0,
3738,ACCT_00867,ACCT_00063,CHECK,62.32,2023-01-21 04:49:21,0,
3739,ACCT_01793,ACCT_00242,WIRE,547.3,2023-01-21 04:50:01,0,
3740,ACCT_00742,ACCT_01339,CHECK,3030.04,2023-01-21 04:53:07,0,
3741,ACCT_01899,ACCT_00567,TRANSFER,1973.43,2023-01-21 04:54:16,0,
3742,ACCT_00801,ACCT_00333,TRANSFER,3574.43,2023-01-21 04:56:49,0,
3743,ACCT_01092,ACCT_01353,ACH,1085.78,2023-01-21 04:58:59,0,
3744,ACCT_00850,ACCT_00116,CASH,2194.19,2023-01-21 05:00:08,0,
3745,ACCT_01419,ACCT_00810,TRANSFER,3483.05,2023-01-21 05:03:30,0,
3746,ACCT_01797,ACCT_01284,ACH,4497.11,2023-01-21 05:12:39,0,
3747,ACCT_00789,ACCT_01406,CASH,3382.14,2023-01-21 05:18:14,0,
3748,ACCT_00777,ACCT_01079,ACH,3618.86,2023-01-21 05:23:44,0,
3749,ACCT_01180,ACCT_00969,CHECK,1540.3,2023-01-21 05:32:27,0,
3750,ACCT_00643,ACCT_01203,CHECK,3789.2,2023-01-21 05:56:37,0,
3751,ACCT_01930,ACCT_01430,CHECK,1055.83,2023-01-21 05:58:10,0,
3752,ACCT_00928,ACCT_00383,TRANSFER,6397.56,2023-01-21 05:59:03,1,ALERT_0023
3753,ACCT_00931,ACCT_01044,CHECK,2764.73,2023-01-21 06:02:57,0,
3754,ACCT_01194,ACCT_01309,CHECK,4392.92,2023-01-21 06:21:39,0,
3755,ACCT_00070,ACCT_00651,CASH,1961.56,2023-01-21 06:38:19,0,
3756,ACCT_00479,ACCT_00285,CASH,942.64,2023-01-21 06:56:15,0,
3757,ACCT_01314,ACCT_01453,CHECK,4518.67,2023-01-21 07:08:00,0,
3758,ACCT_00953,ACCT_01050,ACH,1688.51,2023-01-21 07:14:35,0,
3759,ACCT_00417,ACCT_00420,WIRE,2120.07,2023-01-21 07:28:03,0,
3760,ACCT_00080,ACCT_00763,CHECK,3720.35,2023-01-21 07:44:11,0,
3761,ACCT_00833,ACCT_00139,CASH,1512.52,2023-01-21 07:44:20,0,
3762,ACCT_01107,ACCT_00385,ACH,4537.45,2023-01-21 08:00:05,0,
3763,ACCT_01345,ACCT_00383,TRANSFER,4670.18,2023-01-21 08:10:00,0,
3764,ACCT_01931,ACCT_00274,CHECK,1083.87,2023-01-21 08:16:50,0,
3765,ACCT_00239,ACCT_01143,WIRE,2083.92,2023-01-21 08:36:48,0,
3766,ACCT_00381,ACCT_01696,TRANSFER,344.44,2023-01-21 08:48:26,0,
3767,ACCT_00195,ACCT_01423,CASH,1588.61,2023-01-21 08:48:58,0,
3768,ACCT_00764,ACCT_01500,CHECK,2989.54,2023-01-21 09:15:09,0,
3769,ACCT_01917,ACCT_01253,CHECK,137.85,2023-01-21 09:18:16,0,
3770,ACCT_00373,ACCT_01915,TRANSFER,3576.12,2023-01-21 09:21:23,0,
3771,ACCT_00502,ACCT_01505,CASH,3307.9,2023-01-21 09:25:09,0,
3772,ACCT_01234,ACCT_01494,ACH,3691.55,2023-01-21 09:31:21,0,
3773,ACCT_00620,ACCT_01326,ACH,1890.87,2023-01-21 09:54:16,0,
3774,ACCT_00927,ACCT_00810,CASH,4122.07,2023-01-21 09:54:23,0,
3775,ACCT_01854,ACCT_01260,ACH,2505.61,2023-01-21 10:03:39,0,
3776,ACCT_00074,ACCT_00482,CHECK,3253.04,2023-01-21 10:03:50,0,
3777,ACCT_01053,ACCT_01831,ACH,15161.93,2023-01-21 10:41:53,1,ALERT_0038
3778,ACCT_00010,ACCT_01571,TRANSFER,1376.79,2023-01-21 10:43:07,0,
3779,ACCT_00639,ACCT_00328,WIRE,1728.76,2023-01-21 10:47:18,0,
3780,ACCT_01745,ACCT_00862,WIRE,1122.17,2023-01-21 11:00:00,0,
3781,ACCT_01976,ACCT_00141,CHECK,4172.83,2023-01-21 11:10:16,0,
3782,ACCT_01121,ACCT_01777,TRANSFER,2499.57,2023-01-21 11:11:32,0,
3783,ACCT_00753,ACCT_01176,CASH,2317.4,2023-01-21 11:20:22,0,
3784,ACCT_01727,ACCT_01464,ACH,3997.2,2023-01-21 11:27:00,0,
3785,ACCT_00037,ACCT_01831,WIRE,7109.22,2023-01-21 12:07:33,1,ALERT_0038
3786,ACCT_01403,ACCT_01045,CHECK,2220.95,2023-01-21 12:23:10,0,
3787,ACCT_01058,ACCT_01451,ACH,3390.88,2023-01-21 12:30:54,0,
3788,ACCT_00775,ACCT_00558,CASH,2819.57,2023-01-21 12:34:56,0,
3789,ACCT_01722,ACCT_00035,WIRE,3128.25,2023-01-21 12:47:33,0,
3790,ACCT_00315,ACCT_01023,ACH,1283.08,2023-01-21 12:51:07,0,
3791,ACCT_00726,ACCT_01457,ACH,1776.66,2023-01-21 12:55:56,0,
3792,ACCT_01121,ACCT_00595,ACH,4983.98,2023-01-21 12:57:04,0,
3793,ACCT_00072,ACCT_00848,WIRE,3464.63,2023-01-21 13:16:19,0,
3794,ACCT_01990,ACCT_01961,TRANSFER,2308.25,2023-01-21 13:28:17,0,
3795,ACCT_00672,ACCT_01012,TRANSFER,1930.06,2023-01-21 13:30:05,0,
3796,ACCT_00969,ACCT_00318,CHECK,3204.79,2023-01-21 13:45:21,0,
3797,ACCT_00851,ACCT_00995,CHECK,2498.37,2023-01-21 14:18:00,0,
3798,ACCT_00932,ACCT_00365,CHECK,1873.69,2023-01-21 14:21:33,0,
3799,ACCT_01017,ACCT_01571,TRANSFER,4043.59,2023-01-21 14:25:46,0,
3800,ACCT_01526,ACCT_00465,CHECK,2791.71,2023-01-21 14:28:53,0,
3801,ACCT_01940,ACCT_01475,CHECK,3602.65,2023-01-21 14:30:54,0,
3802,ACCT_00563,ACCT_01055,WIRE,2391.79,2023-01-21 14:43:40,0,
3803,ACCT_00595,ACCT_00917,WIRE,3165.05,2023-01-21 14:44:58,0,
3804,ACCT_01972,ACCT_00286,CHECK,4413.3,2023-01-21 15:01:05,0,
3805,ACCT_00016,ACCT_01875,ACH,986.83,2023-01-21 15:11:12,0,
3806,ACCT_01923,ACCT_01897,WIRE,4784.55,2023-01-21 15:12:42,0,
3807,ACCT_00186,ACCT_00634,WIRE,4009.43,2023-01-21 15:24:38,0,
3808,ACCT_01772,ACCT_01559,ACH,1522.47,2023-01-21 15:34:22,0,
3809,ACCT_00778,ACCT_01398,CASH,989.42,2023-01-21 15:36:16,0,
3810,ACCT_00871,ACCT_01050,TRANSFER,1517.75,2023-01-21 15:37:05,0,
3811,ACCT_00422,ACCT_00560,CHECK,3427.37,2023-01-21 15:58:38,0,
3812,ACCT_00860,ACCT_00373,WIRE,982.84,2023-01-21 16:07:10,0,
3813,ACCT_01328,ACCT_00393,WIRE,3887.56,2023-01-21 16:10:24,0,
3814,ACCT_01613,ACCT_00956,CASH,4154.14,2023-01-21 16:14:58,0,
3815,ACCT_00407,ACCT_01057,CHECK,974.95,2023-01-21 16:23:29,0,
3816,ACCT_00476,ACCT_01113,CASH,382.09,2023-01-21 16:44:34,0,
3817,ACCT_01752,ACCT_01627,ACH,1610.46,2023-01-21 17:01:55,0,
3818,ACCT_01264,ACCT_01107,ACH,4336.57,2023-01-21 17:05:35,0,
3819,ACCT_00818,ACCT_01335,CASH,4130.12,2023-01-21 17:12:17,0,
3820,ACCT_00928,ACCT_00238,TRANSFER,1051.16,2023-01-21 17:14:28,1,ALERT_0023
3821,ACCT_01929,ACCT_00832,CHECK,4419.27,2023-01-21 17:25:41,0,
3822,ACCT_00836,ACCT_00410,TRANSFER,849.13,2023-01-21 17:52:41,0,
3823,ACCT_01878,ACCT_01673,CASH,892.65,2023-01-21 17:54:52,0,
3824,ACCT_01893,ACCT_01323,CHECK,3544.32,2023-01-21 17:58:30,0,
3825,ACCT_01466,ACCT_00281,WIRE,1098.82,2023-01-21 18:06:34,0,
3826,ACCT_01181,ACCT_01017,WIRE,2449.42,2023-01-21 18:06:47,0,
3827,ACCT_00594,ACCT_01380,CASH,2097.45,2023-01-21 18:14:29,0,
3828,ACCT_01635,ACCT_01154,TRANSFER,139.72,2023-01-21 18:18:23,0,
3829,ACCT_01610,ACCT_01132,CHECK,3615.33,2023-01-21 18:18:47,0,
3830,ACCT_00021,ACCT_01253,TRANSFER,4995.48,2023-01-21 18:21:43,0,
3831,ACCT_01956,ACCT_01284,ACH,3706.45,2023-01-21 19:01:34,0,
3832,ACCT_01533,ACCT_01553,WIRE,18741.06,2023-01-21 19:05:27,1,ALERT_0044
3833,ACCT_00225,ACCT_00253,CASH,3220.81,2023-01-21 19:19:52,0,
3834,ACCT_01249,ACCT_01211,TRANSFER,2075.0,2023-01-21 19:26:12,0,
3835,ACCT_00758,ACCT_01581,CASH,2120.03,2023-01-21 19:34:55,0,
3836,ACCT_00717,ACCT_00226,WIRE,2649.79,2023-01-21 19:41:10,0,
3837,ACCT_01410,ACCT_01048,CHECK,2904.23,2023-01-21 19:42:30,0,
3838,ACCT_01714,ACCT_00997,TRANSFER,2964.89,2023-01-21 19:56:27,0,
3839,ACCT_00856,ACCT_00251,CHECK,3626.68,2023-01-21 20:04:10,0,
3840,ACCT_01003,ACCT_00328,WIRE,3590.55,2023-01-21 20:14:27,0,
3841,ACCT_00414,ACCT_01377,WIRE,30356.16,2023-01-21 20:16:10,1,ALERT_0008
3842,ACCT_01460,ACCT_00953,CASH,4413.09,2023-01-21 20:21:47,0,
3843,ACCT_01494,ACCT_01351,ACH,1823.44,2023-01-21 20:26:45,0,
3844,ACCT_01891,ACCT_01450,TRANSFER,3161.39,2023-01-21 20:27:34,0,
3845,ACCT_01104,ACCT_00391,TRANSFER,1511.58,2023-01-21 20:29:58,0,
3846,ACCT_01199,ACCT_00623,CHECK,2800.81,2023-01-21 20:31:40,0,
3847,ACCT_01221,ACCT_00359,ACH,1353.01,2023-01-21 20:33:34,0,
3848,ACCT_00896,ACCT_00101,CASH,25.26,2023-01-21 20:40:08,0,
3849,ACCT_01997,ACCT_00003,ACH,898.22,2023-01-21 20:55:39,0,
3850,ACCT_00944,ACCT_00417,TRANSFER,4136.28,2023-01-21 20:57:10,0,
3851,ACCT_00462,ACCT_01760,CHECK,2479.22,2023-01-21 21:01:37,0,
3852,ACCT_00465,ACCT_01812,TRANSFER,704.95,2023-01-21 21:06:53,0,
3853,ACCT_01268,ACCT_00742,ACH,2542.63,2023-01-21 21:21:11,0,
3854,ACCT_01992,ACCT_00826,CHECK,4344.72,2023-01-21 21:32:38,0,
3855,ACCT_01158,ACCT_00874,ACH,940.49,2023-01-21 21:33:19,0,
3856,ACCT_01272,ACCT_01858,ACH,2585.31,2023-01-21 21:43:24,0,
3857,ACCT_00507,ACCT_01357,CHECK,587.94,2023-01-21 21:54:53,0,
3858,ACCT_01259,ACCT_01491,CHECK,2180.09,2023-01-21 21:56:39,0,
3859,ACCT_01945,ACCT_00236,CASH,312.55,2023-01-21 22:00:33,0,
3860,ACCT_00960,ACCT_01316,ACH,4501.63,2023-01-21 22:02:28,0,
3861,ACCT_00060,ACCT_01335,CHECK,402.76,2023-01-21 22:08:04,0,
3862,ACCT_00223,ACCT_01990,ACH,1193.82,2023-01-21 22:14:04,0,
3863,ACCT_00095,ACCT_00109,TRANSFER,2230.33,2023-01-21 22:19:59,0,
3864,ACCT_00624,ACCT_00892,ACH,585.19,2023-01-21 22:24:42,0,
3865,ACCT_01819,ACCT_00106,TRANSFER,1920.95,2023-01-21 22:34:51,0,
3866,ACCT_01926,ACCT_01807,ACH,3044.43,2023-01-21 22:52:51,0,
3867,ACCT_01971,ACCT_01543,WIRE,2386.23,2023-01-21 22:59:21,0,
3868,ACCT_00503,ACCT_01512,CHECK,3005.16,2023-01-21 23:07:30,0,
3869,ACCT_00181,ACCT_01831,TRANSFER,33196.74,2023-01-21 23:49:02,1,ALERT_0038
3870,ACCT_00084,ACCT_00782,CASH,573.06,2023-01-21 23:50:51,0,
3871,ACCT_00966,ACCT_00741,CASH,2213.4,2023-01-21 23:52:58,0,
3872,ACCT_01109,ACCT_01488,CHECK,4445.08,2023-01-21 23:56:59,0,
3873,ACCT_01905,ACCT_00336,ACH,3812.92,2023-01-21 23:57:48,0,
3874,ACCT_01017,ACCT_01531,TRANSFER,2952.57,2023-01-21 23:57:55,0,
3875,ACCT_01909,ACCT_01843,CHECK,4351.31,2023-01-22 00:02:14,0,
3876,ACCT_00618,ACCT_01705,ACH,4936.23,2023-01-22 00:08:50,0,
3877,ACCT_01949,ACCT_01158,WIRE,3211.51,2023-01-22 00:16:50,0,
3878,ACCT_00228,ACCT_01425,WIRE,1274.15,2023-01-22 00:18:43,0,
3879,ACCT_00553,ACCT_01619,ACH,1474.32,2023-01-22 00:26:52,0,
3880,ACCT_01913,ACCT_00302,TRANSFER,396.71,2023-01-22 00:33:49,0,
3881,ACCT_01059,ACCT_01349,WIRE,2381.3,2023-01-22 00:37:35,0,
3882,ACCT_01958,ACCT_01353,WIRE,141.27,2023-01-22 00:38:59,0,
3883,ACCT_01788,ACCT_01265,TRANSFER,837.99,2023-01-22 00:39:05,0,
3884,ACCT_00414,ACCT_01825,CASH,4623.38,2023-01-22 00:39:41,0,
3885,ACCT_00104,ACCT_00916,ACH,2433.41,2023-01-22 00:44:50,0,
3886,ACCT_00623,ACCT_00598,CASH,2262.98,2023-01-22 00:46:13,0,
3887,ACCT_01105,ACCT_01270,TRANSFER,4487.3,2023-01-22 00:51:17,0,
3888,ACCT_01018,ACCT_00537,CASH,4525.12,2023-01-22 00:58:28,0,
3889,ACCT_01874,ACCT_00376,CASH,2810.83,2023-01-22 01:09:48,0,
3890,ACCT_00928,ACCT_00458,ACH,17715.14,2023-01-22 01:15:23,1,ALERT_0023
3891,ACCT_00859,ACCT_00434,CASH,1543.2,2023-01-22 01:26:35,0,
3892,ACCT_00232,ACCT_01645,CHECK,4936.21,2023-01-22 01:44:37,0,
3893,ACCT_01583,ACCT_00914,WIRE,928.86,2023-01-22 01:47:33,0,
3894,ACCT_01269,ACCT_01208,ACH,4757.43,2023-01-22 01:52:46,0,
3895,ACCT_01734,ACCT_01744,TRANSFER,2873.89,2023-01-22 01:55:21,0,
3896,ACCT_01641,ACCT_00406,WIRE,2062.34,2023-01-22 02:03:58,0,
3897,ACCT_01491,ACCT_01015,CHECK,33.61,2023-01-22 02:15:24,0,
3898,ACCT_01772,ACCT_00376,CASH,880.84,2023-01-22 02:18:52,0,
3899,ACCT_01630,ACCT_01553,TRANSFER,22630.16,2023-01-22 02:23:33,1,ALERT_0044
3900,ACCT_01169,ACCT_01895,TRANSFER,265.7,2023-01-22 02:30:01,0,
3901,ACCT_00317,ACCT_00726,CHECK,4032.27,2023-01-22 02:30:57,0,
3902,ACCT_00928,ACCT_01127,CHECK,3477.44,2023-01-22 02:48:55,0,
3903,ACCT_00764,ACCT_00792,ACH,2897.66,2023-01-22 03:14:59,0,
3904,ACCT_01965,ACCT_01773,TRANSFER,3346.64,2023-01-22 03:25:07,0,
3905,ACCT_00540,ACCT_01568,ACH,3559.8,2023-01-22 03:26:56,0,
3906,ACCT_00458,ACCT_01690,TRANSFER,397.62,2023-01-22 03:29:46,0,
3907,ACCT_00670,ACCT_01883,CASH,4278.34,2023-01-22 03:30:17,0,
3908,ACCT_01357,ACCT_01338,CASH,999.95,2023-01-22 03:31:28,0,
3909,ACCT_01868,ACCT_00011,ACH,2083.77,2023-01-22 03:42:15,0,
3910,ACCT_00514,ACCT_00223,ACH,2520.53,2023-01-22 03:44:09,0,
3911,ACCT_01604,ACCT_01607,WIRE,1448.33,2023-01-22 03:52:05,0,
3912,ACCT_00305,ACCT_00076,TRANSFER,2061.26,2023-01-22 03:53:04,0,
3913,ACCT_00647,ACCT_00194,WIRE,4615.52,2023-01-22 03:57:02,0,
3914,ACCT_00060,ACCT_01488,CHECK,4304.98,2023-01-22 04:00:03,0,
3915,ACCT_00646,ACCT_00135,TRANSFER,3462.22,2023-01-22 04:04:15,0,
3916,ACCT_00641,ACCT_01166,CHECK,3454.43,2023-01-22 04:04:50,0,
3917,ACCT_00323,ACCT_01641,CASH,3208.14,2023-01-22 04:16:47,0,
3918,ACCT_01377,ACCT_01781,TRANSFER,41232.59,2023-01-22 04:19:47,1,ALERT_0008
3919,ACCT_00039,ACCT_01313,CASH,635.55,2023-01-22 04:34:20,0,
3920,ACCT_00697,ACCT_00120,CASH,892.21,2023-01-22 04:36:21,0,
3921,ACCT_00121,ACCT_00107,CASH,4656.01,2023-01-22 04:36:25,0,
3922,ACCT_01155,ACCT_01524,CHECK,3328.29,2023-01-22 04:51:29,0,
3923,ACCT_00659,ACCT_00157,ACH,365.75,2023-01-22 04:54:51,0,
3924,ACCT_01764,ACCT_01831,ACH,14670.04,2023-01-22 05:09:10,1,ALERT_0038
3925,ACCT_01514,ACCT_01439,CHECK,4819.7,2023-01-22 05:12:30,0,
3926,ACCT_01048,ACCT_01654,CHECK,2132.77,2023-01-22 05:25:27,0,
3927,ACCT_00351,ACCT_01638,TRANSFER,206.18,2023-01-22 05:26:22,0,
3928,ACCT_00439,ACCT_00118,WIRE,3097.95,2023-01-22 05:36:47,0,
3929,ACCT_01589,ACCT_01182,WIRE,2704.33,2023-01-22 05:44:00,0,
3930,ACCT_01353,ACCT_01526,CASH,1067.77,2023-01-22 05:49:22,0,
3931,ACCT_01467,ACCT_00038,TRANSFER,3041.4,2023-01-22 05:50:03,0,
3932,ACCT_01318,ACCT_00348,CASH,3800.52,2023-01-22 05:55:14,0,
3933,ACCT_00270,ACCT_01219,CASH,1402.35,2023-01-22 05:59:41,0,
3934,ACCT_00789,ACCT_01759,TRANSFER,865.74,2023-01-22 06:01:39,0,
3935,ACCT_00928,ACCT_00775,TRANSFER,49097.98,2023-01-22 06:10:56,1,ALERT_0023
3936,ACCT_00512,ACCT_01167,TRANSFER,2188.95,2023-01-22 06:21:13,0,
3937,ACCT_01195,ACCT_00003,CHECK,4367.36,2023-01-22 06:22:25,0,
3938,ACCT_01454,ACCT_01607,CHECK,1859.01,2023-01-22 06:25:37,0,
3939,ACCT_01626,ACCT_00500,TRANSFER,1877.44,2023-01-22 06:45:06,0,
3940,ACCT_01382,ACCT_00496,CHECK,3148.99,2023-01-22 06:54:53,0,
3941,ACCT_00832,ACCT_01670,CHECK,778.69,2023-01-22 07:01:41,0,
3942,ACCT_01971,ACCT_01560,CASH,4661.32,2023-01-22 07:05:25,0,
3943,ACCT_00573,ACCT_00363,CHECK,3847.58,2023-01-22 07:05:33,0,
3944,ACCT_01677,ACCT_00569,CHECK,4046.17,2023-01-22 07:15:07,0,
3945,ACCT_01337,ACCT_00383,CASH,835.04,2023-01-22 07:16:10,0,
3946,ACCT_01510,ACCT_01785,ACH,3345.8,2023-01-22 07:16:45,0,
3947,ACCT_00445,ACCT_01392,CASH,1814.49,2023-01-22 07:20:56,0,
3948,ACCT_00818,ACCT_00470,ACH,4142.58,2023-01-22 07:24:31,0,
3949,ACCT_00685,ACCT_01722,CASH,1243.3,2023-01-22 07:27:45,0,
3950,ACCT_01888,ACCT_01107,ACH,3560.91,2023-01-22 07:27:45,0,
3951,ACCT_01971,ACCT_01756,WIRE,2741.91,2023-01-22 07:31:59,0,
3952,ACCT_01421,ACCT_00755,ACH,540.58,2023-01-22 07:33:02,0,
3953,ACCT_00482,ACCT_00958,ACH,3414.22,2023-01-22 07:44:48,0,
3954,ACCT_00006,ACCT_00417,TRANSFER,1818.37,2023-01-22 07:50:25,0,
3955,ACCT_00926,ACCT_00877,CHECK,3472.81,2023-01-22 07:51:51,0,
3956,ACCT_00502,ACCT_00048,CHECK,4033.95,2023-01-22 07:54:09,0,
3957,ACCT_00904,ACCT_01639,TRANSFER,4069.58,2023-01-22 08:00:49,0,
3958,ACCT_01933,ACCT_01709,ACH,3862.29,2023-01-22 08:12:23,0,
3959,ACCT_01423,ACCT_00092,CASH,575.81,2023-01-22 08:26:21,0,
3960,ACCT_01893,ACCT_00439,ACH,4257.97,2023-01-22 08:41:33,0,
3961,ACCT_00984,ACCT_01641,WIRE,951.45,2023-01-22 08:44:25,0,
3962,ACCT_00801,ACCT_00131,ACH,1938.3,2023-01-22 08:45:35,0,
3963,ACCT_01245,ACCT_00047,CHECK,1347.9,2023-01-22 09:11:37,0,
3964,ACCT_00723,ACCT_01627,WIRE,2404.8,2023-01-22 09:14:06,0,
3965,ACCT_01159,ACCT_00927,CASH,3908.93,2023-01-22 09:14:44,0,
3966,ACCT_00376,ACCT_00862,CHECK,4440.38,2023-01-22 09:24:17,0,
3967,ACCT_01646,ACCT_01260,WIRE,725.23,2023-01-22 09:30:04,0,
3968,ACCT_01578,ACCT_00888,TRANSFER,4120.13,2023-01-22 09:40:50,0,
3969,ACCT_01061,ACCT_00538,ACH,4406.95,2023-01-22 09:50:19,0,
3970,ACCT_01961,ACCT_01168,ACH,955.09,2023-01-22 09:54:09,0,
3971,ACCT_01060,ACCT_01599,CASH,3318.19,2023-01-22 09:56:17,0,
3972,ACCT_01159,ACCT_00894,CASH,3143.7,2023-01-22 10:07:26,0,
3973,ACCT_01231,ACCT_01854,CHECK,3393.82,2023-01-22 10:07:57,0,
3974,ACCT_01465,ACCT_01135,CHECK,2460.62,2023-01-22 10:12:38,0,
3975,ACCT_00344,ACCT_00951,CHECK,2386.4,2023-01-22 10:22:03,0,
3976,ACCT_01904,ACCT_01245,WIRE,4849.07,2023-01-22 10:33:06,0,
3977,ACCT_00928,ACCT_01589,WIRE,18526.42,2023-01-22 10:47:12,1,ALERT_0023
3978,ACCT_00814,ACCT_01580,WIRE,2240.96,2023-01-22 10:57:02,0,
3979,ACCT_01090,ACCT_01472,ACH,818.06,2023-01-22 10:58:26,0,
3980,ACCT_00308,ACCT_00049,ACH,3982.39,2023-01-22 11:06:33,0,
3981,ACCT_00809,ACCT_00239,TRANSFER,866.96,2023-01-22 11:17:22,0,
3982,ACCT_00094,ACCT_01743,CASH,3798.63,2023-01-22 11:24:16,0,
3983,ACCT_01690,ACCT_00609,CASH,4076.68,2023-01-22 11:42:46,0,
3984,ACCT_00363,ACCT_00334,WIRE,3019.76,2023-01-22 11:43:48,0,
3985,ACCT_00354,ACCT_00057,ACH,3279.49,2023-01-22 11:47:46,0,
3986,ACCT_00446,ACCT_01931,ACH,1860.19,2023-01-22 11:54:28,0,
3987,ACCT_01566,ACCT_01394,ACH,4264.96,2023-01-22 12:19:01,0,
3988,ACCT_00394,ACCT_01914,CHECK,2269.58,2023-01-22 12:28:35,0,
3989,ACCT_01293,ACCT_00939,WIRE,2606.94,2023-01-22 12:34:30,0,
3990,ACCT_01769,ACCT_00220,CASH,2130.03,2023-01-22 12:38:07,0,
3991,ACCT_01094,ACCT_01761,CASH,3898.96,2023-01-22 12:45:16,0,
3992,ACCT_01724,ACCT_01082,CASH,3940.25,2023-01-22 12:47:54,0,
3993,ACCT_01452,ACCT_00104,CASH,4586.67,2023-01-22 13:03:00,0,
3994,ACCT_01255,ACCT_01904,TRANSFER,4438.72,2023-01-22 13:04:23,0,
3995,ACCT_01301,ACCT_00042,ACH,1408.96,2023-01-22 13:13:24,0,
3996,ACCT_00355,ACCT_00236,CHECK,3810.8,2023-01-22 13:14:40,0,
3997,ACCT_01488,ACCT_00889,CASH,750.19,2023-01-22 13:19:38,0,
3998,ACCT_00981,ACCT_00361,ACH,181.03,2023-01-22 13:30:02,0,
3999,ACCT_00597,ACCT_01798,CASH,3104.75,2023-01-22 13:32:44,0,
4000,ACCT_01638,ACCT_00561,ACH,2159.33,2023-01-22 13:58:36,0,
4001,ACCT_00190,ACCT_01500,CASH,1699.17,2023-01-22 14:21:13,0,
4002,ACCT_00801,ACCT_01233,WIRE,4604.89,2023-01-22 14:35:22,0,
4003,ACCT_01720,ACCT_00977,CHECK,1355.5,2023-01-22 14:46:41,0,
4004,ACCT_01747,ACCT_01449,TRANSFER,1019.58,2023-01-22 14:51:34,0,
4005,ACCT_00852,ACCT_00221,CASH,1423.02,2023-01-22 14:55:31,0,
4006,ACCT_00142,ACCT_00427,TRANSFER,1626.64,2023-01-22 14:58:17,0,
4007,ACCT_00783,ACCT_00121,TRANSFER,1626.39,2023-01-22 14:59:47,0,
4008,ACCT_01560,ACCT_00108,WIRE,4552.72,2023-01-22 15:02:44,0,
4009,ACCT_00741,ACCT_00787,CASH,3775.95,2023-01-22 15:08:20,0,
4010,ACCT_00682,ACCT_00707,WIRE,2879.69,2023-01-22 15:14:55,0,
4011,ACCT_00448,ACCT_01606,ACH,4549.26,2023-01-22 15:26:10,0,
4012,ACCT_01135,ACCT_00860,ACH,1713.07,2023-01-22 15:30:02,0,
4013,ACCT_01164,ACCT_00990,CASH,574.69,2023-01-22 16:03:19,0,
4014,ACCT_00171,ACCT_01491,WIRE,1345.28,2023-01-22 16:06:03,0,
4015,ACCT_00337,ACCT_00407,CASH,4710.29,2023-01-22 16:09:18,0,
4016,ACCT_01291,ACCT_00150,WIRE,84.52,2023-01-22 16:29:00,0,
4017,ACCT_00994,ACCT_01328,WIRE,4355.2,2023-01-22 16:37:00,0,
4018,ACCT_00287,ACCT_01984,WIRE,1235.88,2023-01-22 16:38:13,0,
4019,ACCT_00492,ACCT_01579,CHECK,3520.49,2023-01-22 16:40:47,0,
4020,ACCT_01328,ACCT_00114,CASH,1635.03,2023-01-22 16:56:38,0,
4021,ACCT_01272,ACCT_00500,ACH,803.51,2023-01-22 16:57:52,0,
4022,ACCT_00575,ACCT_01442,CHECK,2466.78,2023-01-22 17:01:03,0,
4023,ACCT_00367,ACCT_01287,CHECK,2186.69,2023-01-22 17:34:25,0,
4024,ACCT_01031,ACCT_00459,CHECK,1814.37,2023-01-22 17:39:14,0,
4025,ACCT_00307,ACCT_00013,ACH,4969.77,2023-01-22 17:45:59,0,
4026,ACCT_01174,ACCT_00022,CHECK,3310.39,2023-01-22 17:49:19,0,
4027,ACCT_00296,ACCT_01517,ACH,1872.15,2023-01-22 17:50:14,0,
4028,ACCT_01009,ACCT_01293,WIRE,1649.91,2023-01-22 17:56:31,0,
4029,ACCT_00367,ACCT_00660,CASH,2632.12,2023-01-22 17:57:38,0,
4030,ACCT_00191,ACCT_00456,CHECK,2809.37,2023-01-22 18:01:02,0,
4031,ACCT_01652,ACCT_01046,CASH,2507.99,2023-01-22 18:02:32,0,
4032,ACCT_01975,ACCT_00107,CASH,3696.91,2023-01-22 18:06:09,0,
4033,ACCT_01422,ACCT_00637,ACH,2143.34,2023-01-22 18:09:12,0,
4034,ACCT_01553,ACCT_01367,TRANSFER,3270.9,2023-01-22 18:09:40,1,ALERT_0044
4035,ACCT_01618,ACCT_01808,WIRE,1080.31,2023-01-22 18:20:39,0,
4036,ACCT_01359,ACCT_00147,CASH,3474.23,2023-01-22 18:27:25,0,
4037,ACCT_00242,ACCT_00289,CASH,1953.07,2023-01-22 18:28:07,0,
4038,ACCT_00094,ACCT_00075,TRANSFER,4604.67,2023-01-22 18:33:09,0,
4039,ACCT_01216,ACCT_00643,TRANSFER,32.97,2023-01-22 18:34:34,0,
4040,ACCT_01713,ACCT_01148,WIRE,39906.7,2023-01-22 19:03:36,1,ALERT_0016
4041,ACCT_01380,ACCT_00401,CASH,2355.88,2023-01-22 19:16:03,0,
4042,ACCT_01781,ACCT_01340,TRANSFER,48844.79,2023-01-22 19:16:33,1,ALERT_0008
4043,ACCT_00805,ACCT_00084,ACH,4453.75,2023-01-22 19:19:12,0,
4044,ACCT_01345,ACCT_00598,ACH,146.22,2023-01-22 19:32:27,0,
4045,ACCT_01079,ACCT_00210,ACH,1995.71,2023-01-22 19:41:30,0,
4046,ACCT_00986,ACCT_01005,TRANSFER,2682.01,2023-01-22 19:58:40,0,
4047,ACCT_01090,ACCT_01214,WIRE,2971.7,2023-01-22 20:13:40,0,
4048,ACCT_01218,ACCT_00315,WIRE,681.57,2023-01-22 20:15:38,0,
4049,ACCT_01039,ACCT_01485,WIRE,4736.3,2023-01-22 20:18:18,0,
4050,ACCT_01713,ACCT_01439,ACH,40425.93,2023-01-22 20:19:47,1,ALERT_0016
4051,ACCT_00044,ACCT_01909,ACH,726.4,2023-01-22 20:43:18,0,
4052,ACCT_00730,ACCT_01194,WIRE,3200.4,2023-01-22 20:50:42,0,
4053,ACCT_00928,ACCT_01652,WIRE,31333.28,2023-01-22 20:51:23,1,ALERT_0023
4054,ACCT_00768,ACCT_01758,TRANSFER,2683.56,2023-01-22 20:54:03,0,
4055,ACCT_01095,ACCT_00617,TRANSFER,657.4,2023-01-22 21:03:17,0,
4056,ACCT_00112,ACCT_00130,CASH,1732.68,2023-01-22 21:07:30,0,
4057,ACCT_01407,ACCT_00318,TRANSFER,1003.62,2023-01-22 21:08:50,0,
4058,ACCT_00721,ACCT_01725,TRANSFER,3875.23,2023-01-22 21:11:35,0,
4059,ACCT_00007,ACCT_00058,CASH,2711.01,2023-01-22 21:20:06,0,
4060,ACCT_01713,ACCT_01926,TRANSFER,6458.42,2023-01-22 21:31:04,1,ALERT_0016
4061,ACCT_01778,ACCT_01513,WIRE,3815.48,2023-01-22 21:37:11,0,
4062,ACCT_00726,ACCT_01415,CHECK,76.22,2023-01-22 21:47:07,0,
4063,ACCT_00771,ACCT_01593,WIRE,88.0,2023-01-22 21:55:29,0,
4064,ACCT_01116,ACCT_00581,TRANSFER,4608.67,2023-01-22 22:01:14,0,
4065,ACCT_00122,ACCT_00517,TRANSFER,1394.35,2023-01-22 22:15:24,0,
4066,ACCT_00791,ACCT_01681,CHECK,1204.65,2023-01-22 22:19:51,0,
4067,ACCT_00883,ACCT_00276,CASH,3581.46,2023-01-22 22:27:04,0,
4068,ACCT_00350,ACCT_00339,CASH,3169.21,2023-01-22 22:36:46,0,
4069,ACCT_00996,ACCT_01530,ACH,1514.05,2023-01-22 22:49:23,0,
4070,ACCT_01626,ACCT_00444,WIRE,3234.37,2023-01-22 23:12:40,0,
4071,ACCT_01007,ACCT_01116,WIRE,2792.43,2023-01-22 23:19:53,0,
4072,ACCT_01553,ACCT_00585,TRANSFER,29023.3,2023-01-22 23:31:32,1,ALERT_0044
4073,ACCT_00523,ACCT_01580,CASH,2552.95,2023-01-22 23:42:41,0,
4074,ACCT_01688,ACCT_00447,CASH,3389.18,2023-01-22 23:54:36,0,
4075,ACCT_01932,ACCT_00710,CASH,2766.39,2023-01-22 23:56:12,0,
4076,ACCT_01266,ACCT_00401,WIRE,3843.42,2023-01-23 00:00:14,0,
4077,ACCT_01810,ACCT_00092,CASH,3807.37,2023-01-23 00:03:39,0,
4078,ACCT_00475,ACCT_01095,WIRE,1569.57,2023-01-23 00:13:36,0,
4079,ACCT_01766,ACCT_01734,WIRE,2948.88,2023-01-23 00:14:52,0,
4080,ACCT_01419,ACCT_00951,WIRE,3288.11,2023-01-23 00:15:03,0,
4081,ACCT_00024,ACCT_00246,TRANSFER,422.36,2023-01-23 00:21:21,0,
4082,ACCT_00630,ACCT_00620,WIRE,488.34,2023-01-23 00:37:30,0,
4083,ACCT_01109,ACCT_00343,TRANSFER,4631.88,2023-01-23 00:42:48,0,
4084,ACCT_00545,ACCT_00105,CHECK,3144.28,2023-01-23 00:43:27,0,
4085,ACCT_01245,ACCT_01243,TRANSFER,3401.09,2023-01-23 01:12:33,0,
4086,ACCT_01766,ACCT_00461,TRANSFER,23.87,2023-01-23 02:02:19,0,
4087,ACCT_00647,ACCT_00586,ACH,2802.7,2023-01-23 02:16:30,0,
4088,ACCT_01458,ACCT_00545,TRANSFER,1970.55,2023-01-23 02:22:52,0,
4089,ACCT_01369,ACCT_01181,ACH,2389.12,2023-01-23 02:25:49,0,
4090,ACCT_01942,ACCT_00916,ACH,4178.0,2023-01-23 02:34:38,0,
4091,ACCT_00141,ACCT_01779,ACH,1694.76,2023-01-23 02:44:14,0,
4092,ACCT_01243,ACCT_00657,CHECK,2948.58,2023-01-23 02:47:27,0,
4093,ACCT_01625,ACCT_01214,TRANSFER,420.63,2023-01-23 03:06:56,0,
4094,ACCT_01363,ACCT_00279,ACH,3171.41,2023-01-23 03:18:55,0,
4095,ACCT_01033,ACCT_01789,CASH,3952.79,2023-01-23 03:22:12,0,
4096,ACCT_01927,ACCT_01826,TRANSFER,2169.02,2023-01-23 03:55:02,0,
4097,ACCT_01554,ACCT_00886,WIRE,4568.92,2023-01-23 04:11:03,0,
4098,ACCT_01655,ACCT_01554,ACH,2274.44,2023-01-23 04:12:16,0,
4099,ACCT_00809,ACCT_01605,ACH,2650.65,2023-01-23 04:15:01,0,
4100,ACCT_01647,ACCT_01545,ACH,3576.28,2023-01-23 04:29:24,0,
4101,ACCT_00502,ACCT_00059,TRANSFER,3825.94,2023-01-23 04:29:39,0,
4102,ACCT_01335,ACCT_01300,ACH,3758.96,2023-01-23 04:58:21,0,
4103,ACCT_00876,ACCT_01120,CHECK,445.05,2023-01-23 05:03:15,0,
4104,ACCT_00362,ACCT_01217,CASH,2652.52,2023-01-23 05:06:19,0,
4105,ACCT_00207,ACCT_01626,CHECK,4715.84,2023-01-23 05:13:23,0,
4106,ACCT_01281,ACCT_00621,WIRE,1178.95,2023-01-23 05:18:48,0,
4107,ACCT_01322,ACCT_01706,WIRE,2474.86,2023-01-23 05:20:29,0,
4108,ACCT_00812,ACCT_00228,CASH,2849.82,2023-01-23 05:31:56,0,
4109,ACCT_01526,ACCT_00441,WIRE,4453.78,2023-01-23 05:38:09,0,
4110,ACCT_01584,ACCT_01885,CHECK,4138.01,2023-01-23 05:40:51,0,
4111,ACCT_00262,ACCT_00373,CHECK,1769.52,2023-01-23 05:44:34,0,
4112,ACCT_00773,ACCT_01521,ACH,1227.74,2023-01-23 05:54:59,0,
4113,ACCT_01713,ACCT_01367,TRANSFER,10154.46,2023-01-23 06:04:39,1,ALERT_0016
4114,ACCT_01191,ACCT_01368,CASH,1773.73,2023-01-23 06:12:30,0,
4115,ACCT_00482,ACCT_00399,CASH,3570.28,2023-01-23 06:29:16,0,
4116,ACCT_00208,ACCT_01461,CHECK,1221.29,2023-01-23 06:34:27,0,
4117,ACCT_00589,ACCT_01174,ACH,2691.06,2023-01-23 06:42:59,0,
4118,ACCT_00496,ACCT_00038,WIRE,506.11,2023-01-23 06:44:21,0,
4119,ACCT_00618,ACCT_01672,TRANSFER,2099.29,2023-01-23 06:46:28,0,
4120,ACCT_00395,ACCT_00975,WIRE,3544.11,2023-01-23 06:55:27,0,
4121,ACCT_00318,ACCT_00709,ACH,4839.35,2023-01-23 06:58:02,0,
4122,ACCT_00693,ACCT_00574,WIRE,4121.27,2023-01-23 07:08:52,0,
4123,ACCT_00968,ACCT_01812,TRANSFER,3278.88,2023-01-23 07:15:48,0,
4124,ACCT_00035,ACCT_00419,ACH,4059.52,2023-01-23 07:21:45,0,
4125,ACCT_01052,ACCT_01372,CASH,670.46,2023-01-23 07:24:28,0,
4126,ACCT_01884,ACCT_00617,ACH,4818.67,2023-01-23 07:26:03,0,
4127,ACCT_00254,ACCT_00955,TRANSFER,2603.44,2023-01-23 07:28:52,0,
4128,ACCT_01136,ACCT_01874,ACH,2447.04,2023-01-23 07:34:11,0,
4129,ACCT_01155,ACCT_00834,CHECK,1612.66,2023-01-23 07:35:57,0,
4130,ACCT_01816,ACCT_00062,CHECK,1343.97,2023-01-23 07:38:04,0,
4131,ACCT_01128,ACCT_01727,WIRE,2844.46,2023-01-23 07:39:12,0,
4132,ACCT_00610,ACCT_01491,TRANSFER,670.06,2023-01-23 07:44:37,0,
4133,ACCT_01939,ACCT_01240,ACH,128.15,2023-01-23 07:50:14,0,
4134,ACCT_00116,ACCT_00242,WIRE,1221.21,2023-01-23 08:07:33,0,
4135,ACCT_01943,ACCT_00232,WIRE,1388.76,2023-01-23 08:09:04,0,
4136,ACCT_01165,ACCT_00018,TRANSFER,2356.62,2023-01-23 08:09:24,0,
4137,ACCT_00266,ACCT_00555,TRANSFER,529.27,2023-01-23 08:19:28,0,
4138,ACCT_00063,ACCT_00516,TRANSFER,2461.27,2023-01-23 08:21:27,0,
4139,ACCT_01129,ACCT_00268,TRANSFER,2455.42,2023-01-23 08:22:06,0,
4140,ACCT_00434,ACCT_01211,CASH,2259.79,2023-01-23 08:22:59,0,
4141,ACCT_01619,ACCT_01898,CASH,1090.71,2023-01-23 08:27:20,0,
4142,ACCT_01713,ACCT_01982,TRANSFER,600.11,2023-01-23 08:44:02,1,ALERT_0016
4143,ACCT_01479,ACCT_00186,CHECK,1571.49,2023-01-23 08:58:05,0,
4144,ACCT_01824,ACCT_01391,CHECK,252.56,2023-01-23 08:59:51,0,
4145,ACCT_00932,ACCT_00222,TRANSFER,1260.94,2023-01-23 09:03:20,0,
4146,ACCT_00811,ACCT_00757,CHECK,795.43,2023-01-23 09:26:51,0,
4147,ACCT_00480,ACCT_01213,CASH,3827.73,2023-01-23 09:34:14,0,
4148,ACCT_01191,ACCT_00867,WIRE,3789.53,2023-01-23 09:53:14,0,
4149,ACCT_01958,ACCT_00354,WIRE,3186.04,2023-01-23 10:03:26,0,
4150,ACCT_01446,ACCT_00682,CHECK,43.02,2023-01-23 10:17:33,0,
4151,ACCT_01923,ACCT_01416,ACH,3030.21,2023-01-23 10:39:59,0,
4152,ACCT_01340,ACCT_00921,TRANSFER,28960.72,2023-01-23 10:49:37,1,ALERT_0008
4153,ACCT_01901,ACCT_00059,CHECK,878.84,2023-01-23 10:54:23,0,
4154,ACCT_00800,ACCT_01877,ACH,3378.95,2023-01-23 11:19:47,0,
4155,ACCT_00618,ACCT_00249,TRANSFER,2028.77,2023-01-23 11:22:12,0,
4156,ACCT_01782,ACCT_00892,ACH,2091.61,2023-01-23 11:27:49,0,
4157,ACCT_00364,ACCT_01449,CHECK,4396.53,2023-01-23 11:39:22,0,
4158,ACCT_01450,ACCT_01065,TRANSFER,1609.17,2023-01-23 11:39:24,0,
4159,ACCT_01369,ACCT_00173,WIRE,2559.38,2023-01-23 11:39:32,0,
4160,ACCT_01450,ACCT_00445,ACH,2172.81,2023-01-23 11:45:22,0,
4161,ACCT_00971,ACCT_01025,ACH,4410.36,2023-01-23 11:47:46,0,
4162,ACCT_00648,ACCT_00297,CASH,4187.71,2023-01-23 11:49:09,0,
4163,ACCT_01417,ACCT_00078,ACH,908.2,2023-01-23 11:52:43,0,
4164,ACCT_01216,ACCT_00086,CHECK,4885.3,2023-01-23 11:59:39,0,
4165,ACCT_01624,ACCT_00044,WIRE,786.15,2023-01-23 12:00:03,0,
4166,ACCT_01179,ACCT_00495,ACH,4659.73,2023-01-23 12:03:02,0,
4167,ACCT_00498,ACCT_00732,ACH,2066.13,2023-01-23 12:05:11,0,
4168,ACCT_00950,ACCT_00777,TRANSFER,4540.19,2023-01-23 12:12:57,0,
4169,ACCT_01351,ACCT_00587,CHECK,2747.16,2023-01-23 12:13:41,0,
4170,ACCT_00496,ACCT_01632,WIRE,4864.3,2023-01-23 12:13:55,0,
4171,ACCT_00308,ACCT_00339,CHECK,1995.89,2023-01-23 12:14:38,0,
4172,ACCT_00288,ACCT_00484,TRANSFER,2859.16,2023-01-23 12:16:06,0,
4173,ACCT_00355,ACCT_00722,CASH,2346.81,2023-01-23 12:31:12,0,
4174,ACCT_01931,ACCT_00929,ACH,3229.74,2023-01-23 12:40:24,0,
4175,ACCT_01085,ACCT_01891,TRANSFER,2349.01,2023-01-23 12:42:17,0,
4176,ACCT_00878,ACCT_01600,CASH,3982.69,2023-01-23 13:03:42,0,
4177,ACCT_01923,ACCT_00243,CHECK,2439.37,2023-01-23 13:10:27,0,
4178,ACCT_00016,ACCT_00967,CHECK,850.82,2023-01-23 13:37:20,0,
4179,ACCT_01762,ACCT_00269,WIRE,4854.03,2023-01-23 13:51:21,0,
4180,ACCT_00156,ACCT_00736,TRANSFER,1479.64,2023-01-23 13:54:22,0,
4181,ACCT_00223,ACCT_01563,WIRE,1073.95,2023-01-23 13:55:19,0,
4182,ACCT_01460,ACCT_01724,ACH,1447.28,2023-01-23 14:11:37,0,
4183,ACCT_01138,ACCT_00972,WIRE,1810.2,2023-01-23 14:11:37,0,
4184,ACCT_00107,ACCT_01431,ACH,4023.91,2023-01-23 14:12:44,0,
4185,ACCT_00058,ACCT_01916,ACH,2227.71,2023-01-23 14:14:18,0,
4186,ACCT_00169,ACCT_00236,TRANSFER,4898.51,2023-01-23 14:14:49,0,
4187,ACCT_00566,ACCT_00184,ACH,2554.06,2023-01-23 14:19:00,0,
4188,ACCT_00379,ACCT_00400,TRANSFER,933.25,2023-01-23 14:22:43,0,
4189,ACCT_00005,ACCT_00635,CASH,2257.68,2023-01-23 14:30:51,0,
4190,ACCT_01973,ACCT_01495,WIRE,1317.31,2023-01-23 14:31:36,0,
4191,ACCT_01832,ACCT_01671,ACH,1220.97,2023-01-23 15:16:17,0,
4192,ACCT_00960,ACCT_00615,CASH,4251.52,2023-01-23 15:23:18,0,
4193,ACCT_00826,ACCT_01041,CASH,3098.66,2023-01-23 15:37:58,0,
4194,ACCT_00868,ACCT_00914,CHECK,3102.17,2023-01-23 15:43:21,0,
4195,ACCT_01713,ACCT_01489,ACH,5787.51,2023-01-23 15:59:03,1,ALERT_0016
4196,ACCT_01427,ACCT_01055,ACH,4343.61,2023-01-23 16:00:44,0,
4197,ACCT_00085,ACCT_01189,WIRE,1308.86,2023-01-23 16:02:47,0,
4198,ACCT_00402,ACCT_01357,CHECK,4798.81,2023-01-23 16:08:05,0,
4199,ACCT_01090,ACCT_00019,ACH,2727.53,2023-01-23 16:19:30,0,
4200,ACCT_00125,ACCT_01507,WIRE,2622.28,2023-01-23 16:27:34,0,
4201,ACCT_00091,ACCT_00083,CHECK,3670.05,2023-01-23 16:33:13,0,
4202,ACCT_00249,ACCT_00756,TRANSFER,3779.43,2023-01-23 16:44:47,0,
4203,ACCT_01201,ACCT_00485,CHECK,2548.02,2023-01-23 16:46:29,0,
4204,ACCT_01538,ACCT_01260,ACH,2569.65,2023-01-23 16:48:47,0,
4205,ACCT_00553,ACCT_01766,TRANSFER,391.87,2023-01-23 16:52:13,0,
4206,ACCT_00819,ACCT_00406,CASH,2285.78,2023-01-23 16:56:03,0,
4207,ACCT_00349,ACCT_01940,WIRE,1432.55,2023-01-23 17:23:29,0,
4208,ACCT_01337,ACCT_00694,TRANSFER,2718.67,2023-01-23 17:35:52,0,
4209,ACCT_01743,ACCT_00405,CHECK,2931.6,2023-01-23 17:57:45,0,
4210,ACCT_00055,ACCT_00208,TRANSFER,2010.45,2023-01-23 17:58:46,0,
4211,ACCT_01281,ACCT_01574,CASH,1899.04,2023-01-23 18:07:13,0,
4212,ACCT_01615,ACCT_01994,WIRE,2810.16,2023-01-23 18:17:40,0,
4213,ACCT_01994,ACCT_00153,WIRE,783.71,2023-01-23 18:18:31,0,
4214,ACCT_01854,ACCT_00314,TRANSFER,3489.93,2023-01-23 18:18:40,0,
4215,ACCT_00288,ACCT_01227,CASH,460.82,2023-01-23 18:18:58,0,
4216,ACCT_01661,ACCT_01925,CHECK,2597.93,2023-01-23 18:23:19,0,
4217,ACCT_01132,ACCT_01599,CASH,2294.6,2023-01-23 18:25:23,0,
4218,ACCT_00159,ACCT_00528,ACH,4570.34,2023-01-23 18:34:22,0,
4219,ACCT_00088,ACCT_00312,TRANSFER,3100.21,2023-01-23 18:34:33,0,
4220,ACCT_01895,ACCT_00072,CHECK,1056.08,2023-01-23 18:59:07,0,
4221,ACCT_00935,ACCT_01318,WIRE,218.18,2023-01-23 19:12:47,0,
4222,ACCT_00577,ACCT_00522,TRANSFER,1545.79,2023-01-23 19:13:29,0,
4223,ACCT_00456,ACCT_01490,TRANSFER,1642.31,2023-01-23 19:37:29,0,
4224,ACCT_01580,ACCT_01049,CHECK,2545.35,2023-01-23 19:37:55,0,
4225,ACCT_00179,ACCT_00539,CASH,2378.38,2023-01-23 19:40:57,0,
4226,ACCT_00663,ACCT_00918,WIRE,1547.16,2023-01-23 19:48:29,0,
4227,ACCT_01210,ACCT_01032,ACH,4506.72,2023-01-23 19:50:15,0,
4228,ACCT_00123,ACCT_01724,CASH,1306.18,2023-01-23 20:05:57,0,
4229,ACCT_01772,ACCT_01764,TRANSFER,2218.16,2023-01-23 20:11:28,0,
4230,ACCT_01395,ACCT_01533,TRANSFER,658.22,2023-01-23 20:11:39,0,
4231,ACCT_00674,ACCT_01333,TRANSFER,2098.5,2023-01-23 20:52:48,0,
4232,ACCT_00291,ACCT_01951,WIRE,4599.02,2023-01-23 21:01:36,0,
4233,ACCT_00648,ACCT_00094,CHECK,3583.2,2023-01-23 21:09:31,0,
4234,ACCT_00964,ACCT_01620,ACH,333.72,2023-01-23 21:18:10,0,
4235,ACCT_01189,ACCT_01191,WIRE,3836.02,2023-01-23 21:41:16,0,
4236,ACCT_01438,ACCT_00166,ACH,4409.42,2023-01-23 21:52:49,0,
4237,ACCT_00376,ACCT_00808,CHECK,4934.46,2023-01-23 22:08:20,0,
4238,ACCT_01578,ACCT_00774,CHECK,1502.78,2023-01-23 22:11:40,0,
4239,ACCT_01181,ACCT_00781,TRANSFER,4735.51,2023-01-23 22:16:10,0,
4240,ACCT_00654,ACCT_00700,ACH,2055.35,2023-01-23 22:35:25,0,
4241,ACCT_01128,ACCT_00075,WIRE,434.16,2023-01-23 22:44:04,0,
4242,ACCT_00220,ACCT_00713,CHECK,4026.24,2023-01-23 22:47:55,0,
4243,ACCT_01904,ACCT_01550,TRANSFER,2756.51,2023-01-23 22:50:51,0,
4244,ACCT_01515,ACCT_00236,CASH,3688.1,2023-01-23 23:15:16,0,
4245,ACCT_00183,ACCT_01194,TRANSFER,3061.34,2023-01-23 23:15:28,0,
4246,ACCT_00150,ACCT_01606,CHECK,1812.42,2023-01-23 23:20:11,0,
4247,ACCT_01011,ACCT_00017,ACH,1286.68,2023-01-23 23:22:31,0,
4248,ACCT_01786,ACCT_01555,WIRE,3935.35,2023-01-23 23:22:54,0,
4249,ACCT_00157,ACCT_01879,TRANSFER,2571.94,2023-01-23 23:30:13,0,
4250,ACCT_00510,ACCT_00090,CASH,1612.88,2023-01-23 23:55:37,0,
4251,ACCT_00552,ACCT_00639,CHECK,1301.5,2023-01-24 00:03:56,0,
4252,ACCT_00962,ACCT_00842,CASH,2649.38,2023-01-24 00:12:50,0,
4253,ACCT_00474,ACCT_00459,CASH,4527.39,2023-01-24 00:17:28,0,
4254,ACCT_00721,ACCT_00156,TRANSFER,3172.94,2023-01-24 00:21:58,0,
4255,ACCT_01303,ACCT_01344,CHECK,2460.1,2023-01-24 00:24:47,0,
4256,ACCT_00082,ACCT_00745,CHECK,3585.96,2023-01-24 00:29:04,0,
4257,ACCT_01713,ACCT_00499,TRANSFER,46455.14,2023-01-24 00:29:12,1,ALERT_0016
4258,ACCT_00483,ACCT_00846,WIRE,3990.52,2023-01-24 00:37:01,0,
4259,ACCT_01409,ACCT_00603,TRANSFER,45468.14,2023-01-24 00:39:30,1,ALERT_0019
4260,ACCT_00989,ACCT_01664,ACH,259.51,2023-01-24 00:50:05,0,
4261,ACCT_00259,ACCT_00688,TRANSFER,2124.32,2023-01-24 01:21:45,1,ALERT_0021
4262,ACCT_01624,ACCT_01550,CHECK,526.81,2023-01-24 01:24:47,0,
4263,ACCT_01756,ACCT_01270,WIRE,2209.73,2023-01-24 01:28:39,0,
4264,ACCT_00302,ACCT_01100,CHECK,4802.12,2023-01-24 01:29:30,0,
4265,ACCT_00921,ACCT_01754,TRANSFER,12034.21,2023-01-24 01:29:50,1,ALERT_0008
4266,ACCT_01149,ACCT_01763,ACH,2565.39,2023-01-24 01:31:54,0,
4267,ACCT_00160,ACCT_01226,CASH,1780.32,2023-01-24 01:33:59,0,
4268,ACCT_00736,ACCT_01363,TRANSFER,4161.94,2023-01-24 01:39:55,0,
4269,ACCT_01231,ACCT_00374,CHECK,4682.33,2023-01-24 02:01:05,0,
4270,ACCT_00631,ACCT_00843,CASH,4316.79,2023-01-24 02:01:06,0,
4271,ACCT_00890,ACCT_01292,CHECK,473.81,2023-01-24 02:24:31,0,
4272,ACCT_00097,ACCT_00245,ACH,2294.87,2023-01-24 02:35:37,0,
4273,ACCT_01015,ACCT_01333,CHECK,2130.38,2023-01-24 02:56:21,0,
4274,ACCT_01810,ACCT_00898,CHECK,2172.71,2023-01-24 03:05:21,0,
4275,ACCT_00812,ACCT_00903,CHECK,2530.73,2023-01-24 03:19:25,0,
4276,ACCT_01801,ACCT_01451,TRANSFER,639.69,2023-01-24 03:27:34,0,
4277,ACCT_00883,ACCT_01008,WIRE,432.87,2023-01-24 03:27:50,0,
4278,ACCT_00418,ACCT_00643,TRANSFER,4089.95,2023-01-24 03:50:50,0,
4279,ACCT_01745,ACCT_01170,WIRE,637.91,2023-01-24 03:54:45,0,
4280,ACCT_00015,ACCT_00691,ACH,1296.6,2023-01-24 04:05:16,0,
4281,ACCT_00781,ACCT_00466,CASH,441.84,2023-01-24 04:08:08,0,
4282,ACCT_01042,ACCT_01910,WIRE,2403.48,2023-01-24 04:12:44,0,
4283,ACCT_00279,ACCT_01658,WIRE,910.16,2023-01-24 04:33:09,1,ALERT_0028
4284,ACCT_00368,ACCT_01936,TRANSFER,595.56,2023-01-24 04:40:11,0,
4285,ACCT_01884,ACCT_01056,WIRE,4605.3,2023-01-24 04:58:57,0,
4286,ACCT_00721,ACCT_00861,CASH,98.54,2023-01-24 05:01:34,0,
4287,ACCT_01713,ACCT_01956,ACH,1491.02,2023-01-24 05:03:52,1,ALERT_0016
4288,ACCT_01482,ACCT_01535,WIRE,2377.45,2023-01-24 05:05:28,0,
4289,ACCT_01065,ACCT_01511,WIRE,535.08,2023-01-24 05:46:04,0,
4290,ACCT_01250,ACCT_01357,WIRE,1635.15,2023-01-24 05:47:00,0,
4291,ACCT_00094,ACCT_01643,WIRE,2043.98,2023-01-24 05:50:50,0,
4292,ACCT_01442,ACCT_01415,TRANSFER,1914.78,2023-01-24 06:06:18,0,
4293,ACCT_00557,ACCT_00164,CHECK,1361.64,2023-01-24 06:19:45,0,
4294,ACCT_01376,ACCT_01422,TRANSFER,3988.68,2023-01-24 06:22:24,0,
4295,ACCT_00467,ACCT_01315,WIRE,1824.45,2023-01-24 06:23:06,0,
4296,ACCT_01120,ACCT_01693,WIRE,4114.95,2023-01-24 06:24:17,0,
4297,ACCT_01472,ACCT_01354,TRANSFER,3777.72,2023-01-24 06:52:58,0,
4298,ACCT_01422,ACCT_00179,ACH,1870.11,2023-01-24 06:55:53,0,
4299,ACCT_01985,ACCT_00402,TRANSFER,1147.71,2023-01-24 06:56:53,0,
4300,ACCT_00609,ACCT_01011,CASH,250.96,2023-01-24 07:05:30,0,
4301,ACCT_01115,ACCT_00179,CHECK,237.25,2023-01-24 07:13:10,0,
4302,ACCT_00186,ACCT_01417,TRANSFER,4556.11,2023-01-24 07:31:27,0,
4303,ACCT_00655,ACCT_01172,CASH,4973.52,2023-01-24 07:39:27,0,
4304,ACCT_01922,ACCT_01017,WIRE,4502.56,2023-01-24 07:44:22,0,
4305,ACCT_01730,ACCT_00834,CASH,617.37,2023-01-24 07:45:32,0,
4306,ACCT_00714,ACCT_01545,ACH,640.83,2023-01-24 07:46:39,0,
4307,ACCT_01542,ACCT_01457,CASH,1121.77,2023-01-24 08:00:34,0,
4308,ACCT_01074,ACCT_00144,CHECK,296.69,2023-01-24 08:00:51,0,
4309,ACCT_00323,ACCT_00859,WIRE,881.44,2023-01-24 08:05:15,0,
4310,ACCT_01135,ACCT_00769,CASH,1811.42,2023-01-24 08:20:08,0,
4311,ACCT_01409,ACCT_00432,TRANSFER,23361.82,2023-01-24 08:23:34,1,ALERT_0019
4312,ACCT_01539,ACCT_01808,ACH,1877.59,2023-01-24 08:24:13,0,
4313,ACCT_01387,ACCT_01078,CHECK,2945.31,2023-01-24 08:27:38,0,
4314,ACCT_00129,ACCT_00051,CASH,1634.16,2023-01-24 08:40:31,0,
4315,ACCT_01601,ACCT_00050,WIRE,4597.5,2023-01-24 08:55:50,0,
4316,ACCT_00069,ACCT_01236,TRANSFER,1518.79,2023-01-24 08:56:56,0,
4317,ACCT_01224,ACCT_00373,CHECK,347.72,2023-01-24 08:57:18,0,
4318,ACCT_01390,ACCT_01687,CHECK,186.47,2023-01-24 09:06:44,0,
4319,ACCT_01964,ACCT_00698,TRANSFER,4109.95,2023-01-24 09:14:56,0,
4320,ACCT_00206,ACCT_00582,CASH,1428.97,2023-01-24 09:23:37,0,
4321,ACCT_01450,ACCT_01546,ACH,502.91,2023-01-24 09:25:52,0,
4322,ACCT_00674,ACCT_01456,CHECK,3345.1,2023-01-24 09:30:37,0,
4323,ACCT_00198,ACCT_01557,TRANSFER,3308.79,2023-01-24 09:32:41,0,
4324,ACCT_00496,ACCT_01504,ACH,3854.78,2023-01-24 09:32:54,0,
4325,ACCT_00936,ACCT_00397,WIRE,3580.1,2023-01-24 09:37:55,0,
4326,ACCT_00433,ACCT_01070,TRANSFER,1884.57,2023-01-24 09:40:48,0,
4327,ACCT_00566,ACCT_00634,WIRE,215.09,2023-01-24 09:41:02,0,
4328,ACCT_01631,ACCT_01555,ACH,1807.53,2023-01-24 09:45:10,0,
4329,ACCT_01860,ACCT_00741,WIRE,4493.62,2023-01-24 09:49:30,0,
4330,ACCT_01560,ACCT_00527,CASH,1513.41,2023-01-24 09:51:18,0,
4331,ACCT_01029,ACCT_00588,CASH,4763.56,2023-01-24 10:14:32,0,
4332,ACCT_00304,ACCT_01017,WIRE,4376.22,2023-01-24 10:20:33,0,
4333,ACCT_01942,ACCT_01170,CHECK,3663.13,2023-01-24 10:33:55,0,
4334,ACCT_01227,ACCT_01347,TRANSFER,4001.69,2023-01-24 10:38:31,0,
4335,ACCT_01832,ACCT_01658,WIRE,26299.18,2023-01-24 10:39:33,1,ALERT_0028
4336,ACCT_01477,ACCT_01496,CASH,4285.62,2023-01-24 10:44:23,0,
4337,ACCT_01614,ACCT_01697,CASH,621.89,2023-01-24 10:49:28,0,
4338,ACCT_01410,ACCT_00412,WIRE,4129.24,2023-01-24 10:51:32,0,
4339,ACCT_01821,ACCT_00833,WIRE,1214.29,2023-01-24 10:57:33,0,
4340,ACCT_01967,ACCT_00960,TRANSFER,3378.93,2023-01-24 11:28:47,0,
4341,ACCT_00847,ACCT_01305,CHECK,3344.49,2023-01-24 11:30:17,0,
4342,ACCT_00929,ACCT_00836,WIRE,4315.86,2023-01-24 11:33:08,0,
4343,ACCT_01269,ACCT_01017,WIRE,1802.54,2023-01-24 11:37:06,0,
4344,ACCT_01992,ACCT_01737,CASH,346.29,2023-01-24 11:55:44,0,
4345,ACCT_01556,ACCT_01230,CHECK,457.38,2023-01-24 11:59:21,0,
4346,ACCT_01140,ACCT_01395,CASH,2785.26,2023-01-24 12:05:00,0,
4347,ACCT_01653,ACCT_01270,TRANSFER,4046.14,2023-01-24 12:18:56,0,
4348,ACCT_00146,ACCT_01990,WIRE,425.31,2023-01-24 12:21:14,0,
4349,ACCT_01007,ACCT_01377,TRANSFER,1987.89,2023-01-24 12:28:31,0,
4350,ACCT_00040,ACCT_00392,WIRE,4926.85,2023-01-24 12:33:20,0,
4351,ACCT_00569,ACCT_00677,CHECK,3330.89,2023-01-24 12:33:27,0,
4352,ACCT_00248,ACCT_00757,ACH,1455.06,2023-01-24 12:35:58,0,
4353,ACCT_01212,ACCT_00551,ACH,2352.47,2023-01-24 12:36:58,0,
4354,ACCT_01754,ACCT_00414,TRANSFER,5157.57,2023-01-24 12:40:17,1,ALERT_0008
4355,ACCT_00035,ACCT_00426,CHECK,4723.78,2023-01-24 12:47:26,0,
4356,ACCT_00516,ACCT_01028,ACH,1623.68,2023-01-24 12:54:56,0,
4357,ACCT_00290,ACCT_01816,ACH,4321.28,2023-01-24 12:56:13,0,
4358,ACCT_00930,ACCT_00832,TRANSFER,2836.31,2023-01-24 13:04:38,0,
4359,ACCT_00762,ACCT_01155,WIRE,716.17,2023-01-24 13:06:40,0,
4360,ACCT_00259,ACCT_00858,WIRE,19947.12,2023-01-24 13:08:42,1,ALERT_0021
4361,ACCT_00286,ACCT_00156,WIRE,4575.2,2023-01-24 13:10:35,0,
4362,ACCT_01472,ACCT_01716,CHECK,3760.64,2023-01-24 13:20:52,0,
4363,ACCT_01084,ACCT_01942,TRANSFER,3483.43,2023-01-24 13:37:07,0,
4364,ACCT_01713,ACCT_01366,WIRE,48169.13,2023-01-24 13:46:30,1,ALERT_0016
4365,ACCT_01989,ACCT_01806,CASH,2194.87,2023-01-24 13:56:21,0,
4366,ACCT_01320,ACCT_01413,WIRE,2665.26,2023-01-24 14:03:54,0,
4367,ACCT_01779,ACCT_01851,CHECK,2303.74,2023-01-24 14:06:55,0,
4368,ACCT_00259,ACCT_00111,WIRE,12259.13,2023-01-24 14:09:37,1,ALERT_0021
4369,ACCT_00126,ACCT_01601,TRANSFER,3744.14,2023-01-24 14:13:28,0,
4370,ACCT_01536,ACCT_00079,ACH,1598.09,2023-01-24 14:20:15,0,
4371,ACCT_01876,ACCT_01910,CHECK,2216.8,2023-01-24 14:22:14,0,
4372,ACCT_01229,ACCT_00305,CHECK,4156.98,2023-01-24 14:24:02,0,
4373,ACCT_01849,ACCT_00293,ACH,1062.18,2023-01-24 14:27:05,0,
4374,ACCT_01748,ACCT_00644,ACH,1457.0,2023-01-24 14:28:54,0,
4375,ACCT_01358,ACCT_01662,CHECK,2369.08,2023-01-24 14:29:12,0,
4376,ACCT_00308,ACCT_00235,TRANSFER,542.95,2023-01-24 14:32:13,0,
4377,ACCT_01907,ACCT_01015,ACH,3151.5,2023-01-24 14:39:07,0,
4378,ACCT_01790,ACCT_01459,CHECK,4357.73,2023-01-24 14:45:36,0,
4379,ACCT_01017,ACCT_00643,CASH,1020.6,2023-01-24 14:49:04,0,
4380,ACCT_01627,ACCT_01432,CHECK,112.48,2023-01-24 15:11:21,0,
4381,ACCT_01452,ACCT_01900,ACH,3879.24,2023-01-24 15:28:07,0,
4382,ACCT_00104,ACCT_01631,WIRE,4632.43,2023-01-24 15:31:43,0,
4383,ACCT_01805,ACCT_00553,CHECK,1326.33,2023-01-24 15:53:25,0,
4384,ACCT_01940,ACCT_01162,TRANSFER,80.43,2023-01-24 15:54:16,0,
4385,ACCT_01689,ACCT_00818,ACH,4039.75,2023-01-24 15:55:30,0,
4386,ACCT_01078,ACCT_00290,WIRE,1033.1,2023-01-24 15:55:42,0,
4387,ACCT_00838,ACCT_01899,WIRE,2167.89,2023-01-24 16:02:30,0,
4388,ACCT_01261,ACCT_00837,CHECK,511.52,2023-01-24 16:17:15,0,
4389,ACCT_00428,ACCT_01987,CASH,979.7,2023-01-24 16:18:34,0,
4390,ACCT_00120,ACCT_00117,TRANSFER,2950.77,2023-01-24 16:25:45,0,
4391,ACCT_00637,ACCT_01718,CASH,4575.23,2023-01-24 16:30:31,0,
4392,ACCT_01415,ACCT_00164,WIRE,3653.63,2023-01-24 16:31:14,0,
4393,ACCT_00703,ACCT_01230,ACH,1880.89,2023-01-24 16:53:39,0,
4394,ACCT_00259,ACCT_01692,WIRE,35227.8,2023-01-24 17:00:29,1,ALERT_0021
4395,ACCT_00496,ACCT_00158,CHECK,3073.46,2023-01-24 17:02:02,0,
4396,ACCT_00788,ACCT_00172,ACH,3577.46,2023-01-24 17:06:05,0,
4397,ACCT_01940,ACCT_00040,WIRE,1382.72,2023-01-24 17:54:19,0,
4398,ACCT_01164,ACCT_01187,CHECK,4940.98,2023-01-24 17:54:33,0,
4399,ACCT_00433,ACCT_01256,CHECK,970.43,2023-01-24 18:00:13,0,
4400,ACCT_00434,ACCT_00822,WIRE,4000.56,2023-01-24 18:26:00,0,
4401,ACCT_01616,ACCT_01991,CHECK,4279.8,2023-01-24 18:37:51,0,
4402,ACCT_00531,ACCT_01386,CASH,2271.91,2023-01-24 19:10:40,0,
4403,ACCT_00734,ACCT_01237,WIRE,1097.26,2023-01-24 19:20:05,0,
4404,ACCT_00137,ACCT_00113,CASH,4582.02,2023-01-24 19:25:13,0,
4405,ACCT_01315,ACCT_01722,ACH,1876.82,2023-01-24 19:31:15,0,
4406,ACCT_00327,ACCT_00126,WIRE,4421.89,2023-01-24 19:33:25,0,
4407,ACCT_00034,ACCT_01475,TRANSFER,682.17,2023-01-24 19:35:47,0,
4408,ACCT_00342,ACCT_00150,WIRE,2579.34,2023-01-24 19:39:16,0,
4409,ACCT_00742,ACCT_00717,CASH,4523.53,2023-01-24 19:45:35,0,
4410,ACCT_00708,ACCT_00171,WIRE,3742.57,2023-01-24 19:57:32,0,
4411,ACCT_01963,ACCT_00897,CASH,1125.05,2023-01-24 20:31:04,0,
4412,ACCT_00803,ACCT_00272,TRANSFER,2791.77,2023-01-24 20:48:52,0,
4413,ACCT_00514,ACCT_01689,CASH,3679.86,2023-01-24 20:59:41,0,
4414,ACCT_01077,ACCT_01231,WIRE,2818.79,2023-01-24 21:00:23,0,
4415,ACCT_01431,ACCT_01821,WIRE,3902.19,2023-01-24 21:05:54,0,
4416,ACCT_01187,ACCT_00521,CHECK,1334.18,2023-01-24 21:12:08,0,
4417,ACCT_01462,ACCT_01066,ACH,4420.3,2023-01-24 21:20:06,0,
4418,ACCT_00384,ACCT_00547,TRANSFER,2386.44,2023-01-24 21:21:22,0,
4419,ACCT_00468,ACCT_00267,WIRE,4301.45,2023-01-24 21:31:51,0,
4420,ACCT_01375,ACCT_00471,CHECK,181.34,2023-01-24 21:32:13,0,
4421,ACCT_00697,ACCT_00983,WIRE,2891.42,2023-01-24 21:47:42,0,
4422,ACCT_01086,ACCT_01399,TRANSFER,495.85,2023-01-24 21:47:48,0,
4423,ACCT_00823,ACCT_01658,WIRE,16519.71,2023-01-24 21:48:27,1,ALERT_0028
4424,ACCT_01317,ACCT_01910,ACH,3189.75,2023-01-24 22:02:18,0,
4425,ACCT_01837,ACCT_00039,TRANSFER,3294.69,2023-01-24 22:24:29,0,
4426,ACCT_00465,ACCT_00231,ACH,1989.94,2023-01-24 22:24:48,0,
4427,ACCT_01079,ACCT_01699,TRANSFER,2356.12,2023-01-24 22:27:24,0,
4428,ACCT_00582,ACCT_01949,CASH,1328.36,2023-01-24 22:45:54,0,
4429,ACCT_01286,ACCT_01360,CHECK,2479.54,2023-01-24 22:46:23,0,
4430,ACCT_01427,ACCT_01206,CHECK,4333.33,2023-01-24 22:52:23,0,
4431,ACCT_01804,ACCT_00312,WIRE,2081.78,2023-01-24 22:53:22,0,
4432,ACCT_00460,ACCT_00097,CASH,4592.77,2023-01-24 23:00:11,0,
4433,ACCT_01291,ACCT_00217,CASH,2516.5,2023-01-24 23:06:32,0,
4434,ACCT_00817,ACCT_01502,ACH,2686.81,2023-01-24 23:52:31,0,
4435,ACCT_01781,ACCT_00718,TRANSFER,3777.36,2023-01-24 23:56:46,0,
4436,ACCT_00423,ACCT_00632,WIRE,513.47,2023-01-25 00:05:44,0,
4437,ACCT_00583,ACCT_00269,CHECK,194.67,2023-01-25 00:08:39,0,
4438,ACCT_00521,ACCT_01768,ACH,289.07,2023-01-25 00:08:51,0,
4439,ACCT_00522,ACCT_01861,CASH,4013.68,2023-01-25 00:20:18,0,
4440,ACCT_01086,ACCT_00261,ACH,1850.03,2023-01-25 00:33:58,0,
4441,ACCT_00259,ACCT_00580,TRANSFER,11708.54,2023-01-25 00:38:32,1,ALERT_0021
4442,ACCT_01171,ACCT_00097,WIRE,1358.35,2023-01-25 00:39:22,0,
4443,ACCT_01679,ACCT_01382,CHECK,2988.72,2023-01-25 00:50:39,0,
4444,ACCT_01287,ACCT_01991,TRANSFER,3303.76,2023-01-25 00:54:44,0,
4445,ACCT_01845,ACCT_01935,CHECK,3864.51,2023-01-25 01:16:21,0,
4446,ACCT_00471,ACCT_01778,CHECK,286.46,2023-01-25 01:19:05,0,
4447,ACCT_01965,ACCT_00695,ACH,4819.54,2023-01-25 01:32:46,0,
4448,ACCT_00133,ACCT_00513,WIRE,2171.34,2023-01-25 01:38:58,0,
4449,ACCT_00485,ACCT_01274,WIRE,1126.93,2023-01-25 01:42:39,0,
4450,ACCT_01513,ACCT_00812,WIRE,884.42,2023-01-25 01:47:02,0,
4451,ACCT_00615,ACCT_01852,WIRE,3716.5,2023-01-25 01:52:42,0,
4452,ACCT_00952,ACCT_01332,CASH,1524.45,2023-01-25 02:06:51,0,
4453,ACCT_01955,ACCT_01412,CHECK,614.81,2023-01-25 02:07:42,0,
4454,ACCT_01879,ACCT_01607,ACH,3544.69,2023-01-25 02:11:19,0,
4455,ACCT_00428,ACCT_00260,CHECK,3777.28,2023-01-25 02:12:08,0,
4456,ACCT_00383,ACCT_00491,WIRE,1491.64,2023-01-25 02:15:02,0,
4457,ACCT_01583,ACCT_00230,ACH,2188.29,2023-01-25 02:22:22,0,
4458,ACCT_01625,ACCT_00661,TRANSFER,1000.28,2023-01-25 02:36:52,0,
4459,ACCT_01018,ACCT_01302,TRANSFER,4203.5,2023-01-25 02:42:02,0,
4460,ACCT_01698,ACCT_00337,CHECK,1071.76,2023-01-25 03:07:42,0,
4461,ACCT_01377,ACCT_00557,TRANSFER,2434.45,2023-01-25 03:12:09,0,
4462,ACCT_00644,ACCT_00311,WIRE,4304.91,2023-01-25 03:19:09,0,
4463,ACCT_00613,ACCT_00747,CHECK,4462.04,2023-01-25 03:20:29,0,
4464,ACCT_00255,ACCT_01063,WIRE,111.91,2023-01-25 03:23:29,0,
4465,ACCT_01724,ACCT_00653,TRANSFER,784.28,2023-01-25 03:29:11,0,
4466,ACCT_00008,ACCT_01167,WIRE,873.93,2023-01-25 03:30:27,0,
4467,ACCT_00244,ACCT_00192,CASH,3957.59,2023-01-25 03:50:32,0,
4468,ACCT_01982,ACCT_01552,CASH,803.04,2023-01-25 03:50:52,0,
4469,ACCT_00326,ACCT_01848,CHECK,341.84,2023-01-25 03:53:41,0,
4470,ACCT_01523,ACCT_00015,CHECK,918.16,2023-01-25 03:53:58,0,
4471,ACCT_00987,ACCT_00319,CHECK,4461.37,2023-01-25 03:55:29,0,
4472,ACCT_01936,ACCT_00683,ACH,1541.41,2023-01-25 04:00:38,0,
4473,ACCT_00891,ACCT_00148,CHECK,4158.88,2023-01-25 04:01:26,0,
4474,ACCT_01611,ACCT_01711,CASH,1237.73,2023-01-25 04:02:53,0,
4475,ACCT_01531,ACCT_01513,WIRE,1170.82,2023-01-25 04:11:39,0,
4476,ACCT_01031,ACCT_01434,ACH,2447.84,2023-01-25 04:26:41,0,
4477,ACCT_01483,ACCT_01848,CASH,4082.58,2023-01-25 04:33:46,0,
4478,ACCT_00912,ACCT_00063,ACH,203.48,2023-01-25 04:35:49,0,
4479,ACCT_01524,ACCT_01006,WIRE,1882.67,2023-01-25 04:36:00,0,
4480,ACCT_00131,ACCT_01964,TRANSFER,3309.83,2023-01-25 04:47:47,0,
4481,ACCT_01978,ACCT_00932,ACH,1032.87,2023-01-25 04:52:09,0,
4482,ACCT_01431,ACCT_01982,ACH,4373.89,2023-01-25 05:05:25,0,
4483,ACCT_01834,ACCT_01427,CHECK,3814.7,2023-01-25 05:10:55,0,
4484,ACCT_00607,ACCT_01048,TRANSFER,3559.03,2023-01-25 05:23:33,0,
4485,ACCT_01788,ACCT_00320,ACH,1884.65,2023-01-25 05:24:45,0,
4486,ACCT_00259,ACCT_00787,WIRE,8159.08,2023-01-25 05:38:10,1,ALERT_0021
4487,ACCT_01684,ACCT_01517,TRANSFER,2334.88,2023-01-25 05:52:45,0,
4488,ACCT_00904,ACCT_01527,ACH,2319.18,2023-01-25 05:55:05,0,
4489,ACCT_00700,ACCT_00754,CASH,331.48,2023-01-25 06:17:19,0,
4490,ACCT_01170,ACCT_00535,CASH,3081.75,2023-01-25 06:17:24,0,
4491,ACCT_01360,ACCT_01967,TRANSFER,3423.53,2023-01-25 06:19:58,0,
4492,ACCT_00735,ACCT_01322,CHECK,2259.34,2023-01-25 06:20:55,0,
4493,ACCT_00713,ACCT_01918,WIRE,3742.5,2023-01-25 06:22:50,0,
4494,ACCT_01775,ACCT_01693,WIRE,4374.92,2023-01-25 06:30:31,0,
4495,ACCT_01794,ACCT_01041,CHECK,729.72,2023-01-25 06:46:53,0,
4496,ACCT_01243,ACCT_00941,TRANSFER,2644.49,2023-01-25 07:07:49,0,
4497,ACCT_00317,ACCT_01902,ACH,3238.73,2023-01-25 07:13:19,0,
4498,ACCT_00027,ACCT_01978,WIRE,4175.68,2023-01-25 07:14:46,0,
4499,ACCT_01935,ACCT_01730,TRANSFER,3899.52,2023-01-25 07:16:56,0,
4500,ACCT_01880,ACCT_01948,WIRE,242.87,2023-01-25 07:23:54,0,
4501,ACCT_01641,ACCT_01348,CHECK,3909.34,2023-01-25 07:29:38,0,
4502,ACCT_00776,ACCT_01452,TRANSFER,2666.06,2023-01-25 07:33:44,0,
4503,ACCT_01836,ACCT_00914,TRANSFER,2416.02,2023-01-25 07:55:16,0,
4504,ACCT_01187,ACCT_01748,ACH,3219.82,2023-01-25 08:17:57,0,
4505,ACCT_01545,ACCT_00733,CASH,2922.49,2023-01-25 08:26:06,0,
4506,ACCT_00853,ACCT_01309,CHECK,953.79,2023-01-25 08:38:49,0,
4507,ACCT_01079,ACCT_01829,CASH,1601.11,2023-01-25 08:43:57,0,
4508,ACCT_00088,ACCT_00942,CHECK,3556.32,2023-01-25 08:49:06,0,
4509,ACCT_00055,ACCT_00619,TRANSFER,2042.28,2023-01-25 08:54:00,0,
4510,ACCT_01632,ACCT_00793,WIRE,4419.13,2023-01-25 08:54:09,0,
4511,ACCT_01117,ACCT_00798,WIRE,2143.1,2023-01-25 08:54:17,0,
4512,ACCT_01330,ACCT_01268,CHECK,2952.5,2023-01-25 09:05:55,0,
4513,ACCT_00725,ACCT_01754,CHECK,482.44,2023-01-25 09:20:07,0,
4514,ACCT_01949,ACCT_01240,WIRE,3314.94,2023-01-25 09:39:53,0,
4515,ACCT_01567,ACCT_01909,CASH,1554.37,2023-01-25 09:42:18,0,
4516,ACCT_01276,ACCT_01147,ACH,520.85,2023-01-25 09:55:51,0,
4517,ACCT_01796,ACCT_00507,WIRE,4041.35,2023-01-25 10:01:04,0,
4518,ACCT_00339,ACCT_01594,WIRE,2147.54,2023-01-25 10:04:25,0,
4519,ACCT_01508,ACCT_01900,TRANSFER,1519.53,2023-01-25 10:09:00,0,
4520,ACCT_00413,ACCT_00809,TRANSFER,262.97,2023-01-25 10:26:36,0,
4521,ACCT_01980,ACCT_00814,TRANSFER,4438.35,2023-01-25 10:31:37,0,
4522,ACCT_01807,ACCT_00560,WIRE,3698.35,2023-01-25 11:10:18,0,
4523,ACCT_01307,ACCT_00274,CHECK,969.97,2023-01-25 11:25:45,0,
4524,ACCT_00732,ACCT_01892,WIRE,1184.05,2023-01-25 11:29:11,0,
4525,ACCT_01794,ACCT_01710,CHECK,2962.79,2023-01-25 11:30:39,0,
4526,ACCT_01637,ACCT_00163,CASH,2202.67,2023-01-25 11:34:26,0,
4527,ACCT_00641,ACCT_00632,TRANSFER,479.78,2023-01-25 11:49:13,0,
4528,ACCT_01107,ACCT_00467,WIRE,4345.45,2023-01-25 12:01:13,0,
4529,ACCT_01607,ACCT_00892,ACH,3938.76,2023-01-25 12:05:20,0,
4530,ACCT_00415,ACCT_00707,CHECK,552.48,2023-01-25 12:15:36,0,
4531,ACCT_01473,ACCT_01065,TRANSFER,4306.63,2023-01-25 12:56:28,0,
4532,ACCT_01414,ACCT_00429,ACH,3975.53,2023-01-25 13:14:09,0,
4533,ACCT_00193,ACCT_01022,WIRE,218.57,2023-01-25 13:14:53,0,
4534,ACCT_01883,ACCT_00808,CHECK,4736.45,2023-01-25 13:35:17,0,
4535,ACCT_00202,ACCT_00243,TRANSFER,1807.58,2023-01-25 13:42:29,0,
4536,ACCT_00048,ACCT_00928,TRANSFER,2533.27,2023-01-25 13:49:19,0,
4537,ACCT_00947,ACCT_01574,TRANSFER,812.43,2023-01-25 13:53:37,0,
4538,ACCT_00174,ACCT_01623,TRANSFER,39399.48,2023-01-25 13:57:27,1,ALERT_0041
4539,ACCT_00219,ACCT_01005,TRANSFER,560.79,2023-01-25 13:59:17,0,
4540,ACCT_01790,ACCT_01047,WIRE,1956.97,2023-01-25 14:02:37,0,
4541,ACCT_01439,ACCT_01090,ACH,1976.98,2023-01-25 14:05:29,0,
4542,ACCT_01189,ACCT_00951,TRANSFER,162.83,2023-01-25 14:19:23,0,
4543,ACCT_00530,ACCT_01218,ACH,2870.44,2023-01-25 14:21:03,0,
4544,ACCT_01170,ACCT_00878,ACH,303.36,2023-01-25 14:28:26,0,
4545,ACCT_01512,ACCT_00181,ACH,4393.68,2023-01-25 14:34:07,0,
4546,ACCT_01285,ACCT_01374,ACH,2305.43,2023-01-25 14:41:37,0,
4547,ACCT_01075,ACCT_00998,WIRE,3747.48,2023-01-25 14:51:06,0,
4548,ACCT_01825,ACCT_00614,ACH,2521.87,2023-01-25 14:56:07,0,
4549,ACCT_01678,ACCT_01515,CHECK,20.41,2023-01-25 15:20:25,0,
4550,ACCT_01280,ACCT_01056,CHECK,3361.09,2023-01-25 15:22:02,0,
4551,ACCT_01081,ACCT_00532,ACH,1606.35,2023-01-25 15:34:06,0,
4552,ACCT_01356,ACCT_00380,CHECK,341.48,2023-01-25 15:41:48,0,
4553,ACCT_01743,ACCT_00961,CASH,2889.45,2023-01-25 15:45:33,0,
4554,ACCT_00613,ACCT_01670,WIRE,4955.41,2023-01-25 15:46:42,0,
4555,ACCT_00584,ACCT_00464,WIRE,2129.0,2023-01-25 15:48:34,0,
4556,ACCT_01812,ACCT_01899,CHECK,4607.73,2023-01-25 15:54:20,0,
4557,ACCT_01280,ACCT_00110,CASH,4456.55,2023-01-25 15:57:48,0,
4558,ACCT_01208,ACCT_00172,CHECK,3036.81,2023-01-25 16:03:06,0,
4559,ACCT_00085,ACCT_01736,TRANSFER,1394.01,2023-01-25 16:22:11,0,
4560,ACCT_00259,ACCT_01653,ACH,3243.43,2023-01-25 16:34:43,1,ALERT_0021
4561,ACCT_01255,ACCT_00203,CASH,3637.87,2023-01-25 16:42:30,0,
4562,ACCT_01819,ACCT_01517,CHECK,1809.21,2023-01-25 16:57:06,0,
4563,ACCT_01713,ACCT_01016,CHECK,1488.97,2023-01-25 16:58:05,0,
4564,ACCT_01984,ACCT_00479,ACH,2207.99,2023-01-25 17:01:49,0,
4565,ACCT_01160,ACCT_01250,CHECK,1713.29,2023-01-25 17:11:32,0,
4566,ACCT_00284,ACCT_01643,WIRE,1922.09,2023-01-25 17:17:11,0,
4567,ACCT_00494,ACCT_01495,TRANSFER,1968.55,2023-01-25 17:19:26,0,
4568,ACCT_00330,ACCT_01053,WIRE,563.36,2023-01-25 17:31:01,0,
4569,ACCT_00501,ACCT_01816,ACH,4496.73,2023-01-25 17:49:11,0,
4570,ACCT_01259,ACCT_01767,CASH,1171.04,2023-01-25 17:56:47,0,
4571,ACCT_01992,ACCT_00866,TRANSFER,2128.81,2023-01-25 18:09:54,0,
4572,ACCT_01083,ACCT_00340,ACH,4729.89,2023-01-25 18:17:21,0,
4573,ACCT_00304,ACCT_01467,TRANSFER,486.5,2023-01-25 18:34:45,0,
4574,ACCT_01490,ACCT_01579,ACH,4143.28,2023-01-25 18:38:58,0,
4575,ACCT_01381,ACCT_00241,CHECK,3560.88,2023-01-25 18:52:01,0,
4576,ACCT_01277,ACCT_01054,TRANSFER,3235.07,2023-01-25 19:19:22,0,
4577,ACCT_00235,ACCT_00784,WIRE,3643.3,2023-01-25 19:19:53,0,
4578,ACCT_01827,ACCT_01940,CHECK,1655.01,2023-01-25 19:33:03,0,
4579,ACCT_01923,ACCT_00163,CASH,4486.25,2023-01-25 19:33:49,0,
4580,ACCT_00971,ACCT_00801,ACH,1621.57,2023-01-25 19:47:15,0,
4581,ACCT_01316,ACCT_01623,TRANSFER,32395.33,2023-01-25 19:50:55,1,ALERT_0041
4582,ACCT_00996,ACCT_00788,WIRE,4932.6,2023-01-25 19:53:10,0,
4583,ACCT_00158,ACCT_01052,TRANSFER,2028.4,2023-01-25 19:57:22,0,
4584,ACCT_00869,ACCT_01041,CASH,2037.44,2023-01-25 19:58:14,0,
4585,ACCT_00727,ACCT_00875,TRANSFER,2476.83,2023-01-25 19:59:45,0,
4586,ACCT_01200,ACCT_00484,ACH,3843.68,2023-01-25 20:11:50,0,
4587,ACCT_00601,ACCT_00585,ACH,3470.51,2023-01-25 20:13:26,0,
4588,ACCT_00372,ACCT_00949,CHECK,3523.58,2023-01-25 20:20:10,0,
4589,ACCT_01018,ACCT_01189,WIRE,2675.11,2023-01-25 20:32:52,0,
4590,ACCT_01360,ACCT_00751,TRANSFER,413.04,2023-01-25 20:37:33,0,
4591,ACCT_01608,ACCT_01182,CHECK,3650.7,2023-01-25 20:44:48,0,
4592,ACCT_01180,ACCT_00029,CASH,4073.46,2023-01-25 20:45:12,0,
4593,ACCT_01935,ACCT_00141,CASH,3532.02,2023-01-25 20:45:16,0,
4594,ACCT_00259,ACCT_00958,ACH,21882.0,2023-01-25 20:45:43,1,ALERT_0021
4595,ACCT_00483,ACCT_01428,CASH,4912.78,2023-01-25 21:01:22,0,
4596,ACCT_00940,ACCT_00081,CHECK,2007.07,2023-01-25 21:06:25,0,
4597,ACCT_00390,ACCT_01408,CASH,3565.98,2023-01-25 21:08:07,0,
4598,ACCT_00981,ACCT_00439,TRANSFER,870.37,2023-01-25 21:16:30,0,
4599,ACCT_01494,ACCT_01902,TRANSFER,4038.91,2023-01-25 21:33:27,0,
4600,ACCT_00446,ACCT_01187,WIRE,2444.11,2023-01-25 21:35:28,0,
4601,ACCT_01132,ACCT_00725,WIRE,767.0,2023-01-25 22:00:25,0,
4602,ACCT_00745,ACCT_01016,WIRE,2647.36,2023-01-25 22:19:40,0,
4603,ACCT_00011,ACCT_00883,TRANSFER,3437.83,2023-01-25 22:19:53,0,
4604,ACCT_00512,ACCT_00516,CASH,1833.96,2023-01-25 22:20:25,0,
4605,ACCT_01229,ACCT_01826,ACH,4705.31,2023-01-25 22:39:39,0,
4606,ACCT_01814,ACCT_01811,WIRE,4751.54,2023-01-25 23:07:47,0,
4607,ACCT_01761,ACCT_00831,CHECK,2873.15,2023-01-25 23:10:43,0,
4608,ACCT_00529,ACCT_00201,WIRE,3619.41,2023-01-25 23:14:50,0,
4609,ACCT_01672,ACCT_01358,CASH,3004.16,2023-01-25 23:22:09,0,
4610,ACCT_01299,ACCT_01876,CHECK,3936.16,2023-01-25 23:23:43,0,
4611,ACCT_00077,ACCT_00436,TRANSFER,1234.13,2023-01-25 23:31:19,0,
4612,ACCT_01864,ACCT_00303,CHECK,3133.19,2023-01-25 23:41:07,0,
4613,ACCT_00691,ACCT_01287,CHECK,4819.57,2023-01-25 23:48:26,0,
4614,ACCT_00267,ACCT_01222,WIRE,1729.31,2023-01-25 23:54:05,0,
4615,ACCT_01857,ACCT_00196,CASH,1446.68,2023-01-26 00:07:25,0,
4616,ACCT_01903,ACCT_00965,CHECK,1822.45,2023-01-26 00:07:30,0,
4617,ACCT_00615,ACCT_00001,TRANSFER,1264.13,2023-01-26 00:13:04,0,
4618,ACCT_00518,ACCT_01710,ACH,630.08,2023-01-26 00:15:24,0,
4619,ACCT_01912,ACCT_00500,WIRE,894.78,2023-01-26 00:16:29,0,
4620,ACCT_01582,ACCT_00463,TRANSFER,1848.18,2023-01-26 00:34:39,0,
4621,ACCT_00419,ACCT_00539,WIRE,2635.6,2023-01-26 00:34:48,0,
4622,ACCT_01875,ACCT_01286,ACH,1414.27,2023-01-26 00:45:49,0,
4623,ACCT_01506,ACCT_00264,CASH,4027.26,2023-01-26 01:01:16,0,
4624,ACCT_00719,ACCT_00479,TRANSFER,3517.09,2023-01-26 01:02:34,0,
4625,ACCT_00241,ACCT_01310,CASH,4782.95,2023-01-26 01:02:47,0,
4626,ACCT_01404,ACCT_00247,CHECK,1917.28,2023-01-26 01:03:55,0,
4627,ACCT_01037,ACCT_01096,WIRE,4062.3,2023-01-26 01:21:42,0,
4628,ACCT_01728,ACCT_00504,ACH,2647.5,2023-01-26 01:24:04,0,
4629,ACCT_01776,ACCT_01055,TRANSFER,3561.34,2023-01-26 01:36:34,0,
4630,ACCT_00278,ACCT_01388,CHECK,1249.83,2023-01-26 01:48:56,0,
4631,ACCT_00334,ACCT_01824,WIRE,4676.52,2023-01-26 01:59:56,0,
4632,ACCT_00675,ACCT_00462,ACH,461.91,2023-01-26 02:01:58,0,
4633,ACCT_01985,ACCT_00936,ACH,4774.91,2023-01-26 02:07:42,0,
4634,ACCT_00674,ACCT_01109,CHECK,2383.26,2023-01-26 02:16:10,0,
4635,ACCT_01627,ACCT_01068,CASH,960.09,2023-01-26 02:49:26,0,
4636,ACCT_00667,ACCT_01816,CASH,607.2,2023-01-26 03:01:50,0,
4637,ACCT_00341,ACCT_01287,CASH,4971.19,2023-01-26 03:18:32,0,
4638,ACCT_00562,ACCT_01363,CASH,4773.91,2023-01-26 03:18:58,0,
4639,ACCT_00830,ACCT_01838,ACH,2640.31,2023-01-26 03:27:17,0,
4640,ACCT_00084,ACCT_00749,CASH,884.58,2023-01-26 03:29:37,0,
4641,ACCT_00013,ACCT_00995,CASH,1153.28,2023-01-26 03:36:06,0,
4642,ACCT_01823,ACCT_01961,CASH,4488.88,2023-01-26 03:52:58,0,
4643,ACCT_01015,ACCT_00348,ACH,3240.79,2023-01-26 03:53:27,0,
4644,ACCT_01449,ACCT_01346,CASH,3196.12,2023-01-26 03:57:55,0,
4645,ACCT_01549,ACCT_00706,CHECK,4906.88,2023-01-26 03:59:06,0,
4646,ACCT_01100,ACCT_00542,ACH,4931.96,2023-01-26 04:05:11,0,
4647,ACCT_00036,ACCT_00655,TRANSFER,2950.25,2023-01-26 04:14:11,0,
4648,ACCT_01345,ACCT_00380,ACH,2072.15,2023-01-26 04:26:23,0,
4649,ACCT_01000,ACCT_00633,CASH,992.91,2023-01-26 04:36:17,0,
4650,ACCT_00057,ACCT_00503,CASH,2326.16,2023-01-26 04:36:39,0,
4651,ACCT_00660,ACCT_00876,CHECK,1635.17,2023-01-26 04:46:12,0,
4652,ACCT_01634,ACCT_01568,CASH,3651.96,2023-01-26 04:55:44,0,
4653,ACCT_00849,ACCT_00191,WIRE,2097.09,2023-01-26 04:56:59,0,
4654,ACCT_01362,ACCT_01582,WIRE,1338.79,2023-01-26 04:59:59,0,
4655,ACCT_00968,ACCT_00197,TRANSFER,1714.84,2023-01-26 05:11:49,0,
4656,ACCT_00189,ACCT_00594,ACH,4297.9,2023-01-26 05:19:19,0,
4657,ACCT_01192,ACCT_00636,ACH,3504.14,2023-01-26 05:19:26,0,
4658,ACCT_01938,ACCT_00501,CASH,4083.35,2023-01-26 05:22:52,0,
4659,ACCT_01247,ACCT_00841,WIRE,2445.14,2023-01-26 05:23:52,0,
4660,ACCT_01302,ACCT_01530,TRANSFER,1562.71,2023-01-26 05:24:14,0,
4661,ACCT_00593,ACCT_00531,TRANSFER,938.36,2023-01-26 05:31:28,0,
4662,ACCT_00084,ACCT_00905,CASH,4944.2,2023-01-26 05:43:22,0,
4663,ACCT_01279,ACCT_01571,CHECK,4672.2,2023-01-26 06:00:04,0,
4664,ACCT_01474,ACCT_00651,WIRE,1696.94,2023-01-26 06:05:18,0,
4665,ACCT_01005,ACCT_00049,CHECK,530.55,2023-01-26 06:09:11,0,
4666,ACCT_00520,ACCT_01017,TRANSFER,1030.76,2023-01-26 06:09:30,0,
4667,ACCT_01171,ACCT_01982,TRANSFER,3160.61,2023-01-26 06:13:54,0,
4668,ACCT_01283,ACCT_01736,CHECK,2128.12,2023-01-26 06:16:49,0,
4669,ACCT_00820,ACCT_00951,ACH,1508.56,2023-01-26 06:20:42,0,
4670,ACCT_01367,ACCT_00614,CASH,244.78,2023-01-26 06:21:42,0,
4671,ACCT_00259,ACCT_01826,TRANSFER,22053.63,2023-01-26 06:24:38,1,ALERT_0021
4672,ACCT_00837,ACCT_00049,TRANSFER,435.41,2023-01-26 06:28:55,0,
4673,ACCT_01756,ACCT_01960,WIRE,2817.99,2023-01-26 06:51:03,0,
4674,ACCT_00882,ACCT_00234,ACH,1141.18,2023-01-26 06:56:23,0,
4675,ACCT_00804,ACCT_00773,ACH,1549.95,2023-01-26 06:58:07,0,
4676,ACCT_00109,ACCT_01437,WIRE,2586.16,2023-01-26 07:00:47,0,
4677,ACCT_00583,ACCT_01252,ACH,2865.69,2023-01-26 07:09:04,0,
4678,ACCT_00891,ACCT_01796,ACH,674.07,2023-01-26 07:16:28,0,
4679,ACCT_00322,ACCT_00220,CHECK,4796.33,2023-01-26 07:29:09,0,
4680,ACCT_01353,ACCT_01014,CHECK,3907.06,2023-01-26 07:32:50,0,
4681,ACCT_01207,ACCT_01540,WIRE,3109.62,2023-01-26 07:36:59,0,
4682,ACCT_01359,ACCT_01342,CASH,4560.22,2023-01-26 08:02:11,0,
4683,ACCT_00564,ACCT_01086,WIRE,2031.86,2023-01-26 08:02:29,0,
4684,ACCT_01003,ACCT_00913,CHECK,2387.43,2023-01-26 08:06:05,0,
4685,ACCT_01344,ACCT_00311,CASH,3283.11,2023-01-26 08:11:58,0,
4686,ACCT_01336,ACCT_00098,CASH,4874.95,2023-01-26 08:16:09,0,
4687,ACCT_01710,ACCT_00345,ACH,4114.63,2023-01-26 08:18:25,0,
4688,ACCT_01628,ACCT_00206,CASH,237.5,2023-01-26 08:25:11,0,
4689,ACCT_01501,ACCT_00552,WIRE,3575.08,2023-01-26 08:44:00,0,
4690,ACCT_01497,ACCT_00444,CASH,899.84,2023-01-26 08:45:09,0,
4691,ACCT_01224,ACCT_01535,CASH,3637.59,2023-01-26 08:48:09,0,
4692,ACCT_00304,ACCT_00058,CASH,2290.84,2023-01-26 09:20:44,0,
4693,ACCT_00744,ACCT_01860,CHECK,4783.38,2023-01-26 09:34:57,0,
4694,ACCT_00146,ACCT_01197,CASH,654.94,2023-01-26 09:39:14,0,
4695,ACCT_00178,ACCT_01712,CHECK,3102.42,2023-01-26 09:48:08,0,
4696,ACCT_00497,ACCT_01905,WIRE,2747.0,2023-01-26 09:53:04,0,
4697,ACCT_00884,ACCT_01904,TRANSFER,3403.24,2023-01-26 10:16:22,0,
4698,ACCT_01178,ACCT_00684,TRANSFER,3674.82,2023-01-26 10:31:52,0,
4699,ACCT_01890,ACCT_00788,TRANSFER,4910.09,2023-01-26 10:39:18,0,
4700,ACCT_00806,ACCT_01497,ACH,744.1,2023-01-26 10:44:50,0,
4701,ACCT_01452,ACCT_01000,ACH,3037.14,2023-01-26 10:52:10,0,
4702,ACCT_01143,ACCT_01138,ACH,4489.55,2023-01-26 11:00:46,0,
4703,ACCT_00190,ACCT_00445,CHECK,3117.32,2023-01-26 11:07:03,0,
4704,ACCT_01721,ACCT_00771,CHECK,3865.66,2023-01-26 11:35:53,0,
4705,ACCT_01365,ACCT_01597,ACH,3646.04,2023-01-26 11:39:31,0,
4706,ACCT_01220,ACCT_01587,CASH,3208.18,2023-01-26 11:39:56,0,
4707,ACCT_01939,ACCT_01271,CHECK,2319.16,2023-01-26 11:51:06,0,
4708,ACCT_00409,ACCT_00617,CASH,437.13,2023-01-26 11:59:53,0,
4709,ACCT_00032,ACCT_01967,TRANSFER,4022.05,2023-01-26 12:12:39,0,
4710,ACCT_00353,ACCT_01880,ACH,3794.85,2023-01-26 12:30:58,0,
4711,ACCT_01638,ACCT_00636,CHECK,111.29,2023-01-26 12:31:42,0,
4712,ACCT_01056,ACCT_00878,CHECK,3121.43,2023-01-26 12:45:30,0,
4713,ACCT_00054,ACCT_00730,WIRE,31.46,2023-01-26 13:13:06,0,
4714,ACCT_01907,ACCT_01603,TRANSFER,4368.05,2023-01-26 13:17:23,0,
4715,ACCT_00357,ACCT_00149,ACH,702.33,2023-01-26 13:17:47,0,
4716,ACCT_01490,ACCT_00414,CASH,3139.23,2023-01-26 13:20:01,0,
4717,ACCT_00849,ACCT_00359,ACH,2315.98,2023-01-26 13:20:58,0,
4718,ACCT_00483,ACCT_00213,CHECK,1090.12,2023-01-26 13:21:32,0,
4719,ACCT_01065,ACCT_01009,CHECK,2445.7,2023-01-26 13:23:33,0,
4720,ACCT_01931,ACCT_01074,WIRE,4757.95,2023-01-26 13:25:38,0,
4721,ACCT_01692,ACCT_01809,WIRE,2140.29,2023-01-26 13:38:30,0,
4722,ACCT_00678,ACCT_01613,CHECK,3500.81,2023-01-26 13:41:22,0,
4723,ACCT_01512,ACCT_00060,TRANSFER,2424.86,2023-01-26 13:42:13,0,
4724,ACCT_01830,ACCT_00011,CASH,3874.18,2023-01-26 13:45:31,0,
4725,ACCT_00109,ACCT_00100,CHECK,53.46,2023-01-26 13:45:50,0,
4726,ACCT_01501,ACCT_00995,ACH,4586.01,2023-01-26 13:49:12,0,
4727,ACCT_01874,ACCT_01897,CHECK,1624.8,2023-01-26 13:51:55,0,
4728,ACCT_00842,ACCT_00200,ACH,4216.77,2023-01-26 13:52:02,1,ALERT_0031
4729,ACCT_00410,ACCT_01572,CHECK,3787.31,2023-01-26 13:53:51,0,
4730,ACCT_00846,ACCT_00194,CHECK,3307.67,2023-01-26 13:57:23,0,
4731,ACCT_01332,ACCT_01602,CHECK,4179.93,2023-01-26 13:57:33,0,
4732,ACCT_01319,ACCT_00580,CASH,2832.43,2023-01-26 14:00:43,0,
4733,ACCT_00976,ACCT_00093,CASH,1598.92,2023-01-26 14:10:16,0,
4734,ACCT_01637,ACCT_01060,CHECK,572.99,2023-01-26 14:15:00,0,
4735,ACCT_00685,ACCT_00345,WIRE,3245.94,2023-01-26 14:32:11,0,
4736,ACCT_01607,ACCT_01868,CASH,3982.46,2023-01-26 14:39:29,0,
4737,ACCT_01229,ACCT_00583,ACH,4162.32,2023-01-26 14:43:33,0,
4738,ACCT_00047,ACCT_00666,ACH,1257.2,2023-01-26 14:51:02,0,
4739,ACCT_00044,ACCT_01582,ACH,4437.82,2023-01-26 15:02:24,0,
4740,ACCT_01109,ACCT_01362,CASH,2165.65,2023-01-26 15:02:26,0,
4741,ACCT_01674,ACCT_01766,CHECK,275.67,2023-01-26 15:04:22,0,
4742,ACCT_01425,ACCT_00348,WIRE,3321.42,2023-01-26 15:11:06,0,
4743,ACCT_01557,ACCT_01226,ACH,3147.77,2023-01-26 15:16:06,0,
4744,ACCT_01103,ACCT_01428,CASH,1659.36,2023-01-26 15:26:45,0,
4745,ACCT_01553,ACCT_00975,CASH,117.98,2023-01-26 15:39:41,0,
4746,ACCT_00067,ACCT_00493,CASH,434.35,2023-01-26 15:43:57,0,
4747,ACCT_00873,ACCT_00800,ACH,1418.81,2023-01-26 15:49:48,0,
4748,ACCT_00257,ACCT_01468,WIRE,3314.44,2023-01-26 15:53:53,0,
4749,ACCT_01047,ACCT_00159,WIRE,1028.17,2023-01-26 15:59:42,0,
4750,ACCT_00008,ACCT_00288,WIRE,574.28,2023-01-26 17:05:51,0,
4751,ACCT_00741,ACCT_01472,WIRE,1774.37,2023-01-26 17:24:29,0,
4752,ACCT_00335,ACCT_01547,WIRE,2036.83,2023-01-26 17:29:28,0,
4753,ACCT_01330,ACCT_00140,ACH,1398.91,2023-01-26 17:30:46,0,
4754,ACCT_00067,ACCT_00276,CHECK,1749.76,2023-01-26 17:33:58,0,
4755,ACCT_00153,ACCT_00363,CASH,334.15,2023-01-26 17:39:41,0,
4756,ACCT_00488,ACCT_00332,CHECK,1619.44,2023-01-26 17:51:13,0,
4757,ACCT_00255,ACCT_01589,CASH,3188.34,2023-01-26 17:54:06,0,
4758,ACCT_01517,ACCT_00240,WIRE,3655.31,2023-01-26 18:01:28,0,
4759,ACCT_01490,ACCT_00251,CASH,3717.62,2023-01-26 18:05:09,0,
4760,ACCT_00653,ACCT_00837,TRANSFER,1698.97,2023-01-26 18:13:09,0,
4761,ACCT_00254,ACCT_00098,TRANSFER,2249.2,2023-01-26 18:13:48,0,
4762,ACCT_01077,ACCT_01461,CASH,61.51,2023-01-26 18:14:18,0,
4763,ACCT_00137,ACCT_00475,TRANSFER,3108.51,2023-01-26 18:25:03,0,
4764,ACCT_01894,ACCT_01491,TRANSFER,555.28,2023-01-26 18:25:14,0,
4765,ACCT_01100,ACCT_00646,CASH,92.7,2023-01-26 18:26:25,0,
4766,ACCT_01193,ACCT_00126,WIRE,3310.84,2023-01-26 18:29:48,0,
4767,ACCT_01906,ACCT_01657,WIRE,586.86,2023-01-26 18:30:09,0,
4768,ACCT_01239,ACCT_00275,TRANSFER,3274.06,2023-01-26 18:31:15,0,
4769,ACCT_01174,ACCT_01278,CHECK,3835.48,2023-01-26 18:31:56,0,
4770,ACCT_01151,ACCT_00181,CHECK,1233.68,2023-01-26 18:33:06,0,
4771,ACCT_00126,ACCT_01289,CHECK,2894.92,2023-01-26 18:41:19,0,
4772,ACCT_00139,ACCT_01783,TRANSFER,2093.7,2023-01-26 18:54:13,0,
4773,ACCT_00454,ACCT_00002,ACH,4387.53,2023-01-26 18:59:06,0,
4774,ACCT_01437,ACCT_00200,TRANSFER,45333.02,2023-01-26 19:10:28,1,ALERT_0031
4775,ACCT_01326,ACCT_01615,CHECK,4262.64,2023-01-26 19:12:45,0,
4776,ACCT_00510,ACCT_01964,ACH,636.99,2023-01-26 19:23:08,0,
4777,ACCT_00589,ACCT_00544,TRANSFER,1493.63,2023-01-26 19:24:08,0,
4778,ACCT_01287,ACCT_01903,CASH,3698.69,2023-01-26 19:25:12,0,
4779,ACCT_01786,ACCT_01898,ACH,63.28,2023-01-26 19:32:41,0,
4780,ACCT_01730,ACCT_00824,ACH,1167.57,2023-01-26 19:38:11,0,
4781,ACCT_01836,ACCT_00287,CHECK,3662.26,2023-01-26 19:44:53,0,
4782,ACCT_01103,ACCT_01558,TRANSFER,227.61,2023-01-26 19:48:30,0,
4783,ACCT_01856,ACCT_01435,TRANSFER,4387.51,2023-01-26 19:55:21,0,
4784,ACCT_01689,ACCT_00311,WIRE,2953.14,2023-01-26 20:00:54,0,
4785,ACCT_01417,ACCT_00475,TRANSFER,3652.68,2023-01-26 20:11:30,0,
4786,ACCT_00957,ACCT_00905,CHECK,2074.14,2023-01-26 20:17:30,0,
4787,ACCT_01932,ACCT_01152,TRANSFER,466.42,2023-01-26 20:18:35,0,
4788,ACCT_00501,ACCT_01552,ACH,4280.69,2023-01-26 20:22:00,0,
4789,ACCT_00788,ACCT_01110,WIRE,4286.55,2023-01-26 20:33:37,0,
4790,ACCT_01466,ACCT_00557,CHECK,2182.29,2023-01-26 20:37:12,0,
4791,ACCT_01504,ACCT_00575,ACH,1634.01,2023-01-26 20:49:43,0,
4792,ACCT_01656,ACCT_00253,ACH,3200.05,2023-01-26 21:01:49,0,
4793,ACCT_00693,ACCT_01945,TRANSFER,2942.63,2023-01-26 21:02:36,0,
4794,ACCT_01154,ACCT_01576,WIRE,3209.78,2023-01-26 21:04:28,0,
4795,ACCT_00886,ACCT_01676,CHECK,802.32,2023-01-26 21:05:55,0,
4796,ACCT_00919,ACCT_01641,CASH,826.28,2023-01-26 21:13:30,0,
4797,ACCT_00450,ACCT_00236,TRANSFER,4476.34,2023-01-26 21:14:56,0,
4798,ACCT_00220,ACCT_01177,ACH,1596.6,2023-01-26 21:15:34,0,
4799,ACCT_00922,ACCT_01724,TRANSFER,4158.39,2023-01-26 21:22:37,0,
4800,ACCT_01667,ACCT_00812,WIRE,2942.43,2023-01-26 21:38:20,0,
4801,ACCT_00240,ACCT_01689,ACH,547.39,2023-01-26 21:46:18,0,
4802,ACCT_01865,ACCT_01166,CHECK,2306.42,2023-01-26 22:13:24,0,
4803,ACCT_00288,ACCT_01889,CASH,4300.62,2023-01-26 22:32:38,0,
4804,ACCT_00857,ACCT_00196,ACH,253.26,2023-01-26 22:34:14,0,
4805,ACCT_01754,ACCT_01034,WIRE,311.15,2023-01-26 22:41:14,0,
4806,ACCT_01805,ACCT_00039,ACH,4314.92,2023-01-26 22:59:26,0,
4807,ACCT_00754,ACCT_00261,CASH,4770.8,2023-01-26 23:04:12,0,
4808,ACCT_00915,ACCT_01201,CASH,2497.08,2023-01-26 23:35:10,0,
4809,ACCT_01675,ACCT_00232,CHECK,4579.41,2023-01-26 23:37:56,0,
4810,ACCT_00928,ACCT_01089,CASH,1956.01,2023-01-27 00:09:57,0,
4811,ACCT_00066,ACCT_01522,ACH,3500.13,2023-01-27 00:16:45,0,
4812,ACCT_01307,ACCT_01952,ACH,4528.83,2023-01-27 00:22:16,0,
4813,ACCT_01035,ACCT_01168,TRANSFER,504.54,2023-01-27 00:23:03,0,
4814,ACCT_00256,ACCT_00191,WIRE,2538.45,2023-01-27 00:34:04,0,
4815,ACCT_01117,ACCT_01321,ACH,3559.91,2023-01-27 00:40:02,0,
4816,ACCT_00443,ACCT_01246,CHECK,3850.99,2023-01-27 00:44:43,0,
4817,ACCT_01478,ACCT_00025,WIRE,3453.25,2023-01-27 01:17:47,0,
4818,ACCT_01424,ACCT_00340,CASH,3771.18,2023-01-27 01:18:32,0,
4819,ACCT_00963,ACCT_01693,CHECK,2198.32,2023-01-27 01:28:25,0,
4820,ACCT_00911,ACCT_01512,CASH,4434.11,2023-01-27 01:40:41,0,
4821,ACCT_00195,ACCT_00171,CHECK,3635.79,2023-01-27 01:44:05,0,
4822,ACCT_00852,ACCT_01442,CHECK,1834.72,2023-01-27 01:57:25,0,
4823,ACCT_00801,ACCT_00064,CASH,1254.93,2023-01-27 02:07:05,0,
4824,ACCT_00736,ACCT_01442,ACH,1811.04,2023-01-27 02:18:32,0,
4825,ACCT_00617,ACCT_00556,CASH,488.21,2023-01-27 02:27:01,0,
4826,ACCT_01368,ACCT_00802,TRANSFER,3986.77,2023-01-27 02:40:52,0,
4827,ACCT_00606,ACCT_00230,CHECK,604.22,2023-01-27 03:01:38,0,
4828,ACCT_00266,ACCT_01430,CASH,2948.37,2023-01-27 03:10:57,0,
4829,ACCT_00575,ACCT_01659,CHECK,4922.31,2023-01-27 03:23:56,0,
4830,ACCT_01613,ACCT_01408,ACH,644.02,2023-01-27 03:30:38,0,
4831,ACCT_01988,ACCT_00137,ACH,3730.37,2023-01-27 03:33:03,0,
4832,ACCT_01583,ACCT_00546,CHECK,426.79,2023-01-27 03:48:46,0,
4833,ACCT_00226,ACCT_01741,TRANSFER,2264.98,2023-01-27 04:03:10,0,
4834,ACCT_01226,ACCT_00998,CASH,2850.95,2023-01-27 04:15:02,0,
4835,ACCT_01255,ACCT_00138,CASH,1477.78,2023-01-27 04:22:54,0,
4836,ACCT_00769,ACCT_01247,WIRE,2547.52,2023-01-27 04:26:06,0,
4837,ACCT_01013,ACCT_00413,CHECK,3713.4,2023-01-27 04:31:48,0,
4838,ACCT_00697,ACCT_00034,TRANSFER,3538.1,2023-01-27 05:13:48,0,
4839,ACCT_01846,ACCT_01720,ACH,3623.74,2023-01-27 05:27:57,0,
4840,ACCT_00823,ACCT_00611,TRANSFER,528.87,2023-01-27 05:28:37,0,
4841,ACCT_01981,ACCT_01056,ACH,2979.66,2023-01-27 05:29:34,0,
4842,ACCT_00677,ACCT_00753,ACH,4758.05,2023-01-27 05:32:21,0,
4843,ACCT_01305,ACCT_00467,TRANSFER,4256.09,2023-01-27 05:53:19,0,
4844,ACCT_00850,ACCT_00200,TRANSFER,41558.27,2023-01-27 05:54:22,1,ALERT_0031
4845,ACCT_00794,ACCT_00789,ACH,1303.82,2023-01-27 06:02:12,0,
4846,ACCT_00739,ACCT_00403,CHECK,4792.6,2023-01-27 06:03:49,0,
4847,ACCT_00375,ACCT_00458,CASH,4329.17,2023-01-27 06:15:19,0,
4848,ACCT_00907,ACCT_00877,TRANSFER,874.58,2023-01-27 06:20:30,0,
4849,ACCT_00401,ACCT_00122,WIRE,1629.49,2023-01-27 06:24:49,0,
4850,ACCT_00605,ACCT_00911,ACH,1764.36,2023-01-27 06:40:45,0,
4851,ACCT_01572,ACCT_00659,WIRE,1198.9,2023-01-27 06:54:47,0,
4852,ACCT_01929,ACCT_00378,ACH,280.0,2023-01-27 06:59:52,0,
4853,ACCT_00655,ACCT_01439,TRANSFER,3073.31,2023-01-27 07:03:04,0,
4854,ACCT_00875,ACCT_00309,CASH,4279.32,2023-01-27 07:07:35,0,
4855,ACCT_01086,ACCT_01001,TRANSFER,2599.32,2023-01-27 07:29:57,0,
4856,ACCT_00041,ACCT_01201,CASH,4655.4,2023-01-27 07:40:57,0,
4857,ACCT_01214,ACCT_00366,WIRE,437.37,2023-01-27 07:41:16,0,
4858,ACCT_00770,ACCT_01826,WIRE,376.91,2023-01-27 07:53:58,0,
4859,ACCT_00506,ACCT_01163,ACH,1367.82,2023-01-27 07:54:33,0,
4860,ACCT_00303,ACCT_01148,CHECK,4623.81,2023-01-27 08:01:01,0,
4861,ACCT_00319,ACCT_01005,ACH,4103.11,2023-01-27 08:01:27,0,
4862,ACCT_01704,ACCT_00350,TRANSFER,4748.83,2023-01-27 08:02:26,0,
4863,ACCT_01816,ACCT_00079,WIRE,3325.72,2023-01-27 08:04:34,0,
4864,ACCT_00766,ACCT_00441,CHECK,2987.39,2023-01-27 08:24:44,0,
4865,ACCT_00584,ACCT_00754,TRANSFER,4008.11,2023-01-27 08:28:15,0,
4866,ACCT_01619,ACCT_01093,TRANSFER,6289.85,2023-01-27 08:28:50,1,ALERT_0005
4867,ACCT_00256,ACCT_00567,TRANSFER,1717.34,2023-01-27 08:29:53,0,
4868,ACCT_00621,ACCT_00125,WIRE,1145.66,2023-01-27 08:31:53,0,
4869,ACCT_00256,ACCT_00297,TRANSFER,801.11,2023-01-27 08:58:51,0,
4870,ACCT_00998,ACCT_00512,CASH,4934.78,2023-01-27 09:00:12,0,
4871,ACCT_01001,ACCT_00241,WIRE,1656.16,2023-01-27 09:00:47,0,
4872,ACCT_00065,ACCT_01039,TRANSFER,3332.38,2023-01-27 09:02:27,0,
4873,ACCT_01642,ACCT_00629,CASH,3199.43,2023-01-27 09:14:16,0,
4874,ACCT_01002,ACCT_00543,ACH,3747.1,2023-01-27 09:17:41,0,
4875,ACCT_00961,ACCT_00639,TRANSFER,211.4,2023-01-27 09:33:37,0,
4876,ACCT_00576,ACCT_01837,ACH,4295.34,2023-01-27 09:34:50,0,
4877,ACCT_01370,ACCT_01861,ACH,1132.43,2023-01-27 09:47:54,0,
4878,ACCT_00895,ACCT_01909,CASH,4261.24,2023-01-27 09:49:55,0,
4879,ACCT_00995,ACCT_01229,CHECK,4426.03,2023-01-27 09:51:56,0,
4880,ACCT_00461,ACCT_00080,CASH,1812.62,2023-01-27 09:52:58,0,
4881,ACCT_00827,ACCT_01563,ACH,1505.19,2023-01-27 09:54:41,0,
4882,ACCT_00239,ACCT_01769,TRANSFER,1103.23,2023-01-27 09:58:24,0,
4883,ACCT_00452,ACCT_01984,ACH,1888.27,2023-01-27 10:00:30,0,
4884,ACCT_00065,ACCT_00655,WIRE,4346.61,2023-01-27 10:04:28,0,
4885,ACCT_00349,ACCT_01992,CASH,3222.82,2023-01-27 10:06:22,0,
4886,ACCT_01588,ACCT_01962,ACH,240.25,2023-01-27 10:06:53,0,
4887,ACCT_00869,ACCT_01493,CHECK,706.44,2023-01-27 10:09:16,0,
4888,ACCT_00645,ACCT_01303,TRANSFER,2230.22,2023-01-27 10:13:33,0,
4889,ACCT_00631,ACCT_01251,CASH,866.36,2023-01-27 10:17:50,0,
4890,ACCT_01303,ACCT_00501,TRANSFER,3817.78,2023-01-27 10:18:42,0,
4891,ACCT_01360,ACCT_00611,TRANSFER,3735.17,2023-01-27 10:23:52,0,
4892,ACCT_01095,ACCT_01760,CHECK,280.15,2023-01-27 10:46:45,0,
4893,ACCT_00406,ACCT_00155,CHECK,2304.33,2023-01-27 11:02:16,0,
4894,ACCT_01110,ACCT_01239,WIRE,486.83,2023-01-27 11:15:05,0,
4895,ACCT_01828,ACCT_01776,TRANSFER,1643.36,2023-01-27 11:25:13,0,
4896,ACCT_00274,ACCT_01393,WIRE,1350.64,2023-01-27 11:27:13,0,
4897,ACCT_00662,ACCT_00763,ACH,1895.77,2023-01-27 11:27:43,0,
4898,ACCT_00681,ACCT_01127,ACH,416.95,2023-01-27 11:37:28,0,
4899,ACCT_01853,ACCT_01100,TRANSFER,550.66,2023-01-27 11:54:52,0,
4900,ACCT_00739,ACCT_01519,CASH,3717.23,2023-01-27 12:01:26,0,
4901,ACCT_01058,ACCT_01972,CHECK,2154.2,2023-01-27 12:09:58,0,
4902,ACCT_00249,ACCT_00811,ACH,4640.74,2023-01-27 12:12:55,0,
4903,ACCT_00015,ACCT_00608,CASH,2094.27,2023-01-27 12:13:27,0,
4904,ACCT_00323,ACCT_00826,ACH,4273.92,2023-01-27 12:22:20,0,
4905,ACCT_00648,ACCT_01709,ACH,1369.82,2023-01-27 12:28:42,0,
4906,ACCT_00171,ACCT_00975,WIRE,508.38,2023-01-27 12:31:33,0,
4907,ACCT_00996,ACCT_00058,WIRE,719.28,2023-01-27 12:47:39,0,
4908,ACCT_00919,ACCT_01273,ACH,3694.27,2023-01-27 12:47:50,0,
4909,ACCT_01205,ACCT_00938,ACH,2590.12,2023-01-27 12:49:01,0,
4910,ACCT_00677,ACCT_00435,TRANSFER,691.63,2023-01-27 12:58:50,0,
4911,ACCT_01762,ACCT_00742,TRANSFER,2431.38,2023-01-27 13:02:35,0,
4912,ACCT_00597,ACCT_00221,CASH,3418.33,2023-01-27 13:18:53,0,
4913,ACCT_00632,ACCT_01276,TRANSFER,1860.73,2023-01-27 13:19:57,0,
4914,ACCT_00854,ACCT_00024,CHECK,1900.99,2023-01-27 13:20:36,0,
4915,ACCT_00818,ACCT_00407,WIRE,3857.21,2023-01-27 13:26:04,0,
4916,ACCT_01998,ACCT_00580,ACH,3275.72,2023-01-27 13:32:24,0,
4917,ACCT_00459,ACCT_01328,TRANSFER,1001.33,2023-01-27 13:32:33,0,
4918,ACCT_00028,ACCT_00872,CHECK,3684.54,2023-01-27 13:33:54,0,
4919,ACCT_00054,ACCT_00583,TRANSFER,1976.91,2023-01-27 13:33:56,0,
4920,ACCT_01076,ACCT_00687,TRANSFER,4666.43,2023-01-27 13:55:59,0,
4921,ACCT_01435,ACCT_01909,ACH,3958.17,2023-01-27 13:57:24,0,
4922,ACCT_00569,ACCT_01889,CASH,1783.81,2023-01-27 14:09:05,0,
4923,ACCT_01587,ACCT_01302,ACH,4083.38,2023-01-27 14:13:02,0,
4924,ACCT_00136,ACCT_00698,WIRE,4071.44,2023-01-27 14:14:52,0,
4925,ACCT_00076,ACCT_00999,CHECK,2435.64,2023-01-27 14:19:20,0,
4926,ACCT_00374,ACCT_01495,TRANSFER,936.44,2023-01-27 14:26:25,0,
4927,ACCT_00324,ACCT_00062,WIRE,3592.64,2023-01-27 14:40:01,0,
4928,ACCT_01993,ACCT_01484,CHECK,265.92,2023-01-27 15:01:41,0,
4929,ACCT_01519,ACCT_00229,ACH,881.32,2023-01-27 15:06:42,0,
4930,ACCT_00467,ACCT_00333,CHECK,3180.13,2023-01-27 15:41:34,0,
4931,ACCT_01962,ACCT_00706,CHECK,3923.4,2023-01-27 15:44:42,0,
4932,ACCT_00907,ACCT_01521,CHECK,4668.24,2023-01-27 15:53:20,0,
4933,ACCT_01922,ACCT_00419,WIRE,467.88,2023-01-27 16:02:27,0,
4934,ACCT_01373,ACCT_00751,CHECK,545.94,2023-01-27 16:10:01,0,
4935,ACCT_00953,ACCT_00209,CASH,2008.23,2023-01-27 16:20:06,0,
4936,ACCT_00615,ACCT_00299,CHECK,3899.81,2023-01-27 16:26:41,0,
4937,ACCT_01634,ACCT_01040,TRANSFER,3536.43,2023-01-27 16:26:58,0,
4938,ACCT_00423,ACCT_01132,ACH,510.33,2023-01-27 16:33:39,0,
4939,ACCT_00502,ACCT_00061,CHECK,2990.24,2023-01-27 16:37:19,0,
4940,ACCT_01681,ACCT_00166,CHECK,3411.64,2023-01-27 16:37:28,0,
4941,ACCT_01093,ACCT_01390,WIRE,7268.25,2023-01-27 16:41:08,1,ALERT_0005
4942,ACCT_01950,ACCT_00491,WIRE,2896.73,2023-01-27 16:43:42,0,
4943,ACCT_00621,ACCT_01516,CHECK,2218.29,2023-01-27 16:53:17,0,
4944,ACCT_01881,ACCT_01031,TRANSFER,1768.19,2023-01-27 16:53:40,0,
4945,ACCT_00763,ACCT_00047,WIRE,833.25,2023-01-27 17:22:18,0,
4946,ACCT_01055,ACCT_00481,CASH,2527.99,2023-01-27 17:22:38,0,
4947,ACCT_00915,ACCT_00315,CHECK,2944.76,2023-01-27 17:35:10,0,
4948,ACCT_00833,ACCT_00017,TRANSFER,2772.9,2023-01-27 17:53:27,0,
4949,ACCT_01801,ACCT_01380,CASH,3519.12,2023-01-27 17:53:38,0,
4950,ACCT_00897,ACCT_01002,ACH,2416.05,2023-01-27 18:12:14,0,
4951,ACCT_00555,ACCT_00805,CHECK,4656.65,2023-01-27 18:13:08,0,
4952,ACCT_01613,ACCT_00256,WIRE,2323.94,2023-01-27 18:15:05,0,
4953,ACCT_00094,ACCT_00376,WIRE,619.74,2023-01-27 18:23:19,0,
4954,ACCT_01211,ACCT_00131,TRANSFER,579.76,2023-01-27 18:34:32,0,
4955,ACCT_01669,ACCT_01108,ACH,1192.44,2023-01-27 18:36:17,0,
4956,ACCT_00580,ACCT_01175,CHECK,1343.66,2023-01-27 18:36:49,0,
4957,ACCT_01292,ACCT_01150,TRANSFER,3594.65,2023-01-27 18:51:44,0,
4958,ACCT_00045,ACCT_01152,TRANSFER,2770.7,2023-01-27 18:54:43,0,
4959,ACCT_01013,ACCT_00643,CASH,4722.55,2023-01-27 18:55:27,0,
4960,ACCT_01413,ACCT_00076,TRANSFER,250.64,2023-01-27 19:13:24,0,
4961,ACCT_01334,ACCT_01548,CASH,1212.21,2023-01-27 19:25:00,0,
4962,ACCT_00866,ACCT_01399,TRANSFER,1143.08,2023-01-27 19:41:13,0,
4963,ACCT_00268,ACCT_00689,TRANSFER,3528.79,2023-01-27 19:52:39,0,
4964,ACCT_01998,ACCT_00572,CASH,908.14,2023-01-27 19:54:20,0,
4965,ACCT_00143,ACCT_01226,TRANSFER,3430.69,2023-01-27 20:07:04,0,
4966,ACCT_00283,ACCT_01337,WIRE,2571.56,2023-01-27 20:10:50,0,
4967,ACCT_01776,ACCT_01543,CHECK,525.75,2023-01-27 20:25:05,0,
4968,ACCT_00201,ACCT_01829,CASH,4601.77,2023-01-27 20:48:06,0,
4969,ACCT_00134,ACCT_01914,CHECK,2922.91,2023-01-27 20:59:15,0,
4970,ACCT_01517,ACCT_00545,CASH,3382.19,2023-01-27 21:26:49,0,
4971,ACCT_00743,ACCT_00285,CHECK,4449.73,2023-01-27 21:27:37,0,
4972,ACCT_01219,ACCT_00529,CHECK,2548.26,2023-01-27 21:34:09,0,
4973,ACCT_00523,ACCT_01194,WIRE,2020.25,2023-01-27 21:40:42,0,
4974,ACCT_00156,ACCT_00407,TRANSFER,461.81,2023-01-27 21:48:24,0,
4975,ACCT_01521,ACCT_00097,CASH,1826.53,2023-01-27 21:53:34,0,
4976,ACCT_00073,ACCT_00709,TRANSFER,4750.04,2023-01-27 21:59:57,0,
4977,ACCT_01718,ACCT_01110,CASH,4212.15,2023-01-27 22:00:34,0,
4978,ACCT_00989,ACCT_01915,TRANSFER,1922.68,2023-01-27 22:10:29,0,
4979,ACCT_01740,ACCT_00785,CHECK,4348.81,2023-01-27 22:44:04,0,
4980,ACCT_00035,ACCT_01835,CHECK,2208.84,2023-01-27 22:44:33,0,
4981,ACCT_01349,ACCT_01839,TRANSFER,911.51,2023-01-27 23:01:50,0,
4982,ACCT_01029,ACCT_01205,CHECK,3812.84,2023-01-27 23:02:44,0,
4983,ACCT_01026,ACCT_00729,WIRE,3998.62,2023-01-27 23:20:40,0,
4984,ACCT_01629,ACCT_00120,ACH,3357.77,2023-01-27 23:25:39,0,
4985,ACCT_01307,ACCT_01665,CHECK,2051.8,2023-01-27 23:27:55,0,
4986,ACCT_01727,ACCT_00660,ACH,3546.35,2023-01-27 23:35:31,0,
4987,ACCT_01166,ACCT_00352,CASH,4795.58,2023-01-27 23:51:23,0,
4988,ACCT_01674,ACCT_01210,CASH,3959.4,2023-01-27 23:53:37,0,
4989,ACCT_00767,ACCT_01722,ACH,4101.97,2023-01-27 23:56:28,0,
4990,ACCT_00741,ACCT_01689,CHECK,398.21,2023-01-28 00:00:27,0,
4991,ACCT_00930,ACCT_00840,CHECK,406.23,2023-01-28 00:06:36,0,
4992,ACCT_01396,ACCT_00026,TRANSFER,1879.54,2023-01-28 00:19:39,0,
4993,ACCT_00979,ACCT_01178,CHECK,3303.79,2023-01-28 00:53:02,0,
4994,ACCT_00752,ACCT_00969,TRANSFER,1018.62,2023-01-28 00:53:33,0,
4995,ACCT_01656,ACCT_01714,CASH,46.54,2023-01-28 00:59:48,0,
4996,ACCT_00861,ACCT_01427,ACH,3874.18,2023-01-28 01:01:07,0,
4997,ACCT_00068,ACCT_00741,CASH,4137.92,2023-01-28 01:01:36,0,
4998,ACCT_00290,ACCT_00900,ACH,2894.75,2023-01-28 01:10:07,0,
4999,ACCT_01586,ACCT_01721,TRANSFER,12689.8,2023-01-28 01:10:40,1,ALERT_0027
5000,ACCT_01390,ACCT_01934,TRANSFER,24415.98,2023-01-28 01:25:14,1,ALERT_0005
5001,ACCT_00935,ACCT_00002,CASH,3775.26,2023-01-28 01:27:44,0,
5002,ACCT_00863,ACCT_00245,TRANSFER,2269.4,2023-01-28 01:32:42,0,
5003,ACCT_01913,ACCT_01632,WIRE,2603.56,2023-01-28 01:44:49,0,
5004,ACCT_00614,ACCT_01754,WIRE,4787.54,2023-01-28 02:18:57,0,
5005,ACCT_00075,ACCT_00167,TRANSFER,4982.29,2023-01-28 02:45:56,0,
5006,ACCT_01844,ACCT_01876,CASH,1023.05,2023-01-28 02:49:38,0,
5007,ACCT_01180,ACCT_01833,TRANSFER,4172.24,2023-01-28 02:57:44,0,
5008,ACCT_01131,ACCT_00397,ACH,3364.16,2023-01-28 03:12:37,0,
5009,ACCT_01952,ACCT_00677,ACH,3152.9,2023-01-28 03:14:34,0,
5010,ACCT_00739,ACCT_00519,CASH,3658.38,2023-01-28 03:17:47,0,
5011,ACCT_01302,ACCT_01645,ACH,199.7,2023-01-28 03:29:19,0,
5012,ACCT_01183,ACCT_00945,CHECK,1232.78,2023-01-28 03:30:32,0,
5013,ACCT_01840,ACCT_01100,CHECK,680.68,2023-01-28 03:31:58,0,
5014,ACCT_00571,ACCT_00481,CASH,3903.35,2023-01-28 03:40:42,0,
5015,ACCT_01335,ACCT_00740,TRANSFER,31.77,2023-01-28 03:44:47,0,
5016,ACCT_00343,ACCT_01844,TRANSFER,2493.28,2023-01-28 03:47:01,0,
5017,ACCT_01508,ACCT_01652,CASH,4519.63,2023-01-28 03:47:40,0,
5018,ACCT_01750,ACCT_01276,CASH,3979.46,2023-01-28 03:55:22,0,
5019,ACCT_00144,ACCT_01703,WIRE,3019.08,2023-01-28 03:58:00,0,
5020,ACCT_00275,ACCT_01815,TRANSFER,390.5,2023-01-28 03:59:12,0,
5021,ACCT_01574,ACCT_01400,CASH,961.31,2023-01-28 04:21:24,0,
5022,ACCT_01808,ACCT_00175,CASH,471.41,2023-01-28 04:27:33,0,
5023,ACCT_01683,ACCT_00441,CHECK,2781.67,2023-01-28 04:30:41,0,
5024,ACCT_01190,ACCT_01257,ACH,2254.39,2023-01-28 04:36:36,0,
5025,ACCT_00243,ACCT_00739,TRANSFER,4478.98,2023-01-28 04:52:00,0,
5026,ACCT_00397,ACCT_00530,TRANSFER,3906.65,2023-01-28 04:55:26,0,
5027,ACCT_00381,ACCT_00567,ACH,3360.48,2023-01-28 04:59:32,0,
5028,ACCT_01970,ACCT_00609,CHECK,3302.62,2023-01-28 05:01:19,0,
5029,ACCT_00884,ACCT_00802,WIRE,3427.44,2023-01-28 05:01:54,0,
5030,ACCT_01451,ACCT_01962,TRANSFER,441.07,2023-01-28 05:03:38,0,
5031,ACCT_01901,ACCT_01549,ACH,1721.68,2023-01-28 05:20:46,0,
5032,ACCT_00999,ACCT_00088,ACH,3601.97,2023-01-28 05:31:43,0,
5033,ACCT_00256,ACCT_01448,CHECK,1282.45,2023-01-28 05:40:35,0,
5034,ACCT_00189,ACCT_00080,ACH,1347.2,2023-01-28 05:46:00,0,
5035,ACCT_01216,ACCT_00673,ACH,2106.44,2023-01-28 05:52:25,0,
5036,ACCT_00653,ACCT_01205,CASH,3493.4,2023-01-28 05:56:50,0,
5037,ACCT_01326,ACCT_01932,ACH,1776.14,2023-01-28 05:57:30,0,
5038,ACCT_01985,ACCT_00598,WIRE,1497.7,2023-01-28 06:02:43,0,
5039,ACCT_00989,ACCT_00265,WIRE,1005.43,2023-01-28 06:12:32,0,
5040,ACCT_01455,ACCT_00226,WIRE,818.81,2023-01-28 06:29:29,0,
5041,ACCT_00290,ACCT_01740,ACH,160.38,2023-01-28 06:38:10,0,
5042,ACCT_00561,ACCT_00503,CASH,1780.25,2023-01-28 06:43:42,0,
5043,ACCT_01673,ACCT_00446,TRANSFER,447.52,2023-01-28 06:49:53,0,
5044,ACCT_01530,ACCT_00632,WIRE,3339.66,2023-01-28 06:54:59,0,
5045,ACCT_01536,ACCT_00150,CHECK,3819.13,2023-01-28 07:03:21,0,
5046,ACCT_01040,ACCT_01261,CHECK,4192.71,2023-01-28 07:04:41,0,
5047,ACCT_01208,ACCT_01137,WIRE,1944.23,2023-01-28 07:13:51,0,
5048,ACCT_01342,ACCT_01906,CHECK,4067.82,2023-01-28 07:15:17,0,
5049,ACCT_01034,ACCT_00068,CASH,501.65,2023-01-28 07:20:06,0,
5050,ACCT_01724,ACCT_00331,WIRE,4194.09,2023-01-28 07:32:51,0,
5051,ACCT_01707,ACCT_01868,TRANSFER,4495.68,2023-01-28 07:36:57,0,
5052,ACCT_00086,ACCT_00593,WIRE,283.13,2023-01-28 07:40:56,0,
5053,ACCT_00826,ACCT_01189,WIRE,940.78,2023-01-28 07:44:08,0,
5054,ACCT_01044,ACCT_00921,CASH,2500.64,2023-01-28 07:47:23,0,
5055,ACCT_01905,ACCT_01740,CHECK,3310.15,2023-01-28 08:04:10,0,
5056,ACCT_01340,ACCT_01656,TRANSFER,2992.71,2023-01-28 08:11:32,0,
5057,ACCT_00454,ACCT_01779,WIRE,1723.19,2023-01-28 08:34:21,0,
5058,ACCT_01271,ACCT_01498,CASH,839.34,2023-01-28 08:37:28,0,
5059,ACCT_00026,ACCT_00311,CHECK,1615.26,2023-01-28 08:43:36,0,
5060,ACCT_01340,ACCT_00084,CHECK,1296.88,2023-01-28 09:03:34,0,
5061,ACCT_00076,ACCT_00252,CHECK,136.74,2023-01-28 09:09:42,0,
5062,ACCT_01190,ACCT_00620,CASH,2554.54,2023-01-28 09:12:23,0,
5063,ACCT_00431,ACCT_01407,ACH,2504.33,2023-01-28 09:23:34,0,
5064,ACCT_01974,ACCT_01028,ACH,4961.47,2023-01-28 09:26:16,0,
5065,ACCT_00437,ACCT_01834,CHECK,3514.61,2023-01-28 09:30:31,0,
5066,ACCT_01394,ACCT_00051,WIRE,2904.05,2023-01-28 09:33:48,0,
5067,ACCT_00636,ACCT_00564,CHECK,1440.19,2023-01-28 09:38:54,0,
5068,ACCT_00961,ACCT_00320,WIRE,1217.21,2023-01-28 09:41:11,0,
5069,ACCT_01480,ACCT_00219,ACH,2167.1,2023-01-28 10:02:55,0,
5070,ACCT_00933,ACCT_00833,CASH,213.05,2023-01-28 10:09:07,0,
5071,ACCT_00882,ACCT_01989,TRANSFER,4614.26,2023-01-28 10:14:33,0,
5072,ACCT_01548,ACCT_00228,TRANSFER,3910.45,2023-01-28 10:25:41,0,
5073,ACCT_01467,ACCT_00312,ACH,4711.54,2023-01-28 10:26:19,0,
5074,ACCT_01304,ACCT_00060,ACH,1128.72,2023-01-28 10:28:57,0,
5075,ACCT_01633,ACCT_00579,ACH,3914.35,2023-01-28 10:35:46,0,
5076,ACCT_01945,ACCT_01742,ACH,1628.64,2023-01-28 10:40:28,0,
5077,ACCT_01986,ACCT_01608,WIRE,3161.87,2023-01-28 10:42:54,0,
5078,ACCT_01017,ACCT_01033,CASH,2186.46,2023-01-28 10:46:09,0,
5079,ACCT_00326,ACCT_01584,CHECK,3859.55,2023-01-28 10:53:26,0,
5080,ACCT_00483,ACCT_00569,TRANSFER,586.58,2023-01-28 11:12:24,0,
5081,ACCT_00940,ACCT_00050,WIRE,1158.59,2023-01-28 11:50:28,0,
5082,ACCT_00007,ACCT_00890,TRANSFER,2458.55,2023-01-28 12:06:52,0,
5083,ACCT_01314,ACCT_00893,CASH,4434.74,2023-01-28 12:17:15,0,
5084,ACCT_01197,ACCT_01738,WIRE,1271.73,2023-01-28 12:31:46,0,
5085,ACCT_01741,ACCT_01147,ACH,3819.62,2023-01-28 12:39:43,0,
5086,ACCT_01586,ACCT_01138,TRANSFER,27913.26,2023-01-28 12:48:12,1,ALERT_0027
5087,ACCT_01211,ACCT_00037,TRANSFER,2216.57,2023-01-28 13:28:54,0,
5088,ACCT_00125,ACCT_00321,CASH,3082.75,2023-01-28 13:46:04,0,
5089,ACCT_00817,ACCT_01262,ACH,812.04,2023-01-28 13:53:57,0,
5090,ACCT_01382,ACCT_01597,WIRE,51.75,2023-01-28 13:54:09,0,
5091,ACCT_00329,ACCT_01752,ACH,3906.2,2023-01-28 13:59:34,0,
5092,ACCT_00085,ACCT_00588,TRANSFER,3562.37,2023-01-28 14:00:31,0,
5093,ACCT_00417,ACCT_01015,WIRE,2860.02,2023-01-28 14:03:30,0,
5094,ACCT_00870,ACCT_00527,CASH,1127.86,2023-01-28 14:10:43,0,
5095,ACCT_01932,ACCT_00675,WIRE,1513.4,2023-01-28 14:19:32,0,
5096,ACCT_00423,ACCT_01597,TRANSFER,4739.91,2023-01-28 14:22:05,0,
5097,ACCT_01386,ACCT_01327,TRANSFER,4176.24,2023-01-28 14:27:14,0,
5098,ACCT_01584,ACCT_00009,TRANSFER,1376.61,2023-01-28 14:37:41,0,
5099,ACCT_00643,ACCT_01646,TRANSFER,562.12,2023-01-28 14:47:34,0,
5100,ACCT_00867,ACCT_00185,CHECK,4056.86,2023-01-28 14:58:37,0,
5101,ACCT_00405,ACCT_01361,CHECK,2575.35,2023-01-28 15:09:38,0,
5102,ACCT_00862,ACCT_01006,CASH,2306.61,2023-01-28 15:19:05,0,
5103,ACCT_01906,ACCT_00111,CHECK,624.33,2023-01-28 15:23:28,0,
5104,ACCT_00034,ACCT_00193,CHECK,4322.58,2023-01-28 15:24:34,0,
5105,ACCT_01178,ACCT_01277,CASH,4636.26,2023-01-28 15:25:59,0,
5106,ACCT_01177,ACCT_01316,CASH,3882.75,2023-01-28 15:27:10,0,
5107,ACCT_00229,ACCT_01725,CHECK,714.86,2023-01-28 15:32:03,0,
5108,ACCT_01317,ACCT_00399,ACH,4030.77,2023-01-28 15:33:58,0,
5109,ACCT_01461,ACCT_00917,CASH,3851.06,2023-01-28 15:57:31,0,
5110,ACCT_01918,ACCT_00382,CASH,933.2,2023-01-28 16:05:34,0,
5111,ACCT_00146,ACCT_01035,ACH,4387.68,2023-01-28 16:08:55,0,
5112,ACCT_00867,ACCT_01826,WIRE,1203.37,2023-01-28 16:09:24,0,
5113,ACCT_01934,ACCT_01619,TRANSFER,18986.64,2023-01-28 16:11:58,1,ALERT_0005
5114,ACCT_00195,ACCT_01469,CHECK,1418.68,2023-01-28 16:12:56,0,
5115,ACCT_01475,ACCT_01889,CASH,2617.18,2023-01-28 16:18:30,0,
5116,ACCT_01392,ACCT_01466,TRANSFER,3001.43,2023-01-28 16:20:39,0,
5117,ACCT_00378,ACCT_00172,TRANSFER,1216.34,2023-01-28 16:32:47,0,
5118,ACCT_01849,ACCT_01807,TRANSFER,3770.79,2023-01-28 16:37:50,0,
5119,ACCT_01005,ACCT_00221,CASH,2970.92,2023-01-28 16:40:11,0,
5120,ACCT_00057,ACCT_01132,ACH,564.23,2023-01-28 16:48:54,0,
5121,ACCT_00283,ACCT_00237,CHECK,598.78,2023-01-28 16:54:19,0,
5122,ACCT_01870,ACCT_01732,CASH,2798.7,2023-01-28 16:56:21,0,
5123,ACCT_00460,ACCT_00209,CASH,1792.97,2023-01-28 16:57:09,0,
5124,ACCT_01420,ACCT_01579,CHECK,1141.93,2023-01-28 17:13:28,0,
5125,ACCT_00770,ACCT_00925,TRANSFER,3745.57,2023-01-28 17:21:02,0,
5126,ACCT_01417,ACCT_01003,CASH,2668.37,2023-01-28 17:40:33,0,
5127,ACCT_01895,ACCT_00032,CHECK,3782.19,2023-01-28 17:52:06,0,
5128,ACCT_00181,ACCT_01376,TRANSFER,4469.58,2023-01-28 17:58:12,0,
5129,ACCT_01324,ACCT_00350,CASH,479.35,2023-01-28 18:04:03,0,
5130,ACCT_01181,ACCT_00024,TRANSFER,3692.06,2023-01-28 18:34:14,0,
5131,ACCT_01135,ACCT_00453,CHECK,2446.23,2023-01-28 18:34:21,0,
5132,ACCT_00028,ACCT_01509,CASH,4352.1,2023-01-28 18:51:27,0,
5133,ACCT_00555,ACCT_01098,ACH,3660.22,2023-01-28 18:53:03,0,
5134,ACCT_01906,ACCT_01284,WIRE,3519.61,2023-01-28 19:11:43,0,
5135,ACCT_00733,ACCT_00261,TRANSFER,2628.74,2023-01-28 19:17:48,0,
5136,ACCT_00786,ACCT_01094,TRANSFER,374.25,2023-01-28 19:23:13,0,
5137,ACCT_01437,ACCT_01745,WIRE,258.42,2023-01-28 19:26:39,0,
5138,ACCT_00841,ACCT_01234,ACH,2795.73,2023-01-28 19:32:18,0,
5139,ACCT_01288,ACCT_01578,ACH,773.71,2023-01-28 19:32:51,0,
5140,ACCT_00421,ACCT_01818,ACH,3125.55,2023-01-28 19:38:32,0,
5141,ACCT_00456,ACCT_00440,CHECK,1334.97,2023-01-28 19:41:44,0,
5142,ACCT_01087,ACCT_00573,WIRE,1848.47,2023-01-28 19:49:11,0,
5143,ACCT_01527,ACCT_01783,ACH,2035.16,2023-01-28 19:56:12,0,
5144,ACCT_00458,ACCT_00641,WIRE,3079.29,2023-01-28 19:56:17,0,
5145,ACCT_01550,ACCT_01147,ACH,897.76,2023-01-28 19:56:55,0,
5146,ACCT_01432,ACCT_01998,ACH,1985.18,2023-01-28 20:01:43,0,
5147,ACCT_01767,ACCT_01170,TRANSFER,1633.92,2023-01-28 20:06:01,0,
5148,ACCT_00199,ACCT_00622,CASH,225.04,2023-01-28 20:06:07,0,
5149,ACCT_00724,ACCT_00583,CHECK,4781.51,2023-01-28 20:07:14,0,
5150,ACCT_00562,ACCT_00161,CASH,723.95,2023-01-28 20:09:20,0,
5151,ACCT_01019,ACCT_01905,WIRE,3027.25,2023-01-28 20:13:57,0,
5152,ACCT_00247,ACCT_01719,TRANSFER,3951.65,2023-01-28 20:19:26,0,
5153,ACCT_01087,ACCT_00729,ACH,3167.04,2023-01-28 20:29:24,0,
5154,ACCT_00011,ACCT_01731,CASH,781.03,2023-01-28 20:51:31,0,
5155,ACCT_01778,ACCT_00739,CHECK,1910.89,2023-01-28 21:06:08,0,
5156,ACCT_00485,ACCT_01933,TRANSFER,3880.99,2023-01-28 21:07:54,0,
5157,ACCT_00674,ACCT_01794,CASH,2343.29,2023-01-28 21:08:25,0,
5158,ACCT_00225,ACCT_01172,TRANSFER,2458.57,2023-01-28 21:17:17,0,
5159,ACCT_01398,ACCT_01399,CASH,340.8,2023-01-28 21:19:23,0,
5160,ACCT_01210,ACCT_01146,WIRE,618.08,2023-01-28 21:31:41,0,
5161,ACCT_00969,ACCT_00039,WIRE,1763.22,2023-01-28 22:04:17,0,
5162,ACCT_01509,ACCT_01498,CHECK,3414.04,2023-01-28 22:27:11,0,
5163,ACCT_00345,ACCT_01299,TRANSFER,2036.55,2023-01-28 22:39:39,0,
5164,ACCT_01663,ACCT_00825,WIRE,845.94,2023-01-28 22:45:39,0,
5165,ACCT_00259,ACCT_01238,TRANSFER,1653.04,2023-01-28 22:49:44,0,
5166,ACCT_01666,ACCT_00546,WIRE,3853.92,2023-01-28 22:51:48,0,
5167,ACCT_00107,ACCT_00233,WIRE,736.4,2023-01-28 23:21:43,0,
5168,ACCT_00137,ACCT_01797,WIRE,1086.81,2023-01-28 23:26:09,0,
5169,ACCT_00685,ACCT_01636,ACH,2306.85,2023-01-28 23:30:52,0,
5170,ACCT_00784,ACCT_01239,CASH,772.16,2023-01-28 23:43:26,0,
5171,ACCT_00658,ACCT_01690,CASH,2075.46,2023-01-29 00:04:56,0,
5172,ACCT_01097,ACCT_00218,WIRE,1624.06,2023-01-29 00:17:09,0,
5173,ACCT_00215,ACCT_01613,WIRE,4200.28,2023-01-29 00:21:04,0,
5174,ACCT_00405,ACCT_01290,CASH,4301.04,2023-01-29 00:26:48,0,
5175,ACCT_01173,ACCT_01909,CASH,842.93,2023-01-29 00:28:40,0,
5176,ACCT_00194,ACCT_00477,TRANSFER,3029.16,2023-01-29 00:30:13,0,
5177,ACCT_01659,ACCT_01164,CASH,268.18,2023-01-29 00:30:45,0,
5178,ACCT_01217,ACCT_01947,ACH,499.45,2023-01-29 00:35:47,0,
5179,ACCT_01683,ACCT_00697,ACH,1568.92,2023-01-29 00:41:10,0,
5180,ACCT_01218,ACCT_00915,ACH,4142.08,2023-01-29 00:43:46,0,
5181,ACCT_01222,ACCT_01531,CASH,4081.3,2023-01-29 00:44:37,0,
5182,ACCT_01557,ACCT_00897,WIRE,997.78,2023-01-29 00:48:42,0,
5183,ACCT_00700,ACCT_01453,CASH,3967.3,2023-01-29 00:49:19,0,
5184,ACCT_00647,ACCT_00570,CHECK,3405.24,2023-01-29 00:59:35,0,
5185,ACCT_00934,ACCT_01831,ACH,4652.25,2023-01-29 01:06:30,0,
5186,ACCT_01095,ACCT_01583,CASH,1183.74,2023-01-29 01:18:43,0,
5187,ACCT_00156,ACCT_01557,CASH,1226.95,2023-01-29 01:40:05,0,
5188,ACCT_00877,ACCT_01009,ACH,1634.85,2023-01-29 02:06:32,0,
5189,ACCT_00688,ACCT_00409,ACH,4148.26,2023-01-29 02:12:01,0,
5190,ACCT_00221,ACCT_01847,TRANSFER,707.15,2023-01-29 02:12:10,0,
5191,ACCT_01846,ACCT_01814,CHECK,1828.73,2023-01-29 02:19:11,0,
5192,ACCT_00722,ACCT_01036,TRANSFER,993.45,2023-01-29 02:25:21,0,
5193,ACCT_01749,ACCT_00621,CHECK,4162.72,2023-01-29 02:27:10,0,
5194,ACCT_01908,ACCT_00840,ACH,2387.03,2023-01-29 02:46:45,0,
5195,ACCT_00594,ACCT_01945,TRANSFER,2524.98,2023-01-29 02:47:57,0,
5196,ACCT_01432,ACCT_01304,TRANSFER,2594.6,2023-01-29 02:49:38,0,
5197,ACCT_00687,ACCT_01114,ACH,3782.43,2023-01-29 02:59:33,0,
5198,ACCT_00497,ACCT_00567,ACH,2755.23,2023-01-29 03:05:36,0,
5199,ACCT_00047,ACCT_01618,ACH,3418.38,2023-01-29 03:22:34,0,
5200,ACCT_00103,ACCT_01469,TRANSFER,1940.64,2023-01-29 03:29:16,0,
5201,ACCT_00047,ACCT_00427,WIRE,2109.12,2023-01-29 03:33:02,0,
5202,ACCT_01952,ACCT_00878,TRANSFER,1250.63,2023-01-29 03:39:13,0,
5203,ACCT_00695,ACCT_00466,ACH,4373.24,2023-01-29 03:53:13,0,
5204,ACCT_01121,ACCT_00655,TRANSFER,2721.68,2023-01-29 03:58:50,0,
5205,ACCT_00699,ACCT_00564,ACH,2520.28,2023-01-29 03:59:43,0,
5206,ACCT_00142,ACCT_01383,TRANSFER,1960.05,2023-01-29 04:08:55,0,
5207,ACCT_01326,ACCT_00173,CASH,1740.43,2023-01-29 04:09:04,0,
5208,ACCT_00233,ACCT_00080,CHECK,2480.97,2023-01-29 04:15:29,0,
5209,ACCT_00983,ACCT_00885,TRANSFER,2966.73,2023-01-29 04:24:03,0,
5210,ACCT_01722,ACCT_00064,CASH,4918.26,2023-01-29 04:37:54,0,
5211,ACCT_01050,ACCT_00221,CASH,1620.17,2023-01-29 04:55:45,0,
5212,ACCT_01509,ACCT_00764,TRANSFER,2754.45,2023-01-29 04:58:30,0,
5213,ACCT_00694,ACCT_01216,CHECK,4848.94,2023-01-29 05:07:49,0,
5214,ACCT_01786,ACCT_01193,CHECK,3213.95,2023-01-29 05:08:09,0,
5215,ACCT_00583,ACCT_00682,TRANSFER,2042.61,2023-01-29 05:12:22,0,
5216,ACCT_00598,ACCT_01036,TRANSFER,1133.93,2023-01-29 05:23:26,0,
5217,ACCT_01716,ACCT_01798,TRANSFER,4746.42,2023-01-29 05:28:04,0,
5218,ACCT_01882,ACCT_00446,CHECK,2650.14,2023-01-29 05:45:00,0,
5219,ACCT_01309,ACCT_01994,CASH,4023.44,2023-01-29 05:46:05,0,
5220,ACCT_01948,ACCT_00544,CHECK,786.6,2023-01-29 05:50:14,0,
5221,ACCT_01002,ACCT_01037,CASH,4413.07,2023-01-29 05:59:19,0,
5222,ACCT_01548,ACCT_00917,ACH,4433.98,2023-01-29 06:11:08,0,
5223,ACCT_00491,ACCT_01814,WIRE,1376.14,2023-01-29 06:19:47,0,
5224,ACCT_01251,ACCT_01911,ACH,2657.63,2023-01-29 06:19:56,0,
5225,ACCT_01071,ACCT_00077,CHECK,4067.67,2023-01-29 06:22:04,0,
5226,ACCT_01125,ACCT_00238,CHECK,4691.96,2023-01-29 06:36:32,0,
5227,ACCT_00502,ACCT_01807,ACH,1397.78,2023-01-29 06:55:34,0,
5228,ACCT_01267,ACCT_00840,WIRE,2812.7,2023-01-29 06:58:37,0,
5229,ACCT_01639,ACCT_00931,CASH,3666.49,2023-01-29 07:06:45,0,
5230,ACCT_01426,ACCT_01648,CASH,2935.1,2023-01-29 07:09:17,0,
5231,ACCT_00120,ACCT_00224,ACH,3651.35,2023-01-29 07:17:48,0,
5232,ACCT_01802,ACCT_00099,WIRE,165.13,2023-01-29 07:25:55,0,
5233,ACCT_01393,ACCT_01900,CHECK,129.96,2023-01-29 07:32:07,0,
5234,ACCT_01866,ACCT_00127,TRANSFER,4625.75,2023-01-29 07:38:37,0,
5235,ACCT_01733,ACCT_01507,ACH,2565.91,2023-01-29 07:52:38,0,
5236,ACCT_00586,ACCT_01015,WIRE,2626.94,2023-01-29 08:24:57,0,
5237,ACCT_01793,ACCT_00599,CHECK,2456.21,2023-01-29 08:25:46,0,
5238,ACCT_00460,ACCT_01158,ACH,4989.09,2023-01-29 08:45:01,0,
5239,ACCT_00566,ACCT_00532,CHECK,644.84,2023-01-29 08:45:54,0,
5240,ACCT_00392,ACCT_00613,CHECK,4483.34,2023-01-29 09:03:59,0,
5241,ACCT_01823,ACCT_01250,TRANSFER,1233.7,2023-01-29 09:06:57,0,
5242,ACCT_01317,ACCT_01646,TRANSFER,165.84,2023-01-29 09:30:18,0,
5243,ACCT_00745,ACCT_00715,ACH,2253.87,2023-01-29 09:30:30,0,
5244,ACCT_01231,ACCT_01321,WIRE,2882.31,2023-01-29 09:39:39,0,
5245,ACCT_00519,ACCT_01108,WIRE,3806.22,2023-01-29 09:41:32,0,
5246,ACCT_00021,ACCT_01851,WIRE,3301.74,2023-01-29 09:42:37,0,
5247,ACCT_01928,ACCT_00820,ACH,2976.54,2023-01-29 09:49:57,0,
5248,ACCT_00235,ACCT_00093,TRANSFER,2544.54,2023-01-29 09:53:21,0,
5249,ACCT_00322,ACCT_00580,CASH,130.98,2023-01-29 10:04:47,0,
5250,ACCT_01684,ACCT_00800,CASH,4727.81,2023-01-29 10:09:46,0,
5251,ACCT_00503,ACCT_00219,TRANSFER,4809.61,2023-01-29 10:17:28,0,
5252,ACCT_01634,ACCT_00473,WIRE,4794.37,2023-01-29 10:20:52,0,
5253,ACCT_01526,ACCT_00098,TRANSFER,4605.37,2023-01-29 10:27:24,0,
5254,ACCT_00084,ACCT_00274,TRANSFER,3957.35,2023-01-29 10:46:12,0,
5255,ACCT_01259,ACCT_01750,WIRE,715.26,2023-01-29 10:48:42,0,
5256,ACCT_01687,ACCT_00063,CHECK,4986.19,2023-01-29 10:49:09,0,
5257,ACCT_00478,ACCT_01817,WIRE,3417.17,2023-01-29 10:50:10,0,
5258,ACCT_00736,ACCT_00683,CASH,2009.07,2023-01-29 10:51:15,0,
5259,ACCT_01281,ACCT_00298,ACH,1714.83,2023-01-29 11:18:47,0,
5260,ACCT_00798,ACCT_01747,CHECK,191.01,2023-01-29 11:22:37,0,
5261,ACCT_01724,ACCT_01989,CHECK,460.83,2023-01-29 11:29:55,0,
5262,ACCT_01593,ACCT_00121,CHECK,1240.46,2023-01-29 11:42:55,0,
5263,ACCT_01733,ACCT_00042,ACH,3522.42,2023-01-29 11:55:37,0,
5264,ACCT_00834,ACCT_00135,CHECK,154.24,2023-01-29 12:13:28,0,
5265,ACCT_01491,ACCT_01388,TRANSFER,1247.4,2023-01-29 12:22:34,0,
5266,ACCT_01853,ACCT_01317,CHECK,4469.2,2023-01-29 12:24:07,0,
5267,ACCT_01635,ACCT_01341,ACH,1305.55,2023-01-29 12:24:49,0,
5268,ACCT_01432,ACCT_01412,CHECK,645.14,2023-01-29 12:29:36,0,
5269,ACCT_00863,ACCT_01171,TRANSFER,4395.22,2023-01-29 12:51:54,0,
5270,ACCT_00783,ACCT_01937,CASH,4351.43,2023-01-29 13:02:59,0,
5271,ACCT_01187,ACCT_00048,CASH,4354.42,2023-01-29 13:19:46,0,
5272,ACCT_01592,ACCT_01198,CASH,1240.16,2023-01-29 13:23:28,0,
5273,ACCT_01459,ACCT_01248,CHECK,2943.69,2023-01-29 13:33:16,0,
5274,ACCT_01155,ACCT_00511,ACH,475.29,2023-01-29 13:39:25,0,
5275,ACCT_01858,ACCT_00291,ACH,1580.51,2023-01-29 13:43:52,0,
5276,ACCT_01844,ACCT_01530,TRANSFER,2533.23,2023-01-29 13:47:58,0,
5277,ACCT_01858,ACCT_01640,WIRE,3407.76,2023-01-29 13:59:20,0,
5278,ACCT_01353,ACCT_01463,CHECK,3659.93,2023-01-29 14:01:15,0,
5279,ACCT_00878,ACCT_01269,ACH,4598.58,2023-01-29 14:02:13,0,
5280,ACCT_00959,ACCT_01866,CASH,833.19,2023-01-29 14:04:23,0,
5281,ACCT_00352,ACCT_01807,CASH,1492.36,2023-01-29 14:11:05,0,
5282,ACCT_00945,ACCT_01135,CASH,4868.78,2023-01-29 14:24:09,0,
5283,ACCT_01131,ACCT_00640,ACH,1710.14,2023-01-29 14:32:25,0,
5284,ACCT_00047,ACCT_01952,CHECK,1356.54,2023-01-29 14:32:32,0,
5285,ACCT_00058,ACCT_01975,CHECK,2253.49,2023-01-29 14:35:56,0,
5286,ACCT_00319,ACCT_00147,WIRE,1898.97,2023-01-29 14:37:10,0,
5287,ACCT_01986,ACCT_01782,ACH,4192.19,2023-01-29 14:51:20,0,
5288,ACCT_00258,ACCT_01590,CHECK,1110.93,2023-01-29 14:54:38,0,
5289,ACCT_00305,ACCT_00122,ACH,4587.86,2023-01-29 14:59:59,0,
5290,ACCT_00686,ACCT_00301,TRANSFER,1162.94,2023-01-29 15:04:21,0,
5291,ACCT_00310,ACCT_00208,ACH,4252.25,2023-01-29 15:07:50,0,
5292,ACCT_00960,ACCT_01218,WIRE,343.19,2023-01-29 15:15:03,0,
5293,ACCT_00809,ACCT_01786,CASH,2925.68,2023-01-29 15:22:40,0,
5294,ACCT_00986,ACCT_01421,CHECK,3012.7,2023-01-29 15:31:57,0,
5295,ACCT_01818,ACCT_01640,WIRE,610.42,2023-01-29 15:38:47,0,
5296,ACCT_00298,ACCT_01097,CASH,2900.61,2023-01-29 15:43:08,0,
5297,ACCT_01306,ACCT_00661,TRANSFER,4220.77,2023-01-29 15:44:40,0,
5298,ACCT_01187,ACCT_01598,CASH,443.93,2023-01-29 16:05:13,0,
5299,ACCT_00138,ACCT_01741,WIRE,4583.65,2023-01-29 16:10:38,0,
5300,ACCT_01919,ACCT_00455,CHECK,2250.53,2023-01-29 16:18:27,0,
5301,ACCT_00983,ACCT_01142,CHECK,2757.74,2023-01-29 16:32:41,0,
5302,ACCT_00495,ACCT_00593,CASH,4019.09,2023-01-29 16:44:24,0,
5303,ACCT_00437,ACCT_01354,CHECK,1347.0,2023-01-29 16:57:37,0,
5304,ACCT_00390,ACCT_01242,WIRE,839.32,2023-01-29 16:59:53,0,
5305,ACCT_00645,ACCT_00132,TRANSFER,3375.3,2023-01-29 17:04:47,0,
5306,ACCT_01923,ACCT_01217,WIRE,4752.94,2023-01-29 17:07:46,0,
5307,ACCT_01693,ACCT_01670,ACH,1477.88,2023-01-29 17:21:55,0,
5308,ACCT_00564,ACCT_00170,WIRE,3140.92,2023-01-29 17:27:26,0,
5309,ACCT_01864,ACCT_00634,WIRE,2762.94,2023-01-29 17:27:36,0,
5310,ACCT_01037,ACCT_00092,CHECK,143.32,2023-01-29 17:58:33,0,
5311,ACCT_01971,ACCT_01762,ACH,4810.0,2023-01-29 17:58:53,0,
5312,ACCT_00923,ACCT_01932,WIRE,3175.12,2023-01-29 18:01:46,0,
5313,ACCT_00491,ACCT_00519,ACH,1929.6,2023-01-29 18:03:53,0,
5314,ACCT_01208,ACCT_01398,TRANSFER,29806.61,2023-01-29 18:05:11,1,ALERT_0045
5315,ACCT_01301,ACCT_01369,WIRE,4215.37,2023-01-29 18:10:37,0,
5316,ACCT_00383,ACCT_00154,TRANSFER,4171.45,2023-01-29 18:11:14,0,
5317,ACCT_01662,ACCT_01661,TRANSFER,3776.27,2023-01-29 18:12:51,0,
5318,ACCT_00165,ACCT_01357,WIRE,2895.12,2023-01-29 18:14:27,0,
5319,ACCT_00030,ACCT_01174,CASH,2496.34,2023-01-29 18:17:27,0,
5320,ACCT_01529,ACCT_00490,CHECK,1261.91,2023-01-29 18:21:53,0,
5321,ACCT_00094,ACCT_01093,WIRE,1466.3,2023-01-29 18:47:04,0,
5322,ACCT_01986,ACCT_01978,CASH,3057.37,2023-01-29 18:50:02,0,
5323,ACCT_01583,ACCT_00975,WIRE,1038.74,2023-01-29 19:00:42,0,
5324,ACCT_00555,ACCT_00430,WIRE,510.83,2023-01-29 19:02:06,0,
5325,ACCT_01349,ACCT_01373,CHECK,916.81,2023-01-29 19:11:54,0,
5326,ACCT_00648,ACCT_00021,ACH,841.66,2023-01-29 19:12:37,0,
5327,ACCT_01697,ACCT_00349,CHECK,685.83,2023-01-29 19:28:10,0,
5328,ACCT_01483,ACCT_01501,CASH,4524.61,2023-01-29 19:29:11,0,
5329,ACCT_00039,ACCT_01837,CHECK,752.78,2023-01-29 19:33:43,0,
5330,ACCT_01868,ACCT_01199,CHECK,1918.03,2023-01-29 19:50:21,0,
5331,ACCT_01416,ACCT_00263,ACH,929.95,2023-01-29 20:05:10,0,
5332,ACCT_00364,ACCT_01398,TRANSFER,20869.71,2023-01-29 20:08:16,1,ALERT_0045
5333,ACCT_01809,ACCT_00930,TRANSFER,4690.07,2023-01-29 20:14:36,0,
5334,ACCT_01970,ACCT_00142,CASH,303.76,2023-01-29 21:00:06,0,
5335,ACCT_01864,ACCT_00836,CASH,3764.63,2023-01-29 21:00:57,0,
5336,ACCT_00207,ACCT_01214,ACH,4006.72,2023-01-29 21:03:18,0,
5337,ACCT_00770,ACCT_01781,CASH,4153.11,2023-01-29 21:05:21,0,
5338,ACCT_00511,ACCT_01841,TRANSFER,876.07,2023-01-29 21:05:43,0,
5339,ACCT_01443,ACCT_01607,ACH,544.69,2023-01-29 21:07:47,0,
5340,ACCT_01419,ACCT_00960,CHECK,1572.82,2023-01-29 21:14:31,0,
5341,ACCT_01310,ACCT_00949,TRANSFER,3136.03,2023-01-29 21:57:55,0,
5342,ACCT_01933,ACCT_00908,WIRE,832.01,2023-01-29 22:34:43,0,
5343,ACCT_00555,ACCT_00761,WIRE,4202.54,2023-01-29 22:42:22,0,
5344,ACCT_00123,ACCT_01447,WIRE,885.45,2023-01-29 22:56:31,0,
5345,ACCT_01797,ACCT_00674,WIRE,1397.85,2023-01-29 23:05:24,0,
5346,ACCT_01688,ACCT_01089,TRANSFER,875.72,2023-01-29 23:11:34,0,
5347,ACCT_00218,ACCT_00897,ACH,2836.3,2023-01-29 23:19:24,0,
5348,ACCT_01950,ACCT_00297,ACH,576.94,2023-01-29 23:21:25,0,
5349,ACCT_00836,ACCT_01409,TRANSFER,1136.82,2023-01-29 23:24:52,0,
5350,ACCT_00725,ACCT_01451,ACH,3373.62,2023-01-29 23:25:34,0,
5351,ACCT_01449,ACCT_00633,ACH,3229.35,2023-01-29 23:25:38,0,
5352,ACCT_01194,ACCT_00411,CHECK,1175.42,2023-01-29 23:30:16,0,
5353,ACCT_01751,ACCT_01518,ACH,4862.44,2023-01-29 23:33:24,0,
5354,ACCT_01138,ACCT_00443,CHECK,2679.19,2023-01-29 23:48:18,0,
5355,ACCT_01215,ACCT_00371,CHECK,2426.12,2023-01-30 00:09:51,0,
5356,ACCT_01008,ACCT_00946,CASH,1825.94,2023-01-30 00:10:35,0,
5357,ACCT_01329,ACCT_01688,CHECK,4686.68,2023-01-30 00:22:24,0,
5358,ACCT_01565,ACCT_00423,WIRE,3325.85,2023-01-30 00:40:12,0,
5359,ACCT_01389,ACCT_00605,WIRE,2613.4,2023-01-30 00:48:03,0,
5360,ACCT_00741,ACCT_01293,TRANSFER,3490.38,2023-01-30 00:57:36,0,
5361,ACCT_00373,ACCT_01472,CHECK,4802.15,2023-01-30 01:03:14,0,
5362,ACCT_01902,ACCT_00411,ACH,1969.25,2023-01-30 01:07:18,0,
5363,ACCT_00463,ACCT_00214,TRANSFER,159.64,2023-01-30 01:15:57,0,
5364,ACCT_01271,ACCT_00155,TRANSFER,282.46,2023-01-30 01:16:47,0,
5365,ACCT_00982,ACCT_01877,CHECK,3988.3,2023-01-30 01:18:15,0,
5366,ACCT_00817,ACCT_01300,TRANSFER,648.13,2023-01-30 01:19:23,0,
5367,ACCT_01809,ACCT_01099,WIRE,4122.44,2023-01-30 01:30:32,0,
5368,ACCT_00094,ACCT_01963,CHECK,3682.2,2023-01-30 01:35:23,0,
5369,ACCT_00159,ACCT_00880,WIRE,4012.34,2023-01-30 01:35:54,0,
5370,ACCT_01245,ACCT_01938,TRANSFER,2874.0,2023-01-30 01:58:18,0,
5371,ACCT_00769,ACCT_01127,TRANSFER,3148.16,2023-01-30 02:02:04,0,
5372,ACCT_00478,ACCT_00924,CHECK,174.69,2023-01-30 02:30:01,0,
5373,ACCT_00460,ACCT_00043,TRANSFER,4616.33,2023-01-30 02:52:30,0,
5374,ACCT_01618,ACCT_01298,CASH,923.56,2023-01-30 03:16:31,0,
5375,ACCT_00206,ACCT_00216,ACH,1685.9,2023-01-30 03:16:40,0,
5376,ACCT_01005,ACCT_00356,CHECK,3752.18,2023-01-30 03:21:08,0,
5377,ACCT_00644,ACCT_00510,CHECK,4879.56,2023-01-30 03:25:40,0,
5378,ACCT_00312,ACCT_01333,CASH,374.4,2023-01-30 03:40:01,0,
5379,ACCT_01716,ACCT_01123,WIRE,4920.69,2023-01-30 03:45:19,0,
5380,ACCT_01479,ACCT_01040,CASH,501.63,2023-01-30 03:51:19,0,
5381,ACCT_01324,ACCT_00045,WIRE,3546.58,2023-01-30 03:52:24,0,
5382,ACCT_01078,ACCT_01398,TRANSFER,32419.81,2023-01-30 03:57:04,1,ALERT_0045
5383,ACCT_00191,ACCT_01095,ACH,2212.59,2023-01-30 04:09:00,0,
5384,ACCT_01373,ACCT_00258,WIRE,67.9,2023-01-30 04:15:37,0,
5385,ACCT_00053,ACCT_01825,CASH,1627.81,2023-01-30 04:25:16,0,
5386,ACCT_00819,ACCT_00927,CHECK,245.68,2023-01-30 04:27:35,0,
5387,ACCT_01988,ACCT_00386,TRANSFER,1054.06,2023-01-30 04:30:47,0,
5388,ACCT_00271,ACCT_01853,WIRE,4159.89,2023-01-30 04:35:35,0,
5389,ACCT_00752,ACCT_00350,TRANSFER,2402.9,2023-01-30 04:46:24,0,
5390,ACCT_00113,ACCT_01407,CASH,1801.62,2023-01-30 04:47:28,0,
5391,ACCT_01052,ACCT_01281,ACH,2121.75,2023-01-30 05:35:45,0,
5392,ACCT_01116,ACCT_01218,CHECK,4983.87,2023-01-30 06:10:10,0,
5393,ACCT_01029,ACCT_00705,TRANSFER,3291.28,2023-01-30 06:13:47,0,
5394,ACCT_00023,ACCT_01189,CASH,180.08,2023-01-30 06:27:22,0,
5395,ACCT_01997,ACCT_00023,WIRE,1535.09,2023-01-30 06:29:33,0,
5396,ACCT_01850,ACCT_01887,TRANSFER,523.75,2023-01-30 06:31:50,0,
5397,ACCT_01511,ACCT_01882,TRANSFER,1378.24,2023-01-30 06:46:14,0,
5398,ACCT_01633,ACCT_01515,WIRE,3451.6,2023-01-30 06:52:18,0,
5399,ACCT_00632,ACCT_01819,CHECK,4755.36,2023-01-30 07:30:45,0,
5400,ACCT_01383,ACCT_00208,WIRE,3817.26,2023-01-30 07:40:29,0,
5401,ACCT_01858,ACCT_00547,WIRE,3455.42,2023-01-30 07:45:49,0,
5402,ACCT_00156,ACCT_00650,CHECK,3834.99,2023-01-30 07:52:47,0,
5403,ACCT_00904,ACCT_01492,WIRE,1622.81,2023-01-30 07:57:33,0,
5404,ACCT_01953,ACCT_00189,CASH,3543.34,2023-01-30 08:04:42,0,
5405,ACCT_00185,ACCT_00888,WIRE,1278.09,2023-01-30 08:09:27,0,
5406,ACCT_01366,ACCT_00031,TRANSFER,3117.52,2023-01-30 08:11:28,0,
5407,ACCT_00725,ACCT_01959,CHECK,3056.32,2023-01-30 08:13:52,0,
5408,ACCT_00805,ACCT_00290,CHECK,552.16,2023-01-30 08:24:59,0,
5409,ACCT_00258,ACCT_01812,WIRE,2559.43,2023-01-30 08:33:25,0,
5410,ACCT_00878,ACCT_00514,WIRE,61.33,2023-01-30 08:55:07,0,
5411,ACCT_00620,ACCT_01409,ACH,4773.23,2023-01-30 09:01:14,0,
5412,ACCT_01677,ACCT_01513,CASH,1859.21,2023-01-30 09:08:26,0,
5413,ACCT_00872,ACCT_00304,CASH,1970.79,2023-01-30 09:10:15,0,
5414,ACCT_00067,ACCT_00834,ACH,4834.51,2023-01-30 09:24:38,0,
5415,ACCT_00896,ACCT_01361,CASH,350.78,2023-01-30 09:35:32,0,
5416,ACCT_00475,ACCT_00194,WIRE,1019.9,2023-01-30 09:42:22,0,
5417,ACCT_00677,ACCT_01655,CHECK,2022.84,2023-01-30 09:52:55,0,
5418,ACCT_00752,ACCT_01598,ACH,1470.49,2023-01-30 09:56:07,0,
5419,ACCT_00190,ACCT_00621,WIRE,2395.06,2023-01-30 10:03:18,0,
5420,ACCT_01623,ACCT_01789,ACH,4081.88,2023-01-30 10:08:54,0,
5421,ACCT_00340,ACCT_01133,CASH,4820.0,2023-01-30 10:33:37,0,
5422,ACCT_01708,ACCT_00677,WIRE,2616.98,2023-01-30 10:53:33,0,
5423,ACCT_01872,ACCT_00517,TRANSFER,108.04,2023-01-30 11:30:41,0,
5424,ACCT_00096,ACCT_00340,WIRE,1094.9,2023-01-30 11:41:56,0,
5425,ACCT_00441,ACCT_01822,CASH,2241.46,2023-01-30 11:43:29,0,
5426,ACCT_01613,ACCT_01469,WIRE,4629.72,2023-01-30 11:49:39,0,
5427,ACCT_00766,ACCT_00239,ACH,1463.62,2023-01-30 11:52:27,0,
5428,ACCT_01636,ACCT_00541,CASH,2596.03,2023-01-30 12:17:18,0,
5429,ACCT_01781,ACCT_00307,ACH,3249.05,2023-01-30 12:42:44,0,
5430,ACCT_01398,ACCT_00698,ACH,33393.06,2023-01-30 12:55:49,1,ALERT_0045
5431,ACCT_00793,ACCT_00223,ACH,3281.01,2023-01-30 13:04:22,0,
5432,ACCT_01993,ACCT_00028,ACH,4488.07,2023-01-30 13:08:19,0,
5433,ACCT_00335,ACCT_00652,WIRE,4822.18,2023-01-30 13:10:49,0,
5434,ACCT_01732,ACCT_01058,CHECK,2808.96,2023-01-30 13:18:44,0,
5435,ACCT_00993,ACCT_00945,TRANSFER,421.92,2023-01-30 13:35:03,0,
5436,ACCT_00077,ACCT_00317,CHECK,3953.65,2023-01-30 13:37:21,0,
5437,ACCT_01119,ACCT_01330,CHECK,298.46,2023-01-30 13:50:44,0,
5438,ACCT_00605,ACCT_01660,WIRE,1498.3,2023-01-30 14:14:23,0,
5439,ACCT_01403,ACCT_00165,WIRE,2716.62,2023-01-30 14:15:20,0,
5440,ACCT_00756,ACCT_01988,TRANSFER,2593.23,2023-01-30 14:17:27,0,
5441,ACCT_01047,ACCT_01673,CHECK,1918.24,2023-01-30 14:17:31,0,
5442,ACCT_00308,ACCT_01004,CHECK,4199.89,2023-01-30 14:28:52,0,
5443,ACCT_01198,ACCT_01697,ACH,235.34,2023-01-30 14:29:23,0,
5444,ACCT_00518,ACCT_01808,ACH,4605.83,2023-01-30 14:49:24,0,
5445,ACCT_01070,ACCT_00522,TRANSFER,1366.34,2023-01-30 14:57:26,0,
5446,ACCT_01041,ACCT_00546,CHECK,2416.45,2023-01-30 15:08:20,0,
5447,ACCT_01417,ACCT_00619,ACH,4838.74,2023-01-30 15:09:53,0,
5448,ACCT_00565,ACCT_01086,CHECK,3101.37,2023-01-30 15:13:56,0,
5449,ACCT_01365,ACCT_00139,ACH,3673.52,2023-01-30 15:16:34,0,
5450,ACCT_01002,ACCT_00511,CASH,1597.31,2023-01-30 15:21:05,0,
5451,ACCT_00414,ACCT_00433,WIRE,1669.26,2023-01-30 15:21:32,0,
5452,ACCT_00459,ACCT_01040,CASH,1345.37,2023-01-30 15:22:35,0,
5453,ACCT_00768,ACCT_00050,WIRE,1226.98,2023-01-30 15:28:55,0,
5454,ACCT_00626,ACCT_01932,TRANSFER,2504.0,2023-01-30 15:33:21,0,
5455,ACCT_01398,ACCT_00495,WIRE,26230.97,2023-01-30 15:40:14,1,ALERT_0045
5456,ACCT_01389,ACCT_01155,CASH,3942.58,2023-01-30 15:42:37,0,
5457,ACCT_01502,ACCT_00885,CHECK,1929.48,2023-01-30 15:48:23,0,
5458,ACCT_01081,ACCT_01635,TRANSFER,3039.44,2023-01-30 15:56:00,0,
5459,ACCT_01095,ACCT_00953,CHECK,154.75,2023-01-30 15:58:27,0,
5460,ACCT_00503,ACCT_01488,CHECK,3854.25,2023-01-30 15:59:53,0,
5461,ACCT_00842,ACCT_00113,WIRE,3307.17,2023-01-30 16:00:17,0,
5462,ACCT_00080,ACCT_01635,TRANSFER,4392.19,2023-01-30 16:02:28,0,
5463,ACCT_00512,ACCT_00464,CASH,931.29,2023-01-30 16:07:08,0,
5464,ACCT_01808,ACCT_01011,WIRE,1092.2,2023-01-30 16:13:41,0,
5465,ACCT_01893,ACCT_00595,TRANSFER,4522.94,2023-01-30 16:21:42,0,
5466,ACCT_00228,ACCT_00250,CASH,4352.21,2023-01-30 16:22:08,0,
5467,ACCT_00949,ACCT_01591,TRANSFER,3467.76,2023-01-30 16:22:57,0,
5468,ACCT_00499,ACCT_00434,WIRE,3768.73,2023-01-30 16:31:28,0,
5469,ACCT_00049,ACCT_01333,CHECK,1969.59,2023-01-30 16:40:10,0,
5470,ACCT_01610,ACCT_00353,TRANSFER,4849.78,2023-01-30 16:43:07,0,
5471,ACCT_01680,ACCT_00777,CASH,2476.53,2023-01-30 16:58:40,0,
5472,ACCT_01350,ACCT_01782,CHECK,2579.42,2023-01-30 17:02:48,0,
5473,ACCT_01001,ACCT_00627,TRANSFER,2157.31,2023-01-30 17:04:24,0,
5474,ACCT_00779,ACCT_00691,WIRE,2685.38,2023-01-30 17:09:51,0,
5475,ACCT_00378,ACCT_01352,CHECK,2667.13,2023-01-30 17:14:04,0,
5476,ACCT_01135,ACCT_01223,CHECK,870.23,2023-01-30 17:32:38,0,
5477,ACCT_01379,ACCT_00799,CASH,2020.66,2023-01-30 17:33:15,0,
5478,ACCT_01303,ACCT_01659,TRANSFER,3787.82,2023-01-30 17:45:06,0,
5479,ACCT_00299,ACCT_00063,TRANSFER,4801.21,2023-01-30 17:53:19,0,
5480,ACCT_01536,ACCT_00707,WIRE,4971.17,2023-01-30 18:04:04,0,
5481,ACCT_01793,ACCT_00213,CASH,4582.01,2023-01-30 18:40:12,0,
5482,ACCT_00573,ACCT_00466,WIRE,1174.13,2023-01-30 18:56:16,0,
5483,ACCT_00383,ACCT_01925,ACH,631.88,2023-01-30 19:02:24,0,
5484,ACCT_01009,ACCT_01624,CHECK,1017.64,2023-01-30 19:03:38,0,
5485,ACCT_01882,ACCT_00463,ACH,1359.25,2023-01-30 19:06:01,0,
5486,ACCT_00658,ACCT_00977,ACH,284.17,2023-01-30 19:09:19,0,
5487,ACCT_01933,ACCT_00041,TRANSFER,1927.95,2023-01-30 19:09:40,0,
5488,ACCT_00832,ACCT_00782,CHECK,2730.14,2023-01-30 19:29:11,0,
5489,ACCT_01065,ACCT_01243,WIRE,1635.63,2023-01-30 19:32:48,0,
5490,ACCT_00492,ACCT_01753,ACH,4669.42,2023-01-30 19:55:38,0,
5491,ACCT_01511,ACCT_00195,ACH,3102.86,2023-01-30 19:56:32,0,
5492,ACCT_00926,ACCT_01135,ACH,1231.84,2023-01-30 20:16:40,0,
5493,ACCT_00088,ACCT_00884,CHECK,389.23,2023-01-30 20:18:17,0,
5494,ACCT_01344,ACCT_00221,TRANSFER,1513.28,2023-01-30 20:20:54,0,
5495,ACCT_01779,ACCT_01951,CASH,3846.82,2023-01-30 20:22:45,0,
5496,ACCT_00784,ACCT_01790,TRANSFER,2387.29,2023-01-30 20:24:13,0,
5497,ACCT_00756,ACCT_00107,CASH,4416.27,2023-01-30 20:39:20,0,
5498,ACCT_01398,ACCT_00268,ACH,26080.64,2023-01-30 20:51:27,1,ALERT_0045
5499,ACCT_01434,ACCT_00576,WIRE,4880.86,2023-01-30 20:58:43,0,
5500,ACCT_00950,ACCT_00956,TRANSFER,4970.61,2023-01-30 21:06:33,0,
5501,ACCT_01183,ACCT_00343,ACH,3748.9,2023-01-30 21:07:44,0,
5502,ACCT_01491,ACCT_00667,TRANSFER,4001.06,2023-01-30 21:39:44,0,
5503,ACCT_00315,ACCT_00026,TRANSFER,726.45,2023-01-30 21:58:09,0,
5504,ACCT_01465,ACCT_01546,CHECK,1809.61,2023-01-30 22:11:41,0,
5505,ACCT_00155,ACCT_01820,WIRE,4152.22,2023-01-30 22:13:59,0,
5506,ACCT_00703,ACCT_00646,WIRE,4705.55,2023-01-30 22:17:04,0,
5507,ACCT_01573,ACCT_00669,ACH,2294.19,2023-01-30 22:38:02,0,
5508,ACCT_01636,ACCT_00083,WIRE,4422.71,2023-01-30 22:43:08,0,
5509,ACCT_00703,ACCT_01343,CASH,2435.88,2023-01-30 23:07:25,0,
5510,ACCT_00056,ACCT_00812,CHECK,3226.61,2023-01-30 23:08:29,0,
5511,ACCT_01991,ACCT_00557,WIRE,2386.43,2023-01-30 23:09:15,0,
5512,ACCT_01312,ACCT_01709,CHECK,629.64,2023-01-30 23:11:11,0,
5513,ACCT_00088,ACCT_01011,CASH,3655.79,2023-01-30 23:22:08,0,
5514,ACCT_01269,ACCT_00804,CASH,1251.89,2023-01-30 23:43:04,0,
5515,ACCT_01814,ACCT_00133,CHECK,3727.26,2023-01-30 23:44:26,0,
5516,ACCT_00367,ACCT_01470,ACH,3561.04,2023-01-30 23:58:15,0,
5517,ACCT_00766,ACCT_01769,ACH,4643.25,2023-01-31 00:00:04,0,
5518,ACCT_01641,ACCT_01319,CHECK,1786.93,2023-01-31 00:00:40,0,
5519,ACCT_00979,ACCT_01881,WIRE,1730.93,2023-01-31 00:01:55,0,
5520,ACCT_00144,ACCT_00332,TRANSFER,1662.24,2023-01-31 00:03:29,0,
5521,ACCT_00990,ACCT_00146,CASH,4151.94,2023-01-31 00:05:38,0,
5522,ACCT_00356,ACCT_00798,TRANSFER,45.37,2023-01-31 00:09:14,0,
5523,ACCT_00584,ACCT_01515,ACH,3228.83,2023-01-31 00:19:08,0,
5524,ACCT_00702,ACCT_00612,WIRE,2389.67,2023-01-31 00:28:31,0,
5525,ACCT_00786,ACCT_00609,WIRE,3713.99,2023-01-31 00:29:58,0,
5526,ACCT_00689,ACCT_01018,ACH,4059.17,2023-01-31 00:46:42,0,
5527,ACCT_00076,ACCT_00270,TRANSFER,540.44,2023-01-31 00:48:28,0,
5528,ACCT_01351,ACCT_00790,ACH,4045.29,2023-01-31 01:03:22,0,
5529,ACCT_01614,ACCT_01564,CASH,4190.51,2023-01-31 01:03:28,0,
5530,ACCT_01912,ACCT_01667,CASH,272.67,2023-01-31 01:06:49,0,
5531,ACCT_00205,ACCT_01965,ACH,2469.89,2023-01-31 01:06:56,0,
5532,ACCT_00910,ACCT_01031,ACH,4031.29,2023-01-31 01:07:37,0,
5533,ACCT_00337,ACCT_00980,WIRE,14.88,2023-01-31 01:08:01,0,
5534,ACCT_01398,ACCT_01322,TRANSFER,11154.84,2023-01-31 01:16:38,1,ALERT_0045
5535,ACCT_01428,ACCT_01613,CASH,1582.14,2023-01-31 01:23:38,0,
5536,ACCT_01095,ACCT_00953,ACH,619.27,2023-01-31 01:26:17,0,
5537,ACCT_01582,ACCT_01125,CHECK,3319.61,2023-01-31 01:27:13,0,
5538,ACCT_00208,ACCT_01535,WIRE,4131.99,2023-01-31 01:37:58,0,
5539,ACCT_01262,ACCT_01397,WIRE,4353.0,2023-01-31 01:41:16,0,
5540,ACCT_01388,ACCT_00869,ACH,3052.34,2023-01-31 01:46:37,0,
5541,ACCT_01336,ACCT_01746,TRANSFER,4085.51,2023-01-31 01:54:24,0,
5542,ACCT_00320,ACCT_00291,ACH,1238.4,2023-01-31 02:00:55,0,
5543,ACCT_01427,ACCT_01105,WIRE,2323.2,2023-01-31 02:12:52,0,
5544,ACCT_01046,ACCT_01317,CHECK,2560.5,2023-01-31 02:26:38,0,
5545,ACCT_01479,ACCT_00952,TRANSFER,3846.32,2023-01-31 02:27:03,0,
5546,ACCT_01096,ACCT_00086,CHECK,687.7,2023-01-31 02:27:23,0,
5547,ACCT_00977,ACCT_01482,WIRE,4941.75,2023-01-31 02:31:42,0,
5548,ACCT_00606,ACCT_00490,TRANSFER,89.49,2023-01-31 02:33:30,0,
5549,ACCT_00765,ACCT_01973,TRANSFER,196.99,2023-01-31 02:49:16,0,
5550,ACCT_01875,ACCT_00340,CHECK,580.04,2023-01-31 02:58:13,0,
5551,ACCT_01614,ACCT_00249,ACH,3813.55,2023-01-31 03:05:56,0,
5552,ACCT_00040,ACCT_01045,CASH,2466.21,2023-01-31 03:12:48,0,
5553,ACCT_00311,ACCT_01328,CASH,2067.3,2023-01-31 03:15:58,0,
5554,ACCT_01388,ACCT_01259,TRANSFER,4600.78,2023-01-31 03:41:11,0,
5555,ACCT_00655,ACCT_00662,CHECK,3782.26,2023-01-31 03:53:02,0,
5556,ACCT_00528,ACCT_01364,CHECK,4758.0,2023-01-31 04:14:57,0,
5557,ACCT_01209,ACCT_00074,ACH,778.86,2023-01-31 04:21:26,0,
5558,ACCT_00810,ACCT_00404,CHECK,3154.4,2023-01-31 04:34:28,0,
5559,ACCT_01744,ACCT_01016,TRANSFER,432.29,2023-01-31 04:42:23,0,
5560,ACCT_00890,ACCT_01796,ACH,2029.88,2023-01-31 04:46:55,0,
5561,ACCT_00567,ACCT_01091,CASH,3866.21,2023-01-31 04:48:50,0,
5562,ACCT_00452,ACCT_00573,TRANSFER,25.81,2023-01-31 04:51:16,0,
5563,ACCT_00834,ACCT_01761,ACH,4342.18,2023-01-31 04:52:01,0,
5564,ACCT_01149,ACCT_00748,TRANSFER,3974.33,2023-01-31 04:59:42,0,
5565,ACCT_00321,ACCT_00012,WIRE,2543.15,2023-01-31 05:11:29,0,
5566,ACCT_01845,ACCT_01957,CHECK,4484.9,2023-01-31 05:24:21,0,
5567,ACCT_00655,ACCT_01749,WIRE,3699.32,2023-01-31 05:37:06,0,
5568,ACCT_01903,ACCT_00684,TRANSFER,723.54,2023-01-31 05:56:28,0,
5569,ACCT_01412,ACCT_01234,TRANSFER,1220.94,2023-01-31 06:21:35,0,
5570,ACCT_01941,ACCT_00180,WIRE,16.02,2023-01-31 06:23:34,0,
5571,ACCT_01407,ACCT_01727,CHECK,4286.17,2023-01-31 06:24:25,0,
5572,ACCT_00958,ACCT_00712,CASH,746.69,2023-01-31 06:28:14,0,
5573,ACCT_01076,ACCT_00306,ACH,55.37,2023-01-31 06:28:52,0,
5574,ACCT_00379,ACCT_01606,TRANSFER,491.89,2023-01-31 06:48:43,0,
5575,ACCT_01405,ACCT_00936,ACH,201.2,2023-01-31 06:51:07,0,
5576,ACCT_01457,ACCT_00800,CHECK,4167.07,2023-01-31 06:57:21,0,
5577,ACCT_00759,ACCT_01750,TRANSFER,103.16,2023-01-31 07:04:16,0,
5578,ACCT_00048,ACCT_01109,CASH,1033.59,2023-01-31 07:10:33,0,
5579,ACCT_00270,ACCT_00785,WIRE,1621.93,2023-01-31 07:29:03,0,
5580,ACCT_00634,ACCT_00626,WIRE,4187.49,2023-01-31 07:37:00,0,
5581,ACCT_01666,ACCT_01995,ACH,1810.04,2023-01-31 07:42:26,0,
5582,ACCT_01986,ACCT_00417,CASH,391.01,2023-01-31 08:15:40,0,
5583,ACCT_01236,ACCT_00970,CASH,3245.63,2023-01-31 08:23:38,0,
5584,ACCT_01467,ACCT_00914,TRANSFER,4886.07,2023-01-31 08:27:40,0,
5585,ACCT_00222,ACCT_01614,CHECK,1985.46,2023-01-31 08:35:19,0,
5586,ACCT_01910,ACCT_00113,ACH,4727.16,2023-01-31 08:37:30,0,
5587,ACCT_01173,ACCT_00201,CHECK,509.28,2023-01-31 09:07:12,0,
5588,ACCT_01520,ACCT_01028,CHECK,1944.53,2023-01-31 09:13:25,0,
5589,ACCT_00022,ACCT_01401,WIRE,2971.21,2023-01-31 09:15:43,0,
5590,ACCT_01341,ACCT_01197,CHECK,2310.93,2023-01-31 09:18:51,0,
5591,ACCT_00484,ACCT_01451,CASH,3145.13,2023-01-31 09:26:17,0,
5592,ACCT_00398,ACCT_00628,ACH,608.69,2023-01-31 09:27:39,0,
5593,ACCT_00613,ACCT_00717,CHECK,899.19,2023-01-31 09:36:05,0,
5594,ACCT_01346,ACCT_00296,ACH,3976.19,2023-01-31 09:42:32,0,
5595,ACCT_01981,ACCT_01015,WIRE,1125.48,2023-01-31 09:44:06,0,
5596,ACCT_00742,ACCT_01633,CASH,245.27,2023-01-31 09:53:10,0,
5597,ACCT_00917,ACCT_00777,ACH,584.91,2023-01-31 10:08:39,0,
5598,ACCT_01447,ACCT_00382,CHECK,1447.44,2023-01-31 10:15:07,0,
5599,ACCT_00674,ACCT_00447,ACH,3802.04,2023-01-31 10:21:10,0,
5600,ACCT_00634,ACCT_00837,ACH,1588.8,2023-01-31 10:23:01,0,
5601,ACCT_01376,ACCT_01778,ACH,4598.56,2023-01-31 10:52:27,0,
5602,ACCT_01754,ACCT_01739,WIRE,1064.11,2023-01-31 10:53:58,0,
5603,ACCT_01892,ACCT_01199,CHECK,2231.4,2023-01-31 11:00:15,0,
5604,ACCT_01160,ACCT_01556,CHECK,1217.65,2023-01-31 11:09:53,0,
5605,ACCT_00142,ACCT_00363,WIRE,3123.92,2023-01-31 11:33:46,0,
5606,ACCT_01926,ACCT_00641,ACH,4203.12,2023-01-31 11:41:17,0,
5607,ACCT_00992,ACCT_00198,ACH,877.71,2023-01-31 11:53:33,0,
5608,ACCT_01299,ACCT_00772,CASH,3319.99,2023-01-31 12:01:29,0,
5609,ACCT_01268,ACCT_01709,CHECK,4674.03,2023-01-31 12:05:03,0,
5610,ACCT_01493,ACCT_01603,CASH,967.34,2023-01-31 12:13:01,0,
5611,ACCT_01340,ACCT_01367,ACH,2297.27,2023-01-31 12:19:26,0,
5612,ACCT_01263,ACCT_01900,TRANSFER,1415.13,2023-01-31 12:36:19,0,
5613,ACCT_01611,ACCT_01279,CHECK,2486.79,2023-01-31 12:56:06,0,
5614,ACCT_01337,ACCT_01938,TRANSFER,1036.82,2023-01-31 13:00:43,0,
5615,ACCT_00550,ACCT_01891,TRANSFER,4562.73,2023-01-31 13:04:17,0,
5616,ACCT_00778,ACCT_00595,WIRE,1970.51,2023-01-31 13:09:00,0,
5617,ACCT_01488,ACCT_01430,TRANSFER,4319.08,2023-01-31 13:12:28,0,
5618,ACCT_01061,ACCT_01037,ACH,1757.8,2023-01-31 13:33:14,0,
5619,ACCT_00056,ACCT_00311,WIRE,1147.71,2023-01-31 13:39:15,0,
5620,ACCT_01395,ACCT_00009,TRANSFER,2211.68,2023-01-31 13:44:31,0,
5621,ACCT_01984,ACCT_00556,CHECK,132.26,2023-01-31 13:48:14,0,
5622,ACCT_00329,ACCT_00023,CHECK,4165.07,2023-01-31 14:17:44,0,
5623,ACCT_01224,ACCT_00365,ACH,1569.88,2023-01-31 14:17:47,0,
5624,ACCT_00774,ACCT_01160,CASH,3541.51,2023-01-31 14:27:18,0,
5625,ACCT_01081,ACCT_00249,TRANSFER,4646.17,2023-01-31 14:29:38,0,
5626,ACCT_00062,ACCT_01680,CHECK,67.66,2023-01-31 14:30:46,0,
5627,ACCT_01832,ACCT_00522,TRANSFER,3772.02,2023-01-31 14:35:43,0,
5628,ACCT_01634,ACCT_00944,CASH,1342.63,2023-01-31 14:41:54,0,
5629,ACCT_00275,ACCT_00192,CASH,2269.39,2023-01-31 15:05:06,0,
5630,ACCT_01987,ACCT_01420,ACH,3076.14,2023-01-31 15:08:05,0,
5631,ACCT_00708,ACCT_01635,CASH,3899.09,2023-01-31 15:24:36,0,
5632,ACCT_01598,ACCT_00201,CASH,863.88,2023-01-31 15:25:17,0,
5633,ACCT_00988,ACCT_00687,ACH,226.14,2023-01-31 15:49:30,0,
5634,ACCT_01796,ACCT_00236,ACH,894.31,2023-01-31 16:03:15,0,
5635,ACCT_00691,ACCT_01238,CHECK,1689.39,2023-01-31 16:24:31,0,
5636,ACCT_00147,ACCT_01254,CASH,955.44,2023-01-31 16:25:14,0,
5637,ACCT_00928,ACCT_00271,ACH,2155.57,2023-01-31 16:31:33,0,
5638,ACCT_01730,ACCT_01542,CASH,1815.94,2023-01-31 16:35:09,0,
5639,ACCT_01766,ACCT_00871,WIRE,2338.79,2023-01-31 16:44:54,0,
5640,ACCT_01280,ACCT_01950,CASH,1874.68,2023-01-31 16:46:37,0,
5641,ACCT_01285,ACCT_00047,CASH,2088.52,2023-01-31 16:59:44,0,
5642,ACCT_00056,ACCT_00736,WIRE,2828.75,2023-01-31 17:02:24,0,
5643,ACCT_00488,ACCT_00271,TRANSFER,1410.69,2023-01-31 17:12:23,0,
5644,ACCT_01057,ACCT_01435,CHECK,1629.46,2023-01-31 17:23:36,0,
5645,ACCT_01791,ACCT_00513,CASH,3837.6,2023-01-31 17:27:18,0,
5646,ACCT_01554,ACCT_01648,CASH,2357.7,2023-01-31 17:44:09,0,
5647,ACCT_01097,ACCT_00448,CASH,493.86,2023-01-31 17:50:08,0,
5648,ACCT_01567,ACCT_01971,WIRE,4649.19,2023-01-31 18:02:48,0,
5649,ACCT_01943,ACCT_01541,ACH,1175.97,2023-01-31 18:11:26,0,
5650,ACCT_01242,ACCT_00997,TRANSFER,3437.39,2023-01-31 18:11:50,0,
5651,ACCT_00535,ACCT_00466,WIRE,292.01,2023-01-31 18:12:13,0,
5652,ACCT_01282,ACCT_00968,CASH,1045.96,2023-01-31 18:44:07,0,
5653,ACCT_00512,ACCT_01526,TRANSFER,3658.95,2023-01-31 18:47:37,0,
5654,ACCT_01605,ACCT_01016,CASH,3070.25,2023-01-31 18:52:09,0,
5655,ACCT_00528,ACCT_00949,ACH,978.68,2023-01-31 18:57:42,0,
5656,ACCT_00924,ACCT_01859,WIRE,1854.49,2023-01-31 19:00:30,0,
5657,ACCT_01672,ACCT_01723,ACH,2580.1,2023-01-31 19:02:26,0,
5658,ACCT_01918,ACCT_01118,TRANSFER,1183.7,2023-01-31 19:05:37,0,
5659,ACCT_00767,ACCT_01258,CHECK,3832.12,2023-01-31 19:06:11,0,
5660,ACCT_00161,ACCT_00484,CHECK,2236.27,2023-01-31 19:06:13,0,
5661,ACCT_01306,ACCT_00497,CASH,3086.12,2023-01-31 19:08:35,0,
5662,ACCT_01803,ACCT_00357,CASH,676.35,2023-01-31 19:29:21,0,
5663,ACCT_00656,ACCT_01570,ACH,2364.66,2023-01-31 19:31:33,0,
5664,ACCT_00294,ACCT_01121,CASH,293.0,2023-01-31 19:32:37,0,
5665,ACCT_00636,ACCT_01204,WIRE,2517.35,2023-01-31 19:37:22,0,
5666,ACCT_01203,ACCT_01271,CASH,4746.12,2023-01-31 19:38:09,0,
5667,ACCT_00710,ACCT_01566,TRANSFER,633.43,2023-01-31 19:38:38,0,
5668,ACCT_00182,ACCT_01676,TRANSFER,1937.56,2023-01-31 19:42:02,0,
5669,ACCT_01306,ACCT_01917,WIRE,4704.12,2023-01-31 19:43:58,0,
5670,ACCT_00661,ACCT_01787,CASH,4135.84,2023-01-31 19:45:52,0,
5671,ACCT_01777,ACCT_01706,ACH,2699.09,2023-01-31 19:53:22,0,
5672,ACCT_00356,ACCT_00065,ACH,3703.76,2023-01-31 19:57:09,0,
5673,ACCT_01817,ACCT_01595,TRANSFER,4441.98,2023-01-31 20:04:15,0,
5674,ACCT_00225,ACCT_01166,CHECK,3303.79,2023-01-31 20:12:14,0,
5675,ACCT_00713,ACCT_01002,CHECK,1214.77,2023-01-31 20:16:50,0,
5676,ACCT_01677,ACCT_01800,ACH,2708.53,2023-01-31 20:19:47,0,
5677,ACCT_01903,ACCT_01153,TRANSFER,926.87,2023-01-31 20:30:14,0,
5678,ACCT_01058,ACCT_01462,WIRE,4236.33,2023-01-31 20:36:49,0,
5679,ACCT_00727,ACCT_00696,WIRE,2101.55,2023-01-31 20:37:25,0,
5680,ACCT_00832,ACCT_00322,WIRE,2989.62,2023-01-31 20:41:42,0,
5681,ACCT_00937,ACCT_01978,CASH,444.06,2023-01-31 20:41:51,0,
5682,ACCT_01363,ACCT_00592,ACH,2373.04,2023-01-31 20:57:49,0,
5683,ACCT_00385,ACCT_00141,CASH,2121.24,2023-01-31 21:10:02,0,
5684,ACCT_00654,ACCT_00264,ACH,2539.78,2023-01-31 21:12:09,0,
5685,ACCT_01015,ACCT_01593,ACH,4473.99,2023-01-31 21:20:03,0,
5686,ACCT_01874,ACCT_00763,WIRE,912.51,2023-01-31 21:21:21,0,
5687,ACCT_00778,ACCT_01230,CHECK,4803.67,2023-01-31 21:24:41,0,
5688,ACCT_00550,ACCT_00261,TRANSFER,4629.48,2023-01-31 21:39:43,0,
5689,ACCT_00810,ACCT_01519,ACH,3859.52,2023-01-31 21:39:54,0,
5690,ACCT_00127,ACCT_01380,CASH,197.33,2023-01-31 21:46:25,0,
5691,ACCT_00238,ACCT_00009,CASH,4662.36,2023-01-31 22:00:59,0,
5692,ACCT_01889,ACCT_00396,CASH,873.07,2023-01-31 22:01:19,0,
5693,ACCT_00789,ACCT_01831,ACH,1706.25,2023-01-31 22:04:18,0,
5694,ACCT_01359,ACCT_00411,TRANSFER,27301.02,2023-01-31 22:08:27,1,ALERT_0009
5695,ACCT_00532,ACCT_00013,CASH,3943.15,2023-01-31 22:17:18,0,
5696,ACCT_00570,ACCT_00984,ACH,895.34,2023-01-31 22:21:11,0,
5697,ACCT_01480,ACCT_01227,WIRE,302.35,2023-01-31 22:26:55,0,
5698,ACCT_00590,ACCT_00855,WIRE,2464.51,2023-01-31 22:52:14,0,
5699,ACCT_00722,ACCT_01242,ACH,2557.85,2023-01-31 22:57:53,0,
5700,ACCT_00977,ACCT_01514,CASH,4264.29,2023-01-31 22:58:14,0,
5701,ACCT_01521,ACCT_01655,ACH,414.51,2023-01-31 22:59:34,0,
5702,ACCT_01328,ACCT_00640,ACH,433.86,2023-01-31 23:01:50,0,
5703,ACCT_01529,ACCT_01527,CASH,1890.34,2023-01-31 23:12:09,0,
5704,ACCT_00649,ACCT_00438,TRANSFER,678.73,2023-01-31 23:15:35,0,
5705,ACCT_00857,ACCT_01146,ACH,216.9,2023-01-31 23:16:17,0,
5706,ACCT_01597,ACCT_00644,TRANSFER,58.07,2023-01-31 23:21:20,0,
5707,ACCT_01256,ACCT_01824,WIRE,4013.2,2023-01-31 23:23:55,0,
5708,ACCT_01805,ACCT_00918,TRANSFER,958.89,2023-01-31 23:36:50,1,ALERT_0018
5709,ACCT_00089,ACCT_00453,CHECK,4595.6,2023-01-31 23:44:54,0,
5710,ACCT_00615,ACCT_00523,CHECK,3965.95,2023-01-31 23:45:34,0,
5711,ACCT_00374,ACCT_00045,ACH,478.66,2023-01-31 23:50:20,0,
5712,ACCT_01066,ACCT_01336,ACH,922.01,2023-01-31 23:57:18,0,
5713,ACCT_01558,ACCT_01916,CHECK,1381.19,2023-01-31 23:58:20,0,
5714,ACCT_01289,ACCT_01922,WIRE,230.41,2023-02-01 00:06:59,0,
5715,ACCT_01055,ACCT_00197,CHECK,3036.35,2023-02-01 00:09:16,0,
5716,ACCT_00226,ACCT_00726,TRANSFER,3386.15,2023-02-01 00:15:28,0,
5717,ACCT_01542,ACCT_00502,CASH,1718.79,2023-02-01 00:19:46,0,
5718,ACCT_00514,ACCT_01515,CASH,639.46,2023-02-01 00:24:56,0,
5719,ACCT_00093,ACCT_01889,CHECK,1038.09,2023-02-01 00:32:26,0,
5720,ACCT_00411,ACCT_01584,WIRE,46164.39,2023-02-01 00:36:28,1,ALERT_0009
5721,ACCT_00007,ACCT_00306,TRANSFER,1643.61,2023-02-01 00:48:31,0,
5722,ACCT_00213,ACCT_00831,CHECK,2141.43,2023-02-01 01:17:07,0,
5723,ACCT_01805,ACCT_01179,TRANSFER,9333.17,2023-02-01 01:17:37,1,ALERT_0018
5724,ACCT_00573,ACCT_00136,TRANSFER,292.42,2023-02-01 01:21:09,0,
5725,ACCT_01005,ACCT_00296,CHECK,4815.85,2023-02-01 01:35:22,0,
5726,ACCT_01704,ACCT_01879,CHECK,3214.54,2023-02-01 02:15:45,0,
5727,ACCT_00971,ACCT_01665,CHECK,179.29,2023-02-01 02:18:34,0,
5728,ACCT_00129,ACCT_00642,WIRE,619.91,2023-02-01 02:49:48,0,
5729,ACCT_01236,ACCT_01830,WIRE,3298.47,2023-02-01 02:52:01,0,
5730,ACCT_01124,ACCT_01981,CHECK,2384.68,2023-02-01 02:57:31,0,
5731,ACCT_00420,ACCT_00382,CHECK,3361.37,2023-02-01 03:11:10,0,
5732,ACCT_00981,ACCT_00317,WIRE,288.82,2023-02-01 03:24:16,0,
5733,ACCT_01351,ACCT_01762,ACH,3137.21,2023-02-01 03:25:11,0,
5734,ACCT_00006,ACCT_01907,TRANSFER,2361.69,2023-02-01 03:30:37,0,
5735,ACCT_00837,ACCT_00960,CHECK,347.93,2023-02-01 03:38:19,0,
5736,ACCT_01464,ACCT_01814,TRANSFER,44.46,2023-02-01 04:21:37,0,
5737,ACCT_01463,ACCT_01187,CHECK,2527.13,2023-02-01 04:35:53,0,
5738,ACCT_01016,ACCT_00450,TRANSFER,3197.45,2023-02-01 04:40:41,0,
5739,ACCT_01166,ACCT_00898,CASH,3421.15,2023-02-01 04:47:06,0,
5740,ACCT_00112,ACCT_01429,WIRE,3916.22,2023-02-01 05:14:12,0,
5741,ACCT_01589,ACCT_01102,CASH,3192.1,2023-02-01 05:16:03,0,
5742,ACCT_01871,ACCT_00853,CASH,4783.39,2023-02-01 05:21:23,0,
5743,ACCT_00111,ACCT_00998,CHECK,4733.58,2023-02-01 05:26:53,0,
5744,ACCT_00210,ACCT_01367,CASH,2263.15,2023-02-01 05:29:04,0,
5745,ACCT_00535,ACCT_01153,WIRE,1030.01,2023-02-01 05:50:16,0,
5746,ACCT_01834,ACCT_00495,CHECK,2509.76,2023-02-01 05:56:21,0,
5747,ACCT_01170,ACCT_00283,WIRE,4143.89,2023-02-01 06:01:36,0,
5748,ACCT_00066,ACCT_00806,CASH,3328.39,2023-02-01 06:30:05,0,
5749,ACCT_00905,ACCT_01139,ACH,3363.36,2023-02-01 06:34:26,0,
5750,ACCT_01635,ACCT_00604,CASH,845.87,2023-02-01 06:39:18,0,
5751,ACCT_01148,ACCT_01552,CHECK,3762.98,2023-02-01 06:40:09,0,
5752,ACCT_01805,ACCT_01448,ACH,23196.7,2023-02-01 06:44:18,1,ALERT_0018
5753,ACCT_01449,ACCT_01876,WIRE,470.96,2023-02-01 06:56:16,0,
5754,ACCT_00700,ACCT_01165,CASH,1574.78,2023-02-01 07:15:02,0,
5755,ACCT_00115,ACCT_01530,WIRE,595.01,2023-02-01 07:26:35,0,
5756,ACCT_01055,ACCT_01847,CHECK,1340.43,2023-02-01 07:38:06,0,
5757,ACCT_00242,ACCT_00700,CHECK,2845.18,2023-02-01 07:59:44,0,
5758,ACCT_01987,ACCT_01015,CASH,1611.55,2023-02-01 08:00:01,0,
5759,ACCT_01008,ACCT_00004,TRANSFER,358.51,2023-02-01 08:01:19,0,
5760,ACCT_01012,ACCT_01255,TRANSFER,1972.7,2023-02-01 08:10:24,0,
5761,ACCT_00943,ACCT_01312,TRANSFER,2900.73,2023-02-01 08:14:27,0,
5762,ACCT_00305,ACCT_00733,TRANSFER,581.14,2023-02-01 08:25:00,0,
5763,ACCT_00884,ACCT_01352,ACH,1846.77,2023-02-01 08:35:04,0,
5764,ACCT_00528,ACCT_00397,CASH,4769.26,2023-02-01 08:39:39,0,
5765,ACCT_00266,ACCT_00307,ACH,4718.95,2023-02-01 08:55:27,0,
5766,ACCT_00907,ACCT_01491,CHECK,1744.5,2023-02-01 09:02:15,0,
5767,ACCT_01505,ACCT_01301,CASH,4970.77,2023-02-01 09:04:08,0,
5768,ACCT_00796,ACCT_00280,CASH,132.24,2023-02-01 09:17:05,0,
5769,ACCT_01592,ACCT_01059,CASH,1679.26,2023-02-01 09:18:16,0,
5770,ACCT_00936,ACCT_01998,CASH,3301.89,2023-02-01 09:19:53,0,
5771,ACCT_00947,ACCT_01750,CHECK,1061.08,2023-02-01 09:32:36,0,
5772,ACCT_01724,ACCT_00849,CHECK,4740.65,2023-02-01 09:51:16,0,
5773,ACCT_01563,ACCT_00733,TRANSFER,44043.37,2023-02-01 10:02:30,1,ALERT_0007
5774,ACCT_01654,ACCT_01463,ACH,4945.92,2023-02-01 10:08:55,0,
5775,ACCT_01652,ACCT_00206,TRANSFER,2290.03,2023-02-01 10:10:22,0,
5776,ACCT_01154,ACCT_00144,CASH,457.68,2023-02-01 10:18:13,0,
5777,ACCT_00216,ACCT_00267,TRANSFER,1056.44,2023-02-01 10:24:38,0,
5778,ACCT_01548,ACCT_01402,WIRE,3446.3,2023-02-01 10:25:14,0,
5779,ACCT_01722,ACCT_00061,WIRE,1612.58,2023-02-01 10:37:25,0,
5780,ACCT_00440,ACCT_00878,TRANSFER,2537.35,2023-02-01 10:37:41,0,
5781,ACCT_00205,ACCT_00965,ACH,3437.06,2023-02-01 10:40:55,0,
5782,ACCT_00764,ACCT_00296,TRANSFER,3008.76,2023-02-01 10:50:35,0,
5783,ACCT_00567,ACCT_00914,TRANSFER,1629.32,2023-02-01 11:01:58,0,
5784,ACCT_00374,ACCT_00423,ACH,1058.88,2023-02-01 11:08:55,0,
5785,ACCT_01055,ACCT_01702,ACH,65.85,2023-02-01 11:10:33,0,
5786,ACCT_00022,ACCT_00324,CHECK,3800.14,2023-02-01 11:36:24,0,
5787,ACCT_00711,ACCT_01324,CASH,1045.16,2023-02-01 11:37:34,0,
5788,ACCT_01063,ACCT_01870,CHECK,2992.63,2023-02-01 12:03:28,0,
5789,ACCT_01911,ACCT_00078,CHECK,1339.52,2023-02-01 12:03:34,0,
5790,ACCT_00121,ACCT_00538,ACH,2118.71,2023-02-01 12:10:17,0,
5791,ACCT_01179,ACCT_00328,ACH,441.84,2023-02-01 12:18:59,0,
5792,ACCT_01764,ACCT_00369,CASH,212.22,2023-02-01 12:28:06,0,
5793,ACCT_00007,ACCT_00194,WIRE,2521.17,2023-02-01 12:30:32,0,
5794,ACCT_01584,ACCT_01359,WIRE,15020.23,2023-02-01 12:57:04,1,ALERT_0009
5795,ACCT_01576,ACCT_00030,WIRE,4723.96,2023-02-01 13:04:43,0,
5796,ACCT_00134,ACCT_00890,CASH,1154.5,2023-02-01 13:18:39,0,
5797,ACCT_01858,ACCT_01881,ACH,238.55,2023-02-01 13:24:02,0,
5798,ACCT_01268,ACCT_00139,CASH,3594.46,2023-02-01 13:29:39,0,
5799,ACCT_01101,ACCT_01158,TRANSFER,3246.08,2023-02-01 13:31:36,0,
5800,ACCT_01334,ACCT_01456,CHECK,703.08,2023-02-01 13:53:20,0,
5801,ACCT_01731,ACCT_01351,CHECK,3174.2,2023-02-01 14:15:36,0,
5802,ACCT_00319,ACCT_01102,ACH,1061.21,2023-02-01 14:21:44,0,
5803,ACCT_00583,ACCT_01799,CASH,57.94,2023-02-01 14:24:32,0,
5804,ACCT_01077,ACCT_01733,ACH,3565.61,2023-02-01 14:26:45,0,
5805,ACCT_01005,ACCT_00246,ACH,778.05,2023-02-01 14:37:19,0,
5806,ACCT_01248,ACCT_01829,WIRE,1846.2,2023-02-01 14:43:10,0,
5807,ACCT_01703,ACCT_01297,WIRE,1949.12,2023-02-01 14:44:01,0,
5808,ACCT_01263,ACCT_00390,TRANSFER,3573.66,2023-02-01 14:47:56,0,
5809,ACCT_01931,ACCT_00912,CHECK,279.38,2023-02-01 14:54:46,0,
5810,ACCT_00921,ACCT_01966,TRANSFER,2469.2,2023-02-01 15:02:41,0,
5811,ACCT_01179,ACCT_01993,WIRE,3502.84,2023-02-01 15:05:51,0,
5812,ACCT_01805,ACCT_01506,ACH,36174.65,2023-02-01 15:45:48,1,ALERT_0018
5813,ACCT_01195,ACCT_01853,CHECK,2380.69,2023-02-01 15:53:29,0,
5814,ACCT_00549,ACCT_01519,ACH,1717.78,2023-02-01 15:59:25,0,
5815,ACCT_01106,ACCT_00293,WIRE,4572.75,2023-02-01 16:12:38,0,
5816,ACCT_01913,ACCT_00788,CASH,4129.34,2023-02-01 16:21:30,0,
5817,ACCT_00744,ACCT_00076,CASH,2469.26,2023-02-01 16:22:17,0,
5818,ACCT_00980,ACCT_01293,WIRE,2480.18,2023-02-01 16:28:18,0,
5819,ACCT_01362,ACCT_00217,ACH,618.67,2023-02-01 16:28:45,0,
5820,ACCT_01710,ACCT_01009,TRANSFER,3827.27,2023-02-01 16:31:09,0,
5821,ACCT_01491,ACCT_00057,ACH,2459.14,2023-02-01 16:33:18,0,
5822,ACCT_00480,ACCT_01706,CASH,826.99,2023-02-01 16:36:48,0,
5823,ACCT_01779,ACCT_01475,TRANSFER,4871.26,2023-02-01 16:38:53,0,
5824,ACCT_01997,ACCT_00936,CASH,107.2,2023-02-01 16:41:09,0,
5825,ACCT_01126,ACCT_00653,CASH,716.37,2023-02-01 16:42:07,0,
5826,ACCT_00805,ACCT_00093,TRANSFER,2087.1,2023-02-01 16:43:43,0,
5827,ACCT_00725,ACCT_01186,CASH,856.59,2023-02-01 17:00:04,0,
5828,ACCT_00044,ACCT_01644,CHECK,460.36,2023-02-01 17:06:32,0,
5829,ACCT_01528,ACCT_01340,ACH,1162.26,2023-02-01 17:49:14,0,
5830,ACCT_00214,ACCT_00111,CASH,4503.12,2023-02-01 17:56:30,0,
5831,ACCT_01432,ACCT_01887,CASH,876.91,2023-02-01 18:03:46,0,
5832,ACCT_01286,ACCT_00791,CASH,1853.95,2023-02-01 18:30:07,0,
5833,ACCT_00355,ACCT_00406,ACH,2175.03,2023-02-01 18:35:08,0,
5834,ACCT_01870,ACCT_00968,CHECK,4158.42,2023-02-01 18:43:19,0,
5835,ACCT_00547,ACCT_01805,TRANSFER,4052.47,2023-02-01 18:50:49,0,
5836,ACCT_01670,ACCT_00072,WIRE,396.97,2023-02-01 18:55:05,0,
5837,ACCT_01411,ACCT_00253,CASH,4984.27,2023-02-01 19:02:38,0,
5838,ACCT_00476,ACCT_00210,CHECK,185.26,2023-02-01 19:04:38,0,
5839,ACCT_00279,ACCT_00248,CHECK,3287.74,2023-02-01 19:08:29,0,
5840,ACCT_00014,ACCT_00015,WIRE,4631.42,2023-02-01 19:16:49,0,
5841,ACCT_01785,ACCT_00656,CASH,568.31,2023-02-01 19:27:53,0,
5842,ACCT_00316,ACCT_00594,WIRE,4388.37,2023-02-01 19:38:24,0,
5843,ACCT_01715,ACCT_01423,ACH,1710.14,2023-02-01 19:44:21,0,
5844,ACCT_00921,ACCT_00273,CASH,3728.95,2023-02-01 19:58:31,0,
5845,ACCT_00687,ACCT_01601,CHECK,2048.56,2023-02-01 20:00:08,0,
5846,ACCT_01853,ACCT_00802,ACH,28.48,2023-02-01 20:12:50,0,
5847,ACCT_00981,ACCT_00754,TRANSFER,634.47,2023-02-01 20:44:14,0,
5848,ACCT_00555,ACCT_01017,ACH,4000.16,2023-02-01 21:05:23,0,
5849,ACCT_00920,ACCT_01214,ACH,1125.26,2023-02-01 21:19:56,0,
5850,ACCT_00642,ACCT_01966,WIRE,1615.97,2023-02-01 21:34:39,0,
5851,ACCT_01315,ACCT_01421,TRANSFER,2296.63,2023-02-01 21:48:34,0,
5852,ACCT_00406,ACCT_00775,ACH,1735.86,2023-02-01 21:55:20,0,
5853,ACCT_01533,ACCT_00046,CASH,1715.06,2023-02-01 22:01:09,0,
5854,ACCT_01565,ACCT_00489,CASH,2904.81,2023-02-01 22:02:58,0,
5855,ACCT_00671,ACCT_00724,CASH,465.96,2023-02-01 22:07:28,0,
5856,ACCT_00385,ACCT_01869,WIRE,4166.45,2023-02-01 22:20:17,0,
5857,ACCT_01110,ACCT_01306,CASH,3277.18,2023-02-01 22:30:17,0,
5858,ACCT_01896,ACCT_00741,ACH,4034.39,2023-02-01 22:31:48,0,
5859,ACCT_01588,ACCT_01823,CHECK,1649.68,2023-02-01 22:46:37,0,
5860,ACCT_01410,ACCT_01289,CHECK,678.68,2023-02-01 22:52:46,0,
5861,ACCT_00649,ACCT_00143,CASH,4056.92,2023-02-01 22:55:48,0,
5862,ACCT_01807,ACCT_01889,CHECK,3405.17,2023-02-01 22:59:10,0,
5863,ACCT_01770,ACCT_00325,TRANSFER,1116.97,2023-02-01 23:09:29,0,
5864,ACCT_01367,ACCT_01495,WIRE,4318.76,2023-02-01 23:17:31,0,
5865,ACCT_00802,ACCT_01973,CHECK,69.13,2023-02-01 23:19:21,0,
5866,ACCT_00614,ACCT_01705,CASH,2462.22,2023-02-01 23:22:30,0,
5867,ACCT_01109,ACCT_00352,CASH,3500.36,2023-02-01 23:26:58,0,
5868,ACCT_00745,ACCT_00724,TRANSFER,364.96,2023-02-01 23:30:26,0,
5869,ACCT_00304,ACCT_00956,WIRE,552.58,2023-02-01 23:36:14,0,
5870,ACCT_01384,ACCT_01797,WIRE,2587.73,2023-02-01 23:46:51,0,
5871,ACCT_01129,ACCT_01616,CHECK,3553.7,2023-02-01 23:50:00,0,
5872,ACCT_00334,ACCT_00296,ACH,644.35,2023-02-02 00:02:33,0,
5873,ACCT_00290,ACCT_01651,TRANSFER,459.39,2023-02-02 00:12:35,0,
5874,ACCT_01995,ACCT_01022,CHECK,4846.29,2023-02-02 00:25:05,0,
5875,ACCT_00552,ACCT_00745,CASH,4715.56,2023-02-02 00:30:44,0,
5876,ACCT_01439,ACCT_01209,CHECK,3129.82,2023-02-02 00:42:55,0,
5877,ACCT_01047,ACCT_00160,TRANSFER,2543.87,2023-02-02 00:45:00,0,
5878,ACCT_01559,ACCT_00510,ACH,4616.37,2023-02-02 00:47:26,0,
5879,ACCT_00279,ACCT_01341,CASH,1447.65,2023-02-02 00:47:34,0,
5880,ACCT_01342,ACCT_00071,CHECK,4208.57,2023-02-02 00:49:19,0,
5881,ACCT_00484,ACCT_00355,TRANSFER,3699.44,2023-02-02 00:51:41,0,
5882,ACCT_00060,ACCT_01849,WIRE,4632.82,2023-02-02 00:54:45,0,
5883,ACCT_00923,ACCT_01029,CASH,3907.21,2023-02-02 00:59:07,0,
5884,ACCT_01979,ACCT_01938,TRANSFER,636.0,2023-02-02 01:04:15,0,
5885,ACCT_01949,ACCT_00575,TRANSFER,3861.75,2023-02-02 01:44:33,0,
5886,ACCT_00862,ACCT_01731,WIRE,1913.13,2023-02-02 01:47:23,0,
5887,ACCT_01332,ACCT_00491,CASH,4198.16,2023-02-02 01:53:27,0,
5888,ACCT_00347,ACCT_01382,ACH,4050.29,2023-02-02 01:58:37,0,
5889,ACCT_00892,ACCT_00593,TRANSFER,1622.81,2023-02-02 02:21:05,0,
5890,ACCT_00395,ACCT_00222,TRANSFER,71.32,2023-02-02 02:21:48,0,
5891,ACCT_01996,ACCT_01420,CHECK,3437.39,2023-02-02 02:24:10,0,
5892,ACCT_01596,ACCT_00545,TRANSFER,97.15,2023-02-02 02:28:18,0,
5893,ACCT_01994,ACCT_00950,WIRE,3241.58,2023-02-02 02:43:34,0,
5894,ACCT_01809,ACCT_01048,TRANSFER,3616.66,2023-02-02 02:45:26,0,
5895,ACCT_00453,ACCT_01803,CASH,2822.06,2023-02-02 02:54:26,0,
5896,ACCT_01648,ACCT_01744,CHECK,2503.53,2023-02-02 02:56:38,0,
5897,ACCT_00463,ACCT_00037,CHECK,3461.29,2023-02-02 02:58:44,0,
5898,ACCT_00613,ACCT_00583,ACH,3365.44,2023-02-02 03:29:56,0,
5899,ACCT_00878,ACCT_00648,CASH,4365.88,2023-02-02 03:37:29,0,
5900,ACCT_00506,ACCT_01694,TRANSFER,1282.1,2023-02-02 03:56:19,0,
5901,ACCT_00343,ACCT_01933,CASH,4777.03,2023-02-02 04:13:30,0,
5902,ACCT_01899,ACCT_01530,WIRE,829.55,2023-02-02 04:17:16,0,
5903,ACCT_01614,ACCT_01300,TRANSFER,2578.36,2023-02-02 04:22:04,0,
5904,ACCT_00759,ACCT_01879,CHECK,1406.86,2023-02-02 04:24:27,0,
5905,ACCT_01363,ACCT_01076,CHECK,3866.76,2023-02-02 04:28:37,0,
5906,ACCT_00061,ACCT_01342,CASH,4733.05,2023-02-02 04:33:23,0,
5907,ACCT_01196,ACCT_00321,WIRE,961.83,2023-02-02 04:44:10,0,
5908,ACCT_01950,ACCT_01440,CHECK,3961.9,2023-02-02 04:48:53,0,
5909,ACCT_01861,ACCT_01366,CASH,1993.81,2023-02-02 05:14:27,0,
5910,ACCT_01702,ACCT_00930,CASH,4590.8,2023-02-02 05:33:03,0,
5911,ACCT_01077,ACCT_01928,WIRE,1361.77,2023-02-02 06:01:31,0,
5912,ACCT_00772,ACCT_00121,CASH,771.98,2023-02-02 06:06:27,0,
5913,ACCT_01120,ACCT_00301,TRANSFER,1767.87,2023-02-02 06:11:51,0,
5914,ACCT_00518,ACCT_01769,CASH,3242.39,2023-02-02 06:15:11,0,
5915,ACCT_01458,ACCT_01112,CASH,4070.48,2023-02-02 06:17:47,0,
5916,ACCT_01018,ACCT_00768,WIRE,1964.23,2023-02-02 06:24:17,0,
5917,ACCT_00948,ACCT_01245,WIRE,601.03,2023-02-02 06:27:59,0,
5918,ACCT_00412,ACCT_01401,CHECK,3059.44,2023-02-02 06:29:43,0,
5919,ACCT_00667,ACCT_01225,TRANSFER,238.83,2023-02-02 06:30:45,0,
5920,ACCT_00733,ACCT_00493,TRANSFER,35388.39,2023-02-02 06:43:32,1,ALERT_0007
5921,ACCT_00061,ACCT_00907,WIRE,3853.06,2023-02-02 07:02:08,0,
5922,ACCT_00828,ACCT_00713,WIRE,3599.51,2023-02-02 07:02:37,0,
5923,ACCT_01879,ACCT_01579,TRANSFER,463.43,2023-02-02 07:06:54,0,
5924,ACCT_01431,ACCT_01441,CASH,1590.11,2023-02-02 07:11:20,0,
5925,ACCT_00473,ACCT_00109,ACH,3804.77,2023-02-02 07:15:32,0,
5926,ACCT_01425,ACCT_01794,TRANSFER,1226.06,2023-02-02 07:16:49,0,
5927,ACCT_00409,ACCT_01881,TRANSFER,936.02,2023-02-02 07:42:53,0,
5928,ACCT_00658,ACCT_01834,CHECK,1310.25,2023-02-02 07:46:41,0,
5929,ACCT_00880,ACCT_00122,WIRE,4153.92,2023-02-02 08:00:30,0,
5930,ACCT_01688,ACCT_01354,ACH,3629.67,2023-02-02 08:13:21,0,
5931,ACCT_01221,ACCT_00960,ACH,4554.21,2023-02-02 08:15:56,0,
5932,ACCT_00328,ACCT_01229,WIRE,1203.39,2023-02-02 08:16:54,0,
5933,ACCT_00764,ACCT_01871,TRANSFER,1569.95,2023-02-02 08:17:07,0,
5934,ACCT_00098,ACCT_00558,TRANSFER,3026.89,2023-02-02 08:19:57,0,
5935,ACCT_01965,ACCT_01577,CASH,3552.41,2023-02-02 08:22:49,0,
5936,ACCT_01704,ACCT_00560,CHECK,4011.84,2023-02-02 08:32:11,0,
5937,ACCT_01577,ACCT_01946,TRANSFER,2280.21,2023-02-02 08:38:08,0,
5938,ACCT_00993,ACCT_01606,WIRE,1726.41,2023-02-02 08:40:02,0,
5939,ACCT_01746,ACCT_00317,CASH,3144.91,2023-02-02 08:40:24,0,
5940,ACCT_00389,ACCT_00287,TRANSFER,973.53,2023-02-02 09:19:05,0,
5941,ACCT_00493,ACCT_01228,WIRE,5103.11,2023-02-02 09:38:40,1,ALERT_0007
5942,ACCT_00186,ACCT_01429,CASH,2975.75,2023-02-02 09:53:02,0,
5943,ACCT_01306,ACCT_00667,WIRE,3311.76,2023-02-02 09:54:57,0,
5944,ACCT_00120,ACCT_01392,ACH,1570.91,2023-02-02 09:55:18,0,
5945,ACCT_01249,ACCT_00771,CHECK,2738.52,2023-02-02 09:58:59,0,
5946,ACCT_01592,ACCT_01861,CHECK,1286.0,2023-02-02 09:59:23,0,
5947,ACCT_00840,ACCT_01061,ACH,97.13,2023-02-02 10:07:15,0,
5948,ACCT_00005,ACCT_00285,CASH,1422.15,2023-02-02 10:19:01,0,
5949,ACCT_00654,ACCT_01638,TRANSFER,1812.28,2023-02-02 10:23:22,0,
5950,ACCT_01062,ACCT_01589,CHECK,888.29,2023-02-02 10:30:48,0,
5951,ACCT_01738,ACCT_01152,WIRE,2753.05,2023-02-02 10:32:24,0,
5952,ACCT_01770,ACCT_00858,TRANSFER,3136.16,2023-02-02 10:40:28,0,
5953,ACCT_00087,ACCT_00383,CHECK,3945.41,2023-02-02 10:48:50,0,
5954,ACCT_00304,ACCT_01197,TRANSFER,1304.51,2023-02-02 10:49:49,0,
5955,ACCT_00657,ACCT_00872,WIRE,3266.24,2023-02-02 10:56:14,0,
5956,ACCT_01315,ACCT_01913,WIRE,558.02,2023-02-02 10:56:31,0,
5957,ACCT_00077,ACCT_00885,CHECK,128.55,2023-02-02 11:00:22,0,
5958,ACCT_01184,ACCT_01819,ACH,2937.69,2023-02-02 11:14:21,0,
5959,ACCT_01227,ACCT_01269,TRANSFER,2221.14,2023-02-02 11:16:16,0,
5960,ACCT_01831,ACCT_00976,CHECK,1616.39,2023-02-02 11:16:17,0,
5961,ACCT_01815,ACCT_01395,ACH,4369.0,2023-02-02 11:16:30,0,
5962,ACCT_00364,ACCT_00069,CHECK,4283.31,2023-02-02 11:22:33,0,
5963,ACCT_01871,ACCT_00371,TRANSFER,613.57,2023-02-02 11:24:15,0,
5964,ACCT_00513,ACCT_00414,CASH,3859.87,2023-02-02 11:40:12,0,
5965,ACCT_00422,ACCT_00405,TRANSFER,4532.49,2023-02-02 11:40:34,0,
5966,ACCT_01877,ACCT_01156,CHECK,634.06,2023-02-02 11:49:30,0,
5967,ACCT_00765,ACCT_00949,TRANSFER,30163.64,2023-02-02 11:57:34,1,ALERT_0050
5968,ACCT_01987,ACCT_01381,CHECK,1321.39,2023-02-02 12:04:08,0,
5969,ACCT_01037,ACCT_00308,WIRE,3726.88,2023-02-02 12:08:22,0,
5970,ACCT_00948,ACCT_01514,CHECK,4907.97,2023-02-02 12:09:54,0,
5971,ACCT_00598,ACCT_01366,TRANSFER,3493.24,2023-02-02 12:12:07,0,
5972,ACCT_00957,ACCT_01530,CASH,4397.61,2023-02-02 12:16:40,0,
5973,ACCT_00470,ACCT_00205,CHECK,1868.16,2023-02-02 12:21:03,0,
5974,ACCT_01081,ACCT_01431,CASH,2356.22,2023-02-02 12:21:43,0,
5975,ACCT_00542,ACCT_01189,CHECK,3744.6,2023-02-02 12:22:02,0,
5976,ACCT_00176,ACCT_01802,CASH,4849.55,2023-02-02 12:28:02,0,
5977,ACCT_01314,ACCT_01542,WIRE,2410.96,2023-02-02 12:28:22,0,
5978,ACCT_01604,ACCT_01831,ACH,1000.81,2023-02-02 12:32:29,0,
5979,ACCT_01416,ACCT_01133,ACH,1128.41,2023-02-02 12:41:40,0,
5980,ACCT_00511,ACCT_00890,TRANSFER,4452.69,2023-02-02 12:51:12,0,
5981,ACCT_01742,ACCT_01871,WIRE,2294.27,2023-02-02 12:54:17,0,
5982,ACCT_00390,ACCT_00583,CHECK,3875.7,2023-02-02 13:16:38,0,
5983,ACCT_00713,ACCT_00610,TRANSFER,2686.98,2023-02-02 13:29:22,0,
5984,ACCT_00158,ACCT_01806,CHECK,2619.63,2023-02-02 13:33:28,0,
5985,ACCT_00774,ACCT_00708,CASH,452.56,2023-02-02 13:48:40,0,
5986,ACCT_01881,ACCT_00252,ACH,783.53,2023-02-02 13:48:58,0,
5987,ACCT_00041,ACCT_00015,ACH,2702.86,2023-02-02 13:53:43,0,
5988,ACCT_00821,ACCT_01269,CHECK,2997.47,2023-02-02 14:02:52,0,
5989,ACCT_01782,ACCT_00477,TRANSFER,3059.95,2023-02-02 14:05:38,0,
5990,ACCT_01534,ACCT_00637,TRANSFER,2983.01,2023-02-02 14:09:29,0,
5991,ACCT_01814,ACCT_00185,CHECK,4716.38,2023-02-02 14:10:23,0,
5992,ACCT_01320,ACCT_00638,CHECK,1286.51,2023-02-02 14:10:32,0,
5993,ACCT_00443,ACCT_00634,ACH,4715.73,2023-02-02 14:21:12,0,
5994,ACCT_01043,ACCT_00525,CASH,2110.82,2023-02-02 14:35:34,0,
5995,ACCT_01846,ACCT_01923,CASH,4847.44,2023-02-02 14:36:37,0,
5996,ACCT_00520,ACCT_01183,CHECK,3059.95,2023-02-02 15:01:55,0,
5997,ACCT_01039,ACCT_01794,TRANSFER,874.77,2023-02-02 15:08:50,0,
5998,ACCT_00123,ACCT_00600,CHECK,4143.26,2023-02-02 15:09:45,0,
5999,ACCT_00213,ACCT_01404,CHECK,1764.07,2023-02-02 15:16:14,0,
6000,ACCT_00352,ACCT_01847,ACH,31.6,2023-02-02 15:22:38,0,
6001,ACCT_01958,ACCT_01669,CASH,1567.16,2023-02-02 15:26:18,0,
6002,ACCT_01163,ACCT_01507,CASH,273.79,2023-02-02 15:27:10,0,
6003,ACCT_01231,ACCT_00500,TRANSFER,1968.43,2023-02-02 15:52:02,0,
6004,ACCT_01450,ACCT_00039,CASH,2799.96,2023-02-02 15:54:17,0,
6005,ACCT_01212,ACCT_01865,CASH,2853.84,2023-02-02 15:58:53,0,
6006,ACCT_01640,ACCT_01155,WIRE,4754.24,2023-02-02 15:59:52,0,
6007,ACCT_00102,ACCT_01503,TRANSFER,2800.07,2023-02-02 16:09:47,0,
6008,ACCT_00868,ACCT_01147,ACH,760.68,2023-02-02 16:18:06,0,
6009,ACCT_00776,ACCT_01702,ACH,172.67,2023-02-02 16:21:37,0,
6010,ACCT_01993,ACCT_00026,WIRE,746.28,2023-02-02 16:38:59,0,
6011,ACCT_01657,ACCT_01259,CHECK,4673.83,2023-02-02 16:44:39,0,
6012,ACCT_00622,ACCT_00760,WIRE,1538.1,2023-02-02 16:50:47,0,
6013,ACCT_00224,ACCT_00984,TRANSFER,4094.53,2023-02-02 17:02:38,0,
6014,ACCT_00542,ACCT_00422,CASH,2610.05,2023-02-02 17:09:52,0,
6015,ACCT_00394,ACCT_00658,CHECK,4821.49,2023-02-02 17:13:29,0,
6016,ACCT_01036,ACCT_00296,TRANSFER,31283.75,2023-02-02 17:24:31,1,ALERT_0032
6017,ACCT_01773,ACCT_01590,WIRE,4285.33,2023-02-02 17:35:13,0,
6018,ACCT_01839,ACCT_00383,CHECK,3688.49,2023-02-02 18:35:19,0,
6019,ACCT_01384,ACCT_00949,TRANSFER,549.97,2023-02-02 18:42:17,1,ALERT_0050
6020,ACCT_01545,ACCT_01175,WIRE,3999.89,2023-02-02 18:49:38,0,
6021,ACCT_01522,ACCT_01642,CASH,1722.94,2023-02-02 18:53:45,0,
6022,ACCT_00168,ACCT_01986,WIRE,1444.47,2023-02-02 18:56:47,0,
6023,ACCT_01362,ACCT_01366,CASH,132.63,2023-02-02 19:00:23,0,
6024,ACCT_01775,ACCT_00213,TRANSFER,2356.88,2023-02-02 19:02:54,0,
6025,ACCT_00496,ACCT_01851,CHECK,1361.35,2023-02-02 19:08:39,0,
6026,ACCT_01933,ACCT_00827,CASH,4729.86,2023-02-02 19:14:34,0,
6027,ACCT_00837,ACCT_00670,WIRE,4633.65,2023-02-02 19:15:13,0,
6028,ACCT_00443,ACCT_01212,CASH,1394.2,2023-02-02 19:25:57,0,
6029,ACCT_00372,ACCT_01943,CHECK,1194.05,2023-02-02 19:48:59,0,
6030,ACCT_00086,ACCT_01120,ACH,4782.57,2023-02-02 19:50:40,0,
6031,ACCT_00201,ACCT_01410,WIRE,88.9,2023-02-02 20:06:51,0,
6032,ACCT_00693,ACCT_00372,CHECK,3760.52,2023-02-02 20:13:09,0,
6033,ACCT_01396,ACCT_01072,CASH,2887.69,2023-02-02 20:14:21,0,
6034,ACCT_01771,ACCT_00148,CASH,934.67,2023-02-02 20:22:31,0,
6035,ACCT_01156,ACCT_00679,WIRE,639.21,2023-02-02 20:33:57,0,
6036,ACCT_00652,ACCT_01681,CHECK,4337.64,2023-02-02 20:36:17,0,
6037,ACCT_00146,ACCT_01258,TRANSFER,2653.56,2023-02-02 20:48:38,0,
6038,ACCT_01308,ACCT_01663,CHECK,389.94,2023-02-02 20:52:57,0,
6039,ACCT_01924,ACCT_00044,WIRE,3408.72,2023-02-02 21:04:20,0,
6040,ACCT_01196,ACCT_00734,ACH,454.24,2023-02-02 21:10:12,0,
6041,ACCT_01381,ACCT_00404,CHECK,1966.41,2023-02-02 21:17:05,0,
6042,ACCT_01699,ACCT_00018,CASH,229.64,2023-02-02 21:24:31,0,
6043,ACCT_00172,ACCT_01999,CHECK,4812.97,2023-02-02 21:25:59,0,
6044,ACCT_01080,ACCT_00875,TRANSFER,191.56,2023-02-02 21:36:12,0,
6045,ACCT_00966,ACCT_01865,ACH,2706.03,2023-02-02 21:39:14,0,
6046,ACCT_00811,ACCT_00669,TRANSFER,793.48,2023-02-02 21:52:42,0,
6047,ACCT_00047,ACCT_01440,ACH,2403.83,2023-02-02 21:56:55,0,
6048,ACCT_01275,ACCT_01948,CHECK,1631.33,2023-02-02 22:04:07,0,
6049,ACCT_00539,ACCT_00178,WIRE,4965.46,2023-02-02 22:09:51,0,
6050,ACCT_01889,ACCT_00906,CASH,3448.84,2023-02-02 22:10:18,0,
6051,ACCT_01789,ACCT_01881,CHECK,1072.3,2023-02-02 22:12:09,0,
6052,ACCT_00061,ACCT_00637,WIRE,3099.21,2023-02-02 22:16:49,0,
6053,ACCT_00376,ACCT_00370,CASH,4070.38,2023-02-02 22:18:59,0,
6054,ACCT_00917,ACCT_00949,TRANSFER,4213.1,2023-02-02 22:25:15,1,ALERT_0050
6055,ACCT_00544,ACCT_00116,CHECK,4843.46,2023-02-02 22:28:36,0,
6056,ACCT_01687,ACCT_00333,CHECK,1399.7,2023-02-02 22:51:55,0,
6057,ACCT_01685,ACCT_00322,WIRE,3690.0,2023-02-02 23:02:07,0,
6058,ACCT_00316,ACCT_00390,CASH,4618.95,2023-02-02 23:02:10,0,
6059,ACCT_01536,ACCT_00152,CASH,4886.12,2023-02-02 23:02:41,0,
6060,ACCT_00600,ACCT_00288,CASH,650.08,2023-02-02 23:05:12,0,
6061,ACCT_01204,ACCT_00553,TRANSFER,718.16,2023-02-02 23:10:25,0,
6062,ACCT_00953,ACCT_01652,TRANSFER,1737.97,2023-02-02 23:17:03,0,
6063,ACCT_01545,ACCT_00856,TRANSFER,4249.4,2023-02-02 23:17:38,0,
6064,ACCT_00844,ACCT_01806,WIRE,4777.16,2023-02-02 23:25:46,0,
6065,ACCT_01665,ACCT_00591,TRANSFER,1152.76,2023-02-02 23:30:10,0,
6066,ACCT_00127,ACCT_00129,CHECK,1727.67,2023-02-02 23:32:50,0,
6067,ACCT_01422,ACCT_01676,TRANSFER,1872.28,2023-02-02 23:35:37,0,
6068,ACCT_01455,ACCT_00492,ACH,396.43,2023-02-02 23:41:10,0,
6069,ACCT_01131,ACCT_01210,TRANSFER,1274.12,2023-02-02 23:53:27,0,
6070,ACCT_01084,ACCT_01513,TRANSFER,1315.42,2023-02-02 23:56:52,0,
6071,ACCT_00766,ACCT_00679,CHECK,1085.92,2023-02-03 00:00:03,0,
6072,ACCT_01659,ACCT_00470,CHECK,4124.52,2023-02-03 00:01:01,0,
6073,ACCT_00893,ACCT_00593,CHECK,3503.57,2023-02-03 00:07:06,0,
6074,ACCT_00068,ACCT_01252,WIRE,3433.0,2023-02-03 00:15:11,0,
6075,ACCT_00236,ACCT_00296,ACH,39279.35,2023-02-03 00:25:03,1,ALERT_0032
6076,ACCT_00689,ACCT_00025,WIRE,4774.17,2023-02-03 00:59:05,0,
6077,ACCT_00956,ACCT_01278,WIRE,1202.71,2023-02-03 01:21:11,0,
6078,ACCT_00021,ACCT_01379,WIRE,3681.24,2023-02-03 01:34:09,0,
6079,ACCT_01228,ACCT_00751,TRANSFER,31160.36,2023-02-03 02:01:14,1,ALERT_0007
6080,ACCT_01922,ACCT_01114,WIRE,2479.7,2023-02-03 02:02:10,0,
6081,ACCT_00600,ACCT_00572,CHECK,2487.85,2023-02-03 02:02:17,0,
6082,ACCT_01950,ACCT_00954,TRANSFER,2941.03,2023-02-03 02:12:32,0,
6083,ACCT_00496,ACCT_01563,TRANSFER,4203.68,2023-02-03 02:20:45,0,
6084,ACCT_00933,ACCT_01178,CASH,1790.59,2023-02-03 02:23:08,0,
6085,ACCT_01568,ACCT_01225,ACH,2842.81,2023-02-03 02:26:46,0,
6086,ACCT_01791,ACCT_00422,WIRE,3801.2,2023-02-03 02:33:31,0,
6087,ACCT_01844,ACCT_00013,TRANSFER,901.43,2023-02-03 02:38:50,0,
6088,ACCT_00682,ACCT_01498,TRANSFER,2707.38,2023-02-03 02:45:18,0,
6089,ACCT_00589,ACCT_00349,CASH,1955.41,2023-02-03 03:00:44,0,
6090,ACCT_01588,ACCT_00193,TRANSFER,1529.97,2023-02-03 03:04:52,0,
6091,ACCT_01746,ACCT_00187,TRANSFER,3314.31,2023-02-03 03:12:19,0,
6092,ACCT_01607,ACCT_00393,TRANSFER,438.45,2023-02-03 03:19:14,0,
6093,ACCT_01640,ACCT_01036,ACH,4853.01,2023-02-03 03:36:46,0,
6094,ACCT_00964,ACCT_01225,CHECK,2611.37,2023-02-03 03:49:43,0,
6095,ACCT_01763,ACCT_00382,TRANSFER,863.25,2023-02-03 03:54:08,0,
6096,ACCT_00446,ACCT_00676,ACH,2642.17,2023-02-03 03:55:07,0,
6097,ACCT_01561,ACCT_00661,CHECK,923.25,2023-02-03 03:55:31,0,
6098,ACCT_01653,ACCT_00642,CASH,4163.35,2023-02-03 04:12:54,0,
6099,ACCT_01347,ACCT_01682,WIRE,2944.06,2023-02-03 04:12:57,0,
6100,ACCT_00112,ACCT_01686,TRANSFER,715.76,2023-02-03 04:16:49,0,
6101,ACCT_01727,ACCT_01498,ACH,3790.0,2023-02-03 04:22:03,0,
6102,ACCT_00723,ACCT_00258,TRANSFER,2505.67,2023-02-03 04:22:59,0,
6103,ACCT_01399,ACCT_00109,TRANSFER,2766.03,2023-02-03 04:23:03,0,
6104,ACCT_00170,ACCT_00207,TRANSFER,420.73,2023-02-03 04:25:28,0,
6105,ACCT_00247,ACCT_00925,CASH,2614.51,2023-02-03 04:26:28,0,
6106,ACCT_00569,ACCT_01747,WIRE,3278.98,2023-02-03 04:26:59,0,
6107,ACCT_01287,ACCT_01931,WIRE,158.32,2023-02-03 04:49:20,0,
6108,ACCT_01482,ACCT_01920,TRANSFER,3931.01,2023-02-03 04:51:10,0,
6109,ACCT_00044,ACCT_01263,TRANSFER,1551.15,2023-02-03 04:56:46,0,
6110,ACCT_00631,ACCT_01715,WIRE,3739.57,2023-02-03 05:09:33,0,
6111,ACCT_00606,ACCT_01612,CASH,2181.31,2023-02-03 05:11:50,0,
6112,ACCT_01393,ACCT_00949,WIRE,43438.84,2023-02-03 05:15:06,1,ALERT_0050
6113,ACCT_01428,ACCT_00958,CHECK,1144.11,2023-02-03 05:22:06,0,
6114,ACCT_01895,ACCT_00740,CASH,1896.07,2023-02-03 06:03:07,0,
6115,ACCT_00286,ACCT_00190,WIRE,747.32,2023-02-03 06:16:34,0,
6116,ACCT_01342,ACCT_00057,TRANSFER,4804.79,2023-02-03 06:17:34,0,
6117,ACCT_01722,ACCT_01046,CASH,236.97,2023-02-03 06:19:03,0,
6118,ACCT_01170,ACCT_01112,WIRE,3208.25,2023-02-03 06:23:51,0,
6119,ACCT_01299,ACCT_01949,WIRE,3420.79,2023-02-03 06:30:33,0,
6120,ACCT_00249,ACCT_01517,ACH,3375.32,2023-02-03 06:30:44,0,
6121,ACCT_01981,ACCT_01854,ACH,183.7,2023-02-03 06:36:20,0,
6122,ACCT_00696,ACCT_00930,ACH,3907.75,2023-02-03 06:36:55,0,
6123,ACCT_00248,ACCT_01179,TRANSFER,3362.5,2023-02-03 06:52:14,0,
6124,ACCT_00851,ACCT_00270,CHECK,1604.49,2023-02-03 06:53:56,0,
6125,ACCT_01090,ACCT_01936,ACH,3636.51,2023-02-03 07:12:49,0,
6126,ACCT_01101,ACCT_00686,CHECK,3628.24,2023-02-03 07:15:23,0,
6127,ACCT_00823,ACCT_00870,WIRE,1036.98,2023-02-03 07:24:13,0,
6128,ACCT_00853,ACCT_00824,TRANSFER,2355.53,2023-02-03 07:33:44,0,
6129,ACCT_00238,ACCT_00208,WIRE,704.63,2023-02-03 07:35:05,0,
6130,ACCT_01101,ACCT_00055,CASH,2826.01,2023-02-03 07:39:08,0,
6131,ACCT_01606,ACCT_00774,CHECK,664.65,2023-02-03 07:46:04,0,
6132,ACCT_00372,ACCT_01854,CHECK,3947.08,2023-02-03 07:54:32,0,
6133,ACCT_00951,ACCT_00906,ACH,2978.06,2023-02-03 07:56:28,0,
6134,ACCT_00920,ACCT_01866,CHECK,3157.85,2023-02-03 07:57:11,0,
6135,ACCT_00669,ACCT_01875,WIRE,849.32,2023-02-03 08:10:20,0,
6136,ACCT_01719,ACCT_01459,TRANSFER,47881.21,2023-02-03 08:21:39,1,ALERT_0030
6137,ACCT_01116,ACCT_00057,TRANSFER,1981.26,2023-02-03 08:29:51,0,
6138,ACCT_01240,ACCT_01995,WIRE,1878.07,2023-02-03 08:32:56,0,
6139,ACCT_00702,ACCT_01238,CHECK,1071.05,2023-02-03 08:35:15,0,
6140,ACCT_00992,ACCT_00949,WIRE,47800.77,2023-02-03 08:35:43,1,ALERT_0050
6141,ACCT_01604,ACCT_01614,ACH,4491.69,2023-02-03 08:41:17,0,
6142,ACCT_00291,ACCT_01677,WIRE,862.17,2023-02-03 08:59:52,0,
6143,ACCT_00010,ACCT_01170,ACH,800.11,2023-02-03 09:10:22,0,
6144,ACCT_01676,ACCT_01975,WIRE,1833.22,2023-02-03 09:13:07,0,
6145,ACCT_01724,ACCT_01999,ACH,1160.37,2023-02-03 09:15:40,0,
6146,ACCT_00385,ACCT_01869,ACH,1853.09,2023-02-03 09:24:58,0,
6147,ACCT_01821,ACCT_01939,CASH,4707.29,2023-02-03 09:26:34,0,
6148,ACCT_01006,ACCT_00897,CASH,1135.23,2023-02-03 09:31:34,0,
6149,ACCT_01674,ACCT_01733,WIRE,3542.83,2023-02-03 09:53:44,0,
6150,ACCT_00409,ACCT_01523,CHECK,3434.73,2023-02-03 09:56:49,0,
6151,ACCT_00787,ACCT_00179,TRANSFER,661.12,2023-02-03 09:59:39,0,
6152,ACCT_01441,ACCT_01562,CHECK,110.57,2023-02-03 10:03:50,0,
6153,ACCT_01947,ACCT_01530,CASH,3610.75,2023-02-03 10:05:58,0,
6154,ACCT_00231,ACCT_00086,CHECK,4025.13,2023-02-03 10:14:18,0,
6155,ACCT_01108,ACCT_01666,CHECK,2836.19,2023-02-03 10:42:14,0,
6156,ACCT_00306,ACCT_00296,TRANSFER,29447.0,2023-02-03 10:51:11,1,ALERT_0032
6157,ACCT_00485,ACCT_00015,CASH,2501.11,2023-02-03 11:00:12,0,
6158,ACCT_00206,ACCT_01920,CASH,3001.48,2023-02-03 11:08:16,0,
6159,ACCT_01914,ACCT_01591,ACH,3012.69,2023-02-03 11:08:49,0,
6160,ACCT_01451,ACCT_00823,TRANSFER,1561.67,2023-02-03 11:29:31,0,
6161,ACCT_00239,ACCT_01984,CASH,4020.17,2023-02-03 11:49:11,0,
6162,ACCT_01183,ACCT_01518,CHECK,1803.51,2023-02-03 11:54:51,0,
6163,ACCT_00400,ACCT_00260,CHECK,109.68,2023-02-03 11:57:58,0,
6164,ACCT_00018,ACCT_01717,TRANSFER,1093.27,2023-02-03 12:03:07,0,
6165,ACCT_01650,ACCT_01178,CASH,3555.85,2023-02-03 12:06:49,0,
6166,ACCT_01412,ACCT_01246,CASH,2875.42,2023-02-03 12:07:40,0,
6167,ACCT_00455,ACCT_01590,TRANSFER,1001.4,2023-02-03 12:09:48,0,
6168,ACCT_01430,ACCT_01913,CHECK,4755.0,2023-02-03 12:32:32,0,
6169,ACCT_01273,ACCT_00539,ACH,2204.92,2023-02-03 12:33:26,0,
6170,ACCT_00684,ACCT_00403,CASH,1257.62,2023-02-03 12:49:41,0,
6171,ACCT_00881,ACCT_00880,WIRE,1345.44,2023-02-03 13:03:25,0,
6172,ACCT_00516,ACCT_01151,CASH,952.21,2023-02-03 13:08:43,0,
6173,ACCT_01954,ACCT_01845,CHECK,4320.21,2023-02-03 13:12:44,0,
6174,ACCT_01594,ACCT_01924,ACH,541.15,2023-02-03 13:25:52,0,
6175,ACCT_00164,ACCT_00909,TRANSFER,1453.48,2023-02-03 13:34:10,0,
6176,ACCT_01384,ACCT_01536,CHECK,1911.97,2023-02-03 13:38:02,0,
6177,ACCT_01163,ACCT_01367,WIRE,1373.87,2023-02-03 13:38:57,0,
6178,ACCT_00286,ACCT_00110,TRANSFER,3033.13,2023-02-03 13:42:09,0,
6179,ACCT_00344,ACCT_00573,ACH,887.78,2023-02-03 14:11:26,0,
6180,ACCT_00331,ACCT_00699,CHECK,3578.51,2023-02-03 14:14:42,0,
6181,ACCT_00476,ACCT_00415,WIRE,1508.71,2023-02-03 14:22:24,0,
6182,ACCT_00144,ACCT_00638,ACH,1581.36,2023-02-03 14:26:55,0,
6183,ACCT_00003,ACCT_00235,CHECK,2957.78,2023-02-03 14:31:42,0,
6184,ACCT_00717,ACCT_00984,CHECK,1611.04,2023-02-03 14:34:21,0,
6185,ACCT_01557,ACCT_01970,WIRE,4009.16,2023-02-03 14:45:08,0,
6186,ACCT_00934,ACCT_00302,ACH,1424.13,2023-02-03 14:49:29,0,
6187,ACCT_00332,ACCT_01441,CHECK,4291.03,2023-02-03 15:04:10,0,
6188,ACCT_01420,ACCT_01353,ACH,4154.67,2023-02-03 15:04:26,0,
6189,ACCT_00850,ACCT_00301,TRANSFER,4727.32,2023-02-03 15:08:47,0,
6190,ACCT_00421,ACCT_01124,CHECK,2221.51,2023-02-03 15:12:21,0,
6191,ACCT_00427,ACCT_01351,CASH,557.57,2023-02-03 15:28:17,0,
6192,ACCT_01867,ACCT_00768,ACH,283.45,2023-02-03 15:29:14,0,
6193,ACCT_01940,ACCT_00183,CASH,4461.54,2023-02-03 15:40:46,0,
6194,ACCT_01569,ACCT_01181,ACH,4442.25,2023-02-03 15:46:21,0,
6195,ACCT_00828,ACCT_01876,ACH,4996.27,2023-02-03 15:49:44,0,
6196,ACCT_01446,ACCT_00296,ACH,36356.84,2023-02-03 15:54:47,1,ALERT_0032
6197,ACCT_00292,ACCT_01855,CHECK,4727.28,2023-02-03 16:18:48,0,
6198,ACCT_00689,ACCT_01898,CASH,3026.44,2023-02-03 16:19:59,0,
6199,ACCT_01327,ACCT_00761,TRANSFER,3939.45,2023-02-03 16:20:58,0,
6200,ACCT_01203,ACCT_01432,ACH,3400.16,2023-02-03 16:26:47,0,
6201,ACCT_01922,ACCT_01685,TRANSFER,1677.58,2023-02-03 16:26:58,0,
6202,ACCT_00377,ACCT_00663,CASH,4193.26,2023-02-03 16:33:30,0,
6203,ACCT_01453,ACCT_01879,WIRE,1642.28,2023-02-03 16:34:12,0,
6204,ACCT_01257,ACCT_01369,TRANSFER,2394.17,2023-02-03 16:36:59,0,
6205,ACCT_00566,ACCT_01844,CASH,590.36,2023-02-03 16:46:30,0,
6206,ACCT_00052,ACCT_01459,ACH,36172.58,2023-02-03 16:51:07,1,ALERT_0030
6207,ACCT_00601,ACCT_00260,CHECK,4648.04,2023-02-03 16:53:23,0,
6208,ACCT_01484,ACCT_01702,TRANSFER,2278.88,2023-02-03 16:58:35,0,
6209,ACCT_01747,ACCT_01300,CASH,4846.53,2023-02-03 17:01:45,0,
6210,ACCT_01336,ACCT_01137,CHECK,237.48,2023-02-03 17:09:07,0,
6211,ACCT_00922,ACCT_01772,ACH,3954.72,2023-02-03 17:09:48,0,
6212,ACCT_00983,ACCT_00043,TRANSFER,658.09,2023-02-03 17:21:47,0,
6213,ACCT_01794,ACCT_00182,ACH,4287.21,2023-02-03 17:24:05,0,
6214,ACCT_01793,ACCT_01761,CASH,2805.05,2023-02-03 17:26:35,0,
6215,ACCT_01606,ACCT_01963,TRANSFER,3339.44,2023-02-03 17:50:00,0,
6216,ACCT_00095,ACCT_01419,TRANSFER,3004.03,2023-02-03 17:58:11,0,
6217,ACCT_01809,ACCT_01293,ACH,4566.12,2023-02-03 18:02:45,0,
6218,ACCT_00239,ACCT_01410,ACH,2507.37,2023-02-03 18:05:24,0,
6219,ACCT_00973,ACCT_01666,TRANSFER,1211.1,2023-02-03 18:13:46,0,
6220,ACCT_01404,ACCT_00296,ACH,4205.16,2023-02-03 18:14:17,1,ALERT_0032
6221,ACCT_00915,ACCT_00354,TRANSFER,251.86,2023-02-03 18:22:11,0,
6222,ACCT_00033,ACCT_00442,CHECK,3877.61,2023-02-03 18:22:31,0,
6223,ACCT_00643,ACCT_01171,CASH,4902.57,2023-02-03 18:27:19,0,
6224,ACCT_00206,ACCT_01484,ACH,695.08,2023-02-03 18:28:47,0,
6225,ACCT_00543,ACCT_01581,WIRE,4123.58,2023-02-03 18:38:40,0,
6226,ACCT_00168,ACCT_00947,TRANSFER,4631.89,2023-02-03 18:39:42,0,
6227,ACCT_01903,ACCT_00359,CHECK,1624.91,2023-02-03 18:42:04,0,
6228,ACCT_00308,ACCT_01514,CHECK,4254.43,2023-02-03 18:44:58,0,
6229,ACCT_00732,ACCT_00693,TRANSFER,2069.08,2023-02-03 18:55:07,0,
6230,ACCT_00354,ACCT_00685,TRANSFER,792.55,2023-02-03 19:02:29,0,
6231,ACCT_01054,ACCT_01591,ACH,1494.73,2023-02-03 19:10:09,0,
6232,ACCT_01693,ACCT_01466,CHECK,2274.37,2023-02-03 19:13:10,0,
6233,ACCT_01656,ACCT_01693,TRANSFER,1942.18,2023-02-03 19:32:39,0,
6234,ACCT_00284,ACCT_01711,TRANSFER,4905.05,2023-02-03 19:41:56,0,
6235,ACCT_00767,ACCT_00522,ACH,432.95,2023-02-03 19:45:09,0,
6236,ACCT_01933,ACCT_00633,TRANSFER,4902.9,2023-02-03 19:48:49,0,
6237,ACCT_01326,ACCT_01297,TRANSFER,1705.2,2023-02-03 19:57:38,0,
6238,ACCT_00216,ACCT_01344,ACH,3197.88,2023-02-03 19:57:42,0,
6239,ACCT_01964,ACCT_00816,ACH,982.47,2023-02-03 19:59:22,0,
6240,ACCT_01209,ACCT_01309,WIRE,3083.4,2023-02-03 20:12:53,0,
6241,ACCT_01843,ACCT_00248,TRANSFER,1020.77,2023-02-03 20:18:15,0,
6242,ACCT_01106,ACCT_00233,CHECK,3689.53,2023-02-03 20:27:33,0,
6243,ACCT_00105,ACCT_00812,CHECK,420.95,2023-02-03 20:38:13,0,
6244,ACCT_00784,ACCT_01201,CASH,3672.33,2023-02-03 20:39:33,0,
6245,ACCT_01377,ACCT_00236,ACH,3231.58,2023-02-03 20:43:54,0,
6246,ACCT_00334,ACCT_00796,CHECK,1431.83,2023-02-03 20:45:47,0,
6247,ACCT_01893,ACCT_01435,CHECK,2056.46,2023-02-03 20:52:21,0,
6248,ACCT_00609,ACCT_00581,CHECK,2603.47,2023-02-03 20:54:20,0,
6249,ACCT_01220,ACCT_01913,WIRE,4189.69,2023-02-03 20:58:55,0,
6250,ACCT_00166,ACCT_00238,ACH,2579.11,2023-02-03 21:01:10,0,
6251,ACCT_00816,ACCT_01026,WIRE,1905.08,2023-02-03 21:18:15,0,
6252,ACCT_00856,ACCT_01724,CHECK,2307.92,2023-02-03 21:23:39,0,
6253,ACCT_01833,ACCT_01847,CHECK,1716.68,2023-02-03 21:25:48,0,
6254,ACCT_00573,ACCT_00988,ACH,1392.7,2023-02-03 21:29:42,0,
6255,ACCT_00473,ACCT_01641,CASH,4103.16,2023-02-03 21:32:38,0,
6256,ACCT_01121,ACCT_01328,CASH,3706.12,2023-02-03 21:35:04,0,
6257,ACCT_00875,ACCT_01427,CASH,4673.93,2023-02-03 21:35:36,0,
6258,ACCT_00149,ACCT_01160,WIRE,1242.87,2023-02-03 21:41:12,0,
6259,ACCT_01507,ACCT_00503,CASH,2928.72,2023-02-03 21:44:29,0,
6260,ACCT_00347,ACCT_00591,CASH,4944.14,2023-02-03 21:44:46,0,
6261,ACCT_00388,ACCT_00844,CASH,4282.1,2023-02-03 21:54:22,0,
6262,ACCT_00360,ACCT_01912,WIRE,706.09,2023-02-03 21:57:40,0,
6263,ACCT_01262,ACCT_00192,TRANSFER,303.78,2023-02-03 22:03:20,0,
6264,ACCT_00323,ACCT_01846,CHECK,902.06,2023-02-03 22:15:56,0,
6265,ACCT_01047,ACCT_00796,WIRE,4175.76,2023-02-03 22:30:18,0,
6266,ACCT_01559,ACCT_00920,TRANSFER,667.98,2023-02-03 22:33:05,0,
6267,ACCT_00413,ACCT_01781,WIRE,3803.8,2023-02-03 22:47:54,0,
6268,ACCT_00238,ACCT_01664,CASH,230.96,2023-02-03 22:55:24,0,
6269,ACCT_01711,ACCT_00468,ACH,2520.7,2023-02-03 23:23:30,0,
6270,ACCT_01926,ACCT_00028,TRANSFER,4228.95,2023-02-03 23:31:53,0,
6271,ACCT_01483,ACCT_00296,WIRE,19745.25,2023-02-03 23:59:39,1,ALERT_0032
6272,ACCT_00704,ACCT_01809,ACH,2903.69,2023-02-04 00:03:13,0,
6273,ACCT_00403,ACCT_00835,WIRE,813.79,2023-02-04 00:43:32,0,
6274,ACCT_00156,ACCT_00386,WIRE,4244.6,2023-02-04 00:47:20,0,
6275,ACCT_01429,ACCT_00886,WIRE,4114.95,2023-02-04 00:47:21,0,
6276,ACCT_01462,ACCT_01569,ACH,2972.31,2023-02-04 00:48:25,0,
6277,ACCT_01653,ACCT_01909,CHECK,1154.6,2023-02-04 00:48:52,0,
6278,ACCT_00919,ACCT_00446,ACH,1800.99,2023-02-04 01:00:22,0,
6279,ACCT_00978,ACCT_00703,TRANSFER,2936.92,2023-02-04 01:02:34,0,
6280,ACCT_00242,ACCT_01487,WIRE,1839.55,2023-02-04 01:06:59,0,
6281,ACCT_01156,ACCT_01428,CASH,4796.78,2023-02-04 01:20:10,0,
6282,ACCT_00751,ACCT_00278,TRANSFER,41870.49,2023-02-04 01:37:03,1,ALERT_0007
6283,ACCT_00738,ACCT_00500,TRANSFER,4383.41,2023-02-04 01:42:06,0,
6284,ACCT_01949,ACCT_01073,ACH,2889.61,2023-02-04 01:55:07,0,
6285,ACCT_00972,ACCT_00836,CASH,3241.72,2023-02-04 02:03:56,0,
6286,ACCT_01177,ACCT_00407,WIRE,4404.33,2023-02-04 02:09:28,0,
6287,ACCT_00175,ACCT_00395,ACH,2713.75,2023-02-04 02:13:27,0,
6288,ACCT_00692,ACCT_00866,CHECK,4951.67,2023-02-04 02:19:52,0,
6289,ACCT_01607,ACCT_01498,ACH,2195.28,2023-02-04 02:30:31,0,
6290,ACCT_01218,ACCT_00301,TRANSFER,3546.47,2023-02-04 02:32:18,0,
6291,ACCT_01478,ACCT_01662,CHECK,1873.87,2023-02-04 02:40:41,0,
6292,ACCT_00656,ACCT_00528,CHECK,2210.73,2023-02-04 02:56:18,0,
6293,ACCT_00276,ACCT_01256,CASH,2404.03,2023-02-04 03:03:11,0,
6294,ACCT_00212,ACCT_01067,CASH,122.18,2023-02-04 03:10:23,0,
6295,ACCT_00038,ACCT_01384,CHECK,2371.48,2023-02-04 03:17:58,0,
6296,ACCT_00511,ACCT_01060,CASH,2869.12,2023-02-04 03:26:24,0,
6297,ACCT_01544,ACCT_00468,CHECK,2455.56,2023-02-04 03:28:19,0,
6298,ACCT_01772,ACCT_00627,CHECK,4883.96,2023-02-04 03:28:53,0,
6299,ACCT_00697,ACCT_01459,ACH,21889.79,2023-02-04 03:37:25,1,ALERT_0030
6300,ACCT_00094,ACCT_01757,CASH,1790.83,2023-02-04 03:38:26,0,
6301,ACCT_00056,ACCT_00779,TRANSFER,4814.21,2023-02-04 03:46:24,0,
6302,ACCT_01189,ACCT_00188,TRANSFER,2518.68,2023-02-04 03:51:46,0,
6303,ACCT_01582,ACCT_00337,CHECK,316.73,2023-02-04 03:55:39,0,
6304,ACCT_01937,ACCT_01034,CHECK,464.68,2023-02-04 03:56:36,0,
6305,ACCT_00564,ACCT_01420,ACH,51.49,2023-02-04 04:06:30,0,
6306,ACCT_00147,ACCT_00923,CHECK,4418.85,2023-02-04 04:13:51,0,
6307,ACCT_01547,ACCT_00901,TRANSFER,4770.99,2023-02-04 04:28:03,0,
6308,ACCT_01514,ACCT_01827,CASH,2794.63,2023-02-04 04:35:46,0,
6309,ACCT_00568,ACCT_00045,ACH,1558.67,2023-02-04 04:35:58,0,
6310,ACCT_01109,ACCT_00365,ACH,3799.08,2023-02-04 04:45:00,0,
6311,ACCT_00961,ACCT_00934,TRANSFER,613.14,2023-02-04 04:45:06,0,
6312,ACCT_01356,ACCT_01638,CASH,2466.46,2023-02-04 04:52:06,0,
6313,ACCT_01856,ACCT_00338,ACH,4506.34,2023-02-04 04:56:50,0,
6314,ACCT_00147,ACCT_00865,ACH,409.98,2023-02-04 04:57:02,0,
6315,ACCT_00191,ACCT_00518,WIRE,789.99,2023-02-04 04:57:33,0,
6316,ACCT_01745,ACCT_00954,CHECK,2096.94,2023-02-04 05:10:00,0,
6317,ACCT_01406,ACCT_00376,CHECK,168.2,2023-02-04 05:22:06,0,
6318,ACCT_00811,ACCT_00365,CASH,3069.28,2023-02-04 05:22:26,0,
6319,ACCT_00949,ACCT_01020,TRANSFER,4724.28,2023-02-04 05:23:16,1,ALERT_0050
6320,ACCT_01618,ACCT_00545,WIRE,2133.02,2023-02-04 05:23:36,0,
6321,ACCT_00617,ACCT_01054,TRANSFER,3149.63,2023-02-04 05:26:18,0,
6322,ACCT_00797,ACCT_01173,CASH,2248.69,2023-02-04 05:43:26,0,
6323,ACCT_01785,ACCT_01965,WIRE,3768.34,2023-02-04 05:45:24,0,
6324,ACCT_00758,ACCT_01527,WIRE,1898.72,2023-02-04 05:57:01,0,
6325,ACCT_00969,ACCT_01177,CASH,133.45,2023-02-04 06:11:06,0,
6326,ACCT_01402,ACCT_01394,CASH,941.14,2023-02-04 06:25:05,0,
6327,ACCT_00580,ACCT_01849,CASH,3068.53,2023-02-04 06:29:20,0,
6328,ACCT_01421,ACCT_00273,CASH,884.9,2023-02-04 06:39:12,0,
6329,ACCT_00463,ACCT_00859,TRANSFER,3790.27,2023-02-04 06:44:19,0,
6330,ACCT_00445,ACCT_01862,CHECK,2062.28,2023-02-04 06:48:34,0,
6331,ACCT_00322,ACCT_01492,CASH,3543.74,2023-02-04 06:55:18,0,
6332,ACCT_00359,ACCT_00312,CASH,913.41,2023-02-04 06:59:58,0,
6333,ACCT_01010,ACCT_01365,CHECK,4615.98,2023-02-04 07:00:30,0,
6334,ACCT_00199,ACCT_01204,WIRE,1562.13,2023-02-04 07:10:51,0,
6335,ACCT_00181,ACCT_00069,CASH,1865.31,2023-02-04 07:28:10,0,
6336,ACCT_00904,ACCT_00471,CHECK,4908.13,2023-02-04 07:29:47,0,
6337,ACCT_00338,ACCT_00985,ACH,3952.78,2023-02-04 07:33:43,0,
6338,ACCT_00942,ACCT_01465,WIRE,1398.92,2023-02-04 07:36:58,0,
6339,ACCT_00669,ACCT_01014,TRANSFER,4035.73,2023-02-04 07:39:04,0,
6340,ACCT_00949,ACCT_00910,ACH,49568.58,2023-02-04 07:39:45,1,ALERT_0050
6341,ACCT_01018,ACCT_01491,CHECK,4757.77,2023-02-04 07:42:59,0,
6342,ACCT_00725,ACCT_01867,ACH,3006.32,2023-02-04 07:43:22,0,
6343,ACCT_00278,ACCT_01517,TRANSFER,23037.21,2023-02-04 07:45:29,1,ALERT_0007
6344,ACCT_00076,ACCT_01742,CHECK,3096.2,2023-02-04 07:53:19,0,
6345,ACCT_00069,ACCT_01459,ACH,29719.8,2023-02-04 08:01:24,1,ALERT_0030
6346,ACCT_01739,ACCT_01606,WIRE,2037.09,2023-02-04 08:09:13,0,
6347,ACCT_00944,ACCT_00529,CHECK,4892.63,2023-02-04 08:11:53,0,
6348,ACCT_00129,ACCT_00113,TRANSFER,4170.21,2023-02-04 08:18:51,0,
6349,ACCT_01412,ACCT_01586,ACH,1202.51,2023-02-04 08:33:05,0,
6350,ACCT_00412,ACCT_00579,CASH,686.02,2023-02-04 08:36:15,0,
6351,ACCT_01426,ACCT_01953,CHECK,2673.99,2023-02-04 08:49:00,0,
6352,ACCT_00949,ACCT_00436,ACH,2243.91,2023-02-04 09:18:00,1,ALERT_0050
6353,ACCT_01270,ACCT_01548,CHECK,408.96,2023-02-04 09:35:18,0,
6354,ACCT_01172,ACCT_00683,CHECK,773.15,2023-02-04 09:38:23,0,
6355,ACCT_00200,ACCT_01633,ACH,3332.01,2023-02-04 09:40:31,0,
6356,ACCT_00175,ACCT_00614,ACH,2022.12,2023-02-04 09:46:41,0,
6357,ACCT_00864,ACCT_00535,WIRE,1679.36,2023-02-04 09:54:53,0,
6358,ACCT_00497,ACCT_00769,CASH,673.46,2023-02-04 10:02:36,0,
6359,ACCT_00949,ACCT_00514,TRANSFER,49824.21,2023-02-04 10:10:58,1,ALERT_0050
6360,ACCT_01697,ACCT_01111,CHECK,2620.62,2023-02-04 10:17:15,0,
6361,ACCT_00148,ACCT_00911,CHECK,4748.92,2023-02-04 10:26:11,0,
6362,ACCT_01758,ACCT_00570,ACH,2550.65,2023-02-04 10:28:53,0,
6363,ACCT_01172,ACCT_00188,ACH,4458.73,2023-02-04 10:39:49,0,
6364,ACCT_01870,ACCT_01912,ACH,219.74,2023-02-04 10:41:55,0,
6365,ACCT_01942,ACCT_01155,ACH,3518.42,2023-02-04 10:49:12,0,
6366,ACCT_00431,ACCT_01308,CASH,1121.05,2023-02-04 11:06:06,0,
6367,ACCT_01866,ACCT_00676,CHECK,2800.19,2023-02-04 11:14:07,0,
6368,ACCT_01953,ACCT_00132,CHECK,907.22,2023-02-04 11:15:17,0,
6369,ACCT_00260,ACCT_01633,ACH,2940.71,2023-02-04 11:20:19,0,
6370,ACCT_01727,ACCT_00197,ACH,2607.37,2023-02-04 11:24:54,0,
6371,ACCT_01134,ACCT_00100,ACH,3145.86,2023-02-04 11:35:44,0,
6372,ACCT_01056,ACCT_00643,CASH,3748.55,2023-02-04 11:44:01,0,
6373,ACCT_01476,ACCT_00549,TRANSFER,396.69,2023-02-04 11:44:28,0,
6374,ACCT_01309,ACCT_01918,TRANSFER,2574.19,2023-02-04 11:45:28,0,
6375,ACCT_00837,ACCT_01881,CASH,3555.36,2023-02-04 11:45:40,0,
6376,ACCT_00444,ACCT_01023,CASH,1870.59,2023-02-04 11:54:35,0,
6377,ACCT_01341,ACCT_01595,CASH,2906.09,2023-02-04 11:57:07,0,
6378,ACCT_00899,ACCT_01294,CASH,4398.54,2023-02-04 12:04:48,0,
6379,ACCT_00949,ACCT_01850,TRANSFER,44425.78,2023-02-04 12:19:49,1,ALERT_0050
6380,ACCT_01060,ACCT_00697,TRANSFER,4469.68,2023-02-04 12:34:06,0,
6381,ACCT_00744,ACCT_01639,CASH,870.58,2023-02-04 12:50:31,0,
6382,ACCT_00420,ACCT_01177,TRANSFER,4903.25,2023-02-04 12:55:18,0,
6383,ACCT_01500,ACCT_01838,WIRE,1658.99,2023-02-04 12:56:43,0,
6384,ACCT_00138,ACCT_01814,WIRE,2061.37,2023-02-04 12:56:55,0,
6385,ACCT_00527,ACCT_01371,CASH,978.83,2023-02-04 13:28:29,0,
6386,ACCT_00010,ACCT_00007,ACH,2610.25,2023-02-04 13:34:02,0,
6387,ACCT_00700,ACCT_00047,CASH,3346.72,2023-02-04 14:01:00,0,
6388,ACCT_00827,ACCT_01170,ACH,4667.12,2023-02-04 14:01:03,0,
6389,ACCT_00236,ACCT_01267,CASH,3446.29,2023-02-04 14:04:12,0,
6390,ACCT_00519,ACCT_00728,CASH,2931.98,2023-02-04 14:08:18,0,
6391,ACCT_01559,ACCT_00566,CHECK,2108.85,2023-02-04 14:12:14,0,
6392,ACCT_01609,ACCT_01760,ACH,3329.98,2023-02-04 14:23:46,0,
6393,ACCT_00950,ACCT_00869,ACH,3598.91,2023-02-04 14:32:00,0,
6394,ACCT_00917,ACCT_00800,CHECK,987.98,2023-02-04 14:38:09,0,
6395,ACCT_00898,ACCT_01513,WIRE,2215.7,2023-02-04 14:39:24,0,
6396,ACCT_01278,ACCT_01990,CASH,700.65,2023-02-04 14:51:04,0,
6397,ACCT_00997,ACCT_00529,CASH,3926.58,2023-02-04 14:55:25,0,
6398,ACCT_01734,ACCT_00307,TRANSFER,1424.56,2023-02-04 15:20:24,0,
6399,ACCT_00308,ACCT_01501,TRANSFER,2618.96,2023-02-04 15:41:50,0,
6400,ACCT_01693,ACCT_00028,TRANSFER,669.57,2023-02-04 15:43:37,0,
6401,ACCT_00928,ACCT_01161,CHECK,1107.85,2023-02-04 15:56:43,0,
6402,ACCT_00691,ACCT_00658,TRANSFER,692.71,2023-02-04 16:03:45,0,
6403,ACCT_00446,ACCT_00857,ACH,1401.61,2023-02-04 16:08:22,0,
6404,ACCT_01185,ACCT_01660,WIRE,3326.27,2023-02-04 16:18:08,0,
6405,ACCT_01641,ACCT_01665,TRANSFER,4707.49,2023-02-04 16:21:01,0,
6406,ACCT_01301,ACCT_00539,WIRE,1054.81,2023-02-04 16:28:25,0,
6407,ACCT_00415,ACCT_01477,WIRE,2095.17,2023-02-04 16:31:43,0,
6408,ACCT_01148,ACCT_00449,CHECK,1545.19,2023-02-04 17:12:54,0,
6409,ACCT_00241,ACCT_01067,CASH,2625.96,2023-02-04 17:23:26,0,
6410,ACCT_00441,ACCT_01823,CHECK,313.41,2023-02-04 17:32:33,0,
6411,ACCT_00108,ACCT_01236,WIRE,53.3,2023-02-04 17:33:26,0,
6412,ACCT_01891,ACCT_00461,CASH,2404.12,2023-02-04 17:38:31,0,
6413,ACCT_01318,ACCT_01433,CASH,2855.47,2023-02-04 18:13:11,0,
6414,ACCT_00304,ACCT_01180,CHECK,3166.82,2023-02-04 18:27:23,0,
6415,ACCT_01727,ACCT_01901,ACH,1167.21,2023-02-04 18:31:07,0,
6416,ACCT_00023,ACCT_00339,CASH,4371.99,2023-02-04 18:31:39,0,
6417,ACCT_01465,ACCT_01777,ACH,771.5,2023-02-04 18:49:52,0,
6418,ACCT_00201,ACCT_00072,TRANSFER,1000.79,2023-02-04 18:56:32,0,
6419,ACCT_01386,ACCT_00048,CHECK,529.88,2023-02-04 19:07:10,0,
6420,ACCT_01032,ACCT_01130,CASH,462.88,2023-02-04 19:16:54,0,
6421,ACCT_01671,ACCT_00174,CHECK,2197.56,2023-02-04 19:26:16,0,
6422,ACCT_01501,ACCT_00399,WIRE,4899.11,2023-02-04 19:37:58,0,
6423,ACCT_00158,ACCT_00106,CHECK,2894.67,2023-02-04 19:41:37,0,
6424,ACCT_00815,ACCT_00606,CASH,1513.46,2023-02-04 19:46:54,0,
6425,ACCT_01133,ACCT_01459,ACH,9626.7,2023-02-04 19:48:14,1,ALERT_0030
6426,ACCT_00743,ACCT_00748,CHECK,3430.95,2023-02-04 19:55:32,0,
6427,ACCT_01380,ACCT_01477,WIRE,4024.92,2023-02-04 20:06:49,0,
6428,ACCT_01400,ACCT_00561,WIRE,4485.58,2023-02-04 20:07:18,0,
6429,ACCT_00409,ACCT_01325,CHECK,1125.49,2023-02-04 20:17:32,0,
6430,ACCT_01426,ACCT_01007,TRANSFER,4237.75,2023-02-04 20:17:57,0,
6431,ACCT_01964,ACCT_01095,CHECK,4331.35,2023-02-04 20:25:27,0,
6432,ACCT_00617,ACCT_01455,CASH,4457.95,2023-02-04 20:29:18,0,
6433,ACCT_01544,ACCT_00709,CHECK,408.04,2023-02-04 20:34:57,0,
6434,ACCT_00109,ACCT_01459,CASH,2941.36,2023-02-04 20:35:26,0,
6435,ACCT_00161,ACCT_00871,TRANSFER,397.9,2023-02-04 20:40:03,0,
6436,ACCT_00063,ACCT_00851,CHECK,539.32,2023-02-04 21:00:04,0,
6437,ACCT_00778,ACCT_00121,CHECK,3458.76,2023-02-04 21:01:00,0,
6438,ACCT_00068,ACCT_01568,TRANSFER,3902.44,2023-02-04 21:19:42,0,
6439,ACCT_01605,ACCT_00427,ACH,976.27,2023-02-04 21:49:33,0,
6440,ACCT_00501,ACCT_01704,CASH,2608.7,2023-02-04 22:00:48,0,
6441,ACCT_00522,ACCT_01499,TRANSFER,2543.57,2023-02-04 22:07:47,0,
6442,ACCT_01584,ACCT_01170,TRANSFER,576.81,2023-02-04 22:09:22,0,
6443,ACCT_01242,ACCT_01746,CASH,795.4,2023-02-04 22:09:40,0,
6444,ACCT_00022,ACCT_01657,WIRE,39.33,2023-02-04 22:12:10,0,
6445,ACCT_00219,ACCT_00179,TRANSFER,4574.03,2023-02-04 22:23:49,0,
6446,ACCT_00326,ACCT_00962,WIRE,4819.86,2023-02-04 22:25:10,0,
6447,ACCT_01749,ACCT_00921,CHECK,4758.21,2023-02-04 22:37:57,0,
6448,ACCT_00704,ACCT_01847,TRANSFER,4651.34,2023-02-04 22:38:42,0,
6449,ACCT_01232,ACCT_00732,CASH,1864.14,2023-02-04 22:38:48,0,
6450,ACCT_00533,ACCT_01810,ACH,613.7,2023-02-04 22:43:27,0,
6451,ACCT_00096,ACCT_01661,WIRE,2442.22,2023-02-04 22:50:56,0,
6452,ACCT_01351,ACCT_00291,TRANSFER,2345.94,2023-02-04 22:55:08,0,
6453,ACCT_01517,ACCT_01563,TRANSFER,13980.56,2023-02-04 22:57:36,1,ALERT_0007
6454,ACCT_00136,ACCT_01151,TRANSFER,3525.33,2023-02-04 23:12:42,0,
6455,ACCT_00996,ACCT_00839,ACH,2765.54,2023-02-04 23:13:39,0,
6456,ACCT_00150,ACCT_00145,ACH,3640.45,2023-02-04 23:24:58,0,
6457,ACCT_00118,ACCT_01422,CASH,3903.06,2023-02-04 23:36:51,0,
6458,ACCT_01491,ACCT_00545,TRANSFER,2252.93,2023-02-04 23:37:40,0,
6459,ACCT_01504,ACCT_00268,CHECK,3175.97,2023-02-04 23:47:48,0,
6460,ACCT_00401,ACCT_00004,ACH,2413.6,2023-02-04 23:55:39,0,
6461,ACCT_00088,ACCT_01699,CASH,3156.09,2023-02-05 00:15:35,0,
6462,ACCT_01469,ACCT_00900,CHECK,1321.21,2023-02-05 00:33:26,0,
6463,ACCT_01542,ACCT_00832,CASH,4448.87,2023-02-05 00:34:53,0,
6464,ACCT_00856,ACCT_01726,ACH,862.87,2023-02-05 00:37:18,0,
6465,ACCT_01473,ACCT_00547,CASH,4319.2,2023-02-05 00:37:51,0,
6466,ACCT_00801,ACCT_01139,CHECK,4436.96,2023-02-05 00:42:40,0,
6467,ACCT_01261,ACCT_00946,TRANSFER,955.64,2023-02-05 00:59:15,0,
6468,ACCT_01469,ACCT_01596,CHECK,1191.77,2023-02-05 01:06:18,0,
6469,ACCT_00741,ACCT_00124,CASH,2910.26,2023-02-05 01:06:25,0,
6470,ACCT_01970,ACCT_01996,ACH,3290.03,2023-02-05 01:10:06,0,
6471,ACCT_01092,ACCT_01670,CHECK,3950.97,2023-02-05 01:11:42,0,
6472,ACCT_01674,ACCT_01604,WIRE,2674.43,2023-02-05 01:23:02,0,
6473,ACCT_01801,ACCT_00344,CHECK,1915.9,2023-02-05 01:32:32,0,
6474,ACCT_01366,ACCT_01166,ACH,1732.74,2023-02-05 01:33:23,0,
6475,ACCT_00932,ACCT_01201,WIRE,1105.04,2023-02-05 01:40:57,0,
6476,ACCT_00911,ACCT_01534,CASH,917.34,2023-02-05 01:45:21,0,
6477,ACCT_01596,ACCT_00072,TRANSFER,2976.84,2023-02-05 01:47:14,0,
6478,ACCT_01008,ACCT_00219,CHECK,830.26,2023-02-05 01:47:34,0,
6479,ACCT_00293,ACCT_00465,TRANSFER,1435.42,2023-02-05 02:00:24,0,
6480,ACCT_00971,ACCT_01339,ACH,3945.86,2023-02-05 02:08:07,0,
6481,ACCT_01997,ACCT_00927,ACH,2572.19,2023-02-05 02:25:21,0,
6482,ACCT_00902,ACCT_00912,CHECK,1759.02,2023-02-05 02:32:33,0,
6483,ACCT_01337,ACCT_01033,CHECK,1000.11,2023-02-05 02:39:04,0,
6484,ACCT_01136,ACCT_00011,ACH,4925.88,2023-02-05 02:39:45,0,
6485,ACCT_01884,ACCT_01529,TRANSFER,48081.04,2023-02-05 02:41:22,1,ALERT_0046
6486,ACCT_00911,ACCT_01716,CHECK,2569.83,2023-02-05 02:44:55,0,
6487,ACCT_01463,ACCT_00261,CASH,3757.94,2023-02-05 02:45:52,0,
6488,ACCT_00875,ACCT_01418,CASH,1294.11,2023-02-05 03:11:23,0,
6489,ACCT_01248,ACCT_00434,CASH,2558.87,2023-02-05 03:20:37,0,
6490,ACCT_01211,ACCT_00889,CASH,528.79,2023-02-05 03:23:44,0,
6491,ACCT_01202,ACCT_01443,TRANSFER,1213.79,2023-02-05 03:45:24,0,
6492,ACCT_00919,ACCT_01982,WIRE,1366.59,2023-02-05 03:47:31,0,
6493,ACCT_00561,ACCT_00031,WIRE,745.24,2023-02-05 04:04:35,0,
6494,ACCT_00906,ACCT_01429,CASH,4439.5,2023-02-05 04:05:17,0,
6495,ACCT_01971,ACCT_00789,CHECK,2332.71,2023-02-05 04:23:13,0,
6496,ACCT_00315,ACCT_01890,TRANSFER,1111.91,2023-02-05 04:26:28,0,
6497,ACCT_01718,ACCT_01459,WIRE,39005.72,2023-02-05 04:28:17,1,ALERT_0030
6498,ACCT_00702,ACCT_01564,ACH,1321.69,2023-02-05 04:30:38,0,
6499,ACCT_00850,ACCT_01043,TRANSFER,2806.85,2023-02-05 04:54:17,0,
6500,ACCT_01504,ACCT_00590,WIRE,2225.25,2023-02-05 04:57:39,0,
6501,ACCT_01287,ACCT_00945,ACH,925.03,2023-02-05 04:59:53,0,
6502,ACCT_01179,ACCT_00226,CASH,2191.06,2023-02-05 05:11:13,0,
6503,ACCT_01681,ACCT_00879,WIRE,2374.73,2023-02-05 05:20:03,0,
6504,ACCT_01991,ACCT_01811,TRANSFER,381.18,2023-02-05 05:48:21,0,
6505,ACCT_00555,ACCT_00627,CHECK,2903.99,2023-02-05 05:48:30,0,
6506,ACCT_01704,ACCT_00373,CASH,73.84,2023-02-05 05:49:46,0,
6507,ACCT_00161,ACCT_01529,WIRE,4825.54,2023-02-05 05:59:08,1,ALERT_0046
6508,ACCT_01387,ACCT_00034,ACH,3967.32,2023-02-05 06:07:01,0,
6509,ACCT_00041,ACCT_00807,ACH,4089.14,2023-02-05 06:09:09,0,
6510,ACCT_01400,ACCT_00543,CHECK,3751.88,2023-02-05 06:51:03,0,
6511,ACCT_00737,ACCT_01616,ACH,2112.42,2023-02-05 07:05:22,0,
6512,ACCT_00802,ACCT_00398,ACH,4297.92,2023-02-05 07:33:12,0,
6513,ACCT_00879,ACCT_00505,ACH,140.41,2023-02-05 07:34:32,0,
6514,ACCT_00294,ACCT_01782,ACH,4382.41,2023-02-05 07:39:03,0,
6515,ACCT_00011,ACCT_01914,TRANSFER,1305.84,2023-02-05 07:44:22,0,
6516,ACCT_01865,ACCT_01470,CHECK,3273.06,2023-02-05 07:53:18,0,
6517,ACCT_00426,ACCT_01018,CHECK,2972.53,2023-02-05 07:58:11,0,
6518,ACCT_01487,ACCT_01754,ACH,518.72,2023-02-05 08:20:21,0,
6519,ACCT_01810,ACCT_01065,CASH,3186.33,2023-02-05 08:27:32,0,
6520,ACCT_00671,ACCT_01617,CHECK,72.91,2023-02-05 08:29:32,0,
6521,ACCT_00601,ACCT_00125,ACH,1751.71,2023-02-05 09:04:20,0,
6522,ACCT_00765,ACCT_00013,CHECK,338.9,2023-02-05 09:12:19,0,
6523,ACCT_01249,ACCT_00797,CASH,2493.1,2023-02-05 09:16:07,0,
6524,ACCT_01643,ACCT_01043,CHECK,1872.62,2023-02-05 09:16:39,0,
6525,ACCT_01690,ACCT_00462,CASH,1472.75,2023-02-05 09:26:23,0,
6526,ACCT_00407,ACCT_01365,CASH,2538.32,2023-02-05 09:28:22,0,
6527,ACCT_00860,ACCT_01774,CHECK,4217.96,2023-02-05 09:47:37,0,
6528,ACCT_00598,ACCT_00802,TRANSFER,2381.22,2023-02-05 10:02:59,0,
6529,ACCT_00670,ACCT_00687,ACH,912.03,2023-02-05 10:06:00,0,
6530,ACCT_00932,ACCT_01078,CHECK,3609.05,2023-02-05 10:21:46,0,
6531,ACCT_00761,ACCT_01846,TRANSFER,938.37,2023-02-05 10:24:57,0,
6532,ACCT_01754,ACCT_00196,TRANSFER,86.01,2023-02-05 10:27:04,0,
6533,ACCT_00677,ACCT_00524,CHECK,4453.99,2023-02-05 10:27:36,0,
6534,ACCT_01086,ACCT_00446,CHECK,424.9,2023-02-05 10:30:59,0,
6535,ACCT_00396,ACCT_01428,CASH,1375.26,2023-02-05 10:42:49,0,
6536,ACCT_00432,ACCT_00252,CASH,3627.3,2023-02-05 10:58:30,0,
6537,ACCT_00801,ACCT_00023,CASH,309.37,2023-02-05 11:08:02,0,
6538,ACCT_00580,ACCT_00294,TRANSFER,1639.44,2023-02-05 11:13:03,0,
6539,ACCT_01425,ACCT_01355,CASH,1818.19,2023-02-05 11:19:14,0,
6540,ACCT_00385,ACCT_01240,TRANSFER,1201.82,2023-02-05 11:42:26,0,
6541,ACCT_00426,ACCT_00122,ACH,2945.92,2023-02-05 11:52:03,0,
6542,ACCT_01637,ACCT_01927,TRANSFER,3456.51,2023-02-05 11:54:24,0,
6543,ACCT_00853,ACCT_01355,CHECK,2032.25,2023-02-05 12:09:24,0,
6544,ACCT_01143,ACCT_01902,ACH,2710.26,2023-02-05 12:20:19,0,
6545,ACCT_01789,ACCT_01529,TRANSFER,23301.0,2023-02-05 12:28:55,1,ALERT_0046
6546,ACCT_01689,ACCT_00249,CHECK,2929.55,2023-02-05 12:29:21,0,
6547,ACCT_00451,ACCT_01816,CASH,3022.14,2023-02-05 12:42:38,0,
6548,ACCT_00719,ACCT_00236,CHECK,1810.28,2023-02-05 12:43:28,0,
6549,ACCT_00774,ACCT_00170,TRANSFER,2932.05,2023-02-05 12:53:43,0,
6550,ACCT_01861,ACCT_00841,ACH,3022.12,2023-02-05 12:55:37,0,
6551,ACCT_01391,ACCT_01293,CHECK,117.17,2023-02-05 13:11:34,0,
6552,ACCT_00876,ACCT_01005,WIRE,707.17,2023-02-05 13:13:49,0,
6553,ACCT_01236,ACCT_01705,CHECK,1210.09,2023-02-05 13:18:27,0,
6554,ACCT_00108,ACCT_01249,ACH,2879.83,2023-02-05 13:31:13,0,
6555,ACCT_01586,ACCT_00850,TRANSFER,3701.47,2023-02-05 13:36:44,0,
6556,ACCT_00065,ACCT_00730,TRANSFER,3818.16,2023-02-05 13:40:52,0,
6557,ACCT_01859,ACCT_00261,CHECK,3078.33,2023-02-05 13:42:18,0,
6558,ACCT_00073,ACCT_01926,CHECK,2305.46,2023-02-05 13:49:25,0,
6559,ACCT_00447,ACCT_01213,TRANSFER,4396.98,2023-02-05 13:53:55,0,
6560,ACCT_00122,ACCT_00879,WIRE,1113.6,2023-02-05 13:58:11,0,
6561,ACCT_01878,ACCT_00307,TRANSFER,4964.56,2023-02-05 14:14:41,0,
6562,ACCT_01969,ACCT_00709,CHECK,1663.07,2023-02-05 14:17:15,0,
6563,ACCT_01491,ACCT_01688,TRANSFER,3205.16,2023-02-05 14:22:20,0,
6564,ACCT_00461,ACCT_01529,TRANSFER,24627.08,2023-02-05 14:25:38,1,ALERT_0046
6565,ACCT_00883,ACCT_00915,CASH,3124.09,2023-02-05 14:32:00,0,
6566,ACCT_00090,ACCT_00590,ACH,153.11,2023-02-05 14:35:54,0,
6567,ACCT_00306,ACCT_00819,CASH,79.61,2023-02-05 14:41:06,0,
6568,ACCT_00046,ACCT_01675,CHECK,2360.31,2023-02-05 14:46:30,0,
6569,ACCT_00259,ACCT_01074,CASH,3799.03,2023-02-05 15:13:50,0,
6570,ACCT_01393,ACCT_00438,CHECK,1845.85,2023-02-05 15:26:56,0,
6571,ACCT_01770,ACCT_01583,ACH,2537.13,2023-02-05 15:40:45,0,
6572,ACCT_01783,ACCT_01889,CASH,3719.97,2023-02-05 15:44:05,0,
6573,ACCT_01160,ACCT_00579,ACH,3051.01,2023-02-05 15:45:29,0,
6574,ACCT_00849,ACCT_00003,ACH,3726.75,2023-02-05 15:46:32,0,
6575,ACCT_00817,ACCT_01318,WIRE,3414.87,2023-02-05 15:47:51,0,
6576,ACCT_00289,ACCT_01546,TRANSFER,4214.32,2023-02-05 16:00:54,0,
6577,ACCT_01215,ACCT_00489,CHECK,1949.95,2023-02-05 16:09:29,0,
6578,ACCT_01370,ACCT_00404,CASH,1468.82,2023-02-05 16:12:15,0,
6579,ACCT_00399,ACCT_00068,CHECK,3048.32,2023-02-05 16:15:08,0,
6580,ACCT_00600,ACCT_00377,CHECK,2231.13,2023-02-05 16:27:26,0,
6581,ACCT_00237,ACCT_00847,TRANSFER,4797.09,2023-02-05 16:28:26,0,
6582,ACCT_01398,ACCT_01690,TRANSFER,1728.73,2023-02-05 16:29:27,0,
6583,ACCT_00787,ACCT_01671,ACH,1093.96,2023-02-05 16:37:23,0,
6584,ACCT_00189,ACCT_01267,TRANSFER,4440.4,2023-02-05 16:38:17,0,
6585,ACCT_00590,ACCT_01572,WIRE,206.41,2023-02-05 16:41:17,0,
6586,ACCT_00038,ACCT_01866,ACH,4023.83,2023-02-05 16:46:28,0,
6587,ACCT_01772,ACCT_01465,WIRE,4751.15,2023-02-05 16:49:36,0,
6588,ACCT_01801,ACCT_00371,TRANSFER,1636.67,2023-02-05 16:55:39,0,
6589,ACCT_01791,ACCT_01037,TRANSFER,1380.23,2023-02-05 17:07:28,0,
6590,ACCT_00163,ACCT_01714,CHECK,4826.15,2023-02-05 17:08:10,0,
6591,ACCT_00621,ACCT_01486,ACH,1323.99,2023-02-05 17:17:41,0,
6592,ACCT_01649,ACCT_01042,CASH,3175.12,2023-02-05 17:22:08,0,
6593,ACCT_01625,ACCT_01570,ACH,1564.81,2023-02-05 17:37:38,0,
6594,ACCT_00071,ACCT_01532,CHECK,3163.08,2023-02-05 17:43:49,0,
6595,ACCT_01144,ACCT_01959,WIRE,1025.65,2023-02-05 17:52:42,0,
6596,ACCT_00401,ACCT_00422,CASH,1505.68,2023-02-05 17:53:39,0,
6597,ACCT_01542,ACCT_00553,ACH,2716.75,2023-02-05 18:02:13,0,
6598,ACCT_00182,ACCT_00787,CHECK,2225.92,2023-02-05 18:08:40,0,
6599,ACCT_00906,ACCT_01598,CHECK,2456.94,2023-02-05 18:09:23,0,
6600,ACCT_01794,ACCT_00754,TRANSFER,1579.03,2023-02-05 18:23:05,1,ALERT_0013
6601,ACCT_00149,ACCT_00798,ACH,4621.74,2023-02-05 18:25:42,0,
6602,ACCT_01469,ACCT_00815,ACH,2581.4,2023-02-05 18:29:25,0,
6603,ACCT_00143,ACCT_01856,CASH,4664.0,2023-02-05 18:40:50,0,
6604,ACCT_01284,ACCT_01207,TRANSFER,3777.93,2023-02-05 18:42:41,0,
6605,ACCT_01266,ACCT_00092,CHECK,54.44,2023-02-05 18:46:09,0,
6606,ACCT_01469,ACCT_00674,WIRE,2332.23,2023-02-05 18:51:30,0,
6607,ACCT_01435,ACCT_01961,WIRE,503.88,2023-02-05 18:52:57,0,
6608,ACCT_00704,ACCT_01709,ACH,623.58,2023-02-05 18:57:34,0,
6609,ACCT_00158,ACCT_00873,CHECK,1746.81,2023-02-05 18:58:19,0,
6610,ACCT_00278,ACCT_01690,CASH,4507.19,2023-02-05 19:02:13,0,
6611,ACCT_01809,ACCT_01260,CASH,1132.87,2023-02-05 19:11:20,0,
6612,ACCT_01660,ACCT_00370,WIRE,1831.23,2023-02-05 19:24:00,0,
6613,ACCT_01244,ACCT_00210,WIRE,3996.91,2023-02-05 19:27:55,0,
6614,ACCT_01198,ACCT_01364,WIRE,3031.67,2023-02-05 19:31:27,0,
6615,ACCT_01097,ACCT_01347,ACH,853.6,2023-02-05 19:46:54,0,
6616,ACCT_01774,ACCT_00340,TRANSFER,2864.25,2023-02-05 19:51:05,0,
6617,ACCT_01572,ACCT_00471,CHECK,3949.18,2023-02-05 19:55:08,0,
6618,ACCT_01953,ACCT_00658,WIRE,2648.06,2023-02-05 20:18:02,0,
6619,ACCT_01174,ACCT_00116,TRANSFER,3545.06,2023-02-05 20:18:07,0,
6620,ACCT_00126,ACCT_01630,ACH,690.29,2023-02-05 20:22:50,0,
6621,ACCT_00466,ACCT_01478,CHECK,4851.15,2023-02-05 20:23:16,0,
6622,ACCT_01468,ACCT_01034,TRANSFER,648.03,2023-02-05 20:33:59,0,
6623,ACCT_01847,ACCT_00918,CASH,3114.45,2023-02-05 20:34:34,0,
6624,ACCT_00521,ACCT_01101,WIRE,2919.56,2023-02-05 20:51:53,0,
6625,ACCT_00939,ACCT_00140,ACH,4049.4,2023-02-05 20:56:10,0,
6626,ACCT_01069,ACCT_00545,WIRE,4592.85,2023-02-05 20:57:36,0,
6627,ACCT_01867,ACCT_01421,CHECK,3939.71,2023-02-05 21:01:49,0,
6628,ACCT_00091,ACCT_01137,TRANSFER,3848.09,2023-02-05 21:02:23,0,
6629,ACCT_01317,ACCT_00843,TRANSFER,875.06,2023-02-05 21:05:55,0,
6630,ACCT_01271,ACCT_01759,CASH,948.57,2023-02-05 21:17:10,0,
6631,ACCT_00795,ACCT_00868,CASH,3858.69,2023-02-05 21:19:10,0,
6632,ACCT_01794,ACCT_00396,WIRE,22042.76,2023-02-05 21:21:06,1,ALERT_0013
6633,ACCT_01689,ACCT_00993,CASH,3470.99,2023-02-05 21:46:21,0,
6634,ACCT_00872,ACCT_01088,CHECK,2401.55,2023-02-05 21:51:32,0,
6635,ACCT_01863,ACCT_00684,CASH,740.18,2023-02-05 21:56:42,0,
6636,ACCT_00815,ACCT_01852,WIRE,558.11,2023-02-05 21:58:35,0,
6637,ACCT_01970,ACCT_01218,CASH,1957.81,2023-02-05 22:00:34,0,
6638,ACCT_00532,ACCT_01295,CHECK,4884.23,2023-02-05 22:02:28,0,
6639,ACCT_01782,ACCT_01529,TRANSFER,7313.15,2023-02-05 22:14:02,1,ALERT_0046
6640,ACCT_00260,ACCT_01828,TRANSFER,4255.85,2023-02-05 22:15:21,0,
6641,ACCT_01382,ACCT_00356,TRANSFER,1825.53,2023-02-05 22:18:49,0,
6642,ACCT_00840,ACCT_00712,TRANSFER,4263.59,2023-02-05 22:19:07,0,
6643,ACCT_00938,ACCT_00375,CHECK,4931.37,2023-02-05 22:20:47,0,
6644,ACCT_01600,ACCT_01197,TRANSFER,3114.86,2023-02-05 22:25:52,0,
6645,ACCT_01996,ACCT_01144,TRANSFER,2663.49,2023-02-05 22:28:41,0,
6646,ACCT_00180,ACCT_01133,WIRE,2218.09,2023-02-05 22:45:19,0,
6647,ACCT_00601,ACCT_01866,WIRE,1650.14,2023-02-05 22:55:35,0,
6648,ACCT_00581,ACCT_00566,CASH,1825.39,2023-02-05 23:08:58,0,
6649,ACCT_00242,ACCT_01714,ACH,2164.51,2023-02-05 23:12:52,0,
6650,ACCT_01611,ACCT_00171,CASH,3018.03,2023-02-05 23:15:47,0,
6651,ACCT_01912,ACCT_01624,CASH,2822.37,2023-02-05 23:15:58,0,
6652,ACCT_01603,ACCT_01436,WIRE,2429.74,2023-02-05 23:19:18,0,
6653,ACCT_01138,ACCT_00049,ACH,3265.26,2023-02-05 23:24:11,0,
6654,ACCT_00851,ACCT_00392,WIRE,4925.91,2023-02-05 23:46:28,0,
6655,ACCT_00722,ACCT_00857,WIRE,4309.27,2023-02-05 23:47:05,0,
6656,ACCT_00244,ACCT_00863,CHECK,2755.12,2023-02-05 23:48:20,0,
6657,ACCT_01249,ACCT_00259,CHECK,1417.2,2023-02-05 23:50:16,0,
6658,ACCT_01364,ACCT_00868,WIRE,3572.2,2023-02-05 23:54:10,0,
6659,ACCT_01659,ACCT_01211,CASH,3540.63,2023-02-05 23:54:46,0,
6660,ACCT_00415,ACCT_01197,TRANSFER,1236.31,2023-02-06 00:06:30,0,
6661,ACCT_01154,ACCT_00500,TRANSFER,2266.71,2023-02-06 00:06:31,0,
6662,ACCT_01720,ACCT_01450,CHECK,1194.53,2023-02-06 00:14:15,0,
6663,ACCT_00030,ACCT_01776,CASH,2990.1,2023-02-06 00:28:13,0,
6664,ACCT_00704,ACCT_00501,ACH,4916.12,2023-02-06 00:31:45,0,
6665,ACCT_00620,ACCT_01988,WIRE,1832.17,2023-02-06 00:46:17,0,
6666,ACCT_01628,ACCT_01600,TRANSFER,3556.76,2023-02-06 00:47:47,0,
6667,ACCT_00532,ACCT_00816,CHECK,109.42,2023-02-06 00:54:53,0,
6668,ACCT_01197,ACCT_01384,CHECK,599.68,2023-02-06 01:02:26,0,
6669,ACCT_01340,ACCT_00316,TRANSFER,1499.75,2023-02-06 01:11:18,0,
6670,ACCT_00482,ACCT_01668,ACH,486.67,2023-02-06 01:15:35,0,
6671,ACCT_00325,ACCT_00896,WIRE,506.89,2023-02-06 01:15:56,0,
6672,ACCT_00498,ACCT_01528,CHECK,4239.35,2023-02-06 01:23:31,0,
6673,ACCT_00596,ACCT_00959,CHECK,405.12,2023-02-06 01:40:05,0,
6674,ACCT_01944,ACCT_00345,ACH,987.67,2023-02-06 01:50:39,0,
6675,ACCT_01953,ACCT_01043,WIRE,4015.61,2023-02-06 02:08:28,0,
6676,ACCT_01416,ACCT_00399,CHECK,4605.41,2023-02-06 02:31:00,0,
6677,ACCT_01552,ACCT_01440,CASH,3665.21,2023-02-06 02:31:13,0,
6678,ACCT_01424,ACCT_00963,TRANSFER,315.3,2023-02-06 02:34:14,0,
6679,ACCT_01421,ACCT_00134,WIRE,319.39,2023-02-06 02:34:41,0,
6680,ACCT_00871,ACCT_00530,TRANSFER,3022.14,2023-02-06 02:36:42,0,
6681,ACCT_01425,ACCT_00352,TRANSFER,1951.2,2023-02-06 02:40:25,0,
6682,ACCT_01529,ACCT_01176,ACH,10236.75,2023-02-06 02:45:31,1,ALERT_0046
6683,ACCT_00689,ACCT_00854,CASH,50.24,2023-02-06 02:55:23,0,
6684,ACCT_01489,ACCT_01979,CHECK,3721.29,2023-02-06 03:09:18,0,
6685,ACCT_00454,ACCT_00940,WIRE,286.26,2023-02-06 03:09:56,0,
6686,ACCT_01159,ACCT_00122,CASH,896.62,2023-02-06 03:14:00,0,
6687,ACCT_00730,ACCT_01554,TRANSFER,1514.6,2023-02-06 03:48:55,0,
6688,ACCT_00524,ACCT_01791,ACH,3679.35,2023-02-06 04:13:03,0,
6689,ACCT_01953,ACCT_01727,WIRE,2101.21,2023-02-06 04:26:07,0,
6690,ACCT_01525,ACCT_00255,TRANSFER,4074.77,2023-02-06 04:34:35,0,
6691,ACCT_01879,ACCT_00297,CASH,3993.41,2023-02-06 04:40:23,0,
6692,ACCT_00893,ACCT_01342,TRANSFER,4775.04,2023-02-06 04:49:17,0,
6693,ACCT_00549,ACCT_00961,CHECK,2932.23,2023-02-06 04:51:39,0,
6694,ACCT_01740,ACCT_00482,CASH,1223.75,2023-02-06 04:53:30,0,
6695,ACCT_00718,ACCT_00014,WIRE,3539.67,2023-02-06 05:01:46,0,
6696,ACCT_01543,ACCT_01194,TRANSFER,773.42,2023-02-06 05:05:42,0,
6697,ACCT_00380,ACCT_00450,ACH,3291.25,2023-02-06 05:19:58,0,
6698,ACCT_00342,ACCT_01964,WIRE,3518.66,2023-02-06 05:21:10,0,
6699,ACCT_00684,ACCT_00721,ACH,2695.79,2023-02-06 05:34:05,0,
6700,ACCT_01461,ACCT_00901,CASH,780.66,2023-02-06 05:36:52,0,
6701,ACCT_00114,ACCT_01984,CHECK,1774.52,2023-02-06 05:48:01,0,
6702,ACCT_00011,ACCT_00929,CASH,4914.92,2023-02-06 05:49:06,0,
6703,ACCT_01507,ACCT_00514,CHECK,2095.65,2023-02-06 05:52:02,0,
6704,ACCT_01061,ACCT_00062,CASH,149.81,2023-02-06 06:20:03,0,
6705,ACCT_01529,ACCT_00667,ACH,19264.11,2023-02-06 06:20:25,1,ALERT_0046
6706,ACCT_01921,ACCT_01895,TRANSFER,4976.86,2023-02-06 06:24:53,0,
6707,ACCT_01314,ACCT_01065,CHECK,3484.69,2023-02-06 06:27:33,0,
6708,ACCT_01294,ACCT_01941,ACH,2003.17,2023-02-06 06:29:40,0,
6709,ACCT_00245,ACCT_01316,CHECK,2142.38,2023-02-06 06:32:59,0,
6710,ACCT_00652,ACCT_01939,CHECK,911.56,2023-02-06 06:34:18,0,
6711,ACCT_01054,ACCT_00252,TRANSFER,1044.03,2023-02-06 06:35:04,0,
6712,ACCT_01193,ACCT_01294,CASH,246.71,2023-02-06 06:44:13,0,
6713,ACCT_00800,ACCT_01239,TRANSFER,4391.9,2023-02-06 06:56:09,0,
6714,ACCT_01098,ACCT_00774,CHECK,4882.64,2023-02-06 07:06:48,0,
6715,ACCT_01372,ACCT_01209,CHECK,3604.62,2023-02-06 07:10:04,0,
6716,ACCT_01603,ACCT_01971,CHECK,656.09,2023-02-06 07:10:08,0,
6717,ACCT_01079,ACCT_01492,CASH,2948.25,2023-02-06 07:20:31,0,
6718,ACCT_01175,ACCT_00613,TRANSFER,2421.8,2023-02-06 07:28:24,0,
6719,ACCT_01446,ACCT_01719,ACH,2226.71,2023-02-06 07:28:28,0,
6720,ACCT_01020,ACCT_01614,TRANSFER,3824.81,2023-02-06 07:28:47,0,
6721,ACCT_00873,ACCT_00202,WIRE,3834.79,2023-02-06 07:48:39,0,
6722,ACCT_01216,ACCT_01817,CASH,2086.95,2023-02-06 08:00:17,0,
6723,ACCT_00835,ACCT_01837,ACH,514.0,2023-02-06 08:05:37,0,
6724,ACCT_01794,ACCT_00953,ACH,41813.15,2023-02-06 08:11:33,1,ALERT_0013
6725,ACCT_01869,ACCT_01962,TRANSFER,410.11,2023-02-06 08:11:41,0,
6726,ACCT_00867,ACCT_01833,WIRE,1188.86,2023-02-06 08:20:49,0,
6727,ACCT_01016,ACCT_00228,ACH,844.25,2023-02-06 08:21:45,0,
6728,ACCT_01116,ACCT_01520,TRANSFER,3647.31,2023-02-06 08:22:52,0,
6729,ACCT_01505,ACCT_00167,CASH,244.95,2023-02-06 08:25:54,0,
6730,ACCT_00796,ACCT_00800,CHECK,3341.68,2023-02-06 08:26:48,0,
6731,ACCT_00524,ACCT_01251,ACH,2514.16,2023-02-06 08:27:30,0,
6732,ACCT_00960,ACCT_01207,WIRE,4397.92,2023-02-06 08:31:43,0,
6733,ACCT_01524,ACCT_01808,CHECK,1102.14,2023-02-06 08:54:04,0,
6734,ACCT_01813,ACCT_01643,CASH,2976.69,2023-02-06 09:09:11,0,
6735,ACCT_01232,ACCT_01586,CHECK,321.38,2023-02-06 09:12:58,0,
6736,ACCT_00660,ACCT_01592,CASH,538.15,2023-02-06 09:25:11,0,
6737,ACCT_01457,ACCT_01544,TRANSFER,1305.48,2023-02-06 09:35:21,0,
6738,ACCT_01301,ACCT_01948,TRANSFER,2121.57,2023-02-06 09:40:49,0,
6739,ACCT_00536,ACCT_01383,CASH,2062.03,2023-02-06 09:45:10,0,
6740,ACCT_00035,ACCT_00460,WIRE,2138.87,2023-02-06 09:47:23,0,
6741,ACCT_01547,ACCT_00479,CHECK,2771.73,2023-02-06 09:51:57,0,
6742,ACCT_00852,ACCT_01576,TRANSFER,1234.13,2023-02-06 09:52:36,0,
6743,ACCT_01073,ACCT_00915,CASH,2609.89,2023-02-06 10:02:18,0,
6744,ACCT_01005,ACCT_01034,CASH,2716.77,2023-02-06 10:14:24,0,
6745,ACCT_00649,ACCT_01815,CASH,1075.32,2023-02-06 10:21:38,0,
6746,ACCT_00409,ACCT_00090,TRANSFER,2317.25,2023-02-06 10:26:05,0,
6747,ACCT_00224,ACCT_01317,CASH,1668.85,2023-02-06 10:27:18,0,
6748,ACCT_00726,ACCT_01242,ACH,3550.73,2023-02-06 10:38:28,0,
6749,ACCT_01193,ACCT_00050,TRANSFER,1025.66,2023-02-06 10:48:34,0,
6750,ACCT_01120,ACCT_01163,WIRE,4216.08,2023-02-06 10:48:46,0,
6751,ACCT_00981,ACCT_01450,WIRE,39555.22,2023-02-06 10:53:52,1,ALERT_0047
6752,ACCT_01529,ACCT_01267,TRANSFER,14956.96,2023-02-06 10:57:21,1,ALERT_0046
6753,ACCT_01794,ACCT_01461,TRANSFER,27598.11,2023-02-06 11:01:45,1,ALERT_0013
6754,ACCT_00879,ACCT_01924,ACH,527.39,2023-02-06 11:04:03,0,
6755,ACCT_01786,ACCT_00386,WIRE,3451.48,2023-02-06 11:10:56,0,
6756,ACCT_01263,ACCT_01441,CASH,1254.11,2023-02-06 11:12:12,0,
6757,ACCT_01294,ACCT_01861,CASH,4573.28,2023-02-06 11:23:54,0,
6758,ACCT_01487,ACCT_01560,CASH,607.57,2023-02-06 11:41:44,0,
6759,ACCT_01084,ACCT_00613,CASH,4627.95,2023-02-06 11:45:21,0,
6760,ACCT_01050,ACCT_01204,TRANSFER,2251.9,2023-02-06 12:03:20,0,
6761,ACCT_00002,ACCT_01793,CASH,4585.2,2023-02-06 12:05:36,0,
6762,ACCT_00808,ACCT_01875,WIRE,1396.65,2023-02-06 12:12:44,0,
6763,ACCT_01529,ACCT_01472,ACH,47210.93,2023-02-06 12:24:25,1,ALERT_0046
6764,ACCT_01910,ACCT_00024,ACH,871.15,2023-02-06 12:49:11,0,
6765,ACCT_01490,ACCT_00921,ACH,4987.53,2023-02-06 12:50:49,0,
6766,ACCT_01128,ACCT_00806,TRANSFER,342.07,2023-02-06 12:57:01,0,
6767,ACCT_01923,ACCT_01310,TRANSFER,3814.51,2023-02-06 13:03:57,0,
6768,ACCT_00304,ACCT_01744,CASH,3685.94,2023-02-06 13:12:45,0,
6769,ACCT_00088,ACCT_01115,TRANSFER,2589.09,2023-02-06 13:19:23,0,
6770,ACCT_00677,ACCT_01033,WIRE,4459.28,2023-02-06 13:20:40,0,
6771,ACCT_01748,ACCT_01646,CASH,1953.9,2023-02-06 13:31:13,0,
6772,ACCT_01059,ACCT_00822,TRANSFER,1659.91,2023-02-06 13:36:32,0,
6773,ACCT_01867,ACCT_01137,CHECK,218.54,2023-02-06 13:39:18,0,
6774,ACCT_00481,ACCT_00100,CASH,4789.72,2023-02-06 13:47:18,0,
6775,ACCT_01566,ACCT_00954,ACH,667.66,2023-02-06 13:52:44,0,
6776,ACCT_01462,ACCT_01862,ACH,932.6,2023-02-06 13:53:50,0,
6777,ACCT_00681,ACCT_00980,CASH,841.84,2023-02-06 13:59:14,0,
6778,ACCT_01173,ACCT_00850,WIRE,1530.35,2023-02-06 14:15:46,0,
6779,ACCT_00802,ACCT_00791,TRANSFER,2325.18,2023-02-06 14:34:23,0,
6780,ACCT_00980,ACCT_01249,ACH,1743.39,2023-02-06 14:56:13,0,
6781,ACCT_00071,ACCT_01207,ACH,4444.83,2023-02-06 14:58:37,0,
6782,ACCT_00395,ACCT_01990,CASH,194.83,2023-02-06 15:03:30,0,
6783,ACCT_00150,ACCT_01198,CASH,1108.09,2023-02-06 15:08:51,0,
6784,ACCT_00345,ACCT_00997,CASH,3005.77,2023-02-06 15:12:37,0,
6785,ACCT_01206,ACCT_00873,WIRE,831.79,2023-02-06 15:16:39,0,
6786,ACCT_01447,ACCT_01733,WIRE,2541.57,2023-02-06 15:30:37,0,
6787,ACCT_00030,ACCT_00585,CASH,3758.62,2023-02-06 15:46:42,0,
6788,ACCT_00619,ACCT_00484,CHECK,3230.58,2023-02-06 15:50:47,0,
6789,ACCT_01919,ACCT_01267,CASH,2545.15,2023-02-06 15:56:50,0,
6790,ACCT_00852,ACCT_01464,CHECK,16.33,2023-02-06 16:06:58,0,
6791,ACCT_00958,ACCT_01475,TRANSFER,1737.44,2023-02-06 16:18:12,0,
6792,ACCT_00207,ACCT_00090,WIRE,464.63,2023-02-06 16:23:30,0,
6793,ACCT_01697,ACCT_01512,WIRE,315.17,2023-02-06 16:25:05,0,
6794,ACCT_01409,ACCT_01035,ACH,4982.25,2023-02-06 16:41:42,0,
6795,ACCT_00274,ACCT_00660,WIRE,3817.8,2023-02-06 16:42:55,0,
6796,ACCT_00578,ACCT_00917,TRANSFER,2440.42,2023-02-06 16:53:35,0,
6797,ACCT_00576,ACCT_00652,WIRE,1053.49,2023-02-06 16:53:49,0,
6798,ACCT_00709,ACCT_01148,ACH,779.87,2023-02-06 16:56:30,0,
6799,ACCT_00615,ACCT_01362,WIRE,3482.57,2023-02-06 16:56:55,0,
6800,ACCT_01690,ACCT_00260,WIRE,2758.25,2023-02-06 17:04:47,0,
6801,ACCT_00706,ACCT_01538,CHECK,1033.52,2023-02-06 17:13:13,0,
6802,ACCT_01135,ACCT_01450,WIRE,37246.57,2023-02-06 17:27:29,1,ALERT_0047
6803,ACCT_00435,ACCT_00344,WIRE,614.42,2023-02-06 17:30:41,0,
6804,ACCT_01526,ACCT_00327,ACH,706.21,2023-02-06 17:33:31,0,
6805,ACCT_00576,ACCT_01394,CASH,965.64,2023-02-06 17:34:59,0,
6806,ACCT_00098,ACCT_00678,CASH,274.83,2023-02-06 17:36:31,0,
6807,ACCT_01794,ACCT_00465,WIRE,13913.68,2023-02-06 17:37:11,1,ALERT_0013
6808,ACCT_01175,ACCT_01981,TRANSFER,3538.91,2023-02-06 17:40:54,0,
6809,ACCT_00400,ACCT_01516,TRANSFER,3464.86,2023-02-06 17:46:13,0,
6810,ACCT_01529,ACCT_00596,TRANSFER,34108.83,2023-02-06 18:08:52,1,ALERT_0046
6811,ACCT_00405,ACCT_01650,TRANSFER,4710.15,2023-02-06 18:23:55,0,
6812,ACCT_00822,ACCT_00734,WIRE,4425.75,2023-02-06 18:29:03,0,
6813,ACCT_01781,ACCT_01199,ACH,4486.3,2023-02-06 18:33:47,0,
6814,ACCT_01563,ACCT_01354,CASH,2787.81,2023-02-06 18:41:41,0,
6815,ACCT_00448,ACCT_00521,CASH,1785.42,2023-02-06 18:47:22,0,
6816,ACCT_01177,ACCT_00261,ACH,523.63,2023-02-06 18:57:25,0,
6817,ACCT_00612,ACCT_01706,WIRE,4434.39,2023-02-06 19:17:20,0,
6818,ACCT_00397,ACCT_01405,WIRE,3777.0,2023-02-06 19:19:45,0,
6819,ACCT_00035,ACCT_01327,WIRE,2825.23,2023-02-06 19:33:16,0,
6820,ACCT_01827,ACCT_00420,CASH,2681.71,2023-02-06 19:35:09,0,
6821,ACCT_01169,ACCT_00826,CHECK,2854.97,2023-02-06 19:39:29,0,
6822,ACCT_01962,ACCT_01622,TRANSFER,2716.43,2023-02-06 19:42:56,0,
6823,ACCT_01450,ACCT_01285,WIRE,25478.18,2023-02-06 19:54:19,1,ALERT_0047
6824,ACCT_00509,ACCT_01620,CHECK,2120.73,2023-02-06 20:04:24,0,
6825,ACCT_00251,ACCT_01400,CASH,1141.64,2023-02-06 20:10:58,0,
6826,ACCT_00258,ACCT_00510,WIRE,1640.0,2023-02-06 20:21:42,0,
6827,ACCT_01361,ACCT_00419,ACH,4364.26,2023-02-06 20:27:37,0,
6828,ACCT_00061,ACCT_00405,WIRE,991.09,2023-02-06 20:34:31,0,
6829,ACCT_01178,ACCT_01487,ACH,1928.51,2023-02-06 20:42:13,0,
6830,ACCT_01227,ACCT_00368,TRANSFER,3088.48,2023-02-06 21:05:17,0,
6831,ACCT_01435,ACCT_01783,TRANSFER,24.46,2023-02-06 21:12:08,0,
6832,ACCT_01523,ACCT_00110,ACH,2450.97,2023-02-06 21:42:16,0,
6833,ACCT_01723,ACCT_00682,CHECK,4385.04,2023-02-06 21:51:38,0,
6834,ACCT_00719,ACCT_01982,CHECK,2070.54,2023-02-06 22:03:05,0,
6835,ACCT_01462,ACCT_01946,CHECK,709.88,2023-02-06 22:03:38,0,
6836,ACCT_01794,ACCT_00127,TRANSFER,612.19,2023-02-06 22:21:23,1,ALERT_0013
6837,ACCT_01983,ACCT_00109,TRANSFER,3519.74,2023-02-06 22:24:48,0,
6838,ACCT_01228,ACCT_01415,WIRE,3555.88,2023-02-06 22:41:33,0,
6839,ACCT_00720,ACCT_01370,ACH,3980.07,2023-02-06 22:42:32,0,
6840,ACCT_01242,ACCT_00429,TRANSFER,988.47,2023-02-06 22:48:48,0,
6841,ACCT_01888,ACCT_00816,TRANSFER,3236.6,2023-02-06 22:57:31,0,
6842,ACCT_01232,ACCT_01108,CASH,122.49,2023-02-06 23:02:02,0,
6843,ACCT_01104,ACCT_01094,CHECK,2667.05,2023-02-06 23:06:59,0,
6844,ACCT_01194,ACCT_00169,TRANSFER,3075.67,2023-02-06 23:08:38,0,
6845,ACCT_00067,ACCT_01459,CASH,3608.31,2023-02-06 23:13:35,0,
6846,ACCT_00659,ACCT_00757,TRANSFER,1837.39,2023-02-06 23:18:16,0,
6847,ACCT_01450,ACCT_01294,TRANSFER,33556.34,2023-02-06 23:25:51,1,ALERT_0047
6848,ACCT_00367,ACCT_00790,TRANSFER,3340.31,2023-02-06 23:33:13,0,
6849,ACCT_01497,ACCT_00250,CHECK,4701.33,2023-02-06 23:42:27,0,
6850,ACCT_00155,ACCT_01201,TRANSFER,4223.96,2023-02-07 00:04:45,0,
6851,ACCT_00186,ACCT_00938,TRANSFER,2674.13,2023-02-07 00:08:49,0,
6852,ACCT_01547,ACCT_00841,WIRE,727.52,2023-02-07 00:14:11,0,
6853,ACCT_01176,ACCT_00646,CASH,1035.06,2023-02-07 00:23:31,0,
6854,ACCT_01880,ACCT_00524,CASH,460.35,2023-02-07 00:31:27,0,
6855,ACCT_00929,ACCT_01565,ACH,1660.95,2023-02-07 00:47:36,0,
6856,ACCT_01506,ACCT_01048,WIRE,292.88,2023-02-07 01:06:32,0,
6857,ACCT_01369,ACCT_01366,ACH,2314.54,2023-02-07 01:08:35,0,
6858,ACCT_00604,ACCT_01596,WIRE,4432.91,2023-02-07 01:11:41,0,
6859,ACCT_00711,ACCT_01435,CASH,1961.54,2023-02-07 01:18:14,0,
6860,ACCT_00237,ACCT_01718,CHECK,4474.3,2023-02-07 01:19:39,0,
6861,ACCT_00804,ACCT_00547,CASH,1262.39,2023-02-07 01:36:32,0,
6862,ACCT_00896,ACCT_00669,WIRE,490.98,2023-02-07 02:00:59,0,
6863,ACCT_00394,ACCT_01617,WIRE,4486.31,2023-02-07 02:07:34,0,
6864,ACCT_01865,ACCT_01573,TRANSFER,761.38,2023-02-07 02:18:20,0,
6865,ACCT_01313,ACCT_00208,CHECK,4364.84,2023-02-07 02:44:13,0,
6866,ACCT_00191,ACCT_01399,ACH,2377.11,2023-02-07 02:46:18,0,
6867,ACCT_00826,ACCT_00853,TRANSFER,334.12,2023-02-07 03:03:04,0,
6868,ACCT_01170,ACCT_00917,CASH,1386.12,2023-02-07 03:15:20,0,
6869,ACCT_00830,ACCT_00639,ACH,255.02,2023-02-07 03:24:03,0,
6870,ACCT_00721,ACCT_01975,ACH,271.65,2023-02-07 03:25:32,0,
6871,ACCT_01450,ACCT_00315,ACH,3356.58,2023-02-07 03:28:38,1,ALERT_0047
6872,ACCT_01794,ACCT_01447,WIRE,37444.13,2023-02-07 03:29:51,1,ALERT_0013
6873,ACCT_00222,ACCT_01543,ACH,461.48,2023-02-07 03:32:05,0,
6874,ACCT_01958,ACCT_01692,WIRE,1090.23,2023-02-07 03:34:45,0,
6875,ACCT_00231,ACCT_01930,CASH,973.08,2023-02-07 03:58:37,0,
6876,ACCT_00150,ACCT_01901,WIRE,1219.41,2023-02-07 04:02:51,0,
6877,ACCT_00189,ACCT_01528,CHECK,3627.69,2023-02-07 04:05:11,0,
6878,ACCT_00756,ACCT_01063,ACH,3685.53,2023-02-07 04:09:03,0,
6879,ACCT_00352,ACCT_00214,ACH,896.4,2023-02-07 04:35:34,0,
6880,ACCT_00274,ACCT_00534,WIRE,3440.46,2023-02-07 04:54:36,0,
6881,ACCT_01459,ACCT_01285,CHECK,846.56,2023-02-07 04:54:58,0,
6882,ACCT_01628,ACCT_00945,WIRE,3601.88,2023-02-07 04:58:33,0,
6883,ACCT_01831,ACCT_00174,ACH,3352.79,2023-02-07 05:25:44,0,
6884,ACCT_01875,ACCT_01921,ACH,4701.42,2023-02-07 05:27:58,0,
6885,ACCT_01963,ACCT_01420,WIRE,1615.1,2023-02-07 05:38:37,0,
6886,ACCT_00754,ACCT_01117,WIRE,3782.47,2023-02-07 05:45:38,0,
6887,ACCT_00667,ACCT_00602,CHECK,546.54,2023-02-07 05:48:26,0,
6888,ACCT_01401,ACCT_01625,CHECK,1386.14,2023-02-07 05:53:13,0,
6889,ACCT_00997,ACCT_00520,CASH,2299.17,2023-02-07 05:58:09,0,
6890,ACCT_01326,ACCT_01094,TRANSFER,2198.22,2023-02-07 05:58:26,0,
6891,ACCT_01969,ACCT_00416,CASH,765.34,2023-02-07 06:01:40,0,
6892,ACCT_01748,ACCT_01130,CHECK,1220.06,2023-02-07 06:02:51,0,
6893,ACCT_01720,ACCT_01282,CASH,4688.67,2023-02-07 06:12:49,0,
6894,ACCT_01926,ACCT_00543,CASH,2660.0,2023-02-07 06:16:12,0,
6895,ACCT_01867,ACCT_01471,WIRE,377.51,2023-02-07 06:27:55,0,
6896,ACCT_00745,ACCT_01747,CHECK,3459.04,2023-02-07 06:34:11,0,
6897,ACCT_01048,ACCT_01763,ACH,3228.17,2023-02-07 06:59:38,0,
6898,ACCT_00856,ACCT_00965,TRANSFER,4355.45,2023-02-07 07:08:42,0,
6899,ACCT_00453,ACCT_01686,CASH,456.26,2023-02-07 07:23:01,0,
6900,ACCT_00995,ACCT_00606,WIRE,3005.19,2023-02-07 07:33:28,0,
6901,ACCT_00848,ACCT_00035,CASH,3066.97,2023-02-07 07:40:00,0,
6902,ACCT_00582,ACCT_01559,CHECK,2253.04,2023-02-07 07:45:07,0,
6903,ACCT_00172,ACCT_00766,CHECK,1469.13,2023-02-07 07:48:55,0,
6904,ACCT_00736,ACCT_01506,ACH,2656.72,2023-02-07 07:54:20,0,
6905,ACCT_01723,ACCT_00478,CHECK,2251.97,2023-02-07 07:58:11,0,
6906,ACCT_00352,ACCT_01173,ACH,1707.29,2023-02-07 08:07:37,0,
6907,ACCT_01572,ACCT_01402,WIRE,269.68,2023-02-07 08:13:21,0,
6908,ACCT_01307,ACCT_01393,CASH,1191.14,2023-02-07 08:15:23,0,
6909,ACCT_00006,ACCT_01335,WIRE,3589.01,2023-02-07 08:22:06,0,
6910,ACCT_01150,ACCT_01249,TRANSFER,4157.64,2023-02-07 08:32:48,0,
6911,ACCT_00054,ACCT_01557,WIRE,4891.18,2023-02-07 08:36:37,0,
6912,ACCT_01952,ACCT_01411,CASH,2078.61,2023-02-07 08:54:17,0,
6913,ACCT_00007,ACCT_01868,WIRE,4807.95,2023-02-07 08:58:16,0,
6914,ACCT_01452,ACCT_00420,CHECK,2857.81,2023-02-07 09:14:25,0,
6915,ACCT_00983,ACCT_01170,CASH,1248.73,2023-02-07 09:23:23,0,
6916,ACCT_00162,ACCT_00502,TRANSFER,72.26,2023-02-07 09:33:12,0,
6917,ACCT_01629,ACCT_01838,ACH,3071.01,2023-02-07 09:55:46,0,
6918,ACCT_01716,ACCT_00146,WIRE,3907.69,2023-02-07 09:57:50,0,
6919,ACCT_01961,ACCT_01515,ACH,2393.34,2023-02-07 09:59:22,0,
6920,ACCT_00028,ACCT_01241,CHECK,1978.15,2023-02-07 09:59:35,0,
6921,ACCT_00210,ACCT_00447,WIRE,2521.88,2023-02-07 10:05:57,0,
6922,ACCT_01486,ACCT_01992,WIRE,2333.76,2023-02-07 10:17:37,0,
6923,ACCT_01132,ACCT_00978,CASH,717.35,2023-02-07 10:20:55,0,
6924,ACCT_00186,ACCT_01597,CASH,1936.67,2023-02-07 10:32:29,0,
6925,ACCT_00485,ACCT_00926,WIRE,3413.42,2023-02-07 10:33:37,0,
6926,ACCT_00970,ACCT_00387,WIRE,3527.23,2023-02-07 10:48:44,0,
6927,ACCT_00546,ACCT_00368,CHECK,3541.94,2023-02-07 10:51:00,0,
6928,ACCT_01050,ACCT_01689,ACH,381.8,2023-02-07 10:59:19,0,
6929,ACCT_01866,ACCT_01492,ACH,2485.92,2023-02-07 10:59:42,0,
6930,ACCT_01827,ACCT_00979,CHECK,4001.95,2023-02-07 11:02:42,0,
6931,ACCT_01043,ACCT_00557,TRANSFER,4274.64,2023-02-07 11:07:56,0,
6932,ACCT_01256,ACCT_01494,ACH,3284.28,2023-02-07 11:14:28,0,
6933,ACCT_00531,ACCT_00237,ACH,2273.19,2023-02-07 11:20:47,0,
6934,ACCT_01256,ACCT_01107,CHECK,3225.69,2023-02-07 11:26:56,0,
6935,ACCT_00981,ACCT_00224,TRANSFER,1150.94,2023-02-07 11:44:32,0,
6936,ACCT_01881,ACCT_01950,ACH,4630.33,2023-02-07 11:51:22,0,
6937,ACCT_01514,ACCT_00666,CASH,4861.46,2023-02-07 12:00:26,0,
6938,ACCT_01291,ACCT_00829,CASH,363.33,2023-02-07 12:07:55,0,
6939,ACCT_01668,ACCT_00525,CASH,2295.51,2023-02-07 12:20:53,0,
6940,ACCT_00090,ACCT_00190,CHECK,311.63,2023-02-07 12:34:13,0,
6941,ACCT_01980,ACCT_00764,CASH,2767.91,2023-02-07 12:42:32,0,
6942,ACCT_00368,ACCT_00335,CHECK,3414.88,2023-02-07 12:58:15,0,
6943,ACCT_01318,ACCT_00631,CHECK,2674.36,2023-02-07 12:59:25,0,
6944,ACCT_00859,ACCT_00801,ACH,974.92,2023-02-07 13:04:31,0,
6945,ACCT_01655,ACCT_01863,WIRE,2450.15,2023-02-07 13:10:35,0,
6946,ACCT_00297,ACCT_00118,WIRE,2540.47,2023-02-07 13:59:20,0,
6947,ACCT_00925,ACCT_00692,TRANSFER,2507.31,2023-02-07 14:00:23,0,
6948,ACCT_00288,ACCT_01158,CASH,2075.77,2023-02-07 14:05:50,0,
6949,ACCT_00374,ACCT_00030,WIRE,3176.81,2023-02-07 14:12:33,0,
6950,ACCT_00607,ACCT_01457,TRANSFER,1771.52,2023-02-07 14:23:07,0,
6951,ACCT_00988,ACCT_00212,TRANSFER,3810.27,2023-02-07 14:47:23,0,
6952,ACCT_01347,ACCT_01838,ACH,3787.49,2023-02-07 14:50:56,0,
6953,ACCT_01066,ACCT_00904,CASH,1353.22,2023-02-07 14:53:22,0,
6954,ACCT_01843,ACCT_01607,CHECK,3064.96,2023-02-07 15:02:24,0,
6955,ACCT_01448,ACCT_01435,ACH,1388.73,2023-02-07 15:06:27,0,
6956,ACCT_01497,ACCT_01473,WIRE,619.62,2023-02-07 15:22:25,0,
6957,ACCT_01116,ACCT_00608,TRANSFER,2562.6,2023-02-07 15:24:07,0,
6958,ACCT_01091,ACCT_00443,CHECK,3486.74,2023-02-07 15:25:16,0,
6959,ACCT_01381,ACCT_01536,ACH,3930.92,2023-02-07 15:36:33,0,
6960,ACCT_00126,ACCT_00058,ACH,235.14,2023-02-07 15:53:19,0,
6961,ACCT_01002,ACCT_01766,WIRE,2961.99,2023-02-07 15:56:53,0,
6962,ACCT_00109,ACCT_01317,TRANSFER,4354.54,2023-02-07 16:05:07,0,
6963,ACCT_00645,ACCT_00986,ACH,3518.36,2023-02-07 16:30:40,0,
6964,ACCT_01848,ACCT_00098,CHECK,4415.15,2023-02-07 17:15:15,0,
6965,ACCT_01888,ACCT_00066,WIRE,3969.23,2023-02-07 17:20:59,0,
6966,ACCT_01659,ACCT_01884,CHECK,4610.63,2023-02-07 17:23:49,0,
6967,ACCT_00392,ACCT_00890,CHECK,2827.3,2023-02-07 17:32:01,0,
6968,ACCT_01743,ACCT_01822,CASH,4567.54,2023-02-07 17:32:40,0,
6969,ACCT_01048,ACCT_00956,WIRE,4808.13,2023-02-07 17:38:43,0,
6970,ACCT_01585,ACCT_00790,CHECK,1781.41,2023-02-07 17:44:28,0,
6971,ACCT_01371,ACCT_00989,CASH,2802.24,2023-02-07 17:53:05,0,
6972,ACCT_00617,ACCT_00264,CASH,3807.32,2023-02-07 18:03:55,0,
6973,ACCT_01400,ACCT_01485,WIRE,3937.36,2023-02-07 18:10:37,0,
6974,ACCT_00246,ACCT_01616,TRANSFER,3790.22,2023-02-07 18:16:30,0,
6975,ACCT_00621,ACCT_01892,CHECK,350.37,2023-02-07 18:28:17,0,
6976,ACCT_01263,ACCT_01717,CHECK,2621.79,2023-02-07 18:49:19,0,
6977,ACCT_01965,ACCT_00135,ACH,1319.56,2023-02-07 18:54:11,0,
6978,ACCT_00484,ACCT_01515,TRANSFER,3832.05,2023-02-07 19:03:12,0,
6979,ACCT_01957,ACCT_00341,CASH,3559.62,2023-02-07 19:03:58,0,
6980,ACCT_00270,ACCT_00569,CHECK,1237.7,2023-02-07 19:05:13,0,
6981,ACCT_00374,ACCT_00815,ACH,982.44,2023-02-07 19:12:49,0,
6982,ACCT_01057,ACCT_01235,TRANSFER,563.29,2023-02-07 19:31:11,0,
6983,ACCT_01039,ACCT_01844,TRANSFER,3812.81,2023-02-07 19:39:58,0,
6984,ACCT_01854,ACCT_01708,TRANSFER,1530.62,2023-02-07 19:52:02,0,
6985,ACCT_00461,ACCT_00337,TRANSFER,2498.57,2023-02-07 19:54:17,0,
6986,ACCT_01087,ACCT_01346,WIRE,4390.67,2023-02-07 19:56:49,0,
6987,ACCT_01028,ACCT_01824,WIRE,4967.74,2023-02-07 19:57:16,0,
6988,ACCT_00534,ACCT_01275,WIRE,1750.55,2023-02-07 20:48:46,0,
6989,ACCT_00507,ACCT_01234,ACH,4759.37,2023-02-07 20:50:13,0,
6990,ACCT_01646,ACCT_00724,CASH,4027.42,2023-02-07 20:54:52,0,
6991,ACCT_00655,ACCT_01957,ACH,2911.4,2023-02-07 20:55:16,0,
6992,ACCT_00882,ACCT_00204,CHECK,739.66,2023-02-07 21:01:16,0,
6993,ACCT_01197,ACCT_01370,CASH,859.85,2023-02-07 21:02:02,0,
6994,ACCT_00829,ACCT_00991,WIRE,4103.15,2023-02-07 21:03:30,0,
6995,ACCT_01306,ACCT_00343,WIRE,2893.01,2023-02-07 21:10:46,0,
6996,ACCT_00447,ACCT_00245,TRANSFER,1325.72,2023-02-07 21:31:06,0,
6997,ACCT_00650,ACCT_01087,TRANSFER,4417.6,2023-02-07 21:33:59,0,
6998,ACCT_01392,ACCT_00864,TRANSFER,2389.12,2023-02-07 21:35:20,0,
6999,ACCT_00078,ACCT_01441,TRANSFER,2167.3,2023-02-07 21:49:15,0,
7000,ACCT_01334,ACCT_01783,CASH,4166.29,2023-02-07 21:50:35,0,
7001,ACCT_01033,ACCT_00243,ACH,3923.56,2023-02-07 22:28:23,0,
7002,ACCT_01143,ACCT_01804,TRANSFER,3150.46,2023-02-07 22:29:10,0,
7003,ACCT_00973,ACCT_00285,WIRE,2781.55,2023-02-07 22:47:37,0,
7004,ACCT_00502,ACCT_00001,TRANSFER,25024.1,2023-02-07 22:54:11,1,ALERT_0033
7005,ACCT_01595,ACCT_00713,CASH,1432.37,2023-02-07 22:59:08,0,
7006,ACCT_00364,ACCT_00067,WIRE,1464.2,2023-02-07 23:03:58,0,
7007,ACCT_00289,ACCT_01092,WIRE,4531.51,2023-02-07 23:16:02,0,
7008,ACCT_00345,ACCT_01081,TRANSFER,1730.18,2023-02-07 23:31:46,0,
7009,ACCT_01579,ACCT_01005,CHECK,2185.93,2023-02-07 23:34:23,0,
7010,ACCT_01505,ACCT_00738,CHECK,4000.78,2023-02-08 00:05:37,0,
7011,ACCT_01043,ACCT_01202,CASH,702.07,2023-02-08 00:19:20,0,
7012,ACCT_00892,ACCT_01597,ACH,640.83,2023-02-08 00:30:56,0,
7013,ACCT_00274,ACCT_00014,TRANSFER,3089.74,2023-02-08 00:33:00,0,
7014,ACCT_00454,ACCT_00441,WIRE,1870.31,2023-02-08 00:41:59,0,
7015,ACCT_01941,ACCT_00626,CHECK,3855.19,2023-02-08 00:51:54,0,
7016,ACCT_01785,ACCT_00321,TRANSFER,2617.01,2023-02-08 00:53:28,0,
7017,ACCT_00016,ACCT_01822,CASH,4518.07,2023-02-08 01:05:43,0,
7018,ACCT_00957,ACCT_00694,WIRE,4350.65,2023-02-08 01:09:02,0,
7019,ACCT_00941,ACCT_01167,TRANSFER,4201.49,2023-02-08 01:24:20,0,
7020,ACCT_01529,ACCT_01663,ACH,4115.19,2023-02-08 01:27:40,0,
7021,ACCT_01743,ACCT_00270,TRANSFER,2103.67,2023-02-08 01:28:02,0,
7022,ACCT_01815,ACCT_00440,CHECK,2384.52,2023-02-08 01:32:43,0,
7023,ACCT_01762,ACCT_01701,TRANSFER,3173.3,2023-02-08 01:38:39,0,
7024,ACCT_00755,ACCT_00124,CHECK,3757.02,2023-02-08 02:08:03,0,
7025,ACCT_00441,ACCT_00810,ACH,1318.7,2023-02-08 02:11:56,0,
7026,ACCT_01803,ACCT_00946,CASH,4618.0,2023-02-08 02:12:00,0,
7027,ACCT_00036,ACCT_01721,ACH,976.33,2023-02-08 02:37:22,0,
7028,ACCT_00776,ACCT_01623,ACH,3797.43,2023-02-08 02:38:30,0,
7029,ACCT_00788,ACCT_01234,CHECK,2761.92,2023-02-08 02:40:09,0,
7030,ACCT_00654,ACCT_00322,CHECK,2547.98,2023-02-08 02:57:10,0,
7031,ACCT_00742,ACCT_01266,ACH,114.44,2023-02-08 03:01:27,0,
7032,ACCT_01975,ACCT_00563,CASH,236.39,2023-02-08 03:12:28,0,
7033,ACCT_01504,ACCT_00857,ACH,3667.9,2023-02-08 03:24:09,0,
7034,ACCT_01935,ACCT_00639,CHECK,3279.89,2023-02-08 03:37:53,0,
7035,ACCT_00370,ACCT_01830,CHECK,3022.0,2023-02-08 03:46:45,0,
7036,ACCT_01333,ACCT_00908,CHECK,903.92,2023-02-08 03:48:35,0,
7037,ACCT_01275,ACCT_00713,ACH,100.66,2023-02-08 04:01:23,0,
7038,ACCT_01491,ACCT_01672,CHECK,1541.7,2023-02-08 04:05:08,0,
7039,ACCT_00597,ACCT_00735,WIRE,4655.28,2023-02-08 04:11:21,0,
7040,ACCT_01292,ACCT_01736,CHECK,4897.64,2023-02-08 04:30:20,0,
7041,ACCT_01808,ACCT_01314,CASH,1818.59,2023-02-08 04:53:34,0,
7042,ACCT_00985,ACCT_00600,ACH,1056.84,2023-02-08 05:15:03,0,
7043,ACCT_00583,ACCT_01261,ACH,4901.29,2023-02-08 05:37:31,0,
7044,ACCT_01611,ACCT_01368,ACH,149.01,2023-02-08 05:42:09,0,
7045,ACCT_01689,ACCT_00052,ACH,878.79,2023-02-08 05:47:05,0,
7046,ACCT_00884,ACCT_00089,ACH,4007.18,2023-02-08 05:47:05,0,
7047,ACCT_01030,ACCT_00879,ACH,631.31,2023-02-08 05:49:18,0,
7048,ACCT_01388,ACCT_00115,ACH,270.49,2023-02-08 05:55:25,0,
7049,ACCT_01721,ACCT_00174,TRANSFER,3851.2,2023-02-08 06:09:58,0,
7050,ACCT_00006,ACCT_00048,ACH,4775.18,2023-02-08 06:25:34,0,
7051,ACCT_00751,ACCT_00123,ACH,2094.95,2023-02-08 06:28:07,0,
7052,ACCT_00695,ACCT_00706,CASH,802.34,2023-02-08 06:34:53,0,
7053,ACCT_01123,ACCT_01554,TRANSFER,774.21,2023-02-08 06:39:37,0,
7054,ACCT_01301,ACCT_01015,WIRE,1356.55,2023-02-08 06:39:52,0,
7055,ACCT_01998,ACCT_01259,WIRE,2166.74,2023-02-08 07:09:03,0,
7056,ACCT_01894,ACCT_00498,CHECK,463.12,2023-02-08 07:15:23,0,
7057,ACCT_00110,ACCT_01290,CASH,4365.53,2023-02-08 07:37:22,0,
7058,ACCT_00389,ACCT_00611,WIRE,4053.72,2023-02-08 07:55:36,0,
7059,ACCT_00459,ACCT_00001,WIRE,38071.12,2023-02-08 07:58:17,1,ALERT_0033
7060,ACCT_00665,ACCT_01583,WIRE,4261.98,2023-02-08 08:04:16,0,
7061,ACCT_00882,ACCT_00247,CHECK,679.3,2023-02-08 08:14:24,0,
7062,ACCT_00553,ACCT_01744,ACH,2906.84,2023-02-08 08:16:01,0,
7063,ACCT_00365,ACCT_00492,CHECK,455.05,2023-02-08 08:32:00,0,
7064,ACCT_00321,ACCT_00394,CHECK,3931.2,2023-02-08 08:32:45,0,
7065,ACCT_00455,ACCT_00219,CHECK,55.85,2023-02-08 08:33:03,0,
7066,ACCT_00540,ACCT_01189,CASH,956.66,2023-02-08 08:39:13,0,
7067,ACCT_00933,ACCT_01032,ACH,1301.58,2023-02-08 08:40:23,0,
7068,ACCT_00755,ACCT_00957,TRANSFER,3323.09,2023-02-08 08:41:28,0,
7069,ACCT_00401,ACCT_01233,CASH,4883.96,2023-02-08 08:55:55,0,
7070,ACCT_00277,ACCT_01472,CHECK,3964.72,2023-02-08 08:57:40,0,
7071,ACCT_01301,ACCT_00879,ACH,343.23,2023-02-08 09:17:36,0,
7072,ACCT_00898,ACCT_01790,ACH,3661.68,2023-02-08 09:25:43,0,
7073,ACCT_01964,ACCT_01326,TRANSFER,1833.12,2023-02-08 09:36:34,0,
7074,ACCT_01551,ACCT_01294,CASH,158.65,2023-02-08 09:47:12,0,
7075,ACCT_00533,ACCT_00981,WIRE,851.02,2023-02-08 09:56:19,0,
7076,ACCT_01322,ACCT_01168,TRANSFER,1807.07,2023-02-08 10:23:33,0,
7077,ACCT_00465,ACCT_00359,CASH,461.45,2023-02-08 10:53:57,0,
7078,ACCT_00054,ACCT_00343,ACH,1700.29,2023-02-08 10:57:00,0,
7079,ACCT_01974,ACCT_00785,CHECK,3586.27,2023-02-08 10:57:44,0,
7080,ACCT_01613,ACCT_00386,CHECK,2961.71,2023-02-08 11:00:52,0,
7081,ACCT_01342,ACCT_01121,CHECK,3153.61,2023-02-08 11:03:00,0,
7082,ACCT_01910,ACCT_00872,WIRE,929.34,2023-02-08 11:31:01,0,
7083,ACCT_00966,ACCT_00996,WIRE,2290.11,2023-02-08 11:40:52,0,
7084,ACCT_00381,ACCT_01017,CHECK,4542.26,2023-02-08 11:47:40,0,
7085,ACCT_01088,ACCT_00672,ACH,3990.03,2023-02-08 12:01:55,0,
7086,ACCT_01338,ACCT_00745,WIRE,3948.86,2023-02-08 12:09:17,0,
7087,ACCT_00382,ACCT_01550,CHECK,1018.72,2023-02-08 12:27:14,0,
7088,ACCT_01185,ACCT_00590,CASH,1252.66,2023-02-08 12:37:52,0,
7089,ACCT_00293,ACCT_01477,TRANSFER,1529.89,2023-02-08 12:41:22,0,
7090,ACCT_00162,ACCT_00001,TRANSFER,18043.93,2023-02-08 12:43:12,1,ALERT_0033
7091,ACCT_00552,ACCT_00469,CASH,2365.19,2023-02-08 12:44:11,0,
7092,ACCT_00838,ACCT_01746,ACH,2215.57,2023-02-08 12:45:35,0,
7093,ACCT_01301,ACCT_01841,ACH,2618.01,2023-02-08 12:48:16,0,
7094,ACCT_01600,ACCT_01671,WIRE,4225.15,2023-02-08 13:10:41,0,
7095,ACCT_00400,ACCT_00092,TRANSFER,1959.82,2023-02-08 13:12:54,0,
7096,ACCT_01525,ACCT_01669,TRANSFER,1119.57,2023-02-08 13:21:37,0,
7097,ACCT_01133,ACCT_01752,WIRE,441.51,2023-02-08 13:31:53,0,
7098,ACCT_01924,ACCT_01908,CHECK,4934.49,2023-02-08 13:40:04,0,
7099,ACCT_00001,ACCT_01747,TRANSFER,3100.19,2023-02-08 13:44:21,0,
7100,ACCT_01153,ACCT_01140,ACH,2261.23,2023-02-08 13:47:11,0,
7101,ACCT_00523,ACCT_01913,TRANSFER,3480.13,2023-02-08 13:51:34,0,
7102,ACCT_01117,ACCT_01887,TRANSFER,3248.68,2023-02-08 13:53:27,0,
7103,ACCT_00911,ACCT_01692,CHECK,3298.58,2023-02-08 13:58:51,0,
7104,ACCT_01391,ACCT_00512,ACH,4255.38,2023-02-08 14:25:50,0,
7105,ACCT_00115,ACCT_00909,TRANSFER,1578.04,2023-02-08 14:31:17,0,
7106,ACCT_01681,ACCT_01465,ACH,3788.86,2023-02-08 14:33:14,0,
7107,ACCT_01472,ACCT_01806,WIRE,1532.89,2023-02-08 14:33:18,0,
7108,ACCT_01577,ACCT_01374,ACH,4587.06,2023-02-08 14:37:01,0,
7109,ACCT_01331,ACCT_00496,CHECK,4212.03,2023-02-08 14:50:40,0,
7110,ACCT_00798,ACCT_00196,CHECK,4804.09,2023-02-08 15:02:55,0,
7111,ACCT_00949,ACCT_00635,CHECK,2363.28,2023-02-08 15:10:58,0,
7112,ACCT_01700,ACCT_01193,CASH,3840.73,2023-02-08 15:17:00,0,
7113,ACCT_00626,ACCT_00260,CASH,3271.99,2023-02-08 15:21:16,0,
7114,ACCT_00726,ACCT_00220,CHECK,2909.36,2023-02-08 15:42:46,0,
7115,ACCT_01120,ACCT_00534,ACH,3409.79,2023-02-08 16:03:32,0,
7116,ACCT_01639,ACCT_01854,ACH,2821.19,2023-02-08 16:06:26,0,
7117,ACCT_01158,ACCT_00892,WIRE,1751.18,2023-02-08 16:09:24,0,
7118,ACCT_01508,ACCT_00264,ACH,4053.72,2023-02-08 16:10:58,0,
7119,ACCT_01915,ACCT_01647,CHECK,1886.55,2023-02-08 16:13:24,0,
7120,ACCT_01980,ACCT_01261,CASH,4137.96,2023-02-08 16:35:29,0,
7121,ACCT_01100,ACCT_00965,CHECK,518.22,2023-02-08 16:36:33,0,
7122,ACCT_01502,ACCT_01225,CASH,1684.32,2023-02-08 16:42:42,0,
7123,ACCT_01733,ACCT_01280,ACH,1611.18,2023-02-08 16:52:54,0,
7124,ACCT_01045,ACCT_00755,CHECK,1909.02,2023-02-08 17:00:04,0,
7125,ACCT_01585,ACCT_01602,WIRE,2675.59,2023-02-08 17:07:04,0,
7126,ACCT_01547,ACCT_01309,CHECK,2890.81,2023-02-08 17:07:26,0,
7127,ACCT_00532,ACCT_00302,WIRE,2389.52,2023-02-08 17:08:18,0,
7128,ACCT_01998,ACCT_00288,CASH,2577.25,2023-02-08 17:18:14,0,
7129,ACCT_01015,ACCT_00824,CASH,3478.91,2023-02-08 17:24:31,0,
7130,ACCT_01341,ACCT_00079,WIRE,3425.36,2023-02-08 17:24:57,0,
7131,ACCT_01398,ACCT_00273,WIRE,2831.96,2023-02-08 17:27:35,0,
7132,ACCT_00476,ACCT_01223,CASH,2122.08,2023-02-08 17:28:30,0,
7133,ACCT_01901,ACCT_01348,CHECK,3499.78,2023-02-08 17:29:39,0,
7134,ACCT_00228,ACCT_01588,CHECK,653.26,2023-02-08 17:34:06,0,
7135,ACCT_01168,ACCT_01537,WIRE,1772.99,2023-02-08 17:34:36,0,
7136,ACCT_01033,ACCT_00227,ACH,1660.81,2023-02-08 17:44:12,0,
7137,ACCT_01741,ACCT_01607,WIRE,2789.84,2023-02-08 17:46:01,0,
7138,ACCT_00019,ACCT_00325,CASH,2508.19,2023-02-08 17:54:14,0,
7139,ACCT_00720,ACCT_00064,CASH,3506.15,2023-02-08 18:04:07,0,
7140,ACCT_01911,ACCT_00544,TRANSFER,3946.39,2023-02-08 18:39:03,0,
7141,ACCT_00654,ACCT_01428,CASH,1740.12,2023-02-08 18:42:26,0,
7142,ACCT_00447,ACCT_00209,WIRE,3510.57,2023-02-08 18:48:03,0,
7143,ACCT_00460,ACCT_01462,WIRE,960.82,2023-02-08 18:53:29,0,
7144,ACCT_01558,ACCT_00885,CASH,481.89,2023-02-08 18:59:32,0,
7145,ACCT_01016,ACCT_00372,CHECK,933.29,2023-02-08 19:20:25,0,
7146,ACCT_00950,ACCT_01349,CHECK,3920.79,2023-02-08 19:34:49,0,
7147,ACCT_00922,ACCT_01104,CHECK,1404.9,2023-02-08 19:36:00,0,
7148,ACCT_01245,ACCT_00576,CHECK,4570.85,2023-02-08 19:40:31,0,
7149,ACCT_01766,ACCT_01434,TRANSFER,459.34,2023-02-08 19:43:00,0,
7150,ACCT_00772,ACCT_01183,WIRE,4265.53,2023-02-08 20:04:03,0,
7151,ACCT_00626,ACCT_00025,TRANSFER,4290.61,2023-02-08 20:16:50,0,
7152,ACCT_01504,ACCT_01858,ACH,655.31,2023-02-08 20:20:28,0,
7153,ACCT_00973,ACCT_00168,WIRE,3208.36,2023-02-08 20:29:03,0,
7154,ACCT_01232,ACCT_01810,CHECK,2764.77,2023-02-08 20:30:48,0,
7155,ACCT_00926,ACCT_00110,CASH,394.88,2023-02-08 20:39:41,0,
7156,ACCT_01320,ACCT_00460,CHECK,1012.61,2023-02-08 20:57:20,0,
7157,ACCT_01387,ACCT_01202,CASH,2507.21,2023-02-08 21:07:12,0,
7158,ACCT_00263,ACCT_01585,CHECK,4202.2,2023-02-08 21:07:47,0,
7159,ACCT_00596,ACCT_01159,CHECK,3456.06,2023-02-08 21:27:33,0,
7160,ACCT_01770,ACCT_00946,CASH,4293.77,2023-02-08 21:27:52,0,
7161,ACCT_01484,ACCT_00075,CHECK,1944.07,2023-02-08 21:59:42,0,
7162,ACCT_00135,ACCT_00976,TRANSFER,3599.89,2023-02-08 22:01:28,0,
7163,ACCT_00769,ACCT_01589,TRANSFER,3890.88,2023-02-08 22:05:14,0,
7164,ACCT_00234,ACCT_01486,TRANSFER,1894.32,2023-02-08 22:06:44,0,
7165,ACCT_00212,ACCT_00182,ACH,4799.07,2023-02-08 22:17:30,0,
7166,ACCT_00030,ACCT_01680,CASH,1580.59,2023-02-08 22:23:33,0,
7167,ACCT_00549,ACCT_01643,TRANSFER,4641.41,2023-02-08 22:28:17,0,
7168,ACCT_01810,ACCT_01493,TRANSFER,4180.6,2023-02-08 22:31:44,0,
7169,ACCT_01671,ACCT_01152,CASH,4517.03,2023-02-08 22:34:16,0,
7170,ACCT_00196,ACCT_01084,CASH,3505.27,2023-02-08 22:37:48,0,
7171,ACCT_01027,ACCT_00644,ACH,1878.07,2023-02-08 22:38:28,0,
7172,ACCT_00973,ACCT_00310,CHECK,4914.99,2023-02-08 22:47:38,0,
7173,ACCT_01738,ACCT_00434,TRANSFER,3103.81,2023-02-08 22:57:31,0,
7174,ACCT_00321,ACCT_00727,CASH,3790.71,2023-02-08 23:34:31,0,
7175,ACCT_01867,ACCT_00135,CASH,2461.8,2023-02-08 23:35:10,0,
7176,ACCT_00136,ACCT_00350,ACH,4596.36,2023-02-08 23:40:31,0,
7177,ACCT_01493,ACCT_00882,ACH,3455.64,2023-02-08 23:50:32,0,
7178,ACCT_00219,ACCT_00938,TRANSFER,4362.19,2023-02-08 23:51:35,0,
7179,ACCT_01677,ACCT_00019,TRANSFER,2904.19,2023-02-08 23:58:46,0,
7180,ACCT_00615,ACCT_00210,ACH,1445.62,2023-02-09 00:03:34,0,
7181,ACCT_00311,ACCT_00237,WIRE,795.45,2023-02-09 00:04:09,0,
7182,ACCT_00982,ACCT_00596,TRANSFER,1612.09,2023-02-09 00:09:08,0,
7183,ACCT_00938,ACCT_01010,TRANSFER,4230.73,2023-02-09 00:13:46,0,
7184,ACCT_00486,ACCT_00904,CASH,1405.49,2023-02-09 00:15:05,0,
7185,ACCT_01537,ACCT_00930,CHECK,3129.26,2023-02-09 00:19:37,0,
7186,ACCT_01483,ACCT_00001,ACH,31770.06,2023-02-09 00:21:33,1,ALERT_0033
7187,ACCT_00030,ACCT_01557,ACH,1069.67,2023-02-09 00:29:20,0,
7188,ACCT_01837,ACCT_00172,CASH,3011.98,2023-02-09 00:32:43,0,
7189,ACCT_01850,ACCT_01943,CASH,4162.04,2023-02-09 01:03:28,0,
7190,ACCT_00569,ACCT_01502,ACH,405.93,2023-02-09 01:05:57,0,
7191,ACCT_00828,ACCT_01461,WIRE,1163.13,2023-02-09 01:09:17,0,
7192,ACCT_00264,ACCT_00662,TRANSFER,628.34,2023-02-09 01:09:24,0,
7193,ACCT_00619,ACCT_01837,CASH,2515.41,2023-02-09 01:10:43,0,
7194,ACCT_00847,ACCT_01079,TRANSFER,2858.28,2023-02-09 01:14:21,0,
7195,ACCT_01340,ACCT_01360,CASH,3203.62,2023-02-09 01:36:30,0,
7196,ACCT_01230,ACCT_00117,CASH,814.54,2023-02-09 01:42:31,0,
7197,ACCT_01797,ACCT_01692,TRANSFER,3998.57,2023-02-09 01:57:50,0,
7198,ACCT_00333,ACCT_00309,ACH,414.99,2023-02-09 02:07:30,0,
7199,ACCT_00723,ACCT_01180,TRANSFER,1381.11,2023-02-09 02:27:08,0,
7200,ACCT_00942,ACCT_01613,CASH,4392.11,2023-02-09 02:44:59,0,
7201,ACCT_00070,ACCT_00661,TRANSFER,3151.07,2023-02-09 02:52:31,0,
7202,ACCT_00991,ACCT_01757,CASH,946.86,2023-02-09 03:05:16,0,
7203,ACCT_00260,ACCT_00795,CASH,3868.44,2023-02-09 03:15:07,0,
7204,ACCT_00202,ACCT_01043,CHECK,2398.79,2023-02-09 03:18:41,0,
7205,ACCT_01533,ACCT_00249,WIRE,994.86,2023-02-09 03:19:44,0,
7206,ACCT_00467,ACCT_00201,WIRE,3691.36,2023-02-09 03:28:37,0,
7207,ACCT_00179,ACCT_01120,TRANSFER,4901.8,2023-02-09 03:41:45,0,
7208,ACCT_00718,ACCT_01443,CASH,4641.1,2023-02-09 03:43:20,0,
7209,ACCT_01966,ACCT_00795,CHECK,1416.03,2023-02-09 03:50:00,0,
7210,ACCT_00286,ACCT_01615,CASH,1913.47,2023-02-09 03:52:13,0,
7211,ACCT_00799,ACCT_00972,CASH,734.3,2023-02-09 03:53:59,0,
7212,ACCT_00164,ACCT_01663,ACH,4676.69,2023-02-09 03:55:28,0,
7213,ACCT_01761,ACCT_01390,WIRE,3825.8,2023-02-09 03:58:01,0,
7214,ACCT_00200,ACCT_01649,TRANSFER,721.69,2023-02-09 04:05:38,0,
7215,ACCT_01336,ACCT_01355,WIRE,4266.01,2023-02-09 04:22:20,0,
7216,ACCT_01194,ACCT_01436,CASH,4841.91,2023-02-09 04:32:33,0,
7217,ACCT_00241,ACCT_00329,WIRE,939.22,2023-02-09 04:37:09,0,
7218,ACCT_00681,ACCT_01067,CASH,3056.52,2023-02-09 04:41:04,0,
7219,ACCT_00241,ACCT_01516,CASH,1024.9,2023-02-09 04:57:49,0,
7220,ACCT_00448,ACCT_01346,CASH,1510.82,2023-02-09 04:58:08,0,
7221,ACCT_01398,ACCT_01760,WIRE,2699.2,2023-02-09 04:59:48,0,
7222,ACCT_01655,ACCT_00543,CASH,4833.93,2023-02-09 05:03:08,0,
7223,ACCT_00939,ACCT_00176,TRANSFER,2349.72,2023-02-09 05:09:32,0,
7224,ACCT_00086,ACCT_00464,TRANSFER,4189.61,2023-02-09 05:12:23,0,
7225,ACCT_01073,ACCT_00636,CASH,725.04,2023-02-09 05:32:34,0,
7226,ACCT_01429,ACCT_00526,CHECK,4235.55,2023-02-09 05:33:36,0,
7227,ACCT_01828,ACCT_00382,CASH,1711.51,2023-02-09 05:43:43,0,
7228,ACCT_00711,ACCT_01711,WIRE,4770.93,2023-02-09 05:46:01,0,
7229,ACCT_00228,ACCT_01646,ACH,4191.0,2023-02-09 05:51:08,0,
7230,ACCT_00953,ACCT_01863,CHECK,4436.36,2023-02-09 05:52:54,0,
7231,ACCT_01142,ACCT_00974,CASH,134.86,2023-02-09 05:53:19,0,
7232,ACCT_01329,ACCT_00332,CASH,1498.27,2023-02-09 05:58:52,0,
7233,ACCT_01967,ACCT_00323,CASH,3939.8,2023-02-09 06:07:27,0,
7234,ACCT_00737,ACCT_01311,ACH,1144.68,2023-02-09 06:11:20,0,
7235,ACCT_00776,ACCT_01251,TRANSFER,4876.77,2023-02-09 06:55:25,0,
7236,ACCT_01692,ACCT_01894,CHECK,793.27,2023-02-09 07:12:33,0,
7237,ACCT_01968,ACCT_01594,CASH,420.02,2023-02-09 07:19:11,0,
7238,ACCT_01624,ACCT_01924,CASH,2262.93,2023-02-09 07:23:10,0,
7239,ACCT_00402,ACCT_00524,CASH,893.49,2023-02-09 07:33:35,0,
7240,ACCT_00571,ACCT_01392,TRANSFER,4854.78,2023-02-09 07:36:00,0,
7241,ACCT_01144,ACCT_00062,CASH,703.36,2023-02-09 07:39:00,0,
7242,ACCT_01998,ACCT_01099,CHECK,1776.14,2023-02-09 07:55:05,0,
7243,ACCT_01561,ACCT_01995,TRANSFER,3086.19,2023-02-09 08:26:42,0,
7244,ACCT_01005,ACCT_00877,WIRE,3780.29,2023-02-09 08:30:28,0,
7245,ACCT_00699,ACCT_01993,CHECK,3712.95,2023-02-09 08:32:18,0,
7246,ACCT_00612,ACCT_01992,CASH,3771.06,2023-02-09 08:37:54,0,
7247,ACCT_01583,ACCT_01097,CHECK,4636.97,2023-02-09 08:42:09,0,
7248,ACCT_00129,ACCT_00516,CASH,4671.46,2023-02-09 08:43:53,0,
7249,ACCT_00339,ACCT_00544,WIRE,1497.87,2023-02-09 08:51:16,0,
7250,ACCT_00994,ACCT_01239,WIRE,31.46,2023-02-09 08:58:11,0,
7251,ACCT_00519,ACCT_00685,ACH,3405.53,2023-02-09 09:02:54,0,
7252,ACCT_01155,ACCT_00667,CASH,1409.64,2023-02-09 09:18:14,0,
7253,ACCT_01775,ACCT_00864,WIRE,3755.96,2023-02-09 09:52:52,0,
7254,ACCT_01176,ACCT_00446,CASH,619.37,2023-02-09 10:10:06,0,
7255,ACCT_00358,ACCT_00940,WIRE,3100.8,2023-02-09 10:31:12,0,
7256,ACCT_01022,ACCT_01761,WIRE,1622.31,2023-02-09 10:33:16,0,
7257,ACCT_01531,ACCT_01631,CHECK,4200.78,2023-02-09 10:33:29,0,
7258,ACCT_01962,ACCT_01998,CHECK,1677.07,2023-02-09 10:34:26,0,
7259,ACCT_01709,ACCT_00515,WIRE,1975.43,2023-02-09 10:40:35,0,
7260,ACCT_01350,ACCT_00321,WIRE,42747.3,2023-02-09 10:41:44,1,ALERT_0049
7261,ACCT_01653,ACCT_00005,TRANSFER,3881.72,2023-02-09 10:47:25,0,
7262,ACCT_01002,ACCT_01128,ACH,1646.06,2023-02-09 10:58:13,0,
7263,ACCT_00849,ACCT_01739,CHECK,665.55,2023-02-09 10:59:10,0,
7264,ACCT_01204,ACCT_01142,ACH,948.01,2023-02-09 11:03:37,0,
7265,ACCT_00065,ACCT_00557,CHECK,443.12,2023-02-09 11:12:45,0,
7266,ACCT_00390,ACCT_01372,CASH,3417.19,2023-02-09 11:19:39,0,
7267,ACCT_01010,ACCT_01481,ACH,2323.57,2023-02-09 11:23:53,0,
7268,ACCT_00547,ACCT_01653,TRANSFER,1000.04,2023-02-09 11:28:04,0,
7269,ACCT_00792,ACCT_01879,TRANSFER,4300.14,2023-02-09 11:38:48,0,
7270,ACCT_00465,ACCT_01315,ACH,1300.9,2023-02-09 11:43:53,0,
7271,ACCT_00875,ACCT_01300,WIRE,808.19,2023-02-09 11:51:36,0,
7272,ACCT_00827,ACCT_01541,TRANSFER,1566.34,2023-02-09 12:12:05,0,
7273,ACCT_00163,ACCT_00361,WIRE,1323.68,2023-02-09 12:25:50,0,
7274,ACCT_01701,ACCT_00287,ACH,4994.12,2023-02-09 12:32:29,0,
7275,ACCT_01376,ACCT_01142,WIRE,2522.28,2023-02-09 12:56:31,0,
7276,ACCT_00129,ACCT_00259,WIRE,3036.83,2023-02-09 12:57:25,0,
7277,ACCT_01848,ACCT_01283,CASH,1032.33,2023-02-09 12:58:31,0,
7278,ACCT_00002,ACCT_00103,CASH,697.22,2023-02-09 13:01:11,0,
7279,ACCT_00302,ACCT_00724,CASH,1137.16,2023-02-09 13:18:33,0,
7280,ACCT_01692,ACCT_01089,WIRE,4099.05,2023-02-09 13:19:43,0,
7281,ACCT_00235,ACCT_00821,WIRE,3650.87,2023-02-09 13:26:12,0,
7282,ACCT_01285,ACCT_00208,WIRE,1126.75,2023-02-09 13:27:14,0,
7283,ACCT_01653,ACCT_01273,CASH,3047.81,2023-02-09 13:28:08,0,
7284,ACCT_00552,ACCT_01542,CASH,461.42,2023-02-09 14:04:48,0,
7285,ACCT_01475,ACCT_01636,CASH,4204.41,2023-02-09 14:07:12,0,
7286,ACCT_00659,ACCT_00541,ACH,214.38,2023-02-09 14:12:57,0,
7287,ACCT_00563,ACCT_00179,CASH,16.53,2023-02-09 14:18:14,0,
7288,ACCT_01420,ACCT_00494,CHECK,3666.66,2023-02-09 14:38:41,0,
7289,ACCT_01427,ACCT_01028,WIRE,3074.26,2023-02-09 14:45:39,0,
7290,ACCT_01472,ACCT_01123,ACH,3522.4,2023-02-09 14:57:42,0,
7291,ACCT_01154,ACCT_00963,TRANSFER,1574.17,2023-02-09 15:11:11,0,
7292,ACCT_00369,ACCT_01781,TRANSFER,2350.18,2023-02-09 15:11:42,0,
7293,ACCT_01581,ACCT_01656,WIRE,536.1,2023-02-09 15:12:57,0,
7294,ACCT_00951,ACCT_00275,CHECK,2537.54,2023-02-09 15:24:59,0,
7295,ACCT_00532,ACCT_01912,ACH,4278.84,2023-02-09 15:29:00,0,
7296,ACCT_01962,ACCT_00335,WIRE,1470.44,2023-02-09 15:33:59,0,
7297,ACCT_00839,ACCT_01769,CHECK,393.35,2023-02-09 15:55:24,0,
7298,ACCT_01191,ACCT_00978,CHECK,500.37,2023-02-09 16:10:19,0,
7299,ACCT_00919,ACCT_01976,WIRE,3375.87,2023-02-09 16:29:06,0,
7300,ACCT_01498,ACCT_00358,CHECK,4995.71,2023-02-09 16:29:32,0,
7301,ACCT_00502,ACCT_01295,CASH,3592.02,2023-02-09 16:31:36,0,
7302,ACCT_01389,ACCT_01983,ACH,2762.84,2023-02-09 16:34:58,0,
7303,ACCT_00358,ACCT_00321,TRANSFER,6190.87,2023-02-09 16:44:25,1,ALERT_0049
7304,ACCT_01221,ACCT_00246,CHECK,4584.19,2023-02-09 16:51:49,0,
7305,ACCT_01681,ACCT_00394,TRANSFER,1110.63,2023-02-09 16:52:08,0,
7306,ACCT_00376,ACCT_01433,CASH,3946.01,2023-02-09 16:59:46,0,
7307,ACCT_00494,ACCT_01706,WIRE,3497.8,2023-02-09 17:04:02,0,
7308,ACCT_01792,ACCT_00163,WIRE,2893.42,2023-02-09 17:04:36,0,
7309,ACCT_01533,ACCT_01108,ACH,3386.36,2023-02-09 17:06:57,0,
7310,ACCT_00054,ACCT_01584,WIRE,3100.04,2023-02-09 17:28:45,0,
7311,ACCT_00723,ACCT_01494,CHECK,848.33,2023-02-09 17:33:24,0,
7312,ACCT_00891,ACCT_01179,ACH,1645.05,2023-02-09 17:34:43,0,
7313,ACCT_00287,ACCT_00725,CHECK,38.99,2023-02-09 18:15:44,0,
7314,ACCT_01015,ACCT_00741,ACH,3797.52,2023-02-09 18:30:23,0,
7315,ACCT_00157,ACCT_01959,ACH,4397.81,2023-02-09 18:35:02,0,
7316,ACCT_01379,ACCT_01937,TRANSFER,949.88,2023-02-09 18:41:50,0,
7317,ACCT_00247,ACCT_00085,ACH,4841.97,2023-02-09 18:45:52,0,
7318,ACCT_00998,ACCT_01794,CASH,749.36,2023-02-09 18:57:23,0,
7319,ACCT_01575,ACCT_00820,ACH,2222.79,2023-02-09 19:03:09,0,
7320,ACCT_00806,ACCT_01795,CHECK,4724.34,2023-02-09 19:05:19,0,
7321,ACCT_01163,ACCT_00848,CHECK,3845.44,2023-02-09 19:11:38,0,
7322,ACCT_00728,ACCT_01393,TRANSFER,2120.3,2023-02-09 19:16:22,0,
7323,ACCT_01813,ACCT_00417,CASH,1959.04,2023-02-09 19:18:09,0,
7324,ACCT_01920,ACCT_01214,TRANSFER,3598.97,2023-02-09 19:19:22,0,
7325,ACCT_01334,ACCT_00874,ACH,116.5,2023-02-09 19:24:37,0,
7326,ACCT_01322,ACCT_01961,CHECK,4659.82,2023-02-09 19:29:07,0,
7327,ACCT_00918,ACCT_01215,CHECK,4617.55,2023-02-09 19:35:54,0,
7328,ACCT_00910,ACCT_01081,TRANSFER,562.13,2023-02-09 19:45:52,0,
7329,ACCT_01388,ACCT_00282,CHECK,3277.8,2023-02-09 19:48:44,0,
7330,ACCT_01053,ACCT_00890,ACH,1959.46,2023-02-09 20:03:08,0,
7331,ACCT_01075,ACCT_01591,CHECK,805.8,2023-02-09 20:23:30,0,
7332,ACCT_00711,ACCT_01001,ACH,144.21,2023-02-09 20:26:06,0,
7333,ACCT_01228,ACCT_00101,TRANSFER,3313.57,2023-02-09 20:39:22,0,
7334,ACCT_01379,ACCT_00228,WIRE,4915.36,2023-02-09 20:56:37,0,
7335,ACCT_01163,ACCT_00854,TRANSFER,3237.19,2023-02-09 21:00:21,0,
7336,ACCT_01161,ACCT_00705,CASH,4939.2,2023-02-09 21:24:35,0,
7337,ACCT_00704,ACCT_00287,ACH,754.43,2023-02-09 21:49:14,0,
7338,ACCT_00991,ACCT_00321,WIRE,29523.02,2023-02-09 21:51:51,1,ALERT_0049
7339,ACCT_01747,ACCT_01413,ACH,3244.87,2023-02-09 22:01:27,0,
7340,ACCT_00736,ACCT_00825,ACH,3839.84,2023-02-09 22:11:17,0,
7341,ACCT_00289,ACCT_00069,ACH,1739.79,2023-02-09 22:13:19,0,
7342,ACCT_00505,ACCT_01574,CHECK,3387.77,2023-02-09 22:21:25,0,
7343,ACCT_01344,ACCT_01541,TRANSFER,420.52,2023-02-09 22:26:33,0,
7344,ACCT_00337,ACCT_00652,ACH,4488.73,2023-02-09 22:50:32,0,
7345,ACCT_01914,ACCT_00675,CASH,2772.05,2023-02-09 23:12:27,0,
7346,ACCT_00457,ACCT_01174,CASH,3387.38,2023-02-09 23:19:58,0,
7347,ACCT_00830,ACCT_00118,CHECK,923.37,2023-02-09 23:30:07,0,
7348,ACCT_00397,ACCT_00605,CASH,2449.41,2023-02-09 23:31:25,0,
7349,ACCT_01286,ACCT_01307,CHECK,287.59,2023-02-09 23:39:27,0,
7350,ACCT_01063,ACCT_01190,CHECK,3140.0,2023-02-09 23:41:32,0,
7351,ACCT_01698,ACCT_00547,CASH,4969.3,2023-02-09 23:51:29,0,
7352,ACCT_00158,ACCT_00191,TRANSFER,1584.13,2023-02-09 23:55:04,0,
7353,ACCT_00538,ACCT_01084,TRANSFER,2474.01,2023-02-10 00:05:07,0,
7354,ACCT_00840,ACCT_00925,TRANSFER,2064.35,2023-02-10 00:07:38,0,
7355,ACCT_01218,ACCT_01786,TRANSFER,1673.12,2023-02-10 00:19:14,0,
7356,ACCT_01542,ACCT_01447,TRANSFER,2857.49,2023-02-10 00:26:46,0,
7357,ACCT_01839,ACCT_01296,TRANSFER,2252.52,2023-02-10 00:36:20,0,
7358,ACCT_00088,ACCT_00379,TRANSFER,3331.79,2023-02-10 00:37:53,0,
7359,ACCT_00838,ACCT_00247,CASH,3218.67,2023-02-10 00:59:08,0,
7360,ACCT_00891,ACCT_00515,CASH,3087.93,2023-02-10 01:17:09,0,
7361,ACCT_00125,ACCT_01878,TRANSFER,1893.2,2023-02-10 01:17:25,0,
7362,ACCT_00785,ACCT_00211,WIRE,3509.09,2023-02-10 01:35:05,0,
7363,ACCT_01757,ACCT_00321,WIRE,37275.64,2023-02-10 01:37:22,1,ALERT_0049
7364,ACCT_01623,ACCT_01997,WIRE,4766.91,2023-02-10 01:46:58,0,
7365,ACCT_01109,ACCT_01097,CHECK,3948.54,2023-02-10 01:55:02,0,
7366,ACCT_01571,ACCT_00592,TRANSFER,754.97,2023-02-10 01:56:15,0,
7367,ACCT_00874,ACCT_00803,WIRE,3526.34,2023-02-10 02:34:40,0,
7368,ACCT_00715,ACCT_01658,ACH,144.23,2023-02-10 02:39:01,0,
7369,ACCT_00141,ACCT_00194,ACH,30.01,2023-02-10 02:42:52,0,
7370,ACCT_00317,ACCT_01229,CASH,2874.19,2023-02-10 02:45:06,0,
7371,ACCT_01448,ACCT_00639,WIRE,3518.21,2023-02-10 02:57:47,0,
7372,ACCT_00390,ACCT_00441,CASH,3505.93,2023-02-10 03:05:20,0,
7373,ACCT_01375,ACCT_01372,ACH,3289.09,2023-02-10 03:07:10,0,
7374,ACCT_00818,ACCT_01267,TRANSFER,2734.25,2023-02-10 03:09:10,0,
7375,ACCT_00178,ACCT_01452,TRANSFER,3523.36,2023-02-10 03:09:13,0,
7376,ACCT_00221,ACCT_00944,CHECK,3183.9,2023-02-10 03:23:53,0,
7377,ACCT_00809,ACCT_01375,CASH,669.87,2023-02-10 03:36:14,0,
7378,ACCT_01401,ACCT_00457,ACH,3980.86,2023-02-10 03:45:46,0,
7379,ACCT_01004,ACCT_01549,CHECK,1706.18,2023-02-10 03:51:38,0,
7380,ACCT_00142,ACCT_00118,CASH,3608.33,2023-02-10 03:52:42,0,
7381,ACCT_01405,ACCT_01277,CHECK,3462.6,2023-02-10 03:53:35,0,
7382,ACCT_01166,ACCT_01195,CHECK,892.83,2023-02-10 03:56:36,0,
7383,ACCT_01613,ACCT_01796,TRANSFER,2697.86,2023-02-10 03:58:40,0,
7384,ACCT_00734,ACCT_00365,WIRE,3574.92,2023-02-10 04:06:09,0,
7385,ACCT_01011,ACCT_00128,CASH,4372.09,2023-02-10 04:07:26,0,
7386,ACCT_01951,ACCT_00279,CASH,3345.46,2023-02-10 04:10:34,0,
7387,ACCT_01703,ACCT_01571,CASH,2692.81,2023-02-10 04:10:37,0,
7388,ACCT_01338,ACCT_01186,CHECK,2694.5,2023-02-10 04:11:20,0,
7389,ACCT_00072,ACCT_01092,WIRE,3425.35,2023-02-10 04:19:56,0,
7390,ACCT_01574,ACCT_01311,CHECK,1849.14,2023-02-10 04:29:09,0,
7391,ACCT_00319,ACCT_01709,WIRE,3583.85,2023-02-10 04:38:17,0,
7392,ACCT_00442,ACCT_00152,WIRE,2137.55,2023-02-10 04:39:07,0,
7393,ACCT_01577,ACCT_01683,ACH,4627.53,2023-02-10 04:42:10,0,
7394,ACCT_01674,ACCT_01444,CHECK,391.95,2023-02-10 04:45:55,0,
7395,ACCT_01552,ACCT_01344,CHECK,3700.57,2023-02-10 04:53:41,0,
7396,ACCT_00509,ACCT_00363,CHECK,1427.75,2023-02-10 05:15:49,0,
7397,ACCT_01988,ACCT_01793,CASH,3278.91,2023-02-10 05:20:25,0,
7398,ACCT_01795,ACCT_00220,TRANSFER,1210.41,2023-02-10 05:37:33,0,
7399,ACCT_00307,ACCT_00863,CHECK,4701.48,2023-02-10 05:47:13,0,
7400,ACCT_00985,ACCT_01952,TRANSFER,2200.51,2023-02-10 05:50:16,0,
7401,ACCT_01072,ACCT_00742,CHECK,4755.6,2023-02-10 05:50:21,0,
7402,ACCT_00252,ACCT_00220,WIRE,1419.49,2023-02-10 06:10:23,0,
7403,ACCT_01752,ACCT_00877,WIRE,4285.3,2023-02-10 06:20:06,0,
7404,ACCT_00942,ACCT_00366,CHECK,2354.64,2023-02-10 06:20:25,0,
7405,ACCT_01797,ACCT_01556,ACH,4875.88,2023-02-10 06:30:21,0,
7406,ACCT_01631,ACCT_00929,CHECK,2938.26,2023-02-10 06:30:27,0,
7407,ACCT_00463,ACCT_01701,WIRE,4285.87,2023-02-10 06:33:01,0,
7408,ACCT_01261,ACCT_01872,CHECK,769.8,2023-02-10 06:40:10,0,
7409,ACCT_00296,ACCT_00250,WIRE,1296.51,2023-02-10 06:56:39,0,
7410,ACCT_01391,ACCT_01583,WIRE,4593.48,2023-02-10 07:01:55,0,
7411,ACCT_01508,ACCT_01928,TRANSFER,2036.24,2023-02-10 07:18:19,0,
7412,ACCT_00620,ACCT_00107,ACH,3506.99,2023-02-10 07:20:43,0,
7413,ACCT_00995,ACCT_00719,CASH,4031.43,2023-02-10 07:26:33,0,
7414,ACCT_01163,ACCT_01159,CHECK,4904.77,2023-02-10 07:28:10,0,
7415,ACCT_01431,ACCT_01191,WIRE,1263.33,2023-02-10 07:28:39,0,
7416,ACCT_01365,ACCT_01871,CASH,4308.78,2023-02-10 07:29:04,0,
7417,ACCT_01147,ACCT_00919,ACH,3254.89,2023-02-10 07:30:32,0,
7418,ACCT_00034,ACCT_01413,TRANSFER,524.93,2023-02-10 07:35:57,0,
7419,ACCT_00640,ACCT_00292,WIRE,1262.41,2023-02-10 07:48:15,0,
7420,ACCT_00819,ACCT_00218,TRANSFER,3455.62,2023-02-10 08:00:00,0,
7421,ACCT_00135,ACCT_00575,CHECK,3280.03,2023-02-10 08:01:45,0,
7422,ACCT_00858,ACCT_00678,CHECK,4090.32,2023-02-10 08:05:42,0,
7423,ACCT_01924,ACCT_01504,CASH,80.79,2023-02-10 08:13:16,0,
7424,ACCT_00013,ACCT_01286,CHECK,2400.88,2023-02-10 08:35:52,0,
7425,ACCT_00556,ACCT_00705,WIRE,3111.26,2023-02-10 08:49:12,0,
7426,ACCT_00538,ACCT_00578,TRANSFER,93.27,2023-02-10 08:58:00,0,
7427,ACCT_01735,ACCT_00136,CASH,2444.75,2023-02-10 09:00:12,0,
7428,ACCT_01141,ACCT_00495,CASH,603.96,2023-02-10 09:13:13,0,
7429,ACCT_01598,ACCT_01198,CHECK,4505.15,2023-02-10 09:14:33,0,
7430,ACCT_01644,ACCT_01204,WIRE,3225.28,2023-02-10 09:17:13,0,
7431,ACCT_00007,ACCT_00690,TRANSFER,4742.04,2023-02-10 09:21:52,0,
7432,ACCT_00296,ACCT_00955,ACH,2623.25,2023-02-10 09:22:20,0,
7433,ACCT_01884,ACCT_00856,TRANSFER,4330.8,2023-02-10 09:31:57,0,
7434,ACCT_00068,ACCT_00179,CASH,2843.15,2023-02-10 09:35:29,0,
7435,ACCT_01916,ACCT_00274,CHECK,3868.57,2023-02-10 09:51:46,0,
7436,ACCT_01643,ACCT_00879,CHECK,4590.92,2023-02-10 09:54:37,0,
7437,ACCT_01625,ACCT_01612,CASH,473.65,2023-02-10 09:55:01,0,
7438,ACCT_01597,ACCT_01483,CHECK,2434.64,2023-02-10 10:17:06,0,
7439,ACCT_00830,ACCT_00562,WIRE,3577.52,2023-02-10 10:19:43,0,
7440,ACCT_01442,ACCT_01434,ACH,856.39,2023-02-10 10:24:16,0,
7441,ACCT_00436,ACCT_00778,CASH,1282.97,2023-02-10 10:45:05,0,
7442,ACCT_01694,ACCT_01438,CASH,4203.6,2023-02-10 10:46:13,0,
7443,ACCT_00767,ACCT_00103,TRANSFER,396.45,2023-02-10 10:50:08,0,
7444,ACCT_00884,ACCT_00099,TRANSFER,2714.79,2023-02-10 11:09:17,0,
7445,ACCT_01943,ACCT_00233,CASH,342.8,2023-02-10 11:18:08,0,
7446,ACCT_00321,ACCT_01380,WIRE,9412.05,2023-02-10 11:18:48,1,ALERT_0049
7447,ACCT_00678,ACCT_01265,TRANSFER,1048.06,2023-02-10 11:28:31,0,
7448,ACCT_01305,ACCT_00002,CASH,2386.45,2023-02-10 11:30:46,0,
7449,ACCT_01741,ACCT_00359,CHECK,1253.18,2023-02-10 11:57:42,0,
7450,ACCT_00167,ACCT_01083,CASH,1754.36,2023-02-10 12:11:41,0,
7451,ACCT_00692,ACCT_00433,CASH,3283.89,2023-02-10 12:14:08,0,
7452,ACCT_01736,ACCT_00262,CASH,321.43,2023-02-10 13:09:42,0,
7453,ACCT_01687,ACCT_00848,CHECK,1397.65,2023-02-10 13:09:42,0,
7454,ACCT_01829,ACCT_00170,WIRE,919.38,2023-02-10 13:12:22,0,
7455,ACCT_01633,ACCT_01468,TRANSFER,4115.48,2023-02-10 13:16:20,0,
7456,ACCT_00506,ACCT_00138,ACH,1252.35,2023-02-10 13:26:04,0,
7457,ACCT_01995,ACCT_00904,ACH,555.31,2023-02-10 13:28:16,0,
7458,ACCT_00637,ACCT_01661,ACH,422.39,2023-02-10 13:49:56,0,
7459,ACCT_00642,ACCT_01427,TRANSFER,2552.11,2023-02-10 13:52:01,0,
7460,ACCT_01183,ACCT_01626,CASH,3494.66,2023-02-10 14:00:15,0,
7461,ACCT_01758,ACCT_01342,WIRE,3457.0,2023-02-10 14:03:57,0,
7462,ACCT_00295,ACCT_01068,WIRE,3257.03,2023-02-10 14:05:19,0,
7463,ACCT_00848,ACCT_01719,CASH,696.95,2023-02-10 14:24:14,0,
7464,ACCT_01818,ACCT_01360,TRANSFER,4908.17,2023-02-10 14:25:42,0,
7465,ACCT_01482,ACCT_01144,ACH,4594.95,2023-02-10 14:34:39,0,
7466,ACCT_00971,ACCT_00865,TRANSFER,591.13,2023-02-10 14:36:30,0,
7467,ACCT_00015,ACCT_01407,CHECK,1411.01,2023-02-10 14:42:14,0,
7468,ACCT_01961,ACCT_01511,ACH,1912.43,2023-02-10 14:43:56,0,
7469,ACCT_01718,ACCT_01042,WIRE,146.48,2023-02-10 14:44:40,0,
7470,ACCT_01935,ACCT_00669,WIRE,4551.63,2023-02-10 14:45:30,0,
7471,ACCT_00672,ACCT_01471,TRANSFER,430.21,2023-02-10 14:59:29,0,
7472,ACCT_00519,ACCT_00498,TRANSFER,765.82,2023-02-10 15:04:52,0,
7473,ACCT_01881,ACCT_00450,ACH,646.54,2023-02-10 15:15:50,0,
7474,ACCT_00321,ACCT_01843,WIRE,43299.93,2023-02-10 15:26:21,1,ALERT_0049
7475,ACCT_00186,ACCT_00446,WIRE,4437.44,2023-02-10 15:30:59,0,
7476,ACCT_01842,ACCT_00191,ACH,4844.51,2023-02-10 15:51:08,0,
7477,ACCT_01032,ACCT_00461,CASH,3477.27,2023-02-10 16:06:35,0,
7478,ACCT_00771,ACCT_00742,CHECK,560.49,2023-02-10 16:19:25,0,
7479,ACCT_00444,ACCT_00257,CHECK,3319.88,2023-02-10 16:21:03,0,
7480,ACCT_01801,ACCT_01528,WIRE,1010.51,2023-02-10 16:24:21,0,
7481,ACCT_01027,ACCT_00659,CASH,78.13,2023-02-10 16:31:30,0,
7482,ACCT_00606,ACCT_01239,WIRE,4292.99,2023-02-10 16:35:31,0,
7483,ACCT_00268,ACCT_00030,WIRE,3166.98,2023-02-10 17:02:07,0,
7484,ACCT_00279,ACCT_01664,CASH,3929.63,2023-02-10 17:04:27,0,
7485,ACCT_01274,ACCT_00596,CHECK,2141.56,2023-02-10 17:05:13,0,
7486,ACCT_00287,ACCT_01240,CHECK,1967.63,2023-02-10 17:12:24,0,
7487,ACCT_00909,ACCT_01037,TRANSFER,3997.14,2023-02-10 17:21:08,0,
7488,ACCT_01295,ACCT_00088,CASH,2205.49,2023-02-10 17:28:25,0,
7489,ACCT_00818,ACCT_00138,CHECK,2577.83,2023-02-10 17:52:54,0,
7490,ACCT_00345,ACCT_00845,CASH,777.64,2023-02-10 18:13:33,0,
7491,ACCT_01218,ACCT_01052,WIRE,1572.13,2023-02-10 18:16:32,0,
7492,ACCT_01852,ACCT_01876,TRANSFER,2453.15,2023-02-10 18:16:55,0,
7493,ACCT_01348,ACCT_00573,WIRE,2170.4,2023-02-10 18:18:39,0,
7494,ACCT_01030,ACCT_00783,TRANSFER,2160.23,2023-02-10 18:25:13,0,
7495,ACCT_01820,ACCT_00771,CHECK,1317.35,2023-02-10 18:31:04,0,
7496,ACCT_01595,ACCT_00023,CHECK,2275.63,2023-02-10 18:32:22,0,
7497,ACCT_00851,ACCT_00385,WIRE,667.18,2023-02-10 18:48:11,0,
7498,ACCT_01218,ACCT_00260,CHECK,534.61,2023-02-10 18:52:19,0,
7499,ACCT_00939,ACCT_00895,WIRE,4376.18,2023-02-10 19:04:08,0,
7500,ACCT_00702,ACCT_00497,WIRE,2701.17,2023-02-10 19:09:45,0,
7501,ACCT_00321,ACCT_01313,TRANSFER,10680.76,2023-02-10 19:20:40,1,ALERT_0049
7502,ACCT_01138,ACCT_01858,CHECK,39.63,2023-02-10 19:23:50,0,
7503,ACCT_01486,ACCT_01353,WIRE,346.95,2023-02-10 19:27:24,0,
7504,ACCT_01346,ACCT_01270,CHECK,222.73,2023-02-10 19:37:23,0,
7505,ACCT_00835,ACCT_00303,WIRE,3624.53,2023-02-10 20:02:06,0,
7506,ACCT_01546,ACCT_01830,CASH,4614.27,2023-02-10 20:02:43,0,
7507,ACCT_00455,ACCT_01340,CHECK,1572.86,2023-02-10 20:02:57,0,
7508,ACCT_01952,ACCT_00704,TRANSFER,3717.09,2023-02-10 20:11:36,0,
7509,ACCT_00347,ACCT_01629,ACH,2887.03,2023-02-10 20:27:45,0,
7510,ACCT_01010,ACCT_01616,ACH,580.3,2023-02-10 20:30:09,0,
7511,ACCT_00095,ACCT_01600,CHECK,3442.13,2023-02-10 21:35:54,0,
7512,ACCT_01747,ACCT_00676,ACH,6476.54,2023-02-10 21:48:17,1,ALERT_0029
7513,ACCT_00437,ACCT_00630,TRANSFER,1821.07,2023-02-10 21:59:06,0,
7514,ACCT_00192,ACCT_01402,ACH,288.45,2023-02-10 22:02:32,0,
7515,ACCT_00958,ACCT_00811,WIRE,265.24,2023-02-10 22:07:01,0,
7516,ACCT_00734,ACCT_00121,CHECK,4056.43,2023-02-10 22:26:29,0,
7517,ACCT_00428,ACCT_01371,CASH,4225.03,2023-02-10 22:30:49,0,
7518,ACCT_00392,ACCT_00167,CHECK,230.06,2023-02-10 22:33:21,0,
7519,ACCT_01257,ACCT_00566,ACH,2633.3,2023-02-10 22:36:27,0,
7520,ACCT_01383,ACCT_01352,TRANSFER,3856.91,2023-02-10 22:38:02,0,
7521,ACCT_01075,ACCT_01610,TRANSFER,2616.05,2023-02-10 22:38:58,0,
7522,ACCT_01447,ACCT_01864,CHECK,3544.56,2023-02-10 22:45:05,0,
7523,ACCT_00065,ACCT_01110,CASH,4686.75,2023-02-10 22:51:29,0,
7524,ACCT_01174,ACCT_00622,TRANSFER,656.55,2023-02-10 22:52:55,0,
7525,ACCT_00774,ACCT_00291,WIRE,592.98,2023-02-10 22:58:26,0,
7526,ACCT_00064,ACCT_00415,CASH,375.14,2023-02-10 23:01:56,0,
7527,ACCT_01650,ACCT_01334,TRANSFER,3306.06,2023-02-10 23:02:52,0,
7528,ACCT_00579,ACCT_01405,ACH,1939.97,2023-02-10 23:03:37,0,
7529,ACCT_01963,ACCT_01795,ACH,883.01,2023-02-10 23:09:12,0,
7530,ACCT_00169,ACCT_01353,CHECK,1199.42,2023-02-10 23:15:33,0,
7531,ACCT_00333,ACCT_00215,CHECK,4381.77,2023-02-10 23:23:11,0,
7532,ACCT_01595,ACCT_00994,CHECK,1708.16,2023-02-10 23:39:03,0,
7533,ACCT_00216,ACCT_00343,TRANSFER,4355.64,2023-02-10 23:51:52,0,
7534,ACCT_00088,ACCT_01352,WIRE,4193.21,2023-02-10 23:53:40,0,
7535,ACCT_00770,ACCT_00617,TRANSFER,3913.37,2023-02-11 00:10:04,0,
7536,ACCT_00880,ACCT_01957,CASH,530.88,2023-02-11 00:10:25,0,
7537,ACCT_01107,ACCT_00781,CHECK,2924.16,2023-02-11 00:14:19,0,
7538,ACCT_00321,ACCT_00601,WIRE,16713.56,2023-02-11 00:19:59,1,ALERT_0049
7539,ACCT_00425,ACCT_00919,WIRE,585.09,2023-02-11 00:20:17,0,
7540,ACCT_01739,ACCT_00731,ACH,2856.5,2023-02-11 00:29:19,0,
7541,ACCT_00523,ACCT_00714,WIRE,1352.92,2023-02-11 00:31:35,0,
7542,ACCT_01319,ACCT_01605,ACH,4939.89,2023-02-11 00:34:28,0,
7543,ACCT_00793,ACCT_00464,TRANSFER,1404.88,2023-02-11 00:34:49,0,
7544,ACCT_01741,ACCT_01516,CASH,4144.89,2023-02-11 00:39:35,0,
7545,ACCT_01120,ACCT_01914,TRANSFER,4061.21,2023-02-11 00:54:32,0,
7546,ACCT_01274,ACCT_00996,CASH,401.45,2023-02-11 01:00:47,0,
7547,ACCT_01030,ACCT_01559,CHECK,4570.76,2023-02-11 01:14:50,0,
7548,ACCT_01663,ACCT_01757,CHECK,2838.03,2023-02-11 01:20:52,0,
7549,ACCT_00673,ACCT_01426,CHECK,4675.86,2023-02-11 01:21:16,0,
7550,ACCT_01087,ACCT_00333,CASH,1167.68,2023-02-11 01:27:35,0,
7551,ACCT_00862,ACCT_01970,CHECK,2311.81,2023-02-11 01:33:46,0,
7552,ACCT_00191,ACCT_00159,CHECK,4224.67,2023-02-11 01:44:11,0,
7553,ACCT_00136,ACCT_00452,TRANSFER,60.99,2023-02-11 01:54:16,0,
7554,ACCT_01848,ACCT_01786,CHECK,2209.24,2023-02-11 02:00:32,0,
7555,ACCT_00567,ACCT_00638,ACH,3776.65,2023-02-11 02:00:39,0,
7556,ACCT_00489,ACCT_00868,ACH,954.48,2023-02-11 02:06:20,0,
7557,ACCT_00605,ACCT_00470,CASH,1930.76,2023-02-11 02:06:54,0,
7558,ACCT_00779,ACCT_01159,WIRE,1061.47,2023-02-11 02:09:06,0,
7559,ACCT_01284,ACCT_00847,WIRE,3752.26,2023-02-11 02:11:07,0,
7560,ACCT_00230,ACCT_00767,TRANSFER,3891.17,2023-02-11 02:25:19,0,
7561,ACCT_01715,ACCT_00902,WIRE,4044.05,2023-02-11 02:40:39,0,
7562,ACCT_00904,ACCT_00566,CHECK,2157.26,2023-02-11 03:07:35,0,
7563,ACCT_01441,ACCT_01573,TRANSFER,3324.32,2023-02-11 03:18:24,0,
7564,ACCT_00243,ACCT_00504,ACH,4250.03,2023-02-11 03:32:30,0,
7565,ACCT_00770,ACCT_00182,TRANSFER,2053.21,2023-02-11 03:33:48,0,
7566,ACCT_01103,ACCT_00952,WIRE,3151.89,2023-02-11 03:50:23,0,
7567,ACCT_01164,ACCT_01243,ACH,2396.45,2023-02-11 03:56:29,0,
7568,ACCT_01341,ACCT_00676,WIRE,10033.22,2023-02-11 04:08:42,1,ALERT_0029
7569,ACCT_01957,ACCT_01353,CHECK,802.64,2023-02-11 04:18:55,0,
7570,ACCT_01392,ACCT_00624,CHECK,3591.78,2023-02-11 04:19:38,0,
7571,ACCT_01263,ACCT_01359,ACH,3090.86,2023-02-11 04:20:56,0,
7572,ACCT_01527,ACCT_01041,CHECK,2908.24,2023-02-11 04:29:50,0,
7573,ACCT_00843,ACCT_00881,TRANSFER,3160.18,2023-02-11 04:39:19,0,
7574,ACCT_01233,ACCT_00541,WIRE,4840.89,2023-02-11 04:43:39,0,
7575,ACCT_01986,ACCT_01034,TRANSFER,2481.06,2023-02-11 05:06:40,0,
7576,ACCT_00280,ACCT_01465,CHECK,986.62,2023-02-11 05:25:20,0,
7577,ACCT_01578,ACCT_00856,CHECK,860.26,2023-02-11 05:29:06,0,
7578,ACCT_01257,ACCT_01865,ACH,2349.06,2023-02-11 05:35:35,0,
7579,ACCT_01654,ACCT_01881,ACH,259.48,2023-02-11 05:38:14,0,
7580,ACCT_01709,ACCT_01104,TRANSFER,1382.76,2023-02-11 05:45:01,0,
7581,ACCT_00118,ACCT_01747,CASH,1201.7,2023-02-11 05:48:17,0,
7582,ACCT_01563,ACCT_01238,WIRE,11292.18,2023-02-11 05:56:31,1,ALERT_0051
7583,ACCT_00275,ACCT_00989,CASH,2032.78,2023-02-11 06:03:05,0,
7584,ACCT_01674,ACCT_00666,WIRE,944.43,2023-02-11 06:07:07,0,
7585,ACCT_00847,ACCT_01711,CHECK,925.86,2023-02-11 06:09:57,0,
7586,ACCT_00026,ACCT_00240,TRANSFER,3225.54,2023-02-11 06:14:00,0,
7587,ACCT_01222,ACCT_01237,CASH,3079.28,2023-02-11 06:18:36,0,
7588,ACCT_01936,ACCT_01021,CASH,2270.5,2023-02-11 06:21:22,0,
7589,ACCT_01681,ACCT_01777,WIRE,3403.61,2023-02-11 06:26:05,0,
7590,ACCT_01846,ACCT_01909,ACH,4495.89,2023-02-11 06:30:32,0,
7591,ACCT_00854,ACCT_00629,TRANSFER,4675.33,2023-02-11 06:44:59,0,
7592,ACCT_01160,ACCT_01906,CHECK,449.93,2023-02-11 07:27:07,0,
7593,ACCT_00467,ACCT_01460,WIRE,1400.0,2023-02-11 07:28:54,0,
7594,ACCT_01967,ACCT_01669,ACH,2531.03,2023-02-11 07:29:43,0,
7595,ACCT_00101,ACCT_01826,ACH,1467.97,2023-02-11 07:33:15,0,
7596,ACCT_01019,ACCT_01238,TRANSFER,37979.84,2023-02-11 07:34:22,1,ALERT_0051
7597,ACCT_00072,ACCT_01482,TRANSFER,4781.49,2023-02-11 07:34:50,0,
7598,ACCT_00760,ACCT_00199,TRANSFER,1289.72,2023-02-11 07:39:35,0,
7599,ACCT_01394,ACCT_00337,TRANSFER,1723.83,2023-02-11 07:45:45,0,
7600,ACCT_01805,ACCT_01688,WIRE,1693.6,2023-02-11 07:52:04,0,
7601,ACCT_01741,ACCT_01144,CASH,96.19,2023-02-11 07:52:54,0,
7602,ACCT_00051,ACCT_00650,TRANSFER,4622.15,2023-02-11 07:55:56,0,
7603,ACCT_01963,ACCT_00213,CHECK,3608.08,2023-02-11 08:21:32,0,
7604,ACCT_01510,ACCT_00187,CASH,3235.03,2023-02-11 08:24:27,0,
7605,ACCT_00067,ACCT_01922,TRANSFER,1057.18,2023-02-11 08:30:08,0,
7606,ACCT_01177,ACCT_01646,WIRE,3803.6,2023-02-11 08:34:00,0,
7607,ACCT_01771,ACCT_00963,WIRE,2520.46,2023-02-11 09:06:20,0,
7608,ACCT_00444,ACCT_01610,CHECK,3330.67,2023-02-11 09:12:21,0,
7609,ACCT_01706,ACCT_01238,TRANSFER,46546.64,2023-02-11 09:24:38,1,ALERT_0051
7610,ACCT_01351,ACCT_01126,CHECK,160.12,2023-02-11 09:32:48,0,
7611,ACCT_00780,ACCT_01293,ACH,4062.74,2023-02-11 09:41:37,0,
7612,ACCT_01184,ACCT_01717,ACH,1499.22,2023-02-11 10:00:55,0,
7613,ACCT_01078,ACCT_01571,ACH,911.04,2023-02-11 10:02:46,0,
7614,ACCT_01710,ACCT_01649,WIRE,4314.42,2023-02-11 10:03:35,0,
7615,ACCT_01292,ACCT_01938,CASH,503.03,2023-02-11 10:19:23,0,
7616,ACCT_01715,ACCT_01924,ACH,507.45,2023-02-11 10:26:35,0,
7617,ACCT_00497,ACCT_00865,CASH,2041.55,2023-02-11 10:48:41,0,
7618,ACCT_00697,ACCT_01092,CASH,1989.82,2023-02-11 10:57:32,0,
7619,ACCT_00796,ACCT_00502,TRANSFER,262.8,2023-02-11 11:04:05,0,
7620,ACCT_01426,ACCT_00702,TRANSFER,1077.01,2023-02-11 11:04:32,0,
7621,ACCT_00491,ACCT_00359,CHECK,4686.33,2023-02-11 11:05:47,0,
7622,ACCT_01507,ACCT_00506,WIRE,2393.85,2023-02-11 11:11:09,0,
7623,ACCT_00529,ACCT_00447,CHECK,1311.62,2023-02-11 11:40:22,0,
7624,ACCT_01510,ACCT_00853,CHECK,4482.98,2023-02-11 11:47:05,0,
7625,ACCT_01855,ACCT_00986,WIRE,2656.27,2023-02-11 11:54:30,0,
7626,ACCT_01024,ACCT_00209,ACH,3958.39,2023-02-11 12:00:06,0,
7627,ACCT_00360,ACCT_00398,CASH,4170.79,2023-02-11 12:03:43,0,
7628,ACCT_00092,ACCT_01118,TRANSFER,3328.89,2023-02-11 12:09:19,0,
7629,ACCT_00664,ACCT_00206,CHECK,3074.45,2023-02-11 12:11:11,0,
7630,ACCT_00176,ACCT_00370,TRANSFER,4588.13,2023-02-11 12:17:24,0,
7631,ACCT_01675,ACCT_00406,ACH,401.94,2023-02-11 12:36:24,0,
7632,ACCT_01510,ACCT_01007,WIRE,2782.82,2023-02-11 12:40:51,0,
7633,ACCT_01512,ACCT_01293,ACH,1974.17,2023-02-11 12:54:03,0,
7634,ACCT_00950,ACCT_01873,ACH,2863.77,2023-02-11 12:56:12,0,
7635,ACCT_01496,ACCT_00628,CHECK,2248.9,2023-02-11 13:10:55,0,
7636,ACCT_00999,ACCT_00791,ACH,3479.3,2023-02-11 13:19:49,0,
7637,ACCT_01048,ACCT_00530,CASH,2105.35,2023-02-11 13:33:14,0,
7638,ACCT_01550,ACCT_00386,CHECK,4037.26,2023-02-11 13:34:37,0,
7639,ACCT_01927,ACCT_00399,ACH,4802.77,2023-02-11 13:40:22,0,
7640,ACCT_00571,ACCT_01342,WIRE,3658.4,2023-02-11 14:31:08,0,
7641,ACCT_00929,ACCT_00089,TRANSFER,3704.68,2023-02-11 14:51:00,0,
7642,ACCT_00311,ACCT_01520,WIRE,1831.69,2023-02-11 14:57:03,0,
7643,ACCT_00949,ACCT_00563,ACH,1947.01,2023-02-11 14:58:44,0,
7644,ACCT_01097,ACCT_01429,TRANSFER,2867.71,2023-02-11 15:18:59,0,
7645,ACCT_01323,ACCT_01201,WIRE,531.39,2023-02-11 15:20:11,0,
7646,ACCT_00685,ACCT_01237,ACH,1741.65,2023-02-11 15:22:49,0,
7647,ACCT_00427,ACCT_01704,CASH,3899.64,2023-02-11 15:23:18,0,
7648,ACCT_01889,ACCT_00708,TRANSFER,1216.03,2023-02-11 15:24:22,0,
7649,ACCT_00715,ACCT_00838,CHECK,3697.04,2023-02-11 15:31:32,0,
7650,ACCT_01675,ACCT_00391,WIRE,3526.25,2023-02-11 15:32:26,0,
7651,ACCT_00915,ACCT_00279,CASH,3311.97,2023-02-11 15:34:23,0,
7652,ACCT_01101,ACCT_01876,CHECK,2073.96,2023-02-11 15:43:29,0,
7653,ACCT_00758,ACCT_01134,WIRE,2198.92,2023-02-11 15:43:46,0,
7654,ACCT_01085,ACCT_01151,CHECK,4267.55,2023-02-11 15:53:45,0,
7655,ACCT_01598,ACCT_00472,ACH,4220.34,2023-02-11 16:15:30,0,
7656,ACCT_00262,ACCT_01023,CASH,3741.64,2023-02-11 16:20:09,0,
7657,ACCT_00671,ACCT_01996,TRANSFER,467.04,2023-02-11 16:28:57,0,
7658,ACCT_01322,ACCT_01498,WIRE,3470.14,2023-02-11 16:34:55,0,
7659,ACCT_01411,ACCT_00755,TRANSFER,3258.02,2023-02-11 16:38:24,0,
7660,ACCT_01481,ACCT_01832,CHECK,4606.53,2023-02-11 16:39:32,0,
7661,ACCT_01120,ACCT_01319,TRANSFER,3931.51,2023-02-11 16:44:03,0,
7662,ACCT_01055,ACCT_01145,CHECK,2658.91,2023-02-11 16:53:08,0,
7663,ACCT_01370,ACCT_01238,TRANSFER,35898.86,2023-02-11 16:57:39,1,ALERT_0051
7664,ACCT_01151,ACCT_01519,WIRE,3310.14,2023-02-11 16:58:31,0,
7665,ACCT_00794,ACCT_01215,ACH,4512.95,2023-02-11 17:07:49,0,
7666,ACCT_01116,ACCT_01473,CHECK,2019.88,2023-02-11 17:16:25,0,
7667,ACCT_01125,ACCT_00538,TRANSFER,465.14,2023-02-11 17:18:45,0,
7668,ACCT_01187,ACCT_01776,TRANSFER,563.55,2023-02-11 17:22:29,0,
7669,ACCT_00957,ACCT_00894,TRANSFER,4976.06,2023-02-11 17:22:58,0,
7670,ACCT_01975,ACCT_01978,CASH,2579.35,2023-02-11 17:37:36,0,
7671,ACCT_00671,ACCT_00890,ACH,1119.81,2023-02-11 17:40:41,0,
7672,ACCT_01101,ACCT_01032,ACH,4823.27,2023-02-11 18:01:39,0,
7673,ACCT_01216,ACCT_01713,TRANSFER,4668.49,2023-02-11 18:04:44,0,
7674,ACCT_00287,ACCT_00543,CASH,29.51,2023-02-11 18:06:09,0,
7675,ACCT_01810,ACCT_00463,CASH,3147.82,2023-02-11 18:06:35,0,
7676,ACCT_00112,ACCT_01824,CHECK,733.26,2023-02-11 18:07:05,0,
7677,ACCT_00088,ACCT_01628,CHECK,896.53,2023-02-11 18:18:50,0,
7678,ACCT_01041,ACCT_00063,TRANSFER,4852.84,2023-02-11 18:19:18,0,
7679,ACCT_01956,ACCT_00142,CASH,4354.07,2023-02-11 18:44:33,0,
7680,ACCT_01256,ACCT_01885,CASH,4689.71,2023-02-11 18:53:41,0,
7681,ACCT_00368,ACCT_01712,WIRE,157.14,2023-02-11 19:07:56,0,
7682,ACCT_01020,ACCT_00615,WIRE,4135.29,2023-02-11 19:28:31,0,
7683,ACCT_00610,ACCT_01325,ACH,4110.34,2023-02-11 19:36:06,0,
7684,ACCT_00560,ACCT_01238,TRANSFER,16633.27,2023-02-11 19:59:22,1,ALERT_0051
7685,ACCT_01575,ACCT_00720,CHECK,1073.2,2023-02-11 20:04:20,0,
7686,ACCT_01515,ACCT_00406,TRANSFER,2862.55,2023-02-11 20:05:28,0,
7687,ACCT_00033,ACCT_00595,ACH,1801.84,2023-02-11 20:18:20,0,
7688,ACCT_01423,ACCT_01337,WIRE,289.89,2023-02-11 20:21:51,0,
7689,ACCT_00194,ACCT_00518,ACH,1705.69,2023-02-11 20:29:56,0,
7690,ACCT_00668,ACCT_01452,CASH,408.73,2023-02-11 20:29:58,0,
7691,ACCT_00246,ACCT_00619,WIRE,1321.0,2023-02-11 20:32:08,0,
7692,ACCT_01469,ACCT_00899,CHECK,1802.28,2023-02-11 20:47:49,0,
7693,ACCT_01261,ACCT_00165,ACH,4083.84,2023-02-11 20:55:40,0,
7694,ACCT_01339,ACCT_01446,CHECK,2095.67,2023-02-11 20:56:12,0,
7695,ACCT_01564,ACCT_01776,TRANSFER,4541.4,2023-02-11 20:58:14,0,
7696,ACCT_01920,ACCT_00272,CASH,1795.82,2023-02-11 21:03:35,0,
7697,ACCT_00340,ACCT_01301,ACH,1139.02,2023-02-11 21:06:02,0,
7698,ACCT_01225,ACCT_00223,CHECK,702.09,2023-02-11 21:12:27,0,
7699,ACCT_00809,ACCT_00057,WIRE,3361.56,2023-02-11 21:14:32,0,
7700,ACCT_01292,ACCT_01646,CASH,484.44,2023-02-11 21:21:35,0,
7701,ACCT_01674,ACCT_01403,CASH,4663.66,2023-02-11 21:26:26,0,
7702,ACCT_00660,ACCT_00463,CHECK,196.88,2023-02-11 21:30:09,0,
7703,ACCT_01696,ACCT_00306,CASH,2858.96,2023-02-11 21:54:26,0,
7704,ACCT_00379,ACCT_01458,TRANSFER,4348.83,2023-02-11 21:55:23,0,
7705,ACCT_00248,ACCT_01069,ACH,4748.88,2023-02-11 22:04:48,0,
7706,ACCT_00577,ACCT_00606,TRANSFER,3795.83,2023-02-11 22:08:49,0,
7707,ACCT_01630,ACCT_01417,CASH,4360.98,2023-02-11 22:19:20,0,
7708,ACCT_01736,ACCT_00857,CHECK,4675.39,2023-02-11 22:25:58,0,
7709,ACCT_00100,ACCT_01877,CHECK,1055.45,2023-02-11 22:33:26,0,
7710,ACCT_01571,ACCT_00700,CASH,3677.37,2023-02-11 22:33:53,0,
7711,ACCT_01951,ACCT_01397,TRANSFER,4402.65,2023-02-11 22:36:23,0,
7712,ACCT_01883,ACCT_00479,CASH,4089.69,2023-02-11 22:44:27,0,
7713,ACCT_01409,ACCT_00645,TRANSFER,2172.55,2023-02-11 22:57:26,0,
7714,ACCT_00732,ACCT_01670,WIRE,4070.22,2023-02-11 23:01:24,0,
7715,ACCT_00690,ACCT_01704,WIRE,164.59,2023-02-11 23:05:13,0,
7716,ACCT_01965,ACCT_00028,CASH,1476.03,2023-02-11 23:06:56,0,
7717,ACCT_01495,ACCT_01125,CHECK,470.97,2023-02-11 23:08:04,0,
7718,ACCT_00741,ACCT_00031,TRANSFER,2069.78,2023-02-11 23:15:40,0,
7719,ACCT_00085,ACCT_00487,CASH,143.54,2023-02-11 23:23:55,0,
7720,ACCT_00951,ACCT_01371,TRANSFER,816.24,2023-02-11 23:28:50,0,
7721,ACCT_01225,ACCT_01621,CASH,1981.35,2023-02-11 23:32:28,0,
7722,ACCT_01577,ACCT_01050,ACH,3062.0,2023-02-11 23:35:22,0,
7723,ACCT_01748,ACCT_01358,CASH,725.63,2023-02-11 23:40:15,0,
7724,ACCT_01924,ACCT_00392,CHECK,1877.29,2023-02-11 23:50:52,0,
7725,ACCT_01092,ACCT_01316,ACH,2917.36,2023-02-12 00:27:29,0,
7726,ACCT_01317,ACCT_01977,WIRE,4349.77,2023-02-12 00:27:34,0,
7727,ACCT_00916,ACCT_01573,CHECK,3141.65,2023-02-12 00:28:24,0,
7728,ACCT_00112,ACCT_01887,ACH,2344.51,2023-02-12 00:32:18,0,
7729,ACCT_00483,ACCT_00594,WIRE,2720.29,2023-02-12 00:48:47,0,
7730,ACCT_01746,ACCT_00768,CASH,1263.52,2023-02-12 00:58:09,0,
7731,ACCT_01220,ACCT_00405,WIRE,4081.21,2023-02-12 00:58:14,0,
7732,ACCT_00865,ACCT_00768,WIRE,2901.05,2023-02-12 01:23:39,0,
7733,ACCT_00903,ACCT_01085,ACH,2139.57,2023-02-12 02:11:40,0,
7734,ACCT_00011,ACCT_00604,WIRE,2923.53,2023-02-12 02:18:48,0,
7735,ACCT_00627,ACCT_00871,CHECK,2861.14,2023-02-12 02:20:19,0,
7736,ACCT_00818,ACCT_01396,TRANSFER,910.23,2023-02-12 02:30:23,0,
7737,ACCT_00161,ACCT_00716,WIRE,4754.82,2023-02-12 02:31:05,0,
7738,ACCT_01995,ACCT_01555,ACH,3171.67,2023-02-12 02:49:21,0,
7739,ACCT_01218,ACCT_00569,TRANSFER,4662.48,2023-02-12 02:53:21,0,
7740,ACCT_01400,ACCT_01198,TRANSFER,4744.13,2023-02-12 03:01:04,0,
7741,ACCT_01238,ACCT_00972,TRANSFER,36518.52,2023-02-12 03:03:19,1,ALERT_0051
7742,ACCT_01239,ACCT_00515,CHECK,2319.77,2023-02-12 03:05:55,0,
7743,ACCT_01205,ACCT_01056,CASH,2174.08,2023-02-12 03:06:29,0,
7744,ACCT_01483,ACCT_01569,ACH,4582.55,2023-02-12 03:33:04,0,
7745,ACCT_01611,ACCT_00841,TRANSFER,72.03,2023-02-12 03:48:18,0,
7746,ACCT_01399,ACCT_00505,CASH,4398.37,2023-02-12 03:55:48,0,
7747,ACCT_00692,ACCT_01130,WIRE,3301.66,2023-02-12 04:05:30,0,
7748,ACCT_00324,ACCT_00021,WIRE,1572.54,2023-02-12 04:16:38,0,
7749,ACCT_00931,ACCT_01011,TRANSFER,4216.95,2023-02-12 04:43:12,0,
7750,ACCT_01016,ACCT_00199,CHECK,1470.25,2023-02-12 04:43:36,0,
7751,ACCT_00130,ACCT_01083,CHECK,1633.58,2023-02-12 04:55:38,0,
7752,ACCT_01951,ACCT_01478,CASH,4293.99,2023-02-12 05:00:50,0,
7753,ACCT_00900,ACCT_00843,CASH,3510.74,2023-02-12 05:01:05,0,
7754,ACCT_00169,ACCT_01365,ACH,3487.87,2023-02-12 05:12:39,0,
7755,ACCT_01790,ACCT_00691,CHECK,4267.62,2023-02-12 05:39:08,0,
7756,ACCT_01238,ACCT_00311,TRANSFER,24736.2,2023-02-12 05:42:02,1,ALERT_0051
7757,ACCT_00639,ACCT_00395,TRANSFER,209.81,2023-02-12 06:04:35,0,
7758,ACCT_01919,ACCT_01556,TRANSFER,2256.38,2023-02-12 06:11:23,0,
7759,ACCT_01100,ACCT_01595,CASH,4311.16,2023-02-12 06:13:39,0,
7760,ACCT_01462,ACCT_01444,CHECK,3759.79,2023-02-12 06:21:29,0,
7761,ACCT_01825,ACCT_00342,CASH,3873.75,2023-02-12 06:24:07,0,
7762,ACCT_00106,ACCT_01642,ACH,2151.22,2023-02-12 06:32:34,0,
7763,ACCT_00526,ACCT_00760,CASH,1625.97,2023-02-12 06:44:38,0,
7764,ACCT_01041,ACCT_01605,ACH,3567.07,2023-02-12 07:08:06,0,
7765,ACCT_00806,ACCT_01562,CHECK,38.31,2023-02-12 07:11:10,0,
7766,ACCT_01903,ACCT_00821,CASH,832.53,2023-02-12 07:11:54,0,
7767,ACCT_00026,ACCT_00288,ACH,1709.32,2023-02-12 07:36:12,0,
7768,ACCT_01285,ACCT_00385,CHECK,2871.28,2023-02-12 07:43:39,0,
7769,ACCT_01202,ACCT_01479,CASH,2586.54,2023-02-12 07:47:19,0,
7770,ACCT_00603,ACCT_00267,ACH,2685.16,2023-02-12 07:55:16,0,
7771,ACCT_00865,ACCT_00513,WIRE,1182.95,2023-02-12 08:35:41,0,
7772,ACCT_00846,ACCT_01829,CASH,1297.09,2023-02-12 08:54:13,0,
7773,ACCT_01238,ACCT_01626,TRANSFER,36600.11,2023-02-12 08:57:11,1,ALERT_0051
7774,ACCT_01851,ACCT_01032,WIRE,233.29,2023-02-12 09:33:01,0,
7775,ACCT_01272,ACCT_00365,WIRE,2694.8,2023-02-12 09:51:40,0,
7776,ACCT_01505,ACCT_01887,CASH,1978.73,2023-02-12 10:04:59,0,
7777,ACCT_00504,ACCT_00281,ACH,1887.28,2023-02-12 10:36:55,0,
7778,ACCT_00768,ACCT_00943,TRANSFER,4387.22,2023-02-12 10:41:46,0,
7779,ACCT_01420,ACCT_01218,WIRE,641.26,2023-02-12 10:43:46,0,
7780,ACCT_00117,ACCT_01525,CASH,662.53,2023-02-12 10:51:20,0,
7781,ACCT_01005,ACCT_00651,ACH,3029.34,2023-02-12 10:52:27,0,
7782,ACCT_01836,ACCT_01802,TRANSFER,2378.09,2023-02-12 10:59:08,0,
7783,ACCT_01113,ACCT_01148,CHECK,2598.61,2023-02-12 11:07:40,0,
7784,ACCT_01308,ACCT_01135,TRANSFER,3369.42,2023-02-12 11:07:50,0,
7785,ACCT_00794,ACCT_00985,CASH,2825.85,2023-02-12 11:19:29,0,
7786,ACCT_01123,ACCT_01704,CHECK,3922.47,2023-02-12 11:31:55,0,
7787,ACCT_00977,ACCT_00878,WIRE,2219.95,2023-02-12 11:47:55,0,
7788,ACCT_01581,ACCT_00160,CASH,3885.38,2023-02-12 12:03:22,0,
7789,ACCT_01152,ACCT_00362,CHECK,4719.45,2023-02-12 12:17:29,0,
7790,ACCT_01851,ACCT_00335,CHECK,2285.78,2023-02-12 12:19:11,0,
7791,ACCT_01543,ACCT_01245,WIRE,4170.58,2023-02-12 12:19:47,0,
7792,ACCT_00191,ACCT_00549,CASH,1475.69,2023-02-12 12:23:53,0,
7793,ACCT_01300,ACCT_00163,TRANSFER,3652.47,2023-02-12 12:27:22,0,
7794,ACCT_00737,ACCT_00979,CASH,2548.59,2023-02-12 12:29:18,0,
7795,ACCT_01480,ACCT_01910,CHECK,897.71,2023-02-12 12:37:34,0,
7796,ACCT_01176,ACCT_00925,CASH,1203.7,2023-02-12 12:48:21,0,
7797,ACCT_01898,ACCT_01718,WIRE,685.0,2023-02-12 13:09:19,0,
7798,ACCT_00773,ACCT_01400,WIRE,727.65,2023-02-12 13:14:34,0,
7799,ACCT_01431,ACCT_01165,TRANSFER,1973.82,2023-02-12 13:20:32,0,
7800,ACCT_00971,ACCT_00244,CHECK,3127.12,2023-02-12 13:30:25,0,
7801,ACCT_00915,ACCT_01427,ACH,3865.66,2023-02-12 13:40:48,0,
7802,ACCT_01356,ACCT_01855,WIRE,763.68,2023-02-12 13:43:34,0,
7803,ACCT_00797,ACCT_00344,ACH,867.57,2023-02-12 13:44:59,0,
7804,ACCT_01526,ACCT_00909,ACH,945.67,2023-02-12 13:46:36,0,
7805,ACCT_00533,ACCT_00783,WIRE,837.4,2023-02-12 13:48:29,0,
7806,ACCT_01493,ACCT_00245,CASH,454.64,2023-02-12 13:50:20,0,
7807,ACCT_01238,ACCT_01730,TRANSFER,48494.47,2023-02-12 13:54:23,1,ALERT_0051
7808,ACCT_01348,ACCT_00001,WIRE,1509.99,2023-02-12 13:54:42,0,
7809,ACCT_00957,ACCT_01527,CHECK,2185.95,2023-02-12 14:03:11,0,
7810,ACCT_00373,ACCT_00917,TRANSFER,4851.78,2023-02-12 14:19:56,0,
7811,ACCT_00156,ACCT_00079,ACH,3371.56,2023-02-12 14:22:38,0,
7812,ACCT_00181,ACCT_00075,CASH,3407.59,2023-02-12 14:37:40,0,
7813,ACCT_00992,ACCT_01838,CHECK,81.02,2023-02-12 14:42:14,0,
7814,ACCT_00897,ACCT_00261,CHECK,1791.27,2023-02-12 14:46:28,0,
7815,ACCT_00689,ACCT_00589,ACH,2399.59,2023-02-12 14:50:54,0,
7816,ACCT_01681,ACCT_00555,TRANSFER,1023.44,2023-02-12 14:52:47,0,
7817,ACCT_01006,ACCT_00948,ACH,4503.15,2023-02-12 14:54:56,0,
7818,ACCT_00888,ACCT_00259,CASH,1510.09,2023-02-12 14:59:39,0,
7819,ACCT_01071,ACCT_00361,WIRE,5812.18,2023-02-12 15:04:13,1,ALERT_0052
7820,ACCT_01243,ACCT_01483,CHECK,2169.95,2023-02-12 15:07:02,0,
7821,ACCT_01956,ACCT_01473,CASH,2853.07,2023-02-12 15:08:21,0,
7822,ACCT_01939,ACCT_01909,ACH,4886.74,2023-02-12 15:09:45,0,
7823,ACCT_01320,ACCT_01455,CHECK,2358.02,2023-02-12 15:14:38,0,
7824,ACCT_00859,ACCT_01800,CHECK,2742.94,2023-02-12 15:16:19,0,
7825,ACCT_01981,ACCT_00950,CASH,4586.98,2023-02-12 15:19:26,0,
7826,ACCT_00522,ACCT_01076,WIRE,253.79,2023-02-12 15:19:45,0,
7827,ACCT_01743,ACCT_00418,WIRE,3758.56,2023-02-12 15:32:34,0,
7828,ACCT_00773,ACCT_01250,ACH,4544.32,2023-02-12 15:49:18,0,
7829,ACCT_00445,ACCT_01460,WIRE,2846.25,2023-02-12 15:50:43,0,
7830,ACCT_01798,ACCT_01841,CHECK,624.32,2023-02-12 15:51:17,0,
7831,ACCT_01910,ACCT_00976,ACH,2023.32,2023-02-12 15:52:21,0,
7832,ACCT_01011,ACCT_00469,CHECK,4044.01,2023-02-12 15:53:03,0,
7833,ACCT_00662,ACCT_00286,CHECK,3276.93,2023-02-12 15:59:31,0,
7834,ACCT_00799,ACCT_01646,CASH,1236.07,2023-02-12 16:04:51,0,
7835,ACCT_00167,ACCT_00497,WIRE,3119.06,2023-02-12 16:22:15,0,
7836,ACCT_01681,ACCT_01115,ACH,2002.71,2023-02-12 16:24:04,0,
7837,ACCT_01989,ACCT_01585,WIRE,3344.47,2023-02-12 16:26:00,0,
7838,ACCT_00854,ACCT_00816,TRANSFER,4832.83,2023-02-12 16:31:04,0,
7839,ACCT_00828,ACCT_00138,ACH,652.01,2023-02-12 16:41:56,0,
7840,ACCT_00307,ACCT_00128,ACH,2226.17,2023-02-12 16:48:33,0,
7841,ACCT_00713,ACCT_01047,TRANSFER,3471.39,2023-02-12 16:55:35,0,
7842,ACCT_01782,ACCT_01364,WIRE,2454.67,2023-02-12 17:04:28,0,
7843,ACCT_01956,ACCT_00081,ACH,3677.41,2023-02-12 17:04:30,0,
7844,ACCT_00138,ACCT_00284,WIRE,145.06,2023-02-12 17:04:48,0,
7845,ACCT_01545,ACCT_01865,CASH,4377.43,2023-02-12 17:26:48,0,
7846,ACCT_00611,ACCT_01713,CHECK,477.29,2023-02-12 17:36:31,0,
7847,ACCT_00462,ACCT_01617,CHECK,1269.58,2023-02-12 17:39:56,0,
7848,ACCT_01442,ACCT_00344,CASH,1446.69,2023-02-12 17:40:45,0,
7849,ACCT_00482,ACCT_01891,ACH,2992.59,2023-02-12 17:48:21,0,
7850,ACCT_01079,ACCT_00914,TRANSFER,1536.72,2023-02-12 17:51:44,0,
7851,ACCT_00676,ACCT_00265,ACH,2703.44,2023-02-12 18:18:03,0,
7852,ACCT_01572,ACCT_01439,CASH,2516.32,2023-02-12 18:22:41,0,
7853,ACCT_00781,ACCT_00235,WIRE,4283.15,2023-02-12 18:35:44,0,
7854,ACCT_00044,ACCT_00126,CASH,2209.65,2023-02-12 18:37:47,0,
7855,ACCT_00668,ACCT_00775,CASH,3189.7,2023-02-12 18:37:56,0,
7856,ACCT_01896,ACCT_01443,CASH,2055.94,2023-02-12 18:41:24,0,
7857,ACCT_01238,ACCT_01839,WIRE,37432.82,2023-02-12 18:42:39,1,ALERT_0051
7858,ACCT_01411,ACCT_00361,TRANSFER,9214.71,2023-02-12 18:58:36,1,ALERT_0052
7859,ACCT_00690,ACCT_00615,ACH,4945.07,2023-02-12 19:01:52,0,
7860,ACCT_01497,ACCT_01587,ACH,716.07,2023-02-12 19:09:25,0,
7861,ACCT_00439,ACCT_01005,CASH,699.99,2023-02-12 19:20:05,0,
7862,ACCT_00441,ACCT_01636,ACH,1310.94,2023-02-12 19:30:34,0,
7863,ACCT_01148,ACCT_00822,CHECK,4613.29,2023-02-12 19:32:02,0,
7864,ACCT_00869,ACCT_00420,WIRE,14.23,2023-02-12 19:32:32,0,
7865,ACCT_01363,ACCT_00709,ACH,12897.97,2023-02-12 19:35:38,1,ALERT_0025
7866,ACCT_01691,ACCT_00429,ACH,3194.86,2023-02-12 19:40:28,0,
7867,ACCT_00937,ACCT_01817,CASH,4747.62,2023-02-12 19:46:40,0,
7868,ACCT_00151,ACCT_01332,WIRE,800.24,2023-02-12 19:47:22,0,
7869,ACCT_00499,ACCT_01444,CHECK,1496.22,2023-02-12 19:58:54,0,
7870,ACCT_01613,ACCT_00822,TRANSFER,4174.25,2023-02-12 20:05:14,0,
7871,ACCT_00582,ACCT_01304,CASH,2247.87,2023-02-12 20:12:06,0,
7872,ACCT_00799,ACCT_00575,CHECK,4013.05,2023-02-12 20:29:09,0,
7873,ACCT_00144,ACCT_00365,CASH,3269.15,2023-02-12 20:40:02,0,
7874,ACCT_01674,ACCT_01671,CASH,4717.86,2023-02-12 20:41:47,0,
7875,ACCT_01110,ACCT_00592,ACH,4341.71,2023-02-12 21:20:01,0,
7876,ACCT_01611,ACCT_00035,ACH,3895.28,2023-02-12 21:21:13,0,
7877,ACCT_00241,ACCT_00216,TRANSFER,265.61,2023-02-12 21:37:55,0,
7878,ACCT_00662,ACCT_00787,CASH,3788.93,2023-02-12 21:47:41,0,
7879,ACCT_00436,ACCT_00835,ACH,240.43,2023-02-12 22:01:46,0,
7880,ACCT_00512,ACCT_00077,WIRE,1130.03,2023-02-12 22:14:12,0,
7881,ACCT_01275,ACCT_01481,CASH,3323.76,2023-02-12 22:16:18,0,
7882,ACCT_00574,ACCT_00460,CASH,1629.74,2023-02-12 22:30:08,0,
7883,ACCT_01382,ACCT_00908,CASH,4387.86,2023-02-12 22:33:18,0,
7884,ACCT_00977,ACCT_01989,ACH,2691.81,2023-02-12 22:41:15,0,
7885,ACCT_00785,ACCT_00417,ACH,3085.32,2023-02-12 22:49:52,0,
7886,ACCT_01116,ACCT_00292,ACH,1962.39,2023-02-12 22:50:36,0,
7887,ACCT_01387,ACCT_00717,CASH,1469.85,2023-02-12 22:55:29,0,
7888,ACCT_01156,ACCT_00710,CASH,836.47,2023-02-12 22:56:01,0,
7889,ACCT_01736,ACCT_00616,CHECK,1324.82,2023-02-12 22:59:20,0,
7890,ACCT_01271,ACCT_01576,TRANSFER,4471.89,2023-02-12 23:12:02,0,
7891,ACCT_01033,ACCT_00748,TRANSFER,364.32,2023-02-12 23:17:03,0,
7892,ACCT_00405,ACCT_00746,TRANSFER,4896.33,2023-02-12 23:23:25,0,
7893,ACCT_01682,ACCT_00985,TRANSFER,1312.49,2023-02-12 23:25:06,0,
7894,ACCT_01923,ACCT_01158,CHECK,1348.66,2023-02-12 23:33:45,0,
7895,ACCT_01702,ACCT_01450,CHECK,2275.74,2023-02-12 23:37:03,0,
7896,ACCT_00175,ACCT_00264,TRANSFER,1134.69,2023-02-12 23:37:56,0,
7897,ACCT_00473,ACCT_00015,TRANSFER,472.65,2023-02-12 23:42:12,0,
7898,ACCT_00768,ACCT_00360,TRANSFER,4179.37,2023-02-12 23:46:56,0,
7899,ACCT_00600,ACCT_00210,CHECK,4541.3,2023-02-12 23:53:17,0,
7900,ACCT_01870,ACCT_01658,CHECK,2086.25,2023-02-12 23:59:23,0,
7901,ACCT_01514,ACCT_01529,ACH,3480.03,2023-02-13 00:11:13,0,
7902,ACCT_01246,ACCT_00084,WIRE,2914.38,2023-02-13 00:14:58,0,
7903,ACCT_00129,ACCT_00927,WIRE,548.92,2023-02-13 00:15:11,0,
7904,ACCT_00562,ACCT_01427,WIRE,1455.39,2023-02-13 00:16:01,0,
7905,ACCT_01137,ACCT_00200,CHECK,889.11,2023-02-13 00:21:14,0,
7906,ACCT_00279,ACCT_01226,CASH,3880.0,2023-02-13 00:35:34,0,
7907,ACCT_00459,ACCT_00361,TRANSFER,17020.42,2023-02-13 00:43:32,1,ALERT_0052
7908,ACCT_00030,ACCT_01113,TRANSFER,1813.85,2023-02-13 00:44:23,0,
7909,ACCT_00053,ACCT_01949,CHECK,2599.49,2023-02-13 00:45:34,0,
7910,ACCT_00693,ACCT_00646,CHECK,1416.13,2023-02-13 01:13:22,0,
7911,ACCT_01091,ACCT_00683,CHECK,1145.61,2023-02-13 02:06:06,0,
7912,ACCT_00819,ACCT_01028,CHECK,665.77,2023-02-13 02:17:34,0,
7913,ACCT_01430,ACCT_01208,WIRE,2203.93,2023-02-13 02:22:03,0,
7914,ACCT_00257,ACCT_01348,ACH,2718.04,2023-02-13 02:50:45,0,
7915,ACCT_01404,ACCT_01293,WIRE,901.4,2023-02-13 03:01:21,0,
7916,ACCT_01901,ACCT_00436,ACH,2082.54,2023-02-13 03:03:28,0,
7917,ACCT_01809,ACCT_01120,CHECK,3650.94,2023-02-13 03:07:00,0,
7918,ACCT_00834,ACCT_01281,WIRE,1581.36,2023-02-13 03:15:35,0,
7919,ACCT_00781,ACCT_01562,TRANSFER,4776.34,2023-02-13 03:18:54,0,
7920,ACCT_00888,ACCT_00224,TRANSFER,3235.26,2023-02-13 03:41:22,0,
7921,ACCT_01248,ACCT_01275,TRANSFER,1016.68,2023-02-13 04:09:00,0,
7922,ACCT_00421,ACCT_01076,TRANSFER,4307.61,2023-02-13 04:14:36,0,
7923,ACCT_00262,ACCT_00639,ACH,2184.88,2023-02-13 04:31:14,0,
7924,ACCT_00403,ACCT_00044,CHECK,4032.16,2023-02-13 04:38:38,0,
7925,ACCT_01239,ACCT_00260,CHECK,4517.22,2023-02-13 04:44:24,0,
7926,ACCT_00584,ACCT_01696,TRANSFER,4487.28,2023-02-13 04:49:19,0,
7927,ACCT_00981,ACCT_00287,CASH,2080.28,2023-02-13 04:54:00,0,
7928,ACCT_01773,ACCT_00485,TRANSFER,755.39,2023-02-13 04:56:30,0,
7929,ACCT_01176,ACCT_01503,CASH,2110.87,2023-02-13 05:25:40,0,
7930,ACCT_01985,ACCT_00881,CHECK,2823.94,2023-02-13 05:28:41,0,
7931,ACCT_01677,ACCT_00775,ACH,3244.93,2023-02-13 05:53:59,0,
7932,ACCT_01363,ACCT_00129,TRANSFER,11285.04,2023-02-13 06:07:42,1,ALERT_0025
7933,ACCT_00444,ACCT_00773,ACH,2798.08,2023-02-13 06:11:40,0,
7934,ACCT_01822,ACCT_01013,ACH,2045.05,2023-02-13 06:17:50,0,
7935,ACCT_01470,ACCT_01560,CASH,3339.41,2023-02-13 06:19:40,0,
7936,ACCT_01842,ACCT_00354,ACH,1387.79,2023-02-13 06:21:37,0,
7937,ACCT_01688,ACCT_01311,WIRE,4022.45,2023-02-13 06:26:07,0,
7938,ACCT_00675,ACCT_01040,TRANSFER,1364.65,2023-02-13 06:35:19,0,
7939,ACCT_01817,ACCT_00652,ACH,1083.03,2023-02-13 06:35:40,0,
7940,ACCT_00647,ACCT_01564,CASH,346.57,2023-02-13 06:36:14,0,
7941,ACCT_01254,ACCT_01560,ACH,2488.37,2023-02-13 06:38:13,0,
7942,ACCT_00399,ACCT_00573,ACH,1771.54,2023-02-13 06:39:29,0,
7943,ACCT_01931,ACCT_01996,WIRE,1971.26,2023-02-13 06:54:12,0,
7944,ACCT_01608,ACCT_01626,ACH,1793.15,2023-02-13 06:56:14,0,
7945,ACCT_00143,ACCT_00824,WIRE,2893.62,2023-02-13 07:07:47,0,
7946,ACCT_01862,ACCT_00327,WIRE,2316.44,2023-02-13 07:28:19,0,
7947,ACCT_00852,ACCT_01824,TRANSFER,3459.37,2023-02-13 07:33:57,0,
7948,ACCT_00104,ACCT_01898,CHECK,3996.94,2023-02-13 07:39:31,0,
7949,ACCT_01732,ACCT_01951,ACH,1119.08,2023-02-13 07:45:55,0,
7950,ACCT_01426,ACCT_01760,TRANSFER,4974.65,2023-02-13 08:13:33,0,
7951,ACCT_01431,ACCT_00783,TRANSFER,1656.5,2023-02-13 08:13:49,0,
7952,ACCT_00299,ACCT_01052,CASH,3672.06,2023-02-13 08:17:39,0,
7953,ACCT_01337,ACCT_00361,TRANSFER,13155.49,2023-02-13 08:18:10,1,ALERT_0052
7954,ACCT_00495,ACCT_01781,CHECK,4185.18,2023-02-13 08:18:14,0,
7955,ACCT_00902,ACCT_01860,TRANSFER,413.16,2023-02-13 08:26:37,0,
7956,ACCT_00272,ACCT_00884,CASH,2278.22,2023-02-13 08:27:49,0,
7957,ACCT_01872,ACCT_01815,TRANSFER,1353.11,2023-02-13 08:33:09,0,
7958,ACCT_00861,ACCT_00074,ACH,2883.01,2023-02-13 08:35:56,0,
7959,ACCT_01389,ACCT_01148,WIRE,3533.37,2023-02-13 08:45:00,0,
7960,ACCT_00795,ACCT_00145,TRANSFER,306.03,2023-02-13 08:51:15,0,
7961,ACCT_00315,ACCT_00648,CHECK,1900.92,2023-02-13 09:08:20,0,
7962,ACCT_00029,ACCT_01084,WIRE,3581.9,2023-02-13 09:24:17,0,
7963,ACCT_00013,ACCT_00651,TRANSFER,3274.44,2023-02-13 09:28:10,0,
7964,ACCT_01216,ACCT_01863,TRANSFER,1724.92,2023-02-13 09:50:23,0,
7965,ACCT_01180,ACCT_01118,WIRE,1614.73,2023-02-13 09:52:04,0,
7966,ACCT_01170,ACCT_00923,CASH,3842.35,2023-02-13 09:56:18,0,
7967,ACCT_00474,ACCT_01034,TRANSFER,4785.44,2023-02-13 10:00:35,0,
7968,ACCT_01265,ACCT_00531,CASH,3565.63,2023-02-13 10:11:50,0,
7969,ACCT_00826,ACCT_00850,CHECK,509.83,2023-02-13 10:17:14,0,
7970,ACCT_01672,ACCT_00022,CASH,1104.21,2023-02-13 10:26:44,0,
7971,ACCT_01049,ACCT_00341,CASH,4434.11,2023-02-13 10:27:16,0,
7972,ACCT_01220,ACCT_00361,WIRE,29361.89,2023-02-13 10:35:12,1,ALERT_0052
7973,ACCT_00397,ACCT_01886,CHECK,3197.28,2023-02-13 10:41:21,0,
7974,ACCT_01677,ACCT_01399,CASH,1768.37,2023-02-13 10:50:08,0,
7975,ACCT_00304,ACCT_01543,ACH,4440.11,2023-02-13 11:06:11,0,
7976,ACCT_00036,ACCT_00901,TRANSFER,2337.53,2023-02-13 11:09:22,0,
7977,ACCT_01322,ACCT_00473,TRANSFER,640.36,2023-02-13 11:11:29,0,
7978,ACCT_00302,ACCT_01058,ACH,3302.26,2023-02-13 11:12:57,0,
7979,ACCT_00053,ACCT_00145,ACH,3360.9,2023-02-13 11:28:12,0,
7980,ACCT_00549,ACCT_00293,ACH,77.35,2023-02-13 11:40:10,0,
7981,ACCT_01446,ACCT_01382,TRANSFER,44575.15,2023-02-13 11:41:10,1,ALERT_0010
7982,ACCT_00649,ACCT_01562,WIRE,867.49,2023-02-13 11:42:42,0,
7983,ACCT_01656,ACCT_00375,CHECK,32.97,2023-02-13 11:43:29,0,
7984,ACCT_01363,ACCT_00750,WIRE,22989.95,2023-02-13 11:45:57,1,ALERT_0025
7985,ACCT_00735,ACCT_01291,TRANSFER,526.79,2023-02-13 11:47:35,0,
7986,ACCT_01051,ACCT_00529,CHECK,3794.87,2023-02-13 11:47:39,0,
7987,ACCT_00527,ACCT_01432,TRANSFER,3904.91,2023-02-13 11:50:43,0,
7988,ACCT_01185,ACCT_01799,ACH,466.95,2023-02-13 11:54:48,0,
7989,ACCT_00197,ACCT_01611,CHECK,63.51,2023-02-13 11:59:22,0,
7990,ACCT_00677,ACCT_01179,ACH,3027.83,2023-02-13 11:59:29,0,
7991,ACCT_00498,ACCT_01137,ACH,578.27,2023-02-13 12:14:10,0,
7992,ACCT_01390,ACCT_01305,CHECK,2118.59,2023-02-13 12:15:33,0,
7993,ACCT_01126,ACCT_01339,ACH,2480.82,2023-02-13 12:16:27,0,
7994,ACCT_00444,ACCT_00931,CHECK,271.4,2023-02-13 12:22:35,0,
7995,ACCT_01103,ACCT_00440,CASH,3897.66,2023-02-13 12:24:06,0,
7996,ACCT_01751,ACCT_01126,WIRE,609.53,2023-02-13 12:25:05,0,
7997,ACCT_01747,ACCT_01937,CASH,979.26,2023-02-13 12:33:23,0,
7998,ACCT_01766,ACCT_00068,CASH,4920.52,2023-02-13 12:43:59,0,
7999,ACCT_01649,ACCT_00387,WIRE,76.85,2023-02-13 13:00:10,0,
8000,ACCT_00624,ACCT_01962,ACH,4553.33,2023-02-13 13:02:42,0,
8001,ACCT_01112,ACCT_01120,WIRE,11.71,2023-02-13 13:04:26,0,
8002,ACCT_01420,ACCT_00067,ACH,1195.19,2023-02-13 13:07:11,0,
8003,ACCT_00219,ACCT_00872,CHECK,2251.17,2023-02-13 14:08:39,0,
8004,ACCT_00721,ACCT_00065,ACH,712.21,2023-02-13 14:11:06,0,
8005,ACCT_00093,ACCT_00054,WIRE,4637.2,2023-02-13 14:14:45,0,
8006,ACCT_00561,ACCT_00021,TRANSFER,1892.01,2023-02-13 14:16:31,0,
8007,ACCT_01422,ACCT_00328,TRANSFER,45633.91,2023-02-13 14:18:10,1,ALERT_0012
8008,ACCT_00752,ACCT_00832,ACH,4425.14,2023-02-13 14:20:46,0,
8009,ACCT_00473,ACCT_00556,CASH,1522.05,2023-02-13 14:26:35,0,
8010,ACCT_00504,ACCT_00734,CHECK,1769.59,2023-02-13 14:34:38,0,
8011,ACCT_01758,ACCT_00415,CASH,254.07,2023-02-13 14:40:41,0,
8012,ACCT_00215,ACCT_01119,CASH,3881.95,2023-02-13 14:41:12,0,
8013,ACCT_00006,ACCT_00215,CHECK,3860.12,2023-02-13 14:48:57,0,
8014,ACCT_00302,ACCT_01333,TRANSFER,4009.14,2023-02-13 15:00:09,0,
8015,ACCT_01161,ACCT_01983,CASH,1449.16,2023-02-13 15:01:38,0,
8016,ACCT_01433,ACCT_00835,CHECK,70.24,2023-02-13 15:04:05,0,
8017,ACCT_00259,ACCT_00488,WIRE,3528.11,2023-02-13 15:05:37,0,
8018,ACCT_01558,ACCT_01748,TRANSFER,2974.09,2023-02-13 15:06:17,0,
8019,ACCT_01445,ACCT_00606,CHECK,4480.93,2023-02-13 15:10:26,0,
8020,ACCT_01289,ACCT_01688,CHECK,999.11,2023-02-13 15:17:59,0,
8021,ACCT_00945,ACCT_01431,TRANSFER,1065.99,2023-02-13 15:25:35,0,
8022,ACCT_00273,ACCT_00715,CASH,3939.75,2023-02-13 15:28:46,0,
8023,ACCT_00670,ACCT_00240,TRANSFER,4496.19,2023-02-13 15:35:49,0,
8024,ACCT_00907,ACCT_00592,WIRE,4030.31,2023-02-13 15:59:22,0,
8025,ACCT_00874,ACCT_00503,CHECK,4546.56,2023-02-13 16:00:58,0,
8026,ACCT_01411,ACCT_01770,WIRE,1854.14,2023-02-13 16:03:54,0,
8027,ACCT_01734,ACCT_01519,ACH,4364.35,2023-02-13 16:04:19,0,
8028,ACCT_00829,ACCT_01896,CHECK,4702.02,2023-02-13 16:07:55,0,
8029,ACCT_00164,ACCT_00077,CHECK,1515.31,2023-02-13 16:16:33,0,
8030,ACCT_00213,ACCT_01731,CASH,3070.97,2023-02-13 16:24:17,0,
8031,ACCT_00692,ACCT_00989,CHECK,1507.86,2023-02-13 16:25:36,0,
8032,ACCT_00765,ACCT_01142,CASH,2394.62,2023-02-13 16:32:04,0,
8033,ACCT_00115,ACCT_00802,CASH,2478.51,2023-02-13 16:32:25,0,
8034,ACCT_01396,ACCT_01202,CASH,4315.04,2023-02-13 16:33:34,0,
8035,ACCT_00170,ACCT_01294,ACH,472.51,2023-02-13 16:41:32,0,
8036,ACCT_00769,ACCT_00884,WIRE,4923.82,2023-02-13 16:46:54,0,
8037,ACCT_01446,ACCT_01815,TRANSFER,4584.2,2023-02-13 16:48:56,0,
8038,ACCT_00983,ACCT_01929,ACH,2354.66,2023-02-13 16:49:25,0,
8039,ACCT_01443,ACCT_00519,CASH,3130.1,2023-02-13 16:49:55,0,
8040,ACCT_00944,ACCT_00742,CASH,1002.94,2023-02-13 17:09:13,0,
8041,ACCT_01359,ACCT_01200,WIRE,2921.9,2023-02-13 17:21:27,0,
8042,ACCT_00894,ACCT_01134,TRANSFER,4831.8,2023-02-13 17:24:50,0,
8043,ACCT_00906,ACCT_01332,WIRE,4699.75,2023-02-13 17:24:54,0,
8044,ACCT_00443,ACCT_00713,WIRE,4762.36,2023-02-13 17:29:02,0,
8045,ACCT_00082,ACCT_00149,WIRE,3628.74,2023-02-13 17:42:18,0,
8046,ACCT_00821,ACCT_00608,CHECK,4505.77,2023-02-13 17:46:10,0,
8047,ACCT_01701,ACCT_00140,CHECK,3393.76,2023-02-13 17:50:18,0,
8048,ACCT_01969,ACCT_01699,ACH,1453.35,2023-02-13 17:50:54,0,
8049,ACCT_01788,ACCT_00804,ACH,27.89,2023-02-13 17:57:52,0,
8050,ACCT_00238,ACCT_00003,CASH,3167.09,2023-02-13 17:59:46,0,
8051,ACCT_01858,ACCT_00491,ACH,964.42,2023-02-13 18:07:40,0,
8052,ACCT_01293,ACCT_01427,CHECK,3392.72,2023-02-13 18:09:22,0,
8053,ACCT_00742,ACCT_00473,CHECK,1580.93,2023-02-13 18:11:18,0,
8054,ACCT_01850,ACCT_01412,TRANSFER,2185.2,2023-02-13 18:14:22,0,
8055,ACCT_00958,ACCT_01532,ACH,3001.3,2023-02-13 18:15:49,0,
8056,ACCT_01883,ACCT_01668,ACH,1623.65,2023-02-13 18:37:37,0,
8057,ACCT_00330,ACCT_01458,ACH,1433.38,2023-02-13 19:03:45,0,
8058,ACCT_01659,ACCT_00767,CASH,1726.82,2023-02-13 19:17:58,0,
8059,ACCT_00664,ACCT_01642,ACH,1101.87,2023-02-13 19:27:04,0,
8060,ACCT_01287,ACCT_00397,CASH,2601.93,2023-02-13 19:34:21,0,
8061,ACCT_01762,ACCT_01075,TRANSFER,339.53,2023-02-13 19:51:11,0,
8062,ACCT_00034,ACCT_01096,ACH,2019.72,2023-02-13 19:54:29,0,
8063,ACCT_00275,ACCT_01475,CASH,4736.7,2023-02-13 20:02:13,0,
8064,ACCT_01724,ACCT_00345,TRANSFER,489.28,2023-02-13 20:05:29,0,
8065,ACCT_00948,ACCT_01063,CHECK,832.31,2023-02-13 20:26:42,0,
8066,ACCT_00984,ACCT_00953,WIRE,2174.83,2023-02-13 20:29:38,0,
8067,ACCT_01382,ACCT_01018,WIRE,23953.13,2023-02-13 20:35:20,1,ALERT_0010
8068,ACCT_00515,ACCT_01238,CASH,908.5,2023-02-13 20:39:08,0,
8069,ACCT_00361,ACCT_00610,WIRE,31662.59,2023-02-13 20:55:19,1,ALERT_0052
8070,ACCT_00295,ACCT_01478,CHECK,3293.05,2023-02-13 20:58:22,0,
8071,ACCT_00070,ACCT_01882,ACH,4268.13,2023-02-13 20:59:14,0,
8072,ACCT_00408,ACCT_00078,ACH,3698.18,2023-02-13 21:03:20,0,
8073,ACCT_01464,ACCT_00222,CHECK,1128.06,2023-02-13 21:12:21,0,
8074,ACCT_01210,ACCT_00209,WIRE,332.9,2023-02-13 21:13:26,0,
8075,ACCT_00575,ACCT_01674,WIRE,2853.3,2023-02-13 21:15:36,0,
8076,ACCT_00444,ACCT_00262,WIRE,3729.05,2023-02-13 21:23:18,0,
8077,ACCT_01662,ACCT_01712,CHECK,1627.93,2023-02-13 21:55:17,0,
8078,ACCT_01513,ACCT_00149,TRANSFER,3407.99,2023-02-13 22:00:05,0,
8079,ACCT_00508,ACCT_00834,ACH,1905.08,2023-02-13 22:05:57,0,
8080,ACCT_00410,ACCT_01236,ACH,3732.72,2023-02-13 22:07:55,0,
8081,ACCT_01164,ACCT_00703,ACH,2854.51,2023-02-13 22:21:48,0,
8082,ACCT_00493,ACCT_01184,CHECK,3309.73,2023-02-13 22:27:26,0,
8083,ACCT_00281,ACCT_00038,CASH,851.95,2023-02-13 22:30:21,0,
8084,ACCT_01759,ACCT_00112,CHECK,1725.64,2023-02-13 22:37:53,0,
8085,ACCT_00684,ACCT_01116,CASH,4877.38,2023-02-13 22:41:52,0,
8086,ACCT_01889,ACCT_01544,ACH,2517.26,2023-02-13 22:47:51,0,
8087,ACCT_00361,ACCT_01663,TRANSFER,19965.81,2023-02-13 22:51:13,1,ALERT_0052
8088,ACCT_01566,ACCT_00313,CHECK,1647.33,2023-02-13 22:51:14,0,
8089,ACCT_00473,ACCT_00898,ACH,4882.34,2023-02-13 22:51:30,0,
8090,ACCT_00483,ACCT_00394,TRANSFER,4933.15,2023-02-13 22:56:05,0,
8091,ACCT_00669,ACCT_00764,TRANSFER,742.28,2023-02-13 22:59:26,0,
8092,ACCT_00513,ACCT_00796,CASH,1891.77,2023-02-13 23:06:50,0,
8093,ACCT_01408,ACCT_01278,TRANSFER,260.98,2023-02-13 23:08:56,0,
8094,ACCT_01363,ACCT_00179,WIRE,13722.35,2023-02-13 23:12:55,1,ALERT_0025
8095,ACCT_01658,ACCT_00763,WIRE,4706.4,2023-02-13 23:16:11,0,
8096,ACCT_00612,ACCT_00745,ACH,866.3,2023-02-13 23:16:16,0,
8097,ACCT_00037,ACCT_00174,ACH,3023.61,2023-02-13 23:16:20,0,
8098,ACCT_01350,ACCT_00790,ACH,92.65,2023-02-13 23:25:22,0,
8099,ACCT_00633,ACCT_00702,TRANSFER,3365.9,2023-02-13 23:30:47,0,
8100,ACCT_01894,ACCT_01086,WIRE,3141.32,2023-02-13 23:38:52,0,
8101,ACCT_00122,ACCT_00191,ACH,2135.77,2023-02-13 23:48:16,0,
8102,ACCT_01437,ACCT_00210,WIRE,4681.68,2023-02-13 23:59:56,0,
8103,ACCT_01365,ACCT_00474,CHECK,2265.93,2023-02-14 00:01:58,0,
8104,ACCT_00322,ACCT_00557,TRANSFER,2612.29,2023-02-14 00:09:37,0,
8105,ACCT_00421,ACCT_01152,TRANSFER,3331.11,2023-02-14 00:15:51,0,
8106,ACCT_01898,ACCT_01119,ACH,1841.18,2023-02-14 00:29:31,0,
8107,ACCT_01363,ACCT_00989,TRANSFER,40458.12,2023-02-14 00:35:03,1,ALERT_0025
8108,ACCT_01920,ACCT_00895,CHECK,3209.12,2023-02-14 00:36:14,0,
8109,ACCT_00023,ACCT_01220,WIRE,4486.64,2023-02-14 00:37:35,0,
8110,ACCT_00628,ACCT_00502,CHECK,278.43,2023-02-14 00:38:25,0,
8111,ACCT_01330,ACCT_01691,WIRE,3750.1,2023-02-14 00:48:42,0,
8112,ACCT_00444,ACCT_00201,CHECK,1597.07,2023-02-14 00:59:46,0,
8113,ACCT_00362,ACCT_00525,TRANSFER,2691.57,2023-02-14 01:03:48,0,
8114,ACCT_00180,ACCT_00797,TRANSFER,2751.97,2023-02-14 01:13:06,0,
8115,ACCT_00411,ACCT_00741,WIRE,1563.87,2023-02-14 01:15:19,0,
8116,ACCT_01185,ACCT_00200,TRANSFER,1100.93,2023-02-14 01:21:16,0,
8117,ACCT_01489,ACCT_01177,CHECK,3496.78,2023-02-14 01:21:25,0,
8118,ACCT_01999,ACCT_00911,TRANSFER,1279.88,2023-02-14 01:23:53,0,
8119,ACCT_00502,ACCT_00468,CHECK,895.38,2023-02-14 01:43:39,0,
8120,ACCT_01663,ACCT_01842,CASH,3087.82,2023-02-14 01:48:53,0,
8121,ACCT_01397,ACCT_01937,CASH,3179.5,2023-02-14 02:00:41,0,
8122,ACCT_01281,ACCT_00262,WIRE,3929.26,2023-02-14 02:01:09,0,
8123,ACCT_00620,ACCT_01438,CASH,2184.84,2023-02-14 02:04:05,0,
8124,ACCT_01749,ACCT_00973,TRANSFER,170.1,2023-02-14 02:12:31,0,
8125,ACCT_01307,ACCT_01664,TRANSFER,1915.75,2023-02-14 02:41:16,0,
8126,ACCT_01964,ACCT_00069,WIRE,1658.89,2023-02-14 02:45:52,0,
8127,ACCT_00319,ACCT_00970,WIRE,1674.12,2023-02-14 03:04:28,0,
8128,ACCT_00361,ACCT_00945,TRANSFER,11276.75,2023-02-14 03:11:27,1,ALERT_0052
8129,ACCT_00693,ACCT_00210,CHECK,720.28,2023-02-14 03:43:27,0,
8130,ACCT_00314,ACCT_00575,CASH,4250.19,2023-02-14 03:48:54,0,
8131,ACCT_00197,ACCT_00004,CHECK,212.38,2023-02-14 04:14:23,0,
8132,ACCT_01210,ACCT_00438,TRANSFER,1863.94,2023-02-14 04:15:50,0,
8133,ACCT_00574,ACCT_00540,TRANSFER,1562.79,2023-02-14 04:24:14,0,
8134,ACCT_00905,ACCT_00343,CHECK,3209.79,2023-02-14 04:27:10,0,
8135,ACCT_00793,ACCT_01530,CASH,3536.66,2023-02-14 04:28:10,0,
8136,ACCT_01744,ACCT_00518,WIRE,2571.98,2023-02-14 04:35:57,0,
8137,ACCT_00384,ACCT_00433,WIRE,400.32,2023-02-14 04:45:39,0,
8138,ACCT_01987,ACCT_01975,WIRE,4910.94,2023-02-14 05:04:09,0,
8139,ACCT_01871,ACCT_00473,TRANSFER,250.24,2023-02-14 05:10:21,0,
8140,ACCT_00408,ACCT_01943,CHECK,4798.9,2023-02-14 05:33:46,0,
8141,ACCT_01450,ACCT_00928,CASH,1237.18,2023-02-14 05:39:49,0,
8142,ACCT_01653,ACCT_00609,ACH,2663.9,2023-02-14 05:44:45,0,
8143,ACCT_01206,ACCT_01160,WIRE,105.28,2023-02-14 05:45:08,0,
8144,ACCT_00284,ACCT_01010,CASH,2555.94,2023-02-14 05:48:22,0,
8145,ACCT_00363,ACCT_00824,TRANSFER,1113.03,2023-02-14 05:49:40,0,
8146,ACCT_00385,ACCT_00489,CHECK,4687.79,2023-02-14 05:57:46,0,
8147,ACCT_00213,ACCT_00162,WIRE,1411.84,2023-02-14 06:10:24,0,
8148,ACCT_00279,ACCT_01479,ACH,4955.71,2023-02-14 06:25:07,0,
8149,ACCT_00600,ACCT_01829,CHECK,2312.73,2023-02-14 06:40:59,0,
8150,ACCT_00437,ACCT_01538,TRANSFER,2636.08,2023-02-14 06:46:23,0,
8151,ACCT_01270,ACCT_00395,ACH,539.15,2023-02-14 07:12:58,0,
8152,ACCT_01054,ACCT_00467,CHECK,573.1,2023-02-14 07:22:54,0,
8153,ACCT_00014,ACCT_00266,CASH,4231.36,2023-02-14 07:34:23,0,
8154,ACCT_00621,ACCT_01360,ACH,3654.75,2023-02-14 07:43:15,0,
8155,ACCT_00788,ACCT_00497,ACH,4621.39,2023-02-14 07:44:50,0,
8156,ACCT_01475,ACCT_01194,CASH,2532.82,2023-02-14 07:45:56,0,
8157,ACCT_01363,ACCT_01640,TRANSFER,26733.04,2023-02-14 07:48:43,1,ALERT_0025
8158,ACCT_00361,ACCT_01723,WIRE,3552.38,2023-02-14 08:01:43,1,ALERT_0052
8159,ACCT_01623,ACCT_00212,WIRE,4879.17,2023-02-14 08:09:25,0,
8160,ACCT_01295,ACCT_01622,WIRE,3012.11,2023-02-14 08:14:38,0,
8161,ACCT_00271,ACCT_00974,TRANSFER,3624.25,2023-02-14 08:24:35,0,
8162,ACCT_01289,ACCT_01840,WIRE,261.86,2023-02-14 08:37:15,0,
8163,ACCT_00853,ACCT_00166,CHECK,2078.77,2023-02-14 08:37:29,0,
8164,ACCT_00168,ACCT_01184,WIRE,3052.68,2023-02-14 08:42:26,0,
8165,ACCT_01182,ACCT_01005,CASH,2618.1,2023-02-14 08:54:03,0,
8166,ACCT_01759,ACCT_01709,TRANSFER,1987.11,2023-02-14 09:05:55,0,
8167,ACCT_01377,ACCT_01018,CASH,2089.03,2023-02-14 09:07:12,0,
8168,ACCT_00180,ACCT_00991,ACH,4670.12,2023-02-14 09:10:50,0,
8169,ACCT_00411,ACCT_01929,CASH,2509.76,2023-02-14 09:12:53,0,
8170,ACCT_01185,ACCT_01263,WIRE,1625.43,2023-02-14 09:16:38,0,
8171,ACCT_00312,ACCT_00331,CASH,4725.43,2023-02-14 09:19:35,0,
8172,ACCT_00477,ACCT_00075,TRANSFER,4310.62,2023-02-14 09:24:55,0,
8173,ACCT_00592,ACCT_00629,ACH,3497.46,2023-02-14 09:28:28,0,
8174,ACCT_00302,ACCT_01898,CASH,4911.06,2023-02-14 09:29:29,0,
8175,ACCT_00361,ACCT_00791,TRANSFER,10442.15,2023-02-14 09:39:14,1,ALERT_0052
8176,ACCT_00858,ACCT_00471,ACH,4140.83,2023-02-14 09:41:04,0,
8177,ACCT_01628,ACCT_01805,ACH,2001.67,2023-02-14 09:42:20,0,
8178,ACCT_01875,ACCT_01703,CASH,4922.17,2023-02-14 10:03:08,0,
8179,ACCT_01143,ACCT_01111,CHECK,3400.11,2023-02-14 10:14:14,0,
8180,ACCT_00595,ACCT_00286,TRANSFER,2792.92,2023-02-14 10:25:48,0,
8181,ACCT_01382,ACCT_00423,CHECK,1505.55,2023-02-14 10:26:38,0,
8182,ACCT_00292,ACCT_00206,ACH,1931.4,2023-02-14 10:27:02,0,
8183,ACCT_00765,ACCT_00787,CHECK,1545.98,2023-02-14 10:31:25,0,
8184,ACCT_00865,ACCT_00659,ACH,4336.67,2023-02-14 10:47:06,0,
8185,ACCT_00328,ACCT_01125,WIRE,13283.6,2023-02-14 10:48:19,1,ALERT_0012
8186,ACCT_00715,ACCT_01838,WIRE,469.7,2023-02-14 11:14:48,0,
8187,ACCT_00177,ACCT_00295,WIRE,1523.12,2023-02-14 11:27:10,0,
8188,ACCT_01567,ACCT_01265,CHECK,2121.03,2023-02-14 11:32:23,0,
8189,ACCT_00683,ACCT_00541,ACH,4509.19,2023-02-14 11:34:52,0,
8190,ACCT_00058,ACCT_00067,ACH,3959.43,2023-02-14 11:39:45,0,
8191,ACCT_00999,ACCT_01491,ACH,612.9,2023-02-14 11:57:11,0,
8192,ACCT_00467,ACCT_00216,WIRE,3065.38,2023-02-14 12:00:58,0,
8193,ACCT_01927,ACCT_00685,CASH,1426.32,2023-02-14 12:16:26,0,
8194,ACCT_01018,ACCT_01446,WIRE,40353.28,2023-02-14 12:20:12,1,ALERT_0010
8195,ACCT_00361,ACCT_00549,WIRE,35694.82,2023-02-14 12:22:51,1,ALERT_0052
8196,ACCT_01580,ACCT_00487,CASH,1519.41,2023-02-14 12:43:56,0,
8197,ACCT_00352,ACCT_00670,CHECK,1961.62,2023-02-14 12:45:45,0,
8198,ACCT_01635,ACCT_00099,ACH,310.83,2023-02-14 12:48:52,0,
8199,ACCT_01045,ACCT_00298,TRANSFER,2393.67,2023-02-14 13:03:22,0,
8200,ACCT_00113,ACCT_00836,ACH,3501.39,2023-02-14 13:13:28,0,
8201,ACCT_01929,ACCT_00154,WIRE,137.97,2023-02-14 13:18:28,0,
8202,ACCT_00404,ACCT_00102,CHECK,2498.27,2023-02-14 13:28:49,0,
8203,ACCT_00987,ACCT_01170,ACH,3141.09,2023-02-14 13:38:03,0,
8204,ACCT_00093,ACCT_01678,TRANSFER,2840.66,2023-02-14 13:38:46,0,
8205,ACCT_01257,ACCT_01864,TRANSFER,4777.5,2023-02-14 13:43:28,0,
8206,ACCT_01363,ACCT_01560,WIRE,33617.38,2023-02-14 13:46:12,1,ALERT_0025
8207,ACCT_00282,ACCT_00530,CHECK,2402.82,2023-02-14 13:50:34,0,
8208,ACCT_01925,ACCT_00727,ACH,4889.07,2023-02-14 13:52:27,0,
8209,ACCT_01573,ACCT_00146,TRANSFER,3262.29,2023-02-14 13:55:18,0,
8210,ACCT_00788,ACCT_01407,TRANSFER,2464.18,2023-02-14 14:01:46,0,
8211,ACCT_00522,ACCT_01901,CHECK,2279.26,2023-02-14 14:07:19,0,
8212,ACCT_01843,ACCT_00578,TRANSFER,2034.05,2023-02-14 14:07:19,0,
8213,ACCT_00846,ACCT_01531,ACH,2844.56,2023-02-14 14:12:49,0,
8214,ACCT_00891,ACCT_00373,CHECK,1671.03,2023-02-14 14:19:48,0,
8215,ACCT_01670,ACCT_01413,ACH,978.91,2023-02-14 14:24:09,0,
8216,ACCT_00492,ACCT_00895,CASH,2825.95,2023-02-14 14:25:06,0,
8217,ACCT_01037,ACCT_00922,CASH,4388.27,2023-02-14 14:32:52,0,
8218,ACCT_00110,ACCT_00096,ACH,1194.7,2023-02-14 14:33:53,0,
8219,ACCT_01406,ACCT_00758,TRANSFER,1125.53,2023-02-14 14:44:37,0,
8220,ACCT_01840,ACCT_00368,TRANSFER,4096.31,2023-02-14 14:46:27,0,
8221,ACCT_00396,ACCT_01618,ACH,67.69,2023-02-14 14:50:22,0,
8222,ACCT_00544,ACCT_01822,ACH,1332.23,2023-02-14 14:57:24,0,
8223,ACCT_01558,ACCT_00883,CHECK,2450.39,2023-02-14 15:02:14,0,
8224,ACCT_01291,ACCT_01924,CASH,465.91,2023-02-14 15:03:26,0,
8225,ACCT_00699,ACCT_00780,TRANSFER,2146.46,2023-02-14 15:18:04,0,
8226,ACCT_01007,ACCT_00144,WIRE,270.01,2023-02-14 15:22:24,0,
8227,ACCT_00636,ACCT_01889,ACH,838.07,2023-02-14 15:28:03,0,
8228,ACCT_01034,ACCT_00985,WIRE,4193.13,2023-02-14 15:28:52,0,
8229,ACCT_00533,ACCT_00333,CHECK,2341.99,2023-02-14 16:01:19,0,
8230,ACCT_00130,ACCT_00864,WIRE,1682.06,2023-02-14 16:13:52,0,
8231,ACCT_00279,ACCT_01009,CHECK,1160.44,2023-02-14 16:20:31,0,
8232,ACCT_01469,ACCT_00003,TRANSFER,952.67,2023-02-14 16:27:57,0,
8233,ACCT_01368,ACCT_01360,ACH,1397.62,2023-02-14 16:37:41,0,
8234,ACCT_01241,ACCT_01684,TRANSFER,2541.92,2023-02-14 16:38:44,0,
8235,ACCT_01591,ACCT_00318,ACH,314.0,2023-02-14 16:39:51,0,
8236,ACCT_01469,ACCT_00927,WIRE,459.55,2023-02-14 17:10:50,0,
8237,ACCT_01751,ACCT_00065,TRANSFER,4879.82,2023-02-14 17:14:19,0,
8238,ACCT_01159,ACCT_01251,CHECK,2253.71,2023-02-14 17:23:40,0,
8239,ACCT_00371,ACCT_00252,CASH,3803.02,2023-02-14 17:43:30,0,
8240,ACCT_01700,ACCT_00232,ACH,4481.34,2023-02-14 17:45:31,0,
8241,ACCT_00568,ACCT_00954,CHECK,4447.89,2023-02-14 17:53:51,0,
8242,ACCT_01243,ACCT_00154,WIRE,2838.84,2023-02-14 17:57:24,0,
8243,ACCT_01477,ACCT_00068,WIRE,4585.08,2023-02-14 18:15:05,0,
8244,ACCT_00445,ACCT_01866,WIRE,4101.4,2023-02-14 18:21:42,0,
8245,ACCT_00316,ACCT_00929,ACH,24281.81,2023-02-14 18:28:49,1,ALERT_0015
8246,ACCT_00061,ACCT_01841,WIRE,3736.92,2023-02-14 18:29:38,0,
8247,ACCT_00320,ACCT_00047,WIRE,467.18,2023-02-14 18:30:27,0,
8248,ACCT_01675,ACCT_00194,CHECK,1384.2,2023-02-14 18:31:23,0,
8249,ACCT_00887,ACCT_00692,TRANSFER,1371.45,2023-02-14 18:42:15,0,
8250,ACCT_01264,ACCT_00785,CHECK,2936.3,2023-02-14 18:42:30,0,
8251,ACCT_00884,ACCT_01754,WIRE,3004.41,2023-02-14 18:49:26,0,
8252,ACCT_01002,ACCT_01517,ACH,1798.37,2023-02-14 18:59:10,0,
8253,ACCT_00637,ACCT_01775,TRANSFER,3290.21,2023-02-14 19:03:47,0,
8254,ACCT_01355,ACCT_01318,ACH,1729.7,2023-02-14 19:06:02,0,
8255,ACCT_00564,ACCT_01315,CHECK,1997.49,2023-02-14 19:23:48,0,
8256,ACCT_00818,ACCT_00019,CASH,596.74,2023-02-14 19:24:13,0,
8257,ACCT_01299,ACCT_00962,WIRE,2596.66,2023-02-14 19:30:45,0,
8258,ACCT_00686,ACCT_00382,TRANSFER,1662.6,2023-02-14 19:31:02,0,
8259,ACCT_00755,ACCT_01888,CASH,3216.24,2023-02-14 19:36:14,0,
8260,ACCT_00276,ACCT_01216,ACH,2511.38,2023-02-14 19:45:12,0,
8261,ACCT_00163,ACCT_00951,TRANSFER,1032.54,2023-02-14 19:47:59,0,
8262,ACCT_01215,ACCT_00279,CHECK,2476.78,2023-02-14 19:49:35,0,
8263,ACCT_00900,ACCT_00389,TRANSFER,1845.64,2023-02-14 19:55:58,0,
8264,ACCT_01205,ACCT_01123,WIRE,4948.73,2023-02-14 20:10:20,0,
8265,ACCT_01129,ACCT_01151,ACH,4505.99,2023-02-14 20:14:12,0,
8266,ACCT_01169,ACCT_00383,WIRE,2236.05,2023-02-14 20:14:31,0,
8267,ACCT_01165,ACCT_01628,ACH,79.43,2023-02-14 20:38:04,0,
8268,ACCT_01098,ACCT_00830,CASH,3325.55,2023-02-14 20:40:27,0,
8269,ACCT_01825,ACCT_01460,CHECK,1203.16,2023-02-14 20:46:12,0,
8270,ACCT_01300,ACCT_00218,ACH,1467.26,2023-02-14 20:54:33,0,
8271,ACCT_00676,ACCT_01816,CHECK,795.41,2023-02-14 20:59:42,0,
8272,ACCT_00738,ACCT_01721,CHECK,779.79,2023-02-14 21:15:09,0,
8273,ACCT_01402,ACCT_01414,CHECK,3352.51,2023-02-14 21:29:53,0,
8274,ACCT_00558,ACCT_00863,CHECK,4021.49,2023-02-14 21:37:34,0,
8275,ACCT_01327,ACCT_00875,CASH,3461.37,2023-02-14 21:37:43,0,
8276,ACCT_00384,ACCT_00304,TRANSFER,849.18,2023-02-14 21:42:02,0,
8277,ACCT_00869,ACCT_00438,ACH,2803.37,2023-02-14 21:43:55,0,
8278,ACCT_01431,ACCT_01927,TRANSFER,3416.11,2023-02-14 22:04:03,0,
8279,ACCT_01589,ACCT_00633,TRANSFER,2432.78,2023-02-14 22:17:36,0,
8280,ACCT_01644,ACCT_00975,CASH,904.69,2023-02-14 22:37:16,0,
8281,ACCT_01347,ACCT_00777,TRANSFER,3914.46,2023-02-14 22:39:22,0,
8282,ACCT_00782,ACCT_00887,ACH,3323.19,2023-02-14 22:53:46,0,
8283,ACCT_01510,ACCT_01186,ACH,3658.08,2023-02-14 22:56:54,0,
8284,ACCT_00977,ACCT_01708,TRANSFER,3152.36,2023-02-14 22:59:52,0,
8285,ACCT_00316,ACCT_00530,TRANSFER,25682.09,2023-02-14 23:01:00,1,ALERT_0015
8286,ACCT_00316,ACCT_01521,TRANSFER,49593.5,2023-02-14 23:04:00,1,ALERT_0015
8287,ACCT_00316,ACCT_00548,TRANSFER,36771.82,2023-02-14 23:08:00,1,ALERT_0015
8288,ACCT_00782,ACCT_01460,TRANSFER,4839.51,2023-02-14 23:18:25,0,
8289,ACCT_00137,ACCT_01134,TRANSFER,5446.07,2023-02-14 23:20:00,1,ALERT_0012
8290,ACCT_00316,ACCT_00423,TRANSFER,31737.95,2023-02-14 23:21:00,1,ALERT_0015
8291,ACCT_00316,ACCT_01893,WIRE,40716.17,2023-02-14 23:23:00,1,ALERT_0015
8292,ACCT_00153,ACCT_01414,CHECK,1896.21,2023-02-14 23:24:48,0,
8293,ACCT_01134,ACCT_01422,TRANSFER,34030.67,2023-02-14 23:25:00,1,ALERT_0012
8294,ACCT_01704,ACCT_00137,TRANSFER,1778.73,2023-02-14 23:28:00,1,ALERT_0012
8295,ACCT_01125,ACCT_01704,WIRE,31413.77,2023-02-14 23:52:00,1,ALERT_0012
8296,ACCT_01931,ACCT_01751,ACH,2132.03,2023-02-14 23:58:22,0,
8297,ACCT_01568,ACCT_00690,WIRE,1213.47,2023-02-14 23:59:16,0,
