account_id,linked_customer_id,bank_id,first_seen_timestamp,last_seen_timestamp,real_txn_count,synthetic_txn_count,total_transaction_count,background_real_laundering_count
800056370,800056370,1,2022/09/01 00:04,2022/09/10 23:42,132,12,144,0
800056660,800056660,10,2022/09/01 00:00,2022/09/10 20:56,138,1,139,0
800056A50,800056A50,1,2022/09/01 02:03,2022/09/10 17:57,107,20,127,0
800056CB0,800056CB0,1,2022/09/01 00:02,2022/09/15 08:33,114,24,138,0
800056E00,800056E00,12,2022/09/01 00:02,2022/09/10 19:51,124,3,127,0
800057020,800057020,1,2022/09/01 01:46,2022/09/10 23:21,210,5,215,0
8000573C0,8000573C0,10,2022/09/01 01:38,2022/09/15 09:09,220,8,228,0
800057620,800057620,1,2022/09/01 00:03,2022/09/16 07:11,75,4,79,1
800057A10,800057A10,1,2022/09/01 00:00,2022/09/10 22:29,123,50,173,0
800057D40,800057D40,1,2022/09/01 00:02,2022/09/10 21:20,206,8,214,0
800057D41,800057D41,1,2022/09/02 07:58,2022/09/12 09:32,1,1,2,0
800058100,800058100,10,2022/09/01 00:00,2022/09/12 22:33,106,4,110,0
800058470,800058470,23,2022/09/01 00:05,2022/09/17 15:10,255,2,257,1
8000588D0,8000588D0,10,2022/09/01 00:05,2022/09/16 04:31,169,6,175,0
800058920,800058920,10,2022/09/01 00:17,2022/09/10 23:19,279,3,282,0
800058B80,800058B80,1,2022/09/01 00:08,2022/09/15 20:21,351,1,352,0
800058F40,800058F40,10,2022/09/01 04:18,2022/09/15 22:53,145,1,146,0
800059230,800059230,12,2022/09/01 00:25,2022/09/16 01:20,180,1,181,0
800059440,800059440,1,2022/09/01 00:28,2022/09/17 07:00,189,20,209,1
800059840,800059840,10,2022/09/01 00:02,2022/09/10 12:34,104,6,110,0
800059C00,800059C00,1,2022/09/01 00:03,2022/09/10 14:55,149,5,154,2
800059F50,800059F50,10,2022/09/01 00:06,2022/09/10 20:27,186,1,187,0
80005A2A0,80005A2A0,12,2022/09/01 00:13,2022/09/10 22:47,234,4,238,0
80005A6B0,80005A6B0,20,2022/09/01 00:09,2022/09/10 10:53,111,0,111,0
80005AB30,80005AB30,1,2022/09/01 00:02,2022/09/10 22:21,132,0,132,0
80005AD90,80005AD90,10,2022/09/01 00:00,2022/09/10 03:42,170,0,170,0
80005ADE0,80005ADE0,10,2022/09/01 00:05,2022/09/10 13:52,278,3,281,0
80005B110,80005B110,10,2022/09/01 00:06,2022/09/10 16:51,125,5,130,1
80005B3E0,80005B3E0,12,2022/09/01 02:07,2022/09/10 10:44,69,0,69,0
80005B5F0,80005B5F0,12,2022/09/01 00:01,2022/09/16 23:21,96,2,98,0
80005B9B0,80005B9B0,1,2022/09/01 00:01,2022/09/10 19:59,189,3,192,0
80005BD00,80005BD00,10,2022/09/01 03:37,2022/09/10 05:23,207,0,207,1
80005C050,80005C050,1,2022/09/01 00:07,2022/09/10 23:20,173,0,173,0
80005C0A0,80005C0A0,1,2022/09/01 00:00,2022/09/10 15:58,138,1,139,0
80005C0A1,80005C0A1,1,2022/09/01 00:15,2022/09/02 08:23,1,3,4,0
80005C3D0,80005C3D0,1,2022/09/01 02:00,2022/09/14 22:36,163,1,164,0
80005C790,80005C790,1,2022/09/01 00:09,2022/09/10 14:22,211,0,211,0
80005CB50,80005CB50,10,2022/09/01 00:01,2022/09/10 19:07,165,3,168,0
80005CF10,80005CF10,10,2022/09/01 00:07,2022/09/10 17:40,138,0,138,0
800067BB0,,22,2022/09/01 00:22,2022/09/14 00:40,114,1,115,0
800067DC0,,22,2022/09/01 03:22,2022/09/14 22:36,121,2,123,0
800068890,,23,2022/09/01 00:09,2022/09/10 21:21,148,1,149,0
800068B80,,11,2022/09/01 00:37,2022/09/14 21:57,163,2,165,0
800068E90,,20,2022/09/01 05:04,2022/09/14 06:12,130,1,131,0
800069180,,3,2022/09/01 00:12,2022/09/15 07:00,155,1,156,0
8000691D0,,3,2022/09/01 00:01,2022/09/10 16:59,56,1,57,0
800069740,,3,2022/09/01 00:04,2022/09/17 06:58,183,1,184,0
800069DD0,,4,2022/09/01 00:07,2022/09/13 10:08,114,1,115,0
80006A5E0,,20,2022/09/01 00:13,2022/09/10 21:37,169,1,170,1
80006A8B0,,3,2022/09/01 00:01,2022/09/10 10:56,198,2,200,0
80006B030,,20,2022/09/01 00:00,2022/09/10 19:56,198,1,199,0
80006B080,,20,2022/09/01 00:00,2022/09/10 14:50,137,2,139,0
80006B780,,14,2022/09/01 00:13,2022/09/10 20:18,132,2,134,0
80006C1F0,,7,2022/09/01 01:00,2022/09/17 06:41,132,1,133,0
80006C890,,12,2022/09/01 00:03,2022/09/15 14:30,180,2,182,0
80006CB30,,3,2022/09/01 00:08,2022/09/10 17:25,104,1,105,0
80006CD90,,3,2022/09/01 00:24,2022/09/10 20:27,127,1,128,0
80006E160,,3,2022/09/01 00:05,2022/09/14 15:49,103,3,106,0
80006EA80,,20,2022/09/01 00:02,2022/09/10 18:30,54,1,55,0
80006F380,,14,2022/09/01 00:08,2022/09/10 14:15,130,2,132,0
80006F5E0,,20,2022/09/01 00:18,2022/09/10 23:14,44,2,46,0
80006F9C0,,20,2022/09/01 02:38,2022/09/17 06:57,174,1,175,0
80006FCE0,,14,2022/09/01 00:04,2022/09/17 15:10,297,1,298,0
800070010,,3,2022/09/01 00:09,2022/09/10 15:23,72,1,73,0
800070290,,20,2022/09/01 00:04,2022/09/14 17:25,128,1,129,0
800070610,,4,2022/09/01 00:10,2022/09/10 23:50,109,1,110,0
800070870,,14,2022/09/01 00:09,2022/09/14 19:42,24,1,25,0
800070AD0,,14,2022/09/01 00:21,2022/09/10 19:28,212,1,213,0
800071150,,20,2022/09/01 05:36,2022/09/15 09:09,82,1,83,0
800071A10,,4,2022/09/01 03:03,2022/09/12 22:33,142,2,144,0
800071D30,,20,2022/09/01 00:00,2022/09/08 10:08,3,1,4,0
800072080,,20,2022/09/01 00:24,2022/09/17 06:59,98,2,100,0
800072350,,3,2022/09/01 00:24,2022/09/14 05:14,174,1,175,0
800072710,,3,2022/09/01 00:23,2022/09/10 16:50,45,1,46,0
800072EF0,,4,2022/09/01 03:01,2022/09/10 23:48,103,1,104,1
800072F40,,4,2022/09/01 00:08,2022/09/17 06:42,107,1,108,0
800073360,,24,2022/09/01 00:00,2022/09/09 17:28,104,1,105,0
800073750,,15,2022/09/01 09:49,2022/09/17 06:40,67,1,68,0
800073AF0,,24,2022/09/01 00:02,2022/09/10 21:45,143,1,144,0
8000746C0,,15,2022/09/01 00:12,2022/09/14 11:15,137,2,139,1
8000748D0,,15,2022/09/01 00:01,2022/09/15 00:25,88,3,91,0
8000748D1,,15,2022/09/02 01:48,2022/09/17 07:00,1,1,2,0
800075050,,15,2022/09/01 00:04,2022/09/10 21:22,95,1,96,0
8000750A0,,15,2022/09/01 00:21,2022/09/15 01:03,48,1,49,0
800075700,,21,2022/09/01 06:38,2022/09/14 12:52,102,1,103,0
800075C50,,21,2022/09/01 00:03,2022/09/17 06:54,151,1,152,0
800075FF0,,15,2022/09/01 02:25,2022/09/14 13:01,82,1,83,0
8000763B0,,15,2022/09/01 00:09,2022/09/17 06:53,94,2,96,0
800076AD0,,15,2022/09/01 00:25,2022/09/14 03:42,125,1,126,0
800076E90,,15,2022/09/01 00:04,2022/09/16 23:21,79,1,80,0
8000776E0,,21,2022/09/01 00:12,2022/09/10 12:44,207,1,208,0
800077AA0,,15,2022/09/01 00:23,2022/09/10 14:58,97,1,98,0
800078B20,,21,2022/09/01 00:03,2022/09/17 06:54,142,1,143,0
800078E70,,21381,2022/09/01 01:19,2022/09/09 03:40,30,2,32,0
800078F80,,3,2022/09/01 00:05,2022/09/09 11:29,10,1,11,0
800079600,,15,2022/09/01 00:07,2022/09/10 22:18,99,1,100,0
800079650,,15,2022/09/01 00:00,2022/09/10 14:23,79,3,82,0
800079C00,,21,2022/09/01 00:12,2022/09/10 21:48,69,1,70,0
80007A1D0,,15,2022/09/01 05:31,2022/09/16 05:40,84,2,86,0
80007AA30,,24,2022/09/01 00:09,2022/09/10 20:15,122,2,124,0
80007BF00,,15,2022/09/01 00:13,2022/09/17 06:30,89,3,92,0
80007C2C0,,24,2022/09/01 00:01,2022/09/15 22:53,117,1,118,0
80007C540,,15,2022/09/01 03:22,2022/09/10 05:55,88,1,89,0
80007C890,,15,2022/09/01 01:17,2022/09/13 23:30,159,1,160,0
80007D510,,3,2022/09/01 08:52,2022/09/10 03:44,58,1,59,0
80007E0F0,,7,2022/09/01 00:15,2022/09/10 01:54,59,1,60,0
80007E510,,7,2022/09/01 00:09,2022/09/17 06:41,79,2,81,0
80007E720,,6,2022/09/01 00:01,2022/09/10 22:45,133,1,134,0
80007EA70,,6,2022/09/01 00:18,2022/09/10 23:50,183,1,184,0
80007F290,,16,2022/09/01 00:19,2022/09/10 20:20,208,1,209,0
80007F8C0,,12,2022/09/01 00:00,2022/09/16 04:31,127,3,130,0
80007FDD0,,12,2022/09/01 00:00,2022/09/10 19:07,57,1,58,0
8000803F0,,7,2022/09/01 00:08,2022/09/10 18:28,137,1,138,0
800080670,,7,2022/09/01 01:30,2022/09/09 14:29,23,2,25,0
800080880,,6,2022/09/01 00:01,2022/09/10 08:49,112,1,113,0
800081670,,3,2022/09/01 00:04,2022/09/10 16:54,111,1,112,0
8000816C0,,3,2022/09/01 00:17,2022/09/10 06:29,134,2,136,0
800081920,,12,2022/09/01 07:05,2022/09/13 23:10,82,2,84,0
800081970,,12,2022/09/01 00:03,2022/09/10 08:26,125,1,126,0
800081CA0,,7,2022/09/01 00:08,2022/09/10 02:59,71,1,72,0
800082060,,6,2022/09/01 03:42,2022/09/09 22:19,75,1,76,0
8000823F0,,16,2022/09/01 04:07,2022/09/10 13:09,196,2,198,0
800082630,,21258,2022/09/01 00:18,2022/09/16 06:09,23,2,25,0
800082B40,,16,2022/09/01 00:07,2022/09/14 18:50,51,1,52,0
800082ED0,,12,2022/09/01 00:27,2022/09/15 21:30,52,1,53,0
800083220,,7,2022/09/01 00:16,2022/09/17 06:49,132,1,133,0
8000837F0,,7,2022/09/01 00:28,2022/09/10 16:15,88,1,89,0
800083E30,,6,2022/09/01 05:21,2022/09/16 07:11,45,4,49,0
8000841A0,,71,2022/09/01 00:00,2022/09/14 17:31,78,2,80,0
800084E50,,12,2022/09/01 05:12,2022/09/10 20:25,120,1,121,0
8000851A0,,7,2022/09/01 00:03,2022/09/10 15:51,122,2,124,0
800085BF0,800085BF0,115,2022/09/01 00:01,2022/09/14 21:05,175,2,177,0
8000866B0,,29,2022/09/01 00:04,2022/09/10 21:22,114,1,115,0
800086DC0,,29,2022/09/01 01:40,2022/09/14 14:18,167,1,168,0
800087390,,10,2022/09/01 00:02,2022/09/16 06:36,76,2,78,0
800087A50,,7,2022/09/01 00:36,2022/09/15 20:21,112,3,115,0
800087DA0,,71,2022/09/01 00:20,2022/09/10 21:53,82,1,83,0
800088440,,9,2022/09/01 00:03,2022/09/10 22:29,109,1,110,0
800088EB0,,28,2022/09/01 00:03,2022/09/09 22:12,24,1,25,0
8000890A0,,28,2022/09/01 00:16,2022/09/17 06:51,119,1,120,0
80008A071,,9,2022/09/01 18:18,2022/09/09 13:53,7,1,8,0
80008A3F0,,9,2022/09/01 01:08,2022/09/16 01:20,155,2,157,0
80008A610,,10,2022/09/01 00:08,2022/09/10 17:29,130,1,131,0
80008A830,,4,2022/09/01 00:03,2022/09/12 18:52,132,2,134,0
80008AA20,,10,2022/09/01 00:02,2022/09/09 09:22,42,1,43,0
80008AC30,,7,2022/09/01 00:14,2022/09/10 14:21,36,1,37,0
80008AEB0,,28,2022/09/01 00:04,2022/09/10 00:17,59,1,60,0
80008AF00,,28,2022/09/01 00:19,2022/09/10 05:59,86,1,87,0
80008B0F0,,28,2022/09/01 03:01,2022/09/17 06:37,110,3,113,0
80008B2E0,,7,2022/09/01 00:05,2022/09/14 23:25,124,1,125,0
80008BA40,,10,2022/09/01 03:15,2022/09/10 23:30,106,2,108,0
80008BD30,,7,2022/09/01 00:05,2022/09/15 05:35,72,1,73,0
80008C690,,10,2022/09/01 00:02,2022/09/17 06:36,134,2,136,0
80008C980,,7,2022/09/01 00:04,2022/09/10 12:48,55,1,56,0
80008DDF0,,9,2022/09/01 00:08,2022/09/10 14:17,205,1,206,0
80008E500,,10,2022/09/01 00:29,2022/09/17 06:35,65,1,66,0
80008E550,,10,2022/09/01 00:05,2022/09/10 08:06,136,1,137,0
80008E7B0,,9,2022/09/01 00:14,2022/09/15 08:33,73,2,75,0
80008F6B0,,9,2022/09/01 00:02,2022/09/10 02:51,71,1,72,0
80008FA70,,9,2022/09/01 00:18,2022/09/10 09:48,88,1,89,0
80008FE30,,4,2022/09/01 00:29,2022/09/10 21:36,87,1,88,0
800090560,,287,2022/09/01 00:00,2022/09/10 08:23,138,1,139,0
800090F60,,9,2022/09/01 04:41,2022/09/10 22:51,129,1,130,0
800091320,,7,2022/09/01 00:12,2022/09/10 23:46,102,1,103,0
8000915E0,,287,2022/09/01 00:03,2022/09/10 15:51,87,1,88,0
8000919A0,,10,2022/09/01 00:14,2022/09/14 02:07,63,1,64,0
800091C60,800091C60,9,2022/09/01 02:12,2022/09/10 19:24,71,1,72,0
800091EE0,,212,2022/09/01 11:17,2022/09/15 02:29,92,4,96,1
8000924D0,,26,2022/09/01 03:05,2022/09/10 22:50,157,1,158,0
800092E40,,212,2022/09/01 00:14,2022/09/12 09:32,127,2,129,0
800093890,,26,2022/09/01 00:12,2022/09/17 06:33,116,5,121,0
800093C80,800093C80,5,2022/09/01 00:20,2022/09/14 14:40,152,2,154,2
800093EE0,,212,2022/09/01 02:05,2022/09/10 20:52,164,1,165,0
800094540,,5,2022/09/01 02:01,2022/09/09 23:26,58,1,59,0
800094FC0,,212,2022/09/01 00:03,2022/09/10 19:59,157,1,158,0
8000966F0,,26,2022/09/01 00:17,2022/09/10 21:24,138,1,139,0
800096DD0,,5,2022/09/01 00:14,2022/09/10 13:17,79,1,80,0
800096FE0,,5,2022/09/02 22:58,2022/09/15 04:05,6,1,7,0
800097520,,211,2022/09/01 00:15,2022/09/10 18:38,49,2,51,0
800097FF0,,212,2022/09/01 00:24,2022/09/09 18:27,35,1,36,0
800098200,,212,2022/09/01 01:34,2022/09/17 06:38,240,3,243,0
8000991D0,,212,2022/09/01 00:01,2022/09/15 02:33,70,1,71,0
800099520,,5,2022/09/01 00:22,2022/09/10 22:29,122,3,125,0
800099810,,212,2022/09/01 00:12,2022/09/10 13:20,68,1,69,0
800099E80,,212,2022/09/01 00:10,2022/09/10 16:08,190,1,191,0
80009A680,,5,2022/09/01 01:08,2022/09/10 14:18,159,2,161,0
80009A9D0,,5,2022/09/01 00:09,2022/09/17 06:41,154,3,157,0
80009B0E0,,26,2022/09/01 00:10,2022/09/13 16:54,39,1,40,0
80009B470,,26,2022/09/01 00:04,2022/09/17 13:36,193,1,194,0
80009B830,,211,2022/09/01 06:34,2022/09/10 13:52,155,1,156,0
8000EBD30,,10,2022/09/01 00:20,2022/09/10 00:11,15,0,15,0
80010C060,80010C060,1,2022/09/01 00:04,2022/09/09 08:54,34,0,34,0
8001C3570,8001C3570,10,2022/09/01 00:06,2022/09/14 21:05,164,2,166,0
8001E34C0,,1292,2022/09/01 04:01,2022/09/10 03:24,58,1,59,0
80021DC50,80021DC50,1522,2022/09/01 00:01,2022/09/10 12:50,62,0,62,0
800256E00,,410,2022/09/01 15:53,2022/09/10 20:29,44,0,44,0
80026A5A0,80026A5A0,1420,2022/09/01 04:45,2022/09/10 21:24,124,1,125,0
8002807E0,8002807E0,12,2022/09/01 00:21,2022/09/10 20:29,47,0,47,0
8002C56D0,8002C56D0,3553,2022/09/01 00:28,2022/09/01 00:28,1,0,1,0
80035F420,,410,2022/09/01 08:47,2022/09/10 23:56,138,2,140,0
8003BF6E0,,1,2022/09/01 00:35,2022/09/09 16:51,27,0,27,0
8003C24D0,8003C24D0,1292,2022/09/01 00:15,2022/09/09 22:09,32,0,32,0
8003F7BD0,8003F7BD0,10,2022/09/01 00:04,2022/09/01 00:04,1,0,1,0
800425630,800425630,3630,2022/09/01 16:54,2022/09/01 16:54,1,0,1,0
8004473E0,8004473E0,1490,2022/09/01 00:11,2022/09/01 00:11,1,0,1,0
800456880,800456880,3794,2022/09/02 22:10,2022/09/09 22:08,2,0,2,0
800489210,800489210,2843,2022/09/01 00:11,2022/09/10 17:58,191,0,191,0
8004B6050,8004B6050,10,2022/09/01 00:35,2022/09/10 23:47,180,0,180,0
8004C74E0,,220,2022/09/01 00:15,2022/09/09 00:52,5,0,5,0
8004FE3E0,8004FE3E0,20,2022/09/01 00:29,2022/09/10 09:54,93,0,93,0
80053CFC0,80053CFC0,1490,2022/09/01 00:25,2022/09/10 06:52,37,0,37,0
8005692B0,,2591,2022/09/01 00:08,2022/09/10 13:27,28,0,28,0
800595290,,3905,2022/09/02 08:49,2022/09/09 04:08,2,0,2,0
8005A18F0,,3619,2022/09/01 00:16,2022/09/01 00:16,1,0,1,0
800619E80,,12,2022/09/01 00:22,2022/09/10 19:28,22,0,22,0
80063DE20,80063DE20,3579,2022/09/01 12:26,2022/09/01 12:26,1,0,1,0
80068E7D0,,701,2022/09/01 02:31,2022/09/10 05:24,75,0,75,0
8006E2E40,,11157,2022/09/01 00:00,2022/09/09 04:02,7,0,7,0
80075D5E0,,1688,2022/09/01 06:06,2022/09/10 13:43,91,0,91,0
800793180,800793180,1601,2022/09/01 00:03,2022/09/09 06:52,7,0,7,0
80084B380,80084B380,3322,2022/09/01 00:11,2022/09/01 00:11,1,0,1,0
8008CE991,,1124,2022/09/01 18:06,2022/09/01 18:06,1,0,1,0
8009083C0,,908,2022/09/02 18:57,2022/09/09 01:16,2,0,2,0
800925110,800925110,3352,2022/09/02 09:32,2022/09/09 23:41,2,0,2,0
800970B80,,1547,2022/09/01 03:31,2022/09/09 11:50,4,0,4,0
8009A4370,8009A4370,1502,2022/09/01 00:00,2022/09/10 06:54,97,0,97,0
8009B45E0,8009B45E0,2591,2022/09/01 00:09,2022/09/10 07:21,66,0,66,0
800A52F40,800A52F40,1665,2022/09/01 01:57,2022/09/10 17:02,12,0,12,0
800A57770,,3244,2022/09/02 14:30,2022/09/09 14:31,2,0,2,0
800AA9E00,800AA9E00,1669,2022/09/01 00:14,2022/09/09 21:39,8,0,8,0
800B10F80,,31535,2022/09/02 14:24,2022/09/09 02:58,2,0,2,0
800B28B60,,31924,2022/09/01 00:18,2022/09/01 00:18,1,0,1,0
800B3A9C0,800B3A9C0,2915,2022/09/01 02:40,2022/09/10 21:21,90,0,90,0
800B620B0,800B620B0,11471,2022/09/01 00:27,2022/09/10 22:23,25,0,25,0
800B95320,800B95320,11056,2022/09/01 00:15,2022/09/09 02:41,22,0,22,0
800BBD220,800BBD220,11107,2022/09/01 00:06,2022/09/09 16:27,34,0,34,0
800BED3C0,800BED3C0,3727,2022/09/01 00:09,2022/09/01 00:09,1,0,1,0
800C03640,,32084,2022/09/01 04:44,2022/09/01 04:44,1,0,1,0
800C45CA0,800C45CA0,21550,2022/09/01 02:13,2022/09/10 06:56,28,0,28,0
800C5E3F0,800C5E3F0,31979,2022/09/02 03:33,2022/09/09 06:28,2,0,2,0
800CE8340,,3437,2022/09/01 00:26,2022/09/01 00:26,1,0,1,0
800D11090,800D11090,3236,2022/09/02 16:25,2022/09/09 21:45,2,0,2,0
800D36B20,800D36B20,1,2022/09/01 00:25,2022/09/10 21:38,234,0,234,0
800D43A90,800D43A90,32304,2022/09/01 00:04,2022/09/01 00:04,1,0,1,0
800D46C20,800D46C20,31610,2022/09/01 22:44,2022/09/01 22:44,1,0,1,0
800D6DD70,800D6DD70,12,2022/09/01 02:06,2022/09/10 23:40,29,0,29,0
800D83A40,800D83A40,11,2022/09/01 00:06,2022/09/09 21:41,7,0,7,0
800DDED10,800DDED10,32413,2022/09/02 22:17,2022/09/09 23:43,2,0,2,0
800E4DA90,800E4DA90,12,2022/09/01 00:09,2022/09/10 10:28,6,0,6,0
800E84250,800E84250,701,2022/09/01 17:35,2022/09/10 05:32,3,0,3,1
800E860B0,,31824,2022/09/02 23:22,2022/09/09 22:40,2,0,2,0
800EA3760,,11107,2022/09/01 01:11,2022/09/10 05:55,4,0,4,0
800EB04C0,,32520,2022/09/02 07:52,2022/09/09 15:43,2,0,2,0
800ED00D0,,3409,2022/09/01 04:54,2022/09/01 04:54,1,0,1,0
800EE2180,800EE2180,1729,2022/09/01 00:02,2022/09/09 21:16,34,0,34,0
800F02FB0,,32584,2022/09/01 00:01,2022/09/01 00:01,1,0,1,0
800F06F10,,31900,2022/09/02 02:34,2022/09/09 13:03,2,0,2,0
800F1DB80,800F1DB80,32609,2022/09/01 00:21,2022/09/01 00:21,1,0,1,0
800F30520,800F30520,1688,2022/09/01 00:16,2022/09/09 00:55,15,0,15,0
800F73590,,32672,2022/09/02 20:16,2022/09/09 18:35,2,0,2,0
800FDBF30,,21749,2022/09/01 01:34,2022/09/01 01:34,1,0,1,0
80101D8F0,,32803,2022/09/01 06:45,2022/09/01 06:45,1,0,1,0
8010414C0,,31691,2022/09/02 12:46,2022/09/09 08:30,2,0,2,0
80104C6F0,80104C6F0,1299,2022/09/01 00:00,2022/09/10 23:18,35,0,35,0
80105A870,,1655,2022/09/01 08:10,2022/09/09 00:01,3,0,3,0
801079260,,12561,2022/09/01 00:18,2022/09/09 18:18,26,0,26,0
8010AE9A0,,32721,2022/09/01 21:43,2022/09/01 21:43,1,0,1,0
8010BB6E0,8010BB6E0,12004,2022/09/01 00:11,2022/09/10 14:39,41,0,41,0
80116AFF0,,1412,2022/09/01 00:01,2022/09/10 19:44,109,0,109,0
8011D2BD0,8011D2BD0,12797,2022/09/01 00:21,2022/09/09 06:53,4,0,4,0
8011F1250,8011F1250,1,2022/09/01 00:27,2022/09/02 19:48,3,0,3,0
8011F9E60,8011F9E60,32173,2022/09/02 03:44,2022/09/09 18:06,2,0,2,0
8012010B0,8012010B0,31523,2022/09/02 07:10,2022/09/09 08:19,2,0,2,0
80120A710,80120A710,3221,2022/09/01 21:42,2022/09/01 21:42,1,0,1,0
801211C30,,21387,2022/09/01 00:08,2022/09/05 06:32,3,0,3,0
80124DA90,80124DA90,32870,2022/09/02 20:03,2022/09/09 15:34,2,0,2,0
801294D10,801294D10,11974,2022/09/01 00:09,2022/09/09 20:05,22,0,22,0
80129EB80,,1916,2022/09/01 00:02,2022/09/10 10:59,23,0,23,0
8013E0D50,,22164,2022/09/01 00:13,2022/09/02 07:20,3,0,3,0
8013E5FB0,8013E5FB0,2385,2022/09/01 00:17,2022/09/09 23:53,7,0,7,0
801461050,801461050,1420,2022/09/01 04:39,2022/09/10 06:53,37,0,37,0
801471C80,,1411,2022/09/01 01:19,2022/09/05 20:43,2,0,2,0
8014A1950,,2591,2022/09/01 01:29,2022/09/06 20:54,3,0,3,1
8014D45A0,8014D45A0,1916,2022/09/01 00:03,2022/09/09 17:10,34,0,34,0
8014FC550,8014FC550,12561,2022/09/01 00:16,2022/09/10 21:05,43,0,43,0
8015216E0,8015216E0,33244,2022/09/01 00:06,2022/09/01 00:06,1,0,1,0
801535A60,801535A60,13554,2022/09/01 06:07,2022/09/10 18:32,87,0,87,0
8015C6420,,12561,2022/09/01 19:36,2022/09/10 19:46,21,0,21,0
8015CDCD0,,1686,2022/09/01 00:43,2022/09/09 19:57,43,0,43,0
8015E88E0,8015E88E0,33138,2022/09/02 17:14,2022/09/09 23:45,2,0,2,0
80164B550,,1729,2022/09/01 00:09,2022/09/10 22:16,35,0,35,0
80164F8A0,,1665,2022/09/01 00:21,2022/09/09 20:13,8,0,8,0
8016723A0,,22205,2022/09/01 11:36,2022/09/10 17:15,61,0,61,0
80167DDD0,80167DDD0,3489,2022/09/01 00:25,2022/09/10 22:28,105,0,105,0
8016A5360,,3420,2022/09/01 12:05,2022/09/10 05:57,32,0,32,0
8016D8110,8016D8110,2991,2022/09/01 00:04,2022/09/10 16:45,4,0,4,0
8016DF190,,12381,2022/09/01 00:02,2022/09/09 18:24,12,0,12,0
801772420,801772420,220,2022/09/01 00:04,2022/09/09 21:28,55,0,55,0
80177CEB0,80177CEB0,2843,2022/09/01 01:07,2022/09/01 10:56,2,0,2,0
80179F360,80179F360,23537,2022/09/01 00:22,2022/09/10 21:41,73,0,73,0
8017BE720,8017BE720,31770,2022/09/02 17:21,2022/09/09 08:43,2,0,2,0
8017C71A0,8017C71A0,1588,2022/09/01 00:18,2022/09/09 22:18,13,0,13,1
8018204F0,8018204F0,1024,2022/09/01 02:20,2022/09/06 10:25,11,0,11,0
8018238B0,8018238B0,13516,2022/09/01 15:01,2022/09/10 11:43,23,0,23,0
801827EC0,,22806,2022/09/01 00:11,2022/09/10 16:26,75,0,75,0
801857EB0,,1124,2022/09/01 00:01,2022/09/10 20:21,52,0,52,0
80186E730,,12719,2022/09/01 00:32,2022/09/10 13:23,80,0,80,0
8018C98C0,,32964,2022/09/01 13:50,2022/09/01 13:50,1,0,1,0
8018CD260,8018CD260,24144,2022/09/01 00:18,2022/09/10 16:13,117,0,117,0
8018E0040,,1299,2022/09/01 00:08,2022/09/10 10:51,76,0,76,0
80192BFB0,,1588,2022/09/01 00:21,2022/09/10 00:13,43,0,43,0
80192FEF0,80192FEF0,1362,2022/09/01 08:00,2022/09/10 11:29,48,0,48,0
8019739C0,8019739C0,908,2022/09/07 22:36,2022/09/07 22:36,1,0,1,0
801986330,801986330,12735,2022/09/01 00:26,2022/09/10 10:19,118,0,118,0
8019C1290,,23402,2022/09/01 03:00,2022/09/10 18:25,59,0,59,0
8019C9AA0,,31687,2022/09/02 20:28,2022/09/09 23:23,2,0,2,0
8019D53B0,8019D53B0,11,2022/09/01 00:11,2022/09/03 21:20,2,0,2,0
8019F3C80,,3229,2022/09/01 07:09,2022/09/10 03:11,36,0,36,0
8019FFC80,8019FFC80,3960,2022/09/01 23:46,2022/09/01 23:46,1,0,1,0
801A19640,801A19640,2845,2022/09/01 00:08,2022/09/01 20:16,2,0,2,0
801A22E00,,12381,2022/09/01 06:56,2022/09/09 10:29,5,0,5,0
801A27B20,,37087,2022/09/01 00:19,2022/09/01 00:19,1,0,1,0
801AAE1B0,,11657,2022/09/01 00:01,2022/09/09 22:08,53,0,53,0
801B28A50,,1588,2022/09/01 15:18,2022/09/03 23:22,5,0,5,0
801B565E0,801B565E0,24482,2022/09/01 01:14,2022/09/10 15:11,57,0,57,0
801B850B0,801B850B0,32323,2022/09/01 12:26,2022/09/01 12:26,1,0,1,0
801BCA760,,3123,2022/09/01 10:07,2022/09/01 10:07,1,0,1,0
801BEED90,801BEED90,34192,2022/09/01 20:58,2022/09/01 20:58,1,0,1,0
801C04D80,801C04D80,33662,2022/09/02 18:03,2022/09/09 05:26,2,0,2,0
801C0FB60,801C0FB60,14663,2022/09/01 00:12,2022/09/10 03:17,37,0,37,0
801C7D6A0,,31650,2022/09/02 04:05,2022/09/09 18:09,2,0,2,0
801C912F0,,3335,2022/09/01 00:03,2022/09/09 22:20,16,0,16,0
801C98AE0,801C98AE0,32201,2022/09/02 22:28,2022/09/09 10:16,2,0,2,0
801CAD9C0,,11318,2022/09/01 16:35,2022/09/10 11:33,28,0,28,0
801CB1C50,,1665,2022/09/01 00:13,2022/09/10 20:59,59,0,59,0
801CBAF20,801CBAF20,31932,2022/09/01 10:47,2022/09/01 10:47,1,0,1,0
801D03210,801D03210,2991,2022/09/02 12:03,2022/09/09 22:50,25,0,25,0
801D83260,,22806,2022/09/01 02:35,2022/09/10 16:54,94,0,94,0
801DD5140,801DD5140,33671,2022/09/01 00:06,2022/09/01 00:06,1,0,1,0
801DFB5B0,801DFB5B0,12513,2022/09/01 00:08,2022/09/01 00:08,1,0,1,0
801E2B3B0,,23885,2022/09/01 12:14,2022/09/10 18:35,11,0,11,0
801E47D80,,1655,2022/09/01 03:26,2022/09/10 20:54,33,0,33,0
801E6A920,801E6A920,12963,2022/09/01 02:12,2022/09/10 02:38,4,0,4,0
801EC0260,801EC0260,12963,2022/09/01 00:04,2022/09/10 22:58,77,0,77,0
801EC55D0,,23555,2022/09/01 00:07,2022/09/09 10:20,11,0,11,0
801ED4980,801ED4980,3514,2022/09/01 00:09,2022/09/10 08:20,87,0,87,0
801ED61F0,,2915,2022/09/01 00:04,2022/09/10 09:14,71,0,71,0
801EE2770,,33466,2022/09/01 21:04,2022/09/01 21:04,1,0,1,0
801F2E1A0,801F2E1A0,31634,2022/09/02 23:06,2022/09/09 22:53,2,0,2,0
801F69530,801F69530,11318,2022/09/01 06:43,2022/09/09 18:59,23,0,23,0
802021CD0,,1467,2022/09/01 10:03,2022/09/10 23:46,36,0,36,1
8020D3EF0,,34148,2022/09/02 17:25,2022/09/09 04:59,2,0,2,0
8021008F0,,5365,2022/09/01 08:45,2022/09/10 08:43,24,0,24,0
802119C10,802119C10,32489,2022/09/01 12:48,2022/09/01 12:48,1,0,1,0
802145270,,12,2022/09/01 18:26,2022/09/09 09:16,12,0,12,0
80216EE30,,1267,2022/09/01 00:00,2022/09/09 21:57,60,0,60,0
802184880,802184880,4259,2022/09/01 00:02,2022/09/09 20:15,38,0,38,0
802186F50,,5329,2022/09/01 00:00,2022/09/09 04:19,11,0,11,0
8021FFD30,8021FFD30,23885,2022/09/01 00:06,2022/09/10 23:48,6,0,6,0
802213DF0,802213DF0,23555,2022/09/01 00:00,2022/09/10 23:57,79,0,79,0
802222410,802222410,31082,2022/09/01 20:26,2022/09/01 20:26,1,0,1,0
8022480A0,,21258,2022/09/01 03:22,2022/09/09 19:03,33,0,33,0
80224CAA0,80224CAA0,25637,2022/09/01 00:17,2022/09/06 18:25,3,0,3,0
80226A860,80226A860,35822,2022/09/01 00:02,2022/09/01 00:02,1,0,1,0
80226C4C0,80226C4C0,14549,2022/09/01 00:10,2022/09/03 00:51,2,0,2,0
80227A210,,4242,2022/09/01 00:00,2022/09/10 19:52,80,0,80,0
80231C910,,12004,2022/09/01 00:10,2022/09/09 15:52,3,0,3,0
80234CE50,,11657,2022/09/01 00:05,2022/09/10 19:29,120,0,120,0
8023C1EF0,,32006,2022/09/01 00:24,2022/09/01 00:24,1,0,1,0
8023ED8B0,8023ED8B0,12,2022/09/01 00:00,2022/09/10 20:59,36,0,36,1
8024139F0,,5328,2022/09/01 00:13,2022/09/10 04:24,38,0,38,0
802422010,,14325,2022/09/01 00:16,2022/09/10 19:53,108,0,108,0
80247BB70,80247BB70,13345,2022/09/01 00:27,2022/09/10 16:54,70,0,70,0
802486E50,802486E50,3923,2022/09/02 05:30,2022/09/09 00:02,2,0,2,0
8025239F0,8025239F0,14290,2022/09/01 00:13,2022/09/10 11:27,57,0,57,0
80252EF80,80252EF80,513,2022/09/01 00:13,2022/09/09 19:18,8,0,8,0
80254A380,80254A380,6010,2022/09/01 00:10,2022/09/01 00:23,2,0,2,0
80254F920,,23885,2022/09/01 00:00,2022/09/10 00:57,32,0,32,0
802569B30,802569B30,13554,2022/09/01 00:20,2022/09/09 01:23,31,0,31,0
80257A2F0,,1669,2022/09/01 00:03,2022/09/10 15:12,121,0,121,0
8025AFB80,8025AFB80,32112,2022/09/02 19:52,2022/09/09 00:13,2,0,2,0
8025BE730,8025BE730,3432,2022/09/01 07:13,2022/09/01 07:13,1,0,1,0
8025F9120,8025F9120,1501,2022/09/01 16:48,2022/09/09 00:19,4,0,4,0
802605BB0,,35023,2022/09/02 15:41,2022/09/09 00:41,2,0,2,0
802657F70,,35754,2022/09/02 04:17,2022/09/09 02:46,2,0,2,0
80265BCB0,80265BCB0,12797,2022/09/01 00:27,2022/09/10 14:50,74,0,74,0
8026B3760,8026B3760,1601,2022/09/01 14:37,2022/09/09 21:15,16,0,16,0
8026ED8D0,8026ED8D0,25768,2022/09/01 02:13,2022/09/01 13:28,2,0,2,0
80271DB90,80271DB90,1669,2022/09/01 06:03,2022/09/01 06:03,1,0,1,0
802742B50,,11296,2022/09/01 00:07,2022/09/09 22:26,45,0,45,0
8027CD110,,21940,2022/09/01 08:44,2022/09/10 14:29,75,0,75,0
8027F18F0,8027F18F0,33877,2022/09/01 15:11,2022/09/01 15:11,1,0,1,0
802824F50,,4259,2022/09/01 00:09,2022/09/09 11:57,4,0,4,0
80284C550,,3214,2022/09/02 16:20,2022/09/09 14:18,2,0,2,0
80286D280,,3149,2022/09/01 13:05,2022/09/09 05:28,18,0,18,0
8029176F0,,13858,2022/09/01 00:25,2022/09/09 11:20,5,0,5,0
802959F80,802959F80,5466,2022/09/10 21:56,2022/09/10 21:56,1,0,1,0
802980380,802980380,1502,2022/09/01 10:13,2022/09/10 05:22,2,0,2,0
8029AFBC0,,26860,2022/09/01 00:00,2022/09/10 14:44,48,0,48,0
8029DCFF0,,5329,2022/09/01 00:00,2022/09/10 13:24,105,0,105,0
8029ED1D0,,12004,2022/09/01 00:10,2022/09/09 22:08,56,0,56,0
802A7F590,,11852,2022/09/01 00:01,2022/09/09 16:56,52,0,52,0
802AF4F20,,13516,2022/09/01 04:41,2022/09/01 04:41,1,0,1,0
802B23240,802B23240,13858,2022/09/01 00:06,2022/09/09 14:51,46,0,46,0
802B59400,802B59400,1047,2022/09/01 00:01,2022/09/05 02:29,4,0,4,0
802B8DF60,802B8DF60,27444,2022/09/01 00:10,2022/09/09 18:27,46,0,46,0
802BCFE40,802BCFE40,27444,2022/09/01 00:20,2022/09/10 10:04,86,0,86,0
802C38840,,11974,2022/09/01 00:03,2022/09/09 22:25,25,0,25,0
802C439B0,802C439B0,2439,2022/09/01 00:30,2022/09/10 14:25,174,0,174,0
802C48E80,,14549,2022/09/01 00:04,2022/09/01 18:09,2,0,2,0
802C54340,802C54340,1,2022/09/01 00:21,2022/09/01 00:21,1,0,1,0
802C54C70,,2454,2022/09/01 11:59,2022/09/09 22:22,22,0,22,0
802C69C80,802C69C80,26624,2022/09/01 11:06,2022/09/09 11:49,15,0,15,0
802C70BB0,,11852,2022/09/01 16:27,2022/09/09 12:45,9,0,9,0
802C8CF10,802C8CF10,33202,2022/09/02 03:47,2022/09/09 22:22,2,0,2,0
802CCE400,,2991,2022/09/01 00:04,2022/09/10 10:24,63,0,63,0
802CE3B10,,311093,2022/09/02 20:08,2022/09/09 18:08,2,0,2,0
802D1E340,802D1E340,25768,2022/09/01 00:19,2022/09/10 00:28,27,0,27,0
802D21160,802D21160,23344,2022/09/01 00:00,2022/09/01 00:18,3,0,3,0
802D53880,,16788,2022/09/01 00:22,2022/09/09 18:19,11,0,11,0
802D76360,802D76360,23691,2022/09/01 00:10,2022/09/09 02:34,18,0,18,0
802D85170,,1916,2022/09/01 12:42,2022/09/10 00:57,23,0,23,0
802DC94C0,802DC94C0,27288,2022/09/01 00:08,2022/09/10 11:57,72,0,72,0
802ED8920,,33369,2022/09/01 15:51,2022/09/01 15:51,1,0,1,0
802EFA860,802EFA860,16847,2022/09/01 00:06,2022/09/10 16:12,64,0,64,0
802F3C9E0,,27140,2022/09/01 23:53,2022/09/09 19:27,4,0,4,0
802F56080,,3045,2022/09/01 00:03,2022/09/10 00:22,32,0,32,0
802FA7310,802FA7310,1686,2022/09/01 00:13,2022/09/01 00:13,1,0,1,0
802FAD250,802FAD250,1,2022/09/01 04:02,2022/09/10 22:53,104,0,104,0
802FB2C20,,16163,2022/09/01 00:09,2022/09/09 17:13,10,0,10,0
803009080,803009080,18097,2022/09/01 00:02,2022/09/10 13:59,95,0,95,0
80302EEC0,,18107,2022/09/01 00:24,2022/09/10 04:56,36,0,36,0
803042E00,803042E00,15980,2022/09/01 05:23,2022/09/10 11:36,58,0,58,0
8030774A0,,38237,2022/09/02 05:27,2022/09/09 12:31,2,0,2,0
8030DCBC0,,5394,2022/09/02 13:13,2022/09/09 08:44,2,0,2,0
8030F0360,,5627,2022/09/01 00:04,2022/09/09 14:51,85,0,85,0
803145180,803145180,20,2022/09/01 00:09,2022/09/10 08:32,44,0,44,0
80314B220,,38211,2022/09/02 22:05,2022/09/09 12:22,2,0,2,0
80315FCD0,80315FCD0,38408,2022/09/01 10:11,2022/09/01 10:11,1,0,1,0
803165370,803165370,27217,2022/09/01 02:01,2022/09/10 00:48,76,0,76,0
803193DC0,,21611,2022/09/01 00:03,2022/09/10 05:21,32,0,32,0
8031B7E50,8031B7E50,2845,2022/09/01 07:51,2022/09/09 05:11,2,0,2,0
8031E6280,,14,2022/09/01 00:28,2022/09/10 14:59,24,0,24,2
803209820,803209820,8539,2022/09/01 00:08,2022/09/10 13:06,44,0,44,0
803220930,,28627,2022/09/01 00:00,2022/09/05 10:29,19,0,19,0
80323AB50,80323AB50,35750,2022/09/02 05:55,2022/09/09 14:11,2,0,2,0
803247FE0,803247FE0,11318,2022/09/01 00:12,2022/09/01 12:26,2,0,2,0
8032980A0,,16224,2022/09/01 09:11,2022/09/10 15:05,25,0,25,0
8032FD420,8032FD420,1688,2022/09/01 00:05,2022/09/10 15:02,44,0,44,0
80330D740,,13037,2022/09/01 00:11,2022/09/01 00:21,2,0,2,0
80330E030,80330E030,34189,2022/09/01 00:00,2022/09/01 00:00,1,0,1,0
80330EE20,,18549,2022/09/01 00:12,2022/09/10 08:57,49,0,49,0
80338A4A0,80338A4A0,3698,2022/09/01 00:18,2022/09/10 21:57,2,0,2,0
80339F5C0,80339F5C0,3529,2022/09/02 10:37,2022/09/09 09:33,2,0,2,0
80339FB50,80339FB50,33887,2022/09/02 03:29,2022/09/09 11:21,2,0,2,0
803419FE0,,34311,2022/09/01 10:06,2022/09/01 10:06,1,0,1,0
803421B00,803421B00,1244,2022/09/01 20:44,2022/09/12 09:29,3,0,3,1
80345B9D0,80345B9D0,2843,2022/09/01 00:04,2022/09/10 21:05,72,0,72,0
8034690C0,,28827,2022/09/01 15:02,2022/09/01 23:47,2,0,2,0
80347F740,80347F740,31788,2022/09/02 03:27,2022/09/09 14:47,2,0,2,0
8034B3590,8034B3590,27241,2022/09/01 05:46,2022/09/09 06:52,4,0,4,0
80352A280,80352A280,4866,2022/09/01 00:16,2022/09/09 23:23,20,0,20,0
80353C7D0,80353C7D0,3957,2022/09/02 10:15,2022/09/09 14:56,2,0,2,0
803591B90,803591B90,39083,2022/09/02 16:21,2022/09/09 20:23,2,0,2,0
80359D740,80359D740,3242,2022/09/01 00:11,2022/09/01 00:11,1,0,1,0
80359D790,,36543,2022/09/02 07:07,2022/09/09 00:45,2,0,2,0
80359FC90,80359FC90,1688,2022/09/01 01:29,2022/09/10 02:45,77,0,77,0
8035A9A50,8035A9A50,1267,2022/09/01 00:00,2022/09/10 21:57,92,0,92,0
8035C92F0,,312273,2022/09/01 00:22,2022/09/09 04:42,3,0,3,0
80363F890,,36182,2022/09/01 04:41,2022/09/01 04:41,1,0,1,0
80365A670,,38146,2022/09/01 19:17,2022/09/01 19:17,1,0,1,0
80366E4D0,,1267,2022/09/01 04:11,2022/09/09 22:22,47,0,47,0
8036AB9F0,,18097,2022/09/01 04:45,2022/09/10 16:57,67,0,67,0
8036F7090,,23146,2022/09/01 11:09,2022/09/01 11:09,1,0,1,0
8036FA980,,2843,2022/09/01 00:10,2022/09/09 18:33,37,0,37,0
80371B600,80371B600,28827,2022/09/01 00:00,2022/09/09 18:20,44,0,44,0
80371D940,,24132,2022/09/01 00:24,2022/09/09 08:22,4,0,4,0
80373DB80,80373DB80,12,2022/09/01 00:28,2022/09/09 03:58,5,0,5,0
8037467C0,,32073,2022/09/01 11:32,2022/09/01 11:32,1,0,1,0
803767D50,803767D50,8888,2022/09/01 00:17,2022/09/09 01:44,46,0,46,0
80376F850,80376F850,16163,2022/09/01 00:03,2022/09/10 12:57,63,0,63,0
803771ED0,803771ED0,2952,2022/09/01 00:07,2022/09/09 09:33,36,0,36,0
803782210,803782210,17222,2022/09/01 00:00,2022/09/10 08:58,26,0,26,0
8037BF510,,3149,2022/09/01 07:49,2022/09/09 23:32,7,0,7,0
8037DC160,,9209,2022/09/01 21:26,2022/09/08 00:01,3,0,3,0
80382B300,,15,2022/09/01 00:02,2022/09/10 22:37,199,0,199,0
8038536F0,,29467,2022/09/01 00:05,2022/09/01 00:05,1,0,1,0
803864B70,803864B70,24,2022/09/01 00:22,2022/09/01 09:25,2,0,2,0
80387B870,80387B870,15,2022/09/01 00:22,2022/09/01 03:46,2,0,2,0
803946150,803946150,18097,2022/09/01 00:04,2022/09/09 21:29,15,0,15,0
80396EF00,80396EF00,21611,2022/09/01 00:23,2022/09/01 00:27,2,0,2,0
8039B60D0,,21,2022/09/01 00:04,2022/09/10 21:22,54,0,54,0
8039D99E0,8039D99E0,15,2022/09/01 00:01,2022/09/01 00:24,3,0,3,0
8039FEDD0,8039FEDD0,39866,2022/09/01 04:51,2022/09/01 04:51,1,0,1,0
803A287E0,,38660,2022/09/02 14:10,2022/09/09 09:04,2,0,2,0
803A2F0E0,,18549,2022/09/02 06:30,2022/09/09 16:30,2,0,2,0
803A32400,,16031,2022/09/01 00:16,2022/09/03 20:09,2,0,2,0
803A43310,803A43310,15,2022/09/01 12:05,2022/09/09 14:23,14,0,14,0
803A544E0,,12,2022/09/01 00:26,2022/09/09 11:01,2,0,2,0
803A663B0,803A663B0,27444,2022/09/01 17:03,2022/09/01 17:03,1,0,1,0
803A7F390,803A7F390,39564,2022/09/01 00:29,2022/09/09 21:03,3,0,3,0
803AC4350,803AC4350,13145,2022/09/01 16:42,2022/09/09 09:24,14,0,14,0
803AC7250,,1420,2022/09/01 00:10,2022/09/10 00:07,6,0,6,0
803AD7C30,,3698,2022/09/01 01:55,2022/09/10 23:49,62,0,62,0
803AFBCD0,803AFBCD0,19925,2022/09/01 00:20,2022/09/10 01:54,50,0,50,0
803B44970,,24,2022/09/01 00:01,2022/09/10 00:19,15,0,15,0
803B8C4E0,803B8C4E0,10099,2022/09/01 04:00,2022/09/10 12:59,51,0,51,0
803B965F0,803B965F0,34342,2022/09/02 13:24,2022/09/09 05:36,2,0,2,0
803BB9EA0,,25536,2022/09/01 00:02,2022/09/09 23:53,4,0,4,0
803BF42C0,,37564,2022/09/02 10:00,2022/09/09 00:10,2,0,2,0
803C35FE0,,21,2022/09/01 00:06,2022/09/09 19:37,19,0,19,0
803C4D790,,210261,2022/09/01 00:27,2022/09/10 19:58,24,0,24,0
803C84C10,803C84C10,701,2022/09/01 00:29,2022/09/01 21:35,3,0,3,0
803C907F0,,11107,2022/09/01 00:19,2022/09/10 23:41,21,0,21,0
803CABBA0,803CABBA0,3229,2022/09/01 00:08,2022/09/03 06:40,2,0,2,0
803CD6B50,,310329,2022/09/02 20:15,2022/09/09 18:43,2,0,2,0
803CDAE00,803CDAE00,34906,2022/09/02 07:58,2022/09/09 22:25,2,0,2,0
803CE0561,803CE0561,3489,2022/09/01 22:21,2022/09/01 22:21,1,0,1,0
803CEB180,803CEB180,5425,2022/09/01 00:09,2022/09/10 11:24,42,0,42,0
803CF8F30,,36046,2022/09/01 06:27,2022/09/01 06:27,1,0,1,0
803D02E30,,26818,2022/09/01 00:05,2022/09/09 23:41,50,0,50,0
803D1C990,803D1C990,14290,2022/09/01 06:41,2022/09/02 19:50,4,0,4,0
803D23610,803D23610,16431,2022/09/01 01:12,2022/09/09 10:06,4,0,4,0
803D69350,803D69350,3051,2022/09/01 00:11,2022/09/06 04:15,2,0,2,0
803D83D80,,26463,2022/09/01 00:23,2022/09/02 03:03,3,0,3,0
803D9B130,,10060,2022/09/01 00:11,2022/09/09 07:48,13,0,13,0
803E2FA50,803E2FA50,4403,2022/09/01 07:41,2022/09/10 07:23,52,0,52,0
803E419B0,803E419B0,16163,2022/09/01 00:14,2022/09/10 00:34,45,0,45,0
803E4D2C0,,6129,2022/09/01 00:17,2022/09/10 00:28,23,0,23,0
803E54D80,,15,2022/09/01 00:23,2022/09/10 09:13,61,0,61,0
803ECA7F0,803ECA7F0,24,2022/09/01 08:04,2022/09/10 08:54,37,0,37,0
803ED0780,803ED0780,12719,2022/09/01 00:44,2022/09/10 00:44,28,0,28,0
803F30090,803F30090,9665,2022/09/01 00:27,2022/09/09 18:56,3,0,3,0
803F590A0,,210261,2022/09/01 00:04,2022/09/10 08:25,79,0,79,0
803FAA9E0,,24,2022/09/01 18:03,2022/09/11 17:36,2,0,2,1
803FBC2F0,,310330,2022/09/01 00:04,2022/09/01 00:04,1,0,1,0
804025CB0,804025CB0,13145,2022/09/01 00:23,2022/09/09 14:52,9,0,9,0
804033B80,804033B80,10099,2022/09/01 00:22,2022/09/10 11:06,57,0,57,0
80403FE40,80403FE40,9679,2022/09/02 02:04,2022/09/09 02:59,4,0,4,0
8040D99A0,8040D99A0,310644,2022/09/02 03:32,2022/09/09 03:26,2,0,2,0
80412B270,,19593,2022/09/01 11:15,2022/09/01 11:15,1,0,1,0
804163860,,9679,2022/09/01 03:08,2022/09/09 14:57,6,0,6,0
8041C1790,8041C1790,3229,2022/09/01 00:26,2022/09/10 00:27,38,0,38,0
8041E8A10,,28694,2022/09/01 00:29,2022/09/02 00:20,5,0,5,0
8042127F0,8042127F0,11904,2022/09/01 10:20,2022/09/10 03:54,40,0,40,0
80423D550,,10060,2022/09/01 00:06,2022/09/09 22:26,8,0,8,0
80426EF50,80426EF50,31722,2022/09/01 00:20,2022/09/01 00:20,1,0,1,0
8042CDCE0,8042CDCE0,18549,2022/09/01 00:21,2022/09/01 01:30,2,0,2,0
80432B8A0,80432B8A0,31889,2022/09/02 02:03,2022/09/09 21:49,2,0,2,0
80436F220,,311451,2022/09/01 00:11,2022/09/01 00:11,1,0,1,0
8043B1D00,8043B1D00,3239,2022/09/01 05:30,2022/09/01 05:30,1,0,1,0
8043E1CF0,,10656,2022/09/01 00:18,2022/09/08 11:54,9,0,9,0
8043F4E40,,1457,2022/09/01 00:02,2022/09/10 09:33,58,0,58,0
804405680,804405680,311574,2022/09/02 19:06,2022/09/09 21:35,2,0,2,0
80440B4D0,80440B4D0,15,2022/09/01 00:01,2022/09/02 22:22,3,0,3,0
804438E30,804438E30,29467,2022/09/01 05:51,2022/09/08 03:10,2,0,2,0
804474D60,,310041,2022/09/02 01:16,2022/09/09 12:04,2,0,2,0
80448BEB0,,39538,2022/09/02 23:04,2022/09/09 23:44,2,0,2,0
80451BD80,80451BD80,9129,2022/09/01 02:44,2022/09/10 00:13,23,0,23,0
80455FA80,80455FA80,310097,2022/09/02 05:47,2022/09/09 03:02,2,0,2,0
8045722E0,8045722E0,210261,2022/09/01 00:05,2022/09/10 18:14,34,0,34,0
8045AFF90,8045AFF90,11471,2022/09/01 16:26,2022/09/10 13:29,11,0,11,0
8045F1DC0,,15,2022/09/01 10:21,2022/09/10 00:07,22,0,22,0
80460D080,80460D080,111031,2022/09/01 11:44,2022/09/04 09:20,3,0,3,0
804615740,,21,2022/09/01 00:05,2022/09/10 00:05,11,0,11,0
80462D920,,311914,2022/09/02 21:21,2022/09/09 22:45,2,0,2,0
8046FC600,8046FC600,210972,2022/09/01 00:21,2022/09/09 08:23,39,0,39,0
80472A200,,12129,2022/09/01 00:02,2022/09/07 03:51,3,0,3,0
804752C40,804752C40,5394,2022/09/01 00:19,2022/09/10 14:12,32,0,32,0
804761100,,36782,2022/09/02 01:51,2022/09/09 23:31,2,0,2,0
804790520,804790520,71,2022/09/01 03:05,2022/09/10 17:32,110,0,110,0
80489D1B0,80489D1B0,18107,2022/09/01 00:02,2022/09/01 07:58,2,0,2,0
8049060A0,8049060A0,31515,2022/09/01 18:59,2022/09/01 18:59,1,0,1,0
80491CDA0,,17425,2022/09/01 15:38,2022/09/09 20:17,19,0,19,0
80493D3F0,80493D3F0,23833,2022/09/01 00:07,2022/09/10 17:10,79,0,79,0
80494B350,,22736,2022/09/01 00:11,2022/09/09 21:56,28,0,28,0
80495B1F0,,24963,2022/09/01 00:01,2022/09/02 09:21,4,0,4,0
8049926C0,8049926C0,2439,2022/09/01 05:36,2022/09/09 15:23,15,0,15,0
8049AAD00,,7,2022/09/01 00:14,2022/09/01 00:23,2,0,2,0
8049AF0E1,8049AF0E1,16,2022/09/02 19:22,2022/09/09 14:54,2,0,2,0
8049EF700,,71,2022/09/01 03:59,2022/09/01 13:57,2,0,2,0
8049F2760,,112064,2022/09/01 17:39,2022/09/01 23:07,2,0,2,0
804A36990,804A36990,212789,2022/09/01 00:15,2022/09/10 23:55,38,0,38,0
804A4DE80,,112497,2022/09/01 07:45,2022/09/09 23:19,19,0,19,0
804A53B10,,16,2022/09/01 00:26,2022/09/09 13:20,16,0,16,0
804A97D30,,3,2022/09/01 00:08,2022/09/10 22:21,99,0,99,0
804AB3D60,804AB3D60,6,2022/09/01 17:44,2022/09/06 19:18,2,0,2,0
804AD1260,804AD1260,112064,2022/09/01 09:01,2022/09/01 09:01,1,0,1,0
804AF2070,,28800,2022/09/02 04:19,2022/09/09 18:33,4,0,4,0
804B5A690,804B5A690,3,2022/09/01 02:39,2022/09/10 22:39,129,0,129,0
804B79470,804B79470,212789,2022/09/01 00:20,2022/09/09 13:44,18,0,18,0
804BAF8B0,,312744,2022/09/01 00:24,2022/09/09 10:54,3,0,3,0
804C23650,,7,2022/09/01 08:38,2022/09/09 05:27,15,0,15,0
804C3BDE0,804C3BDE0,312672,2022/09/01 00:22,2022/09/09 12:35,3,0,3,0
804CA5120,,312774,2022/09/01 03:39,2022/09/01 03:39,1,0,1,0
804CBC400,804CBC400,6,2022/09/01 21:24,2022/09/07 01:45,3,0,3,0
804CEBB50,,312668,2022/09/01 00:17,2022/09/01 00:17,1,0,1,0
804D4BD90,,212818,2022/09/01 16:18,2022/09/08 00:15,2,0,2,0
804D6ABC0,,13029,2022/09/01 00:33,2022/09/10 09:49,49,0,49,0
804DE7670,804DE7670,18015,2022/09/01 00:18,2022/09/09 16:28,20,0,20,0
804E0D2F0,804E0D2F0,312729,2022/09/02 03:43,2022/09/09 17:59,2,0,2,0
804E90950,804E90950,17425,2022/09/01 00:17,2022/09/09 21:58,6,0,6,0
804EB3430,,11657,2022/09/01 00:14,2022/09/01 09:51,2,0,2,0
804ED4F60,804ED4F60,26860,2022/09/01 00:17,2022/09/09 02:13,21,0,21,0
804F15F00,804F15F00,13154,2022/09/01 22:06,2022/09/09 19:45,8,0,8,0
804F250D0,,16,2022/09/01 00:06,2022/09/10 10:47,38,0,38,0
804F4CAD0,804F4CAD0,13184,2022/09/01 00:11,2022/09/09 18:36,15,0,15,0
80502CDE0,80502CDE0,313827,2022/09/01 00:28,2022/09/01 00:28,1,0,1,0
805051500,,312647,2022/09/01 00:11,2022/09/01 00:11,1,0,1,0
80506FDC0,,8455,2022/09/01 00:11,2022/09/09 21:19,32,0,32,0
805078010,805078010,313880,2022/09/02 03:05,2022/09/09 17:45,2,0,2,0
8050A91B0,,113090,2022/09/01 14:52,2022/09/01 14:52,1,0,1,0
8050C7EB0,,212818,2022/09/01 18:14,2022/09/09 20:00,3,0,3,0
8050CFE80,8050CFE80,13078,2022/09/01 00:06,2022/09/10 12:51,23,0,23,0
8050D3100,,313928,2022/09/01 13:52,2022/09/01 13:52,1,0,1,0
805118F30,,28827,2022/09/01 00:53,2022/09/01 15:11,2,0,2,0
805125E70,805125E70,15980,2022/09/01 00:03,2022/09/10 10:06,50,0,50,0
8051494B0,8051494B0,13265,2022/09/01 00:18,2022/09/10 00:51,63,0,63,0
805198DA0,805198DA0,111433,2022/09/01 07:04,2022/09/10 13:17,140,0,140,0
805206A60,,21940,2022/09/02 05:06,2022/09/09 06:20,3,0,3,0
8052231B0,,1457,2022/09/01 00:03,2022/09/10 06:45,93,0,93,0
80526DAB0,80526DAB0,10709,2022/09/01 00:21,2022/09/09 09:08,4,0,4,0
805295B50,,15863,2022/09/01 00:12,2022/09/01 13:51,2,0,2,0
8052B8150,,21940,2022/09/01 00:12,2022/09/09 02:20,9,0,9,0
8052D3220,8052D3220,36222,2022/09/01 09:42,2022/09/01 09:42,1,0,1,0
805314C00,805314C00,11471,2022/09/01 04:29,2022/09/10 21:22,64,0,64,0
805380DD0,,312969,2022/09/01 00:04,2022/09/09 08:43,3,0,3,0
8053B9F70,,112497,2022/09/01 00:09,2022/09/10 00:29,31,0,31,0
8053E3C30,8053E3C30,33782,2022/09/02 12:12,2022/09/09 08:53,2,0,2,0
8053FA9E0,8053FA9E0,1,2022/09/01 00:19,2022/09/02 22:07,2,0,2,0
805441E00,805441E00,112989,2022/09/01 00:01,2022/09/09 17:41,18,0,18,0
8054A7A50,,12,2022/09/01 20:18,2022/09/01 20:18,1,0,1,0
8054C97C0,8054C97C0,13029,2022/09/02 09:26,2022/09/09 12:50,4,0,4,0
805571620,805571620,111443,2022/09/01 00:03,2022/09/10 13:37,44,0,44,0
805592110,,6129,2022/09/01 00:13,2022/09/10 23:39,89,0,89,0
8055AFD70,8055AFD70,113685,2022/09/01 07:03,2022/09/10 22:18,142,0,142,0
805624DD0,805624DD0,13029,2022/09/01 00:19,2022/09/09 21:59,5,0,5,0
805694570,,19318,2022/09/01 00:20,2022/09/09 23:41,15,0,15,0
805703500,805703500,210404,2022/09/01 00:07,2022/09/10 23:59,76,0,76,0
80570D870,80570D870,12893,2022/09/01 00:06,2022/09/10 09:15,43,0,43,0
805718760,805718760,32561,2022/09/02 16:35,2022/09/09 19:09,2,0,2,0
805769430,805769430,5175,2022/09/01 09:01,2022/09/09 07:20,14,0,14,0
805780E50,,315022,2022/09/02 12:46,2022/09/09 19:18,2,0,2,0
80579A160,,15964,2022/09/01 04:59,2022/09/10 16:02,42,0,42,0
8058306B0,,114674,2022/09/01 00:01,2022/09/10 17:50,5,0,5,0
80585F000,,114590,2022/09/01 00:08,2022/09/01 10:26,2,0,2,0
805866C00,,39604,2022/09/01 11:45,2022/09/01 11:45,1,0,1,0
805876630,,313061,2022/09/02 11:09,2022/09/09 00:19,2,0,2,0
8058DA430,,112064,2022/09/01 06:13,2022/09/10 17:28,86,0,86,0
8058E6590,,314418,2022/09/01 00:00,2022/09/01 00:00,1,0,1,0
805951600,805951600,13157,2022/09/01 00:18,2022/09/01 19:08,2,0,2,0
8059B7520,,6,2022/09/01 00:18,2022/09/10 18:08,32,0,32,0
8059BA5E0,8059BA5E0,13157,2022/09/01 00:03,2022/09/10 06:26,25,0,25,0
8059D7D00,8059D7D00,21550,2022/09/01 06:00,2022/09/09 23:11,29,0,29,0
805A0CB50,805A0CB50,795,2022/09/01 00:01,2022/09/10 19:53,44,0,44,0
805A0F8B0,805A0F8B0,315499,2022/09/01 00:08,2022/09/01 00:08,1,0,1,0
805A21C10,,112064,2022/09/01 00:07,2022/09/05 22:47,4,0,4,0
805A24290,805A24290,12,2022/09/01 01:31,2022/09/09 02:19,14,0,14,0
805A66D50,,32241,2022/09/01 00:18,2022/09/01 00:18,1,0,1,0
805A9ED50,805A9ED50,11296,2022/09/01 02:26,2022/09/09 18:40,4,0,4,0
805AB6580,805AB6580,17861,2022/09/01 00:04,2022/09/01 23:14,2,0,2,0
805ABB2E0,,5329,2022/09/01 11:27,2022/09/01 11:27,1,0,1,0
805B018C0,,8074,2022/09/01 00:10,2022/09/09 17:17,4,0,4,0
805B11C10,,14290,2022/09/01 00:27,2022/09/09 21:34,9,0,9,0
805B26EA0,805B26EA0,113685,2022/09/01 00:21,2022/09/10 00:28,3,0,3,0
805B48D70,,24963,2022/09/01 00:12,2022/09/10 22:33,97,0,97,0
805B8BB80,805B8BB80,15040,2022/09/01 00:04,2022/09/09 15:07,21,0,21,0
805BED8C0,,13029,2022/09/01 00:23,2022/09/10 11:43,22,0,22,0
805C4BAB0,,214881,2022/09/01 00:07,2022/09/10 22:55,32,0,32,0
805CA0200,,313006,2022/09/02 15:54,2022/09/09 23:45,2,0,2,0
805CCE060,,1688,2022/09/01 00:17,2022/09/09 21:42,4,0,4,0
805CDA130,805CDA130,31607,2022/09/01 00:20,2022/09/09 03:56,3,0,3,0
805CE7A90,805CE7A90,26024,2022/09/01 00:12,2022/09/01 16:57,3,0,3,0
805D29210,,7,2022/09/01 14:57,2022/09/07 01:58,4,0,4,0
805D34770,805D34770,113523,2022/09/01 00:04,2022/09/01 00:04,1,0,1,0
805D34BC0,,15895,2022/09/01 17:26,2022/09/01 17:26,1,0,1,0
805D4B310,,13184,2022/09/01 00:15,2022/09/10 03:41,40,0,40,0
805D79140,805D79140,213005,2022/09/01 00:05,2022/09/09 12:56,10,0,10,0
805DC2520,805DC2520,15895,2022/09/01 00:09,2022/09/03 19:55,3,0,3,0
805DD0990,805DD0990,4403,2022/09/01 05:01,2022/09/10 13:12,38,0,38,0
805DD31C0,805DD31C0,13432,2022/09/01 00:07,2022/09/01 19:57,3,0,3,0
805E96390,,315166,2022/09/01 06:01,2022/09/01 06:01,1,0,1,0
805EA3F30,,3698,2022/09/01 00:01,2022/09/10 22:24,91,0,91,0
805EED740,805EED740,18460,2022/09/01 00:13,2022/09/10 23:22,112,0,112,0
805EF3560,805EF3560,22,2022/09/01 17:32,2022/09/09 18:37,3,0,3,0
805EFD340,805EFD340,24850,2022/09/01 00:03,2022/09/10 11:48,80,0,80,0
805F47110,,115803,2022/09/01 00:17,2022/09/03 21:47,3,0,3,0
805F6EF90,,15385,2022/09/01 00:02,2022/09/10 00:28,11,0,11,0
805F797B0,,13157,2022/09/01 00:13,2022/09/09 14:27,4,0,4,0
805FA2BB1,805FA2BB1,15723,2022/09/02 01:46,2022/09/02 01:46,2,0,2,0
805FCA7D0,805FCA7D0,216542,2022/09/01 15:02,2022/09/10 12:47,21,0,21,0
805FCF750,,213737,2022/09/01 13:31,2022/09/07 20:11,2,0,2,0
805FF2F80,,6156,2022/09/01 00:16,2022/09/10 00:04,11,0,11,0
80607FC20,,15385,2022/09/01 00:27,2022/09/09 12:17,24,0,24,0
806096E10,806096E10,316266,2022/09/01 00:23,2022/09/01 00:23,1,0,1,0
8060A2370,,10,2022/09/01 00:15,2022/09/10 09:53,104,0,104,0
8060AFE50,8060AFE50,10,2022/09/01 00:22,2022/09/10 08:18,67,0,67,0
806110AF0,806110AF0,116425,2022/09/01 00:02,2022/09/10 19:18,26,0,26,0
806184A90,,7,2022/09/01 05:30,2022/09/10 00:01,51,0,51,0
806185740,806185740,287,2022/09/01 00:25,2022/09/10 19:29,98,0,98,0
80619F170,80619F170,116425,2022/09/01 00:27,2022/09/01 00:27,1,0,1,0
8061E5BD0,,16649,2022/09/01 00:09,2022/09/01 12:25,3,0,3,0
806202740,,316820,2022/09/02 23:04,2022/09/09 09:20,2,0,2,0
80623C860,80623C860,28693,2022/09/01 00:08,2022/09/10 20:22,35,0,35,0
8062492E0,8062492E0,19474,2022/09/01 00:27,2022/09/01 00:27,1,0,1,0
8062E8E70,,115159,2022/09/01 08:44,2022/09/09 21:52,22,0,22,0
806311B80,806311B80,316918,2022/09/01 00:15,2022/09/01 00:15,1,0,1,0
806324930,,287,2022/09/01 00:14,2022/09/03 16:26,2,0,2,0
8063568D0,8063568D0,17120,2022/09/01 00:13,2022/09/01 00:27,3,0,3,0
806397620,,116904,2022/09/01 00:23,2022/09/01 00:23,1,0,1,0
8063A9CD0,,16792,2022/09/01 01:12,2022/09/09 15:41,37,0,37,0
8063CC830,,7,2022/09/01 00:26,2022/09/01 00:26,1,0,1,0
8063E1490,,6010,2022/09/01 15:49,2022/09/10 08:18,5,0,5,0
806428B20,,16927,2022/09/01 10:32,2022/09/01 10:32,1,0,1,0
80645D3A0,,116425,2022/09/01 07:03,2022/09/09 22:22,23,0,23,0
8064C8820,8064C8820,10,2022/09/01 00:13,2022/09/09 08:37,18,0,18,0
8064DEEE0,,217125,2022/09/01 02:10,2022/09/09 12:20,19,0,19,0
8064ED2F0,8064ED2F0,38697,2022/09/01 00:18,2022/09/01 00:18,1,0,1,0
806515CF0,806515CF0,4259,2022/09/01 00:28,2022/09/01 22:42,2,0,2,0
80658F2D0,,10,2022/09/01 00:00,2022/09/01 12:21,8,0,8,0
8065F4020,8065F4020,2439,2022/09/01 00:08,2022/09/01 09:21,2,0,2,0
80660E630,80660E630,317560,2022/09/02 10:56,2022/09/09 13:49,2,0,2,0
806651F80,,116904,2022/09/01 00:03,2022/09/02 08:47,3,0,3,0
8066C6C30,,310649,2022/09/01 00:00,2022/09/01 00:00,1,0,1,0
8066DBB20,8066DBB20,17732,2022/09/01 00:21,2022/09/04 12:47,2,0,2,0
80676E9D0,80676E9D0,37364,2022/09/02 13:42,2022/09/09 06:42,2,0,2,0
806788380,806788380,21550,2022/09/01 09:38,2022/09/10 04:57,36,0,36,1
80678F290,,5329,2022/09/01 00:01,2022/09/10 16:09,14,0,14,0
8067950E0,,13554,2022/09/01 00:07,2022/09/09 07:07,5,0,5,0
8068029D0,8068029D0,25075,2022/09/01 00:14,2022/09/09 08:30,4,0,4,0
80689C4D0,80689C4D0,25768,2022/09/01 19:54,2022/09/09 03:03,2,0,2,0
8068A3010,8068A3010,28629,2022/09/01 10:53,2022/09/01 15:04,2,0,2,0
80694B5F0,80694B5F0,14,2022/09/01 04:14,2022/09/10 12:20,42,0,42,0
806966C60,806966C60,34715,2022/09/01 17:25,2022/09/01 17:25,1,0,1,0
806969E00,,31943,2022/09/01 23:21,2022/09/01 23:21,1,0,1,0
806989F40,806989F40,318141,2022/09/01 08:48,2022/09/09 03:43,3,0,3,0
80698EE70,,214100,2022/09/01 03:30,2022/09/10 17:51,20,0,20,0
80699E350,,25866,2022/09/01 00:04,2022/09/04 11:56,2,0,2,0
8069AB330,,1547,2022/09/01 00:27,2022/09/10 07:54,24,0,24,0
8069C48B0,8069C48B0,17861,2022/09/01 00:07,2022/09/09 12:44,19,0,19,0
806A47240,806A47240,4726,2022/09/01 00:05,2022/09/09 12:42,17,0,17,0
806A48250,,11904,2022/09/01 15:37,2022/09/10 06:03,5,0,5,0
806A591E0,806A591E0,114674,2022/09/01 00:07,2022/09/09 06:22,32,0,32,0
806A77F00,,318318,2022/09/02 02:43,2022/09/09 02:45,2,0,2,0
806AE84B0,,7,2022/09/01 00:23,2022/09/09 10:44,9,0,9,0
806AF7C70,806AF7C70,16787,2022/09/01 00:21,2022/09/03 21:04,3,0,3,0
806B3DB00,806B3DB00,217096,2022/09/01 12:00,2022/09/09 12:09,7,0,7,0
806BC6340,806BC6340,317456,2022/09/01 00:43,2022/09/01 00:43,1,0,1,0
806BFE4D0,806BFE4D0,117435,2022/09/01 00:18,2022/09/09 21:59,60,0,60,0
806C3B980,,13516,2022/09/01 00:01,2022/09/06 19:51,3,0,3,0
806C434F0,,31035,2022/09/02 23:29,2022/09/09 08:15,2,0,2,0
806C6DB20,,2991,2022/09/01 00:18,2022/09/10 01:50,35,0,35,0
806C6E560,806C6E560,211212,2022/09/01 00:08,2022/09/09 15:31,9,0,9,0
806CB3170,,318718,2022/09/01 00:28,2022/09/01 00:28,1,0,1,0
806CDC5F0,806CDC5F0,6010,2022/09/01 00:07,2022/09/10 03:40,25,0,25,0
806CFE720,806CFE720,28694,2022/09/01 00:04,2022/09/10 20:51,3,0,3,0
806D36B80,,6129,2022/09/01 00:00,2022/09/09 20:20,16,0,16,0
806D5EF00,806D5EF00,16927,2022/09/01 00:01,2022/09/01 04:10,2,0,2,0
806D663F0,806D663F0,116425,2022/09/01 02:16,2022/09/10 18:18,36,0,36,0
806D79F20,806D79F20,318423,2022/09/01 06:04,2022/09/01 06:04,1,0,1,0
806D7D990,806D7D990,4,2022/09/01 00:09,2022/09/09 09:46,30,0,30,0
806D81F70,,9,2022/09/01 00:45,2022/09/01 11:06,2,0,2,0
806D8F820,,318431,2022/09/01 02:10,2022/09/01 02:10,1,0,1,0
806D90200,806D90200,16787,2022/09/01 00:26,2022/09/09 12:24,10,0,10,0
806DA8BF0,806DA8BF0,117070,2022/09/01 09:20,2022/09/10 00:55,36,0,36,0
806DDDFD0,,116843,2022/09/01 00:02,2022/09/10 04:57,33,0,33,0
806E56560,806E56560,1665,2022/09/01 00:23,2022/09/09 19:34,10,0,10,0
806E77290,806E77290,319013,2022/09/02 06:15,2022/09/09 19:07,2,0,2,0
806E7DB20,,38453,2022/09/01 00:20,2022/09/09 07:22,3,0,3,0
806E8E170,806E8E170,17400,2022/09/01 00:03,2022/09/02 16:29,5,0,5,0
806EA4730,806EA4730,316967,2022/09/01 00:10,2022/09/09 03:24,3,0,3,0
806ECB480,806ECB480,217824,2022/09/01 00:16,2022/09/10 00:01,18,0,18,0
806EE5240,,118180,2022/09/02 06:41,2022/09/09 19:06,2,0,2,0
806F01290,806F01290,116843,2022/09/01 00:06,2022/09/09 08:18,8,0,8,0
806F1C5C0,,18405,2022/09/01 00:22,2022/09/10 16:21,46,0,46,0
806F2BBD0,806F2BBD0,117435,2022/09/01 00:17,2022/09/09 07:51,16,0,16,0
806F53F90,806F53F90,16649,2022/09/01 00:01,2022/09/01 00:13,2,0,2,0
806F692F0,806F692F0,7,2022/09/01 00:19,2022/09/02 19:32,3,0,3,0
806F7AF90,,16787,2022/09/01 00:26,2022/09/01 20:09,2,0,2,0
806FD0080,806FD0080,217125,2022/09/01 19:34,2022/09/09 21:15,5,0,5,0
806FE7D00,806FE7D00,19329,2022/09/01 05:05,2022/09/09 21:53,28,0,28,0
806FF21B0,,1686,2022/09/01 00:45,2022/09/09 05:11,4,0,4,0
8070F4600,,1588,2022/09/01 06:06,2022/09/09 17:15,37,0,37,0
80711DFC0,80711DFC0,316737,2022/09/01 06:20,2022/09/09 03:13,3,0,3,0
80714C310,80714C310,17554,2022/09/01 04:02,2022/09/09 08:45,56,0,56,0
8071D95E0,8071D95E0,318644,2022/09/01 00:07,2022/09/09 18:58,3,0,3,0
80720A620,80720A620,218472,2022/09/01 20:59,2022/09/01 20:59,1,0,1,0
8072233C0,,319662,2022/09/01 23:59,2022/09/09 19:17,3,0,3,0
807263700,,219205,2022/09/01 00:02,2022/09/10 08:17,17,0,17,0
807328630,807328630,6075,2022/09/01 14:02,2022/09/10 01:51,33,0,33,0
80734C290,80734C290,16586,2022/09/01 11:15,2022/09/09 13:11,47,0,47,0
80734F320,,115359,2022/09/01 00:17,2022/09/09 08:19,30,0,30,0
80736E5C0,80736E5C0,215803,2022/09/01 14:05,2022/09/09 02:50,20,0,20,0
807398950,,319891,2022/09/01 00:29,2022/09/01 00:29,1,0,1,0
8074670F0,,38655,2022/09/02 16:19,2022/09/09 00:22,2,0,2,0
807481AF0,807481AF0,210617,2022/09/01 00:13,2022/09/06 16:12,3,0,3,1
807490390,,217096,2022/09/01 00:13,2022/09/10 06:57,35,0,35,0
8075523B0,8075523B0,17732,2022/09/01 00:08,2022/09/09 01:43,5,0,5,0
8075B2D30,,320266,2022/09/01 00:17,2022/09/01 00:17,1,0,1,0
8075BE8C0,8075BE8C0,33617,2022/09/02 18:39,2022/09/09 13:41,2,0,2,0
8075F3820,,317673,2022/09/02 05:53,2022/09/09 02:33,2,0,2,0
8076673E0,,5,2022/09/01 00:02,2022/09/10 23:52,99,0,99,0
80766A3D0,80766A3D0,7,2022/09/01 16:07,2022/09/09 13:48,13,0,13,0
8076D6E50,8076D6E50,320437,2022/09/01 00:14,2022/09/01 00:14,1,0,1,0
8076EB8A0,,5,2022/09/01 00:26,2022/09/09 06:59,5,0,5,0
8076F4060,,320391,2022/09/01 00:21,2022/09/01 00:21,1,0,1,0
80770DA20,,212,2022/09/01 00:16,2022/09/09 08:25,4,0,4,0
807734810,,220541,2022/09/01 00:21,2022/09/09 17:48,21,0,21,0
80773C7A0,,15625,2022/09/01 00:15,2022/09/09 23:03,18,0,18,1
80775BA70,80775BA70,210617,2022/09/01 00:13,2022/09/09 15:44,24,0,24,0
807776300,807776300,117660,2022/09/01 00:05,2022/09/01 00:05,1,0,1,0
80777E5C0,80777E5C0,8623,2022/09/01 00:12,2022/09/09 15:21,59,0,59,1
80779AFC0,80779AFC0,17748,2022/09/01 00:05,2022/09/09 04:58,3,0,3,0
80779DBC0,,14325,2022/09/01 00:13,2022/09/09 20:58,15,0,15,0
8077AE780,,23,2022/09/01 00:17,2022/09/09 08:14,21,0,21,0
8077F7C20,8077F7C20,317716,2022/09/01 21:16,2022/09/01 21:16,1,0,1,0
8078A7670,,14254,2022/09/01 00:01,2022/09/10 03:38,27,0,27,0
80790E150,80790E150,37710,2022/09/01 00:14,2022/09/01 00:14,1,0,1,0
8079762D0,8079762D0,37100,2022/09/02 12:48,2022/09/09 08:01,2,0,2,0
8079AAA10,8079AAA10,312412,2022/09/01 00:27,2022/09/01 00:27,1,0,1,0
8079DC880,,19888,2022/09/01 00:09,2022/09/09 06:04,6,0,6,0
807A2A400,807A2A400,16733,2022/09/01 18:49,2022/09/09 01:59,12,0,12,0
807A4A280,,27140,2022/09/01 07:57,2022/09/09 00:29,4,0,4,0
807A63060,807A63060,219969,2022/09/01 00:15,2022/09/09 19:26,24,0,24,0
807A8BFF0,807A8BFF0,18428,2022/09/01 00:02,2022/09/09 05:03,4,0,4,0
807AA4750,807AA4750,3149,2022/09/01 00:07,2022/09/02 20:53,3,0,3,0
807ACADE0,807ACADE0,9691,2022/09/01 00:15,2022/09/04 00:50,3,0,3,0
807AE44F0,,34668,2022/09/01 00:15,2022/09/01 00:15,1,0,1,0
807B0FC30,807B0FC30,14657,2022/09/01 19:10,2022/09/01 19:10,1,0,1,0
807B1F260,807B1F260,220967,2022/09/01 02:00,2022/09/10 13:53,21,0,21,0
807BECC30,,36471,2022/09/01 23:08,2022/09/01 23:08,1,0,1,0
807BF8490,,17174,2022/09/01 00:21,2022/09/01 03:08,2,0,2,0
807C50360,807C50360,220572,2022/09/01 00:13,2022/09/10 18:49,95,0,95,0
807C523B0,807C523B0,320538,2022/09/01 00:20,2022/09/01 00:20,1,0,1,0
807C5CDC0,,220572,2022/09/01 00:18,2022/09/09 08:54,35,0,35,0
807C7C430,807C7C430,321394,2022/09/02 23:50,2022/09/09 09:07,2,0,2,0
807C9D3A0,807C9D3A0,8771,2022/09/01 00:00,2022/09/09 14:54,6,0,6,0
807CACED0,807CACED0,6276,2022/09/01 00:13,2022/09/09 23:57,45,0,45,0
807CD0050,807CD0050,11056,2022/09/01 05:34,2022/09/10 04:57,25,0,25,0
807CD4050,807CD4050,25768,2022/09/01 00:14,2022/09/01 17:15,3,0,3,0
807CFCE50,,215841,2022/09/01 13:15,2022/09/04 00:38,2,0,2,0
807D80E70,807D80E70,11899,2022/09/01 00:05,2022/09/10 23:16,79,0,79,0
807DC0D70,807DC0D70,313820,2022/09/01 00:21,2022/09/01 00:21,1,0,1,0
807DE2E10,807DE2E10,320416,2022/09/02 14:36,2022/09/09 13:46,2,0,2,0
807DE9A00,,321629,2022/09/01 00:13,2022/09/01 00:13,1,0,1,0
807DF3600,,220504,2022/09/01 05:58,2022/09/10 22:46,85,0,85,0
807E3B150,807E3B150,3,2022/09/01 14:00,2022/09/02 06:30,3,0,3,0
807E4A3D0,807E4A3D0,3,2022/09/01 10:30,2022/09/09 08:28,19,0,19,0
807E9A5B0,807E9A5B0,20486,2022/09/01 00:01,2022/09/10 17:59,95,0,95,0
807EE8EB0,807EE8EB0,20486,2022/09/01 00:07,2022/09/07 20:38,3,0,3,0
807EECEA0,,321651,2022/09/01 12:46,2022/09/01 12:46,1,0,1,0
807EFA590,807EFA590,26,2022/09/01 10:11,2022/09/09 21:08,4,0,4,0
807F056B0,,211,2022/09/01 00:06,2022/09/09 23:19,58,0,58,0
807F174C0,,2947,2022/09/01 00:16,2022/09/01 18:25,2,0,2,0
807F18AC0,,7478,2022/09/01 00:03,2022/09/09 18:47,6,0,6,0
807F59C60,807F59C60,36312,2022/09/02 06:58,2022/09/09 09:04,2,0,2,0
807F7AF60,807F7AF60,17222,2022/09/01 03:22,2022/09/10 11:28,17,0,17,0
807FE6A50,807FE6A50,320329,2022/09/01 04:15,2022/09/09 23:01,3,0,3,0
8080235A0,,21142,2022/09/01 00:24,2022/09/10 00:12,12,0,12,0
80803B9E0,,3490,2022/09/02 21:38,2022/09/09 08:11,2,0,2,0
80803EA90,,117733,2022/09/01 10:07,2022/09/09 03:50,5,0,5,0
80806E360,,16431,2022/09/01 16:30,2022/09/10 06:44,40,0,40,0
808077E90,808077E90,14804,2022/09/01 13:36,2022/09/05 21:13,3,0,3,0
8080A28A0,8080A28A0,5425,2022/09/01 00:17,2022/09/06 02:42,3,0,3,0
8080D49F0,8080D49F0,214615,2022/09/01 00:11,2022/09/10 18:48,13,0,13,0
8080D8570,8080D8570,113865,2022/09/01 22:49,2022/09/09 03:04,7,0,7,0
8080FF4A0,8080FF4A0,220541,2022/09/01 11:05,2022/09/09 22:54,6,0,6,0
80811F3E0,80811F3E0,14277,2022/09/01 17:02,2022/09/01 17:02,1,0,1,0
80814F280,80814F280,122055,2022/09/01 00:01,2022/09/10 11:57,112,0,112,0
808153A70,808153A70,321881,2022/09/01 00:21,2022/09/01 00:21,1,0,1,0
808176090,808176090,35049,2022/09/02 23:01,2022/09/09 04:56,2,0,2,0
8081F2B60,8081F2B60,6010,2022/09/01 00:17,2022/09/10 01:24,50,0,50,0
80822D000,80822D000,33287,2022/09/01 00:18,2022/09/01 00:18,1,0,1,0
80828DBC0,80828DBC0,222268,2022/09/01 06:11,2022/09/08 06:28,4,0,4,0
8082B1330,8082B1330,220504,2022/09/01 04:32,2022/09/10 13:07,15,0,15,0
80830C060,,8074,2022/09/01 00:25,2022/09/10 15:56,79,0,79,0
80837EE10,,212,2022/09/01 06:08,2022/09/09 22:37,44,0,44,0
8083881A0,8083881A0,22575,2022/09/01 07:55,2022/09/09 08:45,33,0,33,0
8083B9860,,122047,2022/09/01 00:11,2022/09/09 23:47,15,0,15,0
8083C23D0,,322426,2022/09/01 00:12,2022/09/01 00:12,1,0,1,0
8083D6020,,16163,2022/09/01 00:04,2022/09/10 02:42,31,0,31,0
8083E41E0,8083E41E0,311579,2022/09/01 13:35,2022/09/01 13:35,1,0,1,0
8084157F0,8084157F0,222697,2022/09/01 05:35,2022/09/10 00:28,21,0,21,0
8084357D0,,7,2022/09/01 00:05,2022/09/10 09:37,30,0,30,0
808444B20,808444B20,222697,2022/09/01 18:50,2022/09/10 08:47,24,0,24,0
8084E68B0,,221765,2022/09/01 11:36,2022/09/09 12:24,22,0,22,0
808563320,,15980,2022/09/01 00:06,2022/09/10 16:17,41,0,41,0
80859C380,,10404,2022/09/10 15:16,2022/09/10 15:16,1,0,1,0
8085C23B0,,36533,2022/09/02 18:16,2022/09/09 17:39,2,0,2,0
8085FCBE0,,322618,2022/09/02 00:46,2022/09/09 04:56,2,0,2,0
808622050,,222773,2022/09/01 00:14,2022/09/10 03:47,39,0,39,0
808649F10,,22541,2022/09/01 00:10,2022/09/10 22:51,43,0,43,0
80865B830,,322560,2022/09/02 01:10,2022/09/09 15:24,2,0,2,0
808660B60,808660B60,25536,2022/09/01 02:31,2022/09/10 16:54,21,0,21,0
80866A7E0,80866A7E0,26024,2022/09/01 00:14,2022/09/10 00:28,3,0,3,0
808697F70,808697F70,22541,2022/09/01 00:09,2022/09/10 20:46,57,0,57,2
8086BC2E0,,322440,2022/09/01 23:03,2022/09/01 23:03,1,0,1,0
8086C8A00,8086C8A00,321765,2022/09/02 17:52,2022/09/09 08:31,2,0,2,0
80876B4A0,80876B4A0,21884,2022/09/01 04:57,2022/09/10 11:13,11,0,11,0
80877E700,80877E700,121987,2022/09/01 02:42,2022/09/10 01:36,52,0,52,0
808780350,,22541,2022/09/01 00:12,2022/09/01 00:15,2,0,2,0
80882D5F0,,33557,2022/09/02 17:27,2022/09/09 09:20,2,0,2,0
8088317F0,8088317F0,5836,2022/09/01 00:09,2022/09/10 12:22,35,0,35,0
80884F130,80884F130,322994,2022/09/02 12:02,2022/09/09 19:44,2,0,2,0
80888FA00,80888FA00,10,2022/09/01 04:43,2022/09/10 16:26,90,0,90,0
8088A8FF0,8088A8FF0,34292,2022/09/01 00:16,2022/09/01 00:16,1,0,1,0
8088B0390,8088B0390,20226,2022/09/01 00:14,2022/09/10 02:11,5,0,5,0
8088FCA40,8088FCA40,223641,2022/09/01 00:09,2022/09/09 13:38,3,0,3,0
808903EC0,808903EC0,221198,2022/09/01 00:03,2022/09/01 00:11,2,0,2,0
808921B40,,7,2022/09/01 00:02,2022/09/09 07:32,17,0,17,0
808930C40,808930C40,5,2022/09/01 00:14,2022/09/09 10:40,12,0,12,0
8089A5AB0,8089A5AB0,11642,2022/09/01 00:15,2022/09/10 20:25,43,0,43,0
8089BBD80,,28711,2022/09/02 08:41,2022/09/03 02:21,5,0,5,0
8089FE4A0,8089FE4A0,321269,2022/09/01 02:14,2022/09/01 02:14,1,0,1,0
808A00DD0,,37171,2022/09/01 00:13,2022/09/01 00:13,1,0,1,0
808A1EAE0,,27444,2022/09/01 09:50,2022/09/09 07:55,4,0,4,0
808A826F0,808A826F0,122946,2022/09/01 03:18,2022/09/10 15:57,45,0,45,0
808AA7580,808AA7580,23331,2022/09/01 19:10,2022/09/10 16:05,4,0,4,0
808AA91E0,,26,2022/09/01 00:06,2022/09/09 19:23,4,0,4,0
808AD9180,808AD9180,26580,2022/09/01 00:13,2022/09/10 00:08,18,0,18,0
808AFC6A0,,218897,2022/09/01 00:07,2022/09/09 02:53,7,0,7,0
808B18F30,808B18F30,211,2022/09/01 00:01,2022/09/10 00:28,28,0,28,0
808B1EAE0,,314009,2022/09/01 00:04,2022/09/01 00:04,1,0,1,0
808B9ABB0,808B9ABB0,323189,2022/09/01 01:37,2022/09/01 01:37,1,0,1,0
808BDDFF0,808BDDFF0,15747,2022/09/01 00:17,2022/09/09 16:21,68,0,68,0
808C59F00,,122405,2022/09/01 00:00,2022/09/10 16:05,17,0,17,0
808C63380,,23289,2022/09/02 22:14,2022/09/09 21:10,2,0,2,0
808CA0F70,808CA0F70,220572,2022/09/01 16:37,2022/09/01 21:10,2,0,2,0
808CBFC20,,38931,2022/09/02 18:50,2022/09/09 21:05,2,0,2,0
808CF8E40,,1124,2022/09/01 02:32,2022/09/09 18:49,21,0,21,0
808D4CF90,808D4CF90,1068,2022/09/01 00:00,2022/09/09 04:34,3,0,3,0
808D52770,,36277,2022/09/01 00:18,2022/09/01 00:18,1,0,1,0
808D5B530,,25637,2022/09/01 02:29,2022/09/09 20:37,43,0,43,0
808D62D60,808D62D60,6129,2022/09/01 18:30,2022/09/10 22:03,4,0,4,0
808D8FB20,808D8FB20,122946,2022/09/01 06:00,2022/09/10 14:59,51,0,51,0
808D94BD0,808D94BD0,21568,2022/09/01 15:30,2022/09/09 10:54,4,0,4,0
808E13B70,808E13B70,123612,2022/09/01 07:49,2022/09/01 12:35,2,0,2,0
808E39660,,120292,2022/09/01 10:19,2022/09/10 18:55,23,0,23,0
808E7B510,,122545,2022/09/01 03:14,2022/09/01 12:08,5,0,5,0
808ED4030,,211050,2022/09/01 00:19,2022/09/09 02:47,3,0,3,0
808EF6310,,22541,2022/09/01 00:29,2022/09/10 14:51,31,0,31,0
808F06960,808F06960,321812,2022/09/01 00:09,2022/09/01 00:09,1,0,1,0
808F41090,,214100,2022/09/01 01:38,2022/09/09 22:23,29,0,29,0
808FD35A0,,32045,2022/09/02 19:48,2022/09/09 10:20,2,0,2,0
808FEF500,,224449,2022/09/01 00:05,2022/09/10 12:27,60,0,60,0
809030A70,,222697,2022/09/01 00:07,2022/09/09 19:22,9,0,9,0
80909FFE0,,19,2022/09/01 00:12,2022/09/10 23:16,29,0,29,0
8090AC860,8090AC860,24779,2022/09/01 01:44,2022/09/10 19:12,89,0,89,0
8091088B0,,19,2022/09/01 01:00,2022/09/09 16:12,47,0,47,0
809139F60,,908,2022/09/01 14:39,2022/09/09 10:39,35,0,35,0
80913F850,,221691,2022/09/01 04:40,2022/09/01 04:40,1,0,1,0
80917BC30,,324895,2022/09/02 13:16,2022/09/09 15:39,2,0,2,0
80918FEC0,80918FEC0,214,2022/09/01 00:09,2022/09/10 10:17,45,0,45,0
80920B580,80920B580,8805,2022/09/01 23:57,2022/09/01 23:57,1,0,1,0
80922CDA0,80922CDA0,8,2022/09/01 00:06,2022/09/10 15:50,45,0,45,0
809250070,,13145,2022/09/01 00:23,2022/09/09 18:02,4,0,4,0
8092927E0,8092927E0,325126,2022/09/01 16:44,2022/09/01 16:44,1,0,1,0
8092A06E0,,325036,2022/09/01 00:05,2022/09/01 00:05,1,0,1,0
8092F28B0,8092F28B0,19,2022/09/01 02:31,2022/09/10 20:55,102,0,102,0
809326550,809326550,34312,2022/09/01 18:32,2022/09/01 18:32,1,0,1,0
809334D30,809334D30,8,2022/09/01 00:19,2022/09/10 16:46,42,0,42,0
8093409B0,,124331,2022/09/01 07:49,2022/09/09 17:27,27,0,27,0
80938EF50,80938EF50,220271,2022/09/01 06:38,2022/09/09 01:28,16,0,16,0
809390850,809390850,3123,2022/09/01 10:05,2022/09/09 00:08,3,0,3,0
80939F610,,223641,2022/09/01 00:23,2022/09/01 00:23,1,0,1,0
8093A7560,,18951,2022/09/01 10:48,2022/09/09 23:25,51,0,51,0
8093C4820,,121415,2022/09/01 05:50,2022/09/10 04:58,38,0,38,0
8093DAD40,,325407,2022/09/01 13:05,2022/09/01 13:05,1,0,1,0
8093DF330,8093DF330,1490,2022/09/01 00:01,2022/09/07 07:34,3,0,3,0
8093E2B50,8093E2B50,21142,2022/09/01 00:20,2022/09/01 00:20,1,0,1,0
80941CF80,80941CF80,2454,2022/09/01 00:06,2022/09/10 23:59,52,0,52,0
8094CAC70,,325442,2022/09/02 12:31,2022/09/09 13:02,2,0,2,0
8094F2020,,24941,2022/09/01 06:36,2022/09/10 04:58,31,0,31,0
8094FBAB0,8094FBAB0,210,2022/09/01 00:19,2022/09/09 23:28,51,0,51,0
80951E630,,325534,2022/09/01 00:07,2022/09/01 00:07,1,0,1,0
80952C900,,315412,2022/09/02 15:12,2022/09/09 16:10,2,0,2,0
8095375C0,8095375C0,213,2022/09/01 00:10,2022/09/10 00:01,15,0,15,0
8095C5830,,225156,2022/09/01 00:19,2022/09/09 16:54,33,0,33,0
8095E3A10,8095E3A10,9691,2022/09/01 16:21,2022/09/09 17:48,3,0,3,0
8095E4450,,325767,2022/09/01 00:15,2022/09/01 00:15,1,0,1,0
809613680,809613680,15695,2022/09/01 03:46,2022/09/10 14:17,24,0,24,0
809630F40,,325836,2022/09/02 17:49,2022/09/09 08:33,2,0,2,0
809639E80,809639E80,122055,2022/09/01 00:11,2022/09/01 00:11,1,0,1,0
80964E5D0,80964E5D0,24856,2022/09/02 05:02,2022/09/09 14:59,6,0,6,0
80966B850,80966B850,324841,2022/09/02 14:01,2022/09/09 03:39,2,0,2,0
80967E310,80967E310,225734,2022/09/01 20:31,2022/09/07 06:53,2,0,2,0
8096826D0,8096826D0,8,2022/09/01 00:15,2022/09/09 13:44,21,0,21,0
80969E460,80969E460,10813,2022/09/01 00:25,2022/09/10 16:22,36,0,36,0
8096B63F0,,25534,2022/09/01 08:17,2022/09/01 08:17,1,0,1,0
8096D4670,8096D4670,24779,2022/09/01 00:11,2022/09/08 07:11,5,0,5,1
8096DCCA0,,225734,2022/09/01 00:12,2022/09/09 18:27,5,0,5,0
8096EB0C0,,25202,2022/09/01 00:52,2022/09/09 07:14,4,0,4,0
809789820,,22828,2022/09/01 00:04,2022/09/09 02:59,19,0,19,0
80979F6D0,,34993,2022/09/01 00:09,2022/09/09 00:52,3,0,3,0
8097B17F0,,8798,2022/09/01 00:17,2022/09/01 06:19,2,0,2,0
8097B7580,8097B7580,326110,2022/09/02 05:46,2022/09/09 19:19,2,0,2,0
809877B10,,4523,2022/09/01 03:46,2022/09/09 21:48,21,0,21,0
80989AF70,,16224,2022/09/01 00:00,2022/09/09 18:12,21,0,21,0
8098DB610,,125607,2022/09/01 00:03,2022/09/08 10:22,4,0,4,0
8098E55D0,8098E55D0,125607,2022/09/01 00:44,2022/09/01 00:44,1,0,1,0
8098EE660,8098EE660,25665,2022/09/01 00:15,2022/09/08 10:02,2,0,2,0
8098FA6C0,8098FA6C0,25202,2022/09/01 04:36,2022/09/10 02:53,76,0,76,0
809932540,,2991,2022/09/01 00:01,2022/09/05 12:56,18,0,18,0
80997F8D0,80997F8D0,125633,2022/09/01 07:21,2022/09/09 21:32,5,0,5,0
80998E4D0,,213,2022/09/01 00:00,2022/09/09 20:36,16,0,16,0
8099AB630,,125607,2022/09/01 00:04,2022/09/10 09:15,44,0,44,0
8099BC410,8099BC410,28711,2022/09/01 00:07,2022/09/10 12:56,38,0,38,0
8099CA2C0,8099CA2C0,25847,2022/09/01 00:03,2022/09/09 18:24,29,0,29,0
809A382B0,809A382B0,15625,2022/09/01 01:16,2022/09/09 17:47,17,0,17,0
809A5B580,,326524,2022/09/01 00:05,2022/09/01 00:05,1,0,1,0
809AB94A0,,210185,2022/09/01 00:03,2022/09/08 14:38,2,0,2,0
809B4FC60,809B4FC60,226350,2022/09/01 21:44,2022/09/07 17:19,2,0,2,0
809B63630,809B63630,125575,2022/09/01 00:14,2022/09/10 22:42,82,0,82,0
809C28A70,809C28A70,4523,2022/09/01 00:29,2022/09/01 00:29,1,0,1,0
809C489D0,809C489D0,318784,2022/09/01 00:03,2022/09/01 00:03,1,0,1,0
809D020F0,809D020F0,1,2022/09/01 00:01,2022/09/10 01:59,72,0,72,0
809D22A40,809D22A40,112078,2022/09/01 00:01,2022/09/09 12:59,37,0,37,0
809D285F0,,225734,2022/09/01 13:32,2022/09/10 00:14,31,0,31,0
809D7BC30,,125607,2022/09/01 12:20,2022/09/09 04:15,4,0,4,0
809DBCF40,809DBCF40,325282,2022/09/02 05:52,2022/09/09 23:58,2,0,2,0
809DE9F20,809DE9F20,125575,2022/09/01 13:41,2022/09/06 13:56,2,0,2,0
809DF3570,809DF3570,326324,2022/09/01 03:53,2022/09/01 03:53,1,0,1,0
809E02430,809E02430,326215,2022/09/01 07:42,2022/09/01 07:42,1,0,1,0
809E02EE0,,210,2022/09/01 00:25,2022/09/10 00:17,11,0,11,0
809E5AD90,809E5AD90,126107,2022/09/01 00:01,2022/09/01 00:07,2,0,2,0
809E76480,,219184,2022/09/01 01:42,2022/09/10 22:26,25,0,25,0
809E76930,,31402,2022/09/02 00:38,2022/09/09 05:43,2,0,2,0
809EDAF40,809EDAF40,126802,2022/09/01 09:33,2022/09/09 21:19,20,0,20,0
809EF39E0,,27151,2022/09/01 00:04,2022/09/09 10:52,11,0,11,0
809EFD3C0,809EFD3C0,327336,2022/09/02 03:34,2022/09/09 17:20,2,0,2,0
809F18DE0,,32417,2022/09/02 03:29,2022/09/09 09:27,2,0,2,0
809F3D7D0,809F3D7D0,327373,2022/09/01 10:07,2022/09/01 10:07,1,0,1,0
809FA9220,809FA9220,327480,2022/09/01 06:29,2022/09/01 06:29,1,0,1,0
809FD73D0,809FD73D0,24869,2022/09/01 13:40,2022/09/10 23:29,24,0,24,0
809FD9E00,809FD9E00,8798,2022/09/01 00:29,2022/09/10 14:22,26,0,26,0
809FE17B0,809FE17B0,122086,2022/09/01 09:08,2022/09/10 00:13,4,0,4,0
809FE8E20,,4726,2022/09/01 00:04,2022/09/10 11:10,19,0,19,0
809FF8A10,809FF8A10,11405,2022/09/01 00:06,2022/09/11 06:40,5,0,5,1
809FFB470,809FFB470,113865,2022/09/01 08:57,2022/09/10 05:15,2,0,2,0
80A0013C0,80A0013C0,24550,2022/09/01 00:08,2022/09/09 06:57,6,0,6,0
80A0493B0,80A0493B0,114674,2022/09/01 00:16,2022/09/10 12:56,28,0,28,0
80A0585D0,80A0585D0,327571,2022/09/02 23:09,2022/09/09 22:31,2,0,2,0
80A0AF7B0,,223908,2022/09/01 00:00,2022/09/09 14:41,36,0,36,0
80A0D2290,,513,2022/09/01 00:10,2022/09/06 00:13,2,0,2,0
80A0D5F60,80A0D5F60,327622,2022/09/02 21:04,2022/09/09 16:47,2,0,2,0
80A0D9530,,21174,2022/09/01 00:11,2022/09/09 16:39,12,0,12,0
80A0EE580,80A0EE580,28693,2022/09/01 02:42,2022/09/10 12:59,69,0,69,0
80A0FC1B0,80A0FC1B0,6,2022/09/01 14:32,2022/09/09 23:49,18,0,18,0
80A163A10,,113685,2022/09/01 01:08,2022/09/10 22:44,69,0,69,0
80A183450,,313479,2022/09/02 09:45,2022/09/09 18:03,2,0,2,0
80A195530,80A195530,19,2022/09/01 00:06,2022/09/09 22:24,29,0,29,0
80A19D8C0,80A19D8C0,27637,2022/09/01 00:02,2022/09/07 15:22,8,0,8,0
80A1C8FD0,80A1C8FD0,33594,2022/09/01 00:19,2022/09/09 17:07,3,0,3,0
80A1E0F50,80A1E0F50,211,2022/09/01 06:46,2022/09/10 20:19,82,0,82,0
80A233400,,35304,2022/09/01 00:19,2022/09/01 00:19,1,0,1,0
80A2537D0,80A2537D0,327897,2022/09/01 00:21,2022/09/09 14:13,3,0,3,0
80A2552B0,80A2552B0,19,2022/09/05 05:01,2022/09/05 05:01,1,0,1,0
80A268F00,,6156,2022/09/01 00:27,2022/09/09 18:39,14,0,14,0
80A344340,80A344340,227143,2022/09/01 19:10,2022/09/10 22:29,2,0,2,0
80A402F80,80A402F80,21174,2022/09/01 05:42,2022/09/09 17:56,6,0,6,0
80A481D40,,17649,2022/09/01 06:45,2022/09/10 17:27,26,0,26,0
80A4A3CE0,,211,2022/09/01 14:13,2022/09/10 03:53,31,0,31,0
80A4D52C0,,328350,2022/09/01 13:36,2022/09/01 13:36,1,0,1,0
80A4F42A0,80A4F42A0,28222,2022/09/01 00:19,2022/09/09 17:17,5,0,5,0
80A4FBD40,80A4FBD40,228101,2022/09/01 00:13,2022/09/09 19:27,26,0,26,0
80A50DF20,,27621,2022/09/01 00:09,2022/09/10 19:55,22,0,22,0
80A599E60,80A599E60,15723,2022/09/02 22:58,2022/09/02 22:58,1,0,1,0
80A5B7BC0,,28317,2022/09/01 00:18,2022/09/04 20:07,2,0,2,0
80A5E8880,80A5E8880,15768,2022/09/01 00:16,2022/09/01 00:16,1,0,1,0
80A680CC0,80A680CC0,13554,2022/09/01 00:01,2022/09/09 19:14,5,0,5,0
80A6B6360,,225263,2022/09/01 03:51,2022/09/07 00:27,5,0,5,0
80A6B6D10,80A6B6D10,4403,2022/09/01 00:22,2022/09/01 00:22,1,0,1,0
80A73C6D0,80A73C6D0,7042,2022/09/01 00:25,2022/09/09 17:31,16,0,16,0
80A759240,80A759240,3881,2022/09/01 00:18,2022/09/09 08:31,3,0,3,0
80A776550,,35331,2022/09/01 23:47,2022/09/01 23:47,1,0,1,0
80A7CE8F0,,27995,2022/09/01 00:10,2022/09/10 16:58,66,0,66,0
80A7CF6F0,80A7CF6F0,28768,2022/09/01 02:36,2022/09/10 20:56,50,0,50,0
80A7DDF30,,28,2022/09/01 00:05,2022/09/10 18:21,31,0,31,0
80A84C000,,320737,2022/09/02 16:44,2022/09/09 22:40,2,0,2,0
80A862490,,28768,2022/09/01 00:20,2022/09/08 17:02,2,0,2,0
80A8CEEA0,80A8CEEA0,33094,2022/09/02 16:03,2022/09/09 22:49,2,0,2,0
80A8DE110,,37109,2022/09/02 23:40,2022/09/09 04:05,2,0,2,0
80A8E5860,,1916,2022/09/01 00:29,2022/09/09 14:00,5,0,5,0
80A8FCB90,,1420,2022/09/01 15:45,2022/09/05 15:20,3,0,3,0
80A968170,80A968170,14387,2022/09/01 00:14,2022/09/10 18:57,34,0,34,0
80AA64490,,221198,2022/09/01 02:51,2022/09/09 22:22,11,0,11,0
80AA9F5A0,80AA9F5A0,317748,2022/09/01 08:29,2022/09/01 08:29,1,0,1,0
80AAB7EA0,80AAB7EA0,27621,2022/09/01 00:28,2022/09/10 09:56,22,0,22,0
80AB1AE00,,6803,2022/09/01 04:56,2022/09/09 22:51,10,0,10,0
80AB48080,,17174,2022/09/01 08:27,2022/09/09 09:42,6,0,6,0
80AB63160,80AB63160,113060,2022/09/01 00:17,2022/09/10 22:24,62,0,62,0
80AB75FE0,80AB75FE0,324593,2022/09/01 07:41,2022/09/01 07:41,1,0,1,0
80AB76DF0,,6156,2022/09/01 00:13,2022/09/01 22:42,3,0,3,0
80AB7E860,80AB7E860,36470,2022/09/01 00:16,2022/09/01 00:16,1,0,1,0
80AB94680,80AB94680,18460,2022/09/01 00:29,2022/09/10 00:22,34,0,34,0
80ABD22A0,80ABD22A0,312723,2022/09/02 02:21,2022/09/09 17:37,4,0,4,0
80AC29440,,34906,2022/09/02 11:46,2022/09/09 09:15,2,0,2,0
80AC77410,80AC77410,28416,2022/09/01 00:00,2022/09/09 06:03,21,0,21,0
80ACAE190,,318798,2022/09/01 20:05,2022/09/01 20:05,1,0,1,0
80ACCB460,80ACCB460,16450,2022/09/01 00:06,2022/09/09 08:13,22,0,22,0
80ACF4DE0,,6,2022/09/01 00:09,2022/09/10 00:13,13,0,13,0
80ACF6790,80ACF6790,328534,2022/09/01 10:12,2022/09/09 02:20,3,0,3,0
80AD78B40,,15768,2022/09/01 00:24,2022/09/05 19:32,3,0,3,0
80ADA2880,80ADA2880,128557,2022/09/01 01:05,2022/09/09 04:21,17,0,17,0
80ADE12D0,80ADE12D0,28,2022/09/01 06:48,2022/09/06 16:04,3,0,3,0
80ADE3B50,,329240,2022/09/02 02:36,2022/09/09 23:51,2,0,2,0
80ADF06C0,,28779,2022/09/01 00:08,2022/09/09 19:27,8,0,8,0
80ADF8B40,80ADF8B40,27637,2022/09/01 00:05,2022/09/09 01:20,3,0,3,0
80AE10FC0,80AE10FC0,1362,2022/09/01 15:36,2022/09/09 04:55,31,0,31,0
80AE4E900,80AE4E900,211,2022/09/01 16:39,2022/09/09 11:29,21,0,21,0
80AE5C890,80AE5C890,16224,2022/09/01 00:04,2022/09/03 02:47,2,0,2,0
80AE68790,80AE68790,33160,2022/09/01 00:18,2022/09/01 00:18,1,0,1,0
80AE8B2B0,80AE8B2B0,10,2022/09/02 10:32,2022/09/02 10:32,1,0,1,0
80AEA85F0,80AEA85F0,322886,2022/09/01 00:05,2022/09/01 00:05,1,0,1,0
80AEBB7D0,80AEBB7D0,323634,2022/09/01 09:07,2022/09/01 09:07,1,0,1,0
80AF2ADA0,,1501,2022/09/01 23:09,2022/09/08 00:13,2,0,2,0
80AF56EE0,,9417,2022/09/01 00:14,2022/09/10 21:56,36,0,36,0
80AFC5B60,,6,2022/09/01 00:03,2022/09/09 13:47,18,0,18,0
80AFE8CD0,,28768,2022/09/01 00:06,2022/09/09 17:24,33,0,33,0
80B004EB0,80B004EB0,11813,2022/09/01 00:14,2022/09/05 06:06,5,0,5,0
80B04F6D0,80B04F6D0,28248,2022/09/01 00:10,2022/09/09 12:02,16,0,16,0
80B04FA90,,329869,2022/09/01 16:46,2022/09/01 16:46,1,0,1,0
80B14F630,,322827,2022/09/01 00:11,2022/09/01 00:11,1,0,1,0
80B16B3D0,,330533,2022/09/01 20:18,2022/09/09 01:21,3,0,3,0
80B19FB20,80B19FB20,210997,2022/09/01 00:06,2022/09/09 19:54,17,0,17,0
80B1B7060,80B1B7060,15695,2022/09/01 00:00,2022/09/10 22:21,21,0,21,0
80B1D7A40,,5627,2022/09/01 00:07,2022/09/01 00:07,1,0,1,0
80B1EF790,,218989,2022/09/01 00:07,2022/09/09 00:51,15,0,15,0
80B235720,,27995,2022/09/01 18:08,2022/09/10 07:29,19,0,19,0
80B2CFC40,,12719,2022/09/01 00:18,2022/09/01 13:00,3,0,3,0
80B30BB50,80B30BB50,26463,2022/09/01 08:49,2022/09/09 07:31,5,0,5,0
80B3479C0,,14099,2022/09/01 00:06,2022/09/10 20:18,43,0,43,0
80B3920F0,80B3920F0,26592,2022/09/01 00:09,2022/09/10 19:08,82,0,82,0
80B40A100,,38635,2022/09/02 07:33,2022/09/09 11:29,2,0,2,0
80B428C20,80B428C20,115415,2022/09/01 04:50,2022/09/10 15:22,35,0,35,0
80B430DA0,80B430DA0,127142,2022/09/01 00:14,2022/09/09 08:51,9,0,9,0
80B45FAE0,80B45FAE0,12719,2022/09/01 00:12,2022/09/09 10:34,23,0,23,0
80B46ACD0,80B46ACD0,26698,2022/09/01 11:38,2022/09/10 02:26,35,0,35,0
80B47E2D0,,331077,2022/09/01 00:02,2022/09/01 00:02,1,0,1,0
80B483FA0,80B483FA0,23833,2022/09/01 08:26,2022/09/01 08:26,1,0,1,0
80B50F5E0,80B50F5E0,33847,2022/09/01 00:24,2022/09/01 00:24,1,0,1,0
80B552AB0,80B552AB0,13057,2022/09/01 00:15,2022/09/09 16:21,33,0,33,0
80B57A730,,122916,2022/09/01 00:08,2022/09/10 12:54,21,0,21,0
80B57EE00,80B57EE00,3229,2022/09/01 10:24,2022/09/09 07:58,3,0,3,0
80B58AEC0,,10232,2022/09/01 09:41,2022/09/09 23:02,7,0,7,0
80B5B3380,,113779,2022/09/01 00:15,2022/09/02 12:38,6,0,6,0
80B5EEF30,80B5EEF30,321993,2022/09/01 04:00,2022/09/09 16:25,3,0,3,0
80B617F60,80B617F60,322886,2022/09/01 11:39,2022/09/01 11:39,1,0,1,0
80B618AF0,80B618AF0,8805,2022/09/01 00:18,2022/09/10 12:51,24,0,24,0
80B61DB00,80B61DB00,228634,2022/09/01 05:34,2022/09/10 21:48,58,0,58,0
80B6754F0,,314695,2022/09/01 09:16,2022/09/01 09:16,1,0,1,0
80B6C1DE0,,29089,2022/09/01 00:20,2022/09/09 10:49,18,0,18,0
80B6E0A70,80B6E0A70,331486,2022/09/02 04:19,2022/09/09 19:29,2,0,2,0
80B72FE40,,213,2022/09/01 07:30,2022/09/10 16:09,27,0,27,0
80B745630,80B745630,213,2022/09/01 00:06,2022/09/10 22:16,102,0,102,0
80B767C90,,1267,2022/09/01 00:25,2022/09/02 11:05,3,0,3,0
80B773700,80B773700,328221,2022/09/01 07:29,2022/09/09 17:46,3,0,3,0
80B7D3C90,,1502,2022/09/01 19:45,2022/09/09 08:39,3,0,3,0
80B820F70,,213704,2022/09/01 00:10,2022/09/09 20:37,2,0,2,0
80B829340,,1502,2022/09/01 11:14,2022/09/10 08:51,46,0,46,0
80B870070,80B870070,214609,2022/09/01 00:18,2022/09/09 17:15,4,0,4,0
80B882470,80B882470,117999,2022/09/01 00:00,2022/09/02 15:01,3,0,3,0
80B8C4990,80B8C4990,17748,2022/09/01 00:13,2022/09/01 20:51,2,0,2,0
80B8F29F0,,324635,2022/09/02 06:37,2022/09/09 12:10,2,0,2,0
80B94E9F0,80B94E9F0,318634,2022/09/02 19:20,2022/09/09 13:31,2,0,2,0
80B959140,,312901,2022/09/02 02:48,2022/09/09 21:28,2,0,2,0
80B96F0D0,,12004,2022/09/01 00:16,2022/09/10 01:35,26,0,26,0
80B98F700,80B98F700,3655,2022/09/01 00:00,2022/09/10 15:50,22,0,22,0
80B9A8940,,111121,2022/09/01 00:16,2022/09/01 16:04,2,0,2,0
80B9AC850,80B9AC850,29794,2022/09/01 00:08,2022/09/01 17:28,3,0,3,0
80B9BA2C0,80B9BA2C0,36102,2022/09/01 14:40,2022/09/01 14:40,1,0,1,0
80B9C0D40,80B9C0D40,29794,2022/09/01 00:16,2022/09/02 20:45,3,0,3,0
80BA1B0A0,80BA1B0A0,33328,2022/09/02 17:03,2022/09/09 22:53,2,0,2,0
80BA558B0,80BA558B0,123308,2022/09/01 00:14,2022/09/02 16:46,4,0,4,0
80BA88FE0,80BA88FE0,313881,2022/09/02 00:57,2022/09/09 13:19,2,0,2,0
80BAE4080,,113060,2022/09/01 00:21,2022/09/10 13:33,25,0,25,0
80BB133F0,,332164,2022/09/02 01:32,2022/09/09 20:44,2,0,2,0
80BC16800,,1,2022/09/01 00:00,2022/09/09 21:53,35,0,35,0
80BC50EB0,,38178,2022/09/02 23:43,2022/09/09 20:34,2,0,2,0
80BCD24D0,80BCD24D0,23146,2022/09/01 00:14,2022/09/10 23:55,35,0,35,0
80BD80DD0,,23,2022/09/01 23:37,2022/09/01 23:37,1,0,1,0
80BDADC00,80BDADC00,12735,2022/09/01 00:12,2022/09/10 17:37,11,0,11,0
80BDE4420,80BDE4420,332627,2022/09/01 00:19,2022/09/01 00:19,1,0,1,0
80BDE7130,80BDE7130,15916,2022/09/01 01:59,2022/09/09 13:26,34,0,34,0
80BDF0520,,3958,2022/09/02 07:06,2022/09/09 10:22,2,0,2,0
80BE05A30,,20846,2022/09/01 10:15,2022/09/10 17:16,24,0,24,0
80BE1E580,,6276,2022/09/01 02:10,2022/09/09 05:11,15,0,15,0
80BE1F7F0,,32221,2022/09/01 00:04,2022/09/01 00:04,1,0,1,0
80BE67630,80BE67630,331534,2022/09/01 00:02,2022/09/01 00:02,1,0,1,0
80BE94A20,,323216,2022/09/02 00:41,2022/09/09 04:02,2,0,2,0
80BE9A870,,322854,2022/09/02 09:03,2022/09/09 08:04,2,0,2,0
80BEC3890,80BEC3890,12,2022/09/01 20:40,2022/09/01 20:40,1,0,1,0
80BEC9740,,214,2022/09/01 00:18,2022/09/06 02:37,5,0,5,0
80BECAF80,80BECAF80,332769,2022/09/02 00:52,2022/09/09 20:18,2,0,2,0
80BEF7060,80BEF7060,116843,2022/09/01 00:06,2022/09/09 20:54,6,0,6,0
80BEFAE20,80BEFAE20,27,2022/09/01 00:12,2022/09/10 02:53,46,0,46,0
80BF560D0,,5328,2022/09/01 08:31,2022/09/01 08:31,1,0,1,0
80BF75B90,80BF75B90,129470,2022/09/01 18:49,2022/09/10 00:01,2,0,2,0
80BF84220,,21813,2022/09/01 05:48,2022/09/01 05:48,1,0,1,0
80BFACCD0,80BFACCD0,25309,2022/09/01 09:07,2022/09/10 00:08,16,0,16,0
80BFEE6E0,80BFEE6E0,310311,2022/09/01 15:15,2022/09/01 15:15,1,0,1,0
80BFFEDE0,,4766,2022/09/01 00:25,2022/09/10 00:23,11,0,11,0
80BFFF960,80BFFF960,310278,2022/09/01 18:42,2022/09/01 18:42,1,0,1,0
80BFFFAA0,,311183,2022/09/01 00:36,2022/09/01 00:36,1,0,1,0
80C002F20,80C002F20,6075,2022/09/01 03:15,2022/09/02 05:42,3,0,3,0
80C010430,80C010430,21550,2022/09/01 01:13,2022/09/09 11:56,15,0,15,0
80C06D6F0,,32814,2022/09/01 00:06,2022/09/09 10:35,4,0,4,0
80C0FA3F0,,22164,2022/09/01 05:23,2022/09/01 05:23,1,0,1,0
80C115990,80C115990,1729,2022/09/01 00:21,2022/09/08 01:06,6,0,6,0
80C1474D0,,223233,2022/09/01 00:29,2022/09/10 22:48,35,0,35,0
80C186EA0,,131086,2022/09/01 00:17,2022/09/10 22:19,24,0,24,0
80C1927A0,,230744,2022/09/01 00:01,2022/09/09 17:47,15,0,15,0
80C1ABDE0,80C1ABDE0,332726,2022/09/01 21:58,2022/09/09 14:07,3,0,3,0
80C2044A0,80C2044A0,32564,2022/09/01 05:01,2022/09/03 20:02,2,0,2,0
80C2A85F0,,31809,2022/09/01 19:00,2022/09/09 23:48,22,0,22,0
80C31B0D0,,123773,2022/09/01 00:23,2022/09/10 00:58,27,0,27,0
80C335670,,233580,2022/09/01 00:00,2022/09/09 11:25,19,0,19,0
80C3AF180,80C3AF180,21641,2022/09/01 02:01,2022/09/01 02:01,1,0,1,0
80C3B74D0,,333611,2022/09/01 00:21,2022/09/01 00:21,1,0,1,0
80C3F32F0,,8595,2022/09/01 00:00,2022/09/01 07:01,2,0,2,0
80C423720,80C423720,310746,2022/09/01 00:05,2022/09/01 00:05,1,0,1,0
80C4C7AC0,80C4C7AC0,11402,2022/09/01 00:16,2022/09/09 06:07,9,0,9,0
80C51E690,,18428,2022/09/01 00:11,2022/09/10 00:24,52,0,52,0
80C5504E0,,331642,2022/09/02 00:56,2022/09/09 06:23,2,0,2,0
80C61F670,80C61F670,231744,2022/09/01 01:06,2022/09/10 00:48,36,0,36,0
80C62D0B0,80C62D0B0,121358,2022/09/01 00:19,2022/09/10 04:59,38,0,38,0
80C645C80,80C645C80,333254,2022/09/01 18:45,2022/09/09 18:06,3,0,3,0
80C6A19A0,80C6A19A0,231744,2022/09/01 00:01,2022/09/10 15:32,31,0,31,0
80C6C1E10,,25749,2022/09/01 10:24,2022/09/02 19:27,2,0,2,0
80C6CA9C0,,39388,2022/09/01 07:59,2022/09/01 07:59,1,0,1,0
80C6DBEB0,80C6DBEB0,11471,2022/09/01 00:05,2022/09/10 14:52,31,0,31,0
80C7C4B10,,8771,2022/09/01 00:16,2022/09/10 23:58,56,0,56,0
80C7FD5F0,,27444,2022/09/01 00:06,2022/09/10 02:05,24,0,24,0
80C8A72A0,80C8A72A0,215803,2022/09/01 00:27,2022/09/01 00:27,1,0,1,0
80C8ACB20,,20,2022/09/01 00:07,2022/09/10 03:27,25,0,25,0
80C91EEA0,,334006,2022/09/02 22:08,2022/09/09 01:08,2,0,2,0
80C94D200,80C94D200,334582,2022/09/01 12:29,2022/09/01 12:29,1,0,1,0
80C9BED80,,16136,2022/09/01 00:23,2022/09/06 00:21,2,0,2,0
80CA10180,80CA10180,32564,2022/09/01 15:06,2022/09/10 05:24,32,0,32,0
80CA33FB0,,227143,2022/09/02 14:40,2022/09/09 21:02,4,0,4,0
80CA396E0,80CA396E0,34506,2022/09/01 00:22,2022/09/10 00:38,13,0,13,0
80CA57140,,134117,2022/09/01 03:19,2022/09/09 23:33,3,0,3,0
80CAE7060,80CAE7060,35511,2022/09/01 17:10,2022/09/01 17:10,1,0,1,0
80CAFC320,80CAFC320,13649,2022/09/01 00:11,2022/09/01 00:15,2,0,2,0
80CB220E0,80CB220E0,334901,2022/09/01 16:11,2022/09/09 07:05,3,0,3,0
80CB283D0,,334621,2022/09/01 14:51,2022/09/01 14:51,1,0,1,0
80CB562E0,80CB562E0,33873,2022/09/01 00:19,2022/09/09 23:23,19,0,19,0
80CB9DD70,80CB9DD70,34215,2022/09/01 00:09,2022/09/10 17:16,15,0,15,0
80CBB3200,80CBB3200,34723,2022/09/01 00:13,2022/09/09 19:50,4,0,4,0
80CBEB570,,332691,2022/09/02 08:06,2022/09/09 13:38,2,0,2,0
80CC00720,80CC00720,334949,2022/09/01 00:27,2022/09/09 18:04,3,0,3,0
80CC66860,,332816,2022/09/02 09:05,2022/09/09 11:13,2,0,2,0
80CC821F0,80CC821F0,34723,2022/09/01 10:33,2022/09/10 07:55,24,0,24,0
80CCA5260,80CCA5260,10404,2022/09/01 14:03,2022/09/09 13:52,19,0,19,0
80CCDDFB0,80CCDDFB0,34506,2022/09/01 06:55,2022/09/09 23:18,40,0,40,0
80CD5CFC0,,334806,2022/09/01 07:35,2022/09/01 07:35,1,0,1,0
80CD7C780,,122916,2022/09/01 00:19,2022/09/09 18:53,27,0,27,0
80CDA3A80,,25536,2022/09/01 03:37,2022/09/08 00:10,5,0,5,0
80CDD4350,80CDD4350,335333,2022/09/01 08:21,2022/09/01 08:21,1,0,1,0
80CDD7660,,34506,2022/09/01 00:00,2022/09/10 00:18,6,0,6,0
80CE12A00,,134920,2022/09/01 17:49,2022/09/10 19:10,7,0,7,0
80CE4ABC0,80CE4ABC0,335362,2022/09/01 17:14,2022/09/09 07:33,3,0,3,0
80CF0D380,,335428,2022/09/01 23:57,2022/09/01 23:57,1,0,1,0
80CFA5CD0,,18324,2022/09/01 19:32,2022/09/09 03:46,5,0,5,0
80CFD5910,,335473,2022/09/01 00:19,2022/09/01 00:19,1,0,1,0
80CFE1960,80CFE1960,235551,2022/09/01 00:15,2022/09/01 00:17,2,0,2,0
80D009360,,217680,2022/09/01 00:16,2022/09/09 22:57,19,0,19,0
80D018930,80D018930,23538,2022/09/01 04:37,2022/09/09 17:27,20,0,20,1
80D029B10,,30775,2022/09/01 12:56,2022/09/09 19:23,23,0,23,0
80D050ED0,80D050ED0,223233,2022/09/01 00:23,2022/09/09 09:26,37,0,37,0
80D066470,,327481,2022/09/02 22:47,2022/09/09 07:22,2,0,2,0
80D06AC20,80D06AC20,13327,2022/09/01 14:06,2022/09/10 06:18,33,0,33,0
80D079290,80D079290,8771,2022/09/01 00:18,2022/09/10 04:34,15,0,15,0
80D08F540,80D08F540,38675,2022/09/02 23:57,2022/09/09 14:31,2,0,2,0
80D0D7650,,328496,2022/09/01 13:01,2022/09/01 13:01,1,0,1,0
80D109770,,326413,2022/09/01 00:11,2022/09/09 02:37,3,0,3,0
80D132BA0,,12585,2022/09/01 00:09,2022/09/01 18:54,3,0,3,0
80D156220,,221731,2022/09/01 04:37,2022/09/09 05:51,15,0,15,0
80D192830,80D192830,223635,2022/09/01 13:41,2022/09/09 19:54,5,0,5,0
80D1D7B70,,331018,2022/09/01 05:47,2022/09/01 05:47,1,0,1,0
80D216FC0,,215841,2022/09/01 00:00,2022/09/01 05:58,3,0,3,0
80D266B50,80D266B50,221374,2022/09/01 00:03,2022/09/10 18:51,23,0,23,0
80D295230,,336107,2022/09/01 00:06,2022/09/01 00:06,1,0,1,0
80D2A3C10,80D2A3C10,13264,2022/09/01 00:03,2022/09/10 00:03,35,0,35,0
80D2DBD70,,28627,2022/09/01 17:11,2022/09/09 12:21,35,0,35,0
80D2E9E20,,126426,2022/09/01 00:29,2022/09/09 23:28,15,0,15,0
80D31E5E0,,3420,2022/09/01 00:11,2022/09/01 23:27,3,0,3,0
80D330100,,233168,2022/09/01 00:06,2022/09/04 18:05,3,0,3,0
80D34D9D0,,12,2022/09/01 00:12,2022/09/06 00:54,6,0,6,0
80D379350,,218438,2022/09/01 00:09,2022/09/01 00:09,1,0,1,0
80D4250F0,,112212,2022/09/01 00:18,2022/09/09 12:54,7,0,7,0
80D437B20,80D437B20,32117,2022/09/01 12:27,2022/09/01 12:27,1,0,1,0
80D46DB20,,12381,2022/09/01 00:02,2022/09/09 07:13,25,0,25,0
80D4C5E10,80D4C5E10,31161,2022/09/01 00:15,2022/09/01 13:20,3,0,3,0
80D4F1D90,80D4F1D90,3220,2022/09/02 06:34,2022/09/09 21:30,2,0,2,0
80D53E870,,213952,2022/09/01 01:27,2022/09/01 15:45,2,0,2,0
80D555E10,80D555E10,21360,2022/09/01 00:21,2022/09/09 11:42,16,0,16,0
80D59B560,80D59B560,135104,2022/09/01 00:10,2022/09/09 10:30,10,0,10,0
80D59BDC0,80D59BDC0,135034,2022/09/02 11:13,2022/09/09 22:17,5,0,5,0
80D5A3E00,,335525,2022/09/02 14:17,2022/09/09 20:52,2,0,2,0
80D5C6F60,,335595,2022/09/01 00:28,2022/09/01 00:28,1,0,1,0
80D5FED70,,235580,2022/09/01 00:03,2022/09/10 23:57,24,0,24,0
80D60B240,,10,2022/09/01 00:07,2022/09/10 05:18,32,0,32,0
80D64EC50,80D64EC50,36208,2022/09/01 19:03,2022/09/09 02:29,14,0,14,0
80D671480,,135104,2022/09/01 03:29,2022/09/09 05:15,22,0,22,0
80D6836F0,80D6836F0,335695,2022/09/01 00:21,2022/09/01 00:21,1,0,1,0
80D687B80,,13145,2022/09/01 00:25,2022/09/10 03:46,23,0,23,0
80D6DB640,,22091,2022/09/01 00:21,2022/09/09 08:20,19,0,19,0
80D6DD080,,29,2022/09/01 00:02,2022/09/10 20:02,36,0,36,0
80D6DD930,,10,2022/09/01 00:27,2022/09/10 03:30,11,0,11,0
80D71D7F0,,211,2022/09/01 00:07,2022/09/09 06:27,13,0,13,0
80D73C070,80D73C070,313652,2022/09/02 22:19,2022/09/09 15:04,2,0,2,0
80D754960,,235874,2022/09/01 00:09,2022/09/01 10:57,2,0,2,0
80D76EF40,80D76EF40,135155,2022/09/01 17:30,2022/09/10 16:24,23,0,23,0
80D774460,,235580,2022/09/01 00:05,2022/09/09 20:23,45,0,45,0
80D78B510,,332247,2022/09/01 00:16,2022/09/01 00:16,1,0,1,0
80D7EE9E0,80D7EE9E0,111141,2022/09/01 00:08,2022/09/10 07:46,66,0,66,0
80D7FE3B0,,25075,2022/09/01 00:00,2022/09/10 16:19,64,0,64,0
80D848F60,,235580,2022/09/01 00:24,2022/09/10 01:55,34,0,34,0
80D891CE0,,1655,2022/09/01 00:00,2022/09/01 13:11,6,0,6,0
80D8C3020,,336680,2022/09/02 21:27,2022/09/09 04:58,2,0,2,0
80D8D7C70,80D8D7C70,335435,2022/09/01 00:25,2022/09/01 00:25,1,0,1,0
80D9469F0,80D9469F0,3051,2022/09/01 05:56,2022/09/09 08:56,17,0,17,0
80D94A600,,38830,2022/09/01 00:01,2022/09/01 00:01,1,0,1,0
80D990260,80D990260,3,2022/09/01 08:07,2022/09/10 13:43,56,0,56,0
80D9B9FD0,80D9B9FD0,10709,2022/09/01 00:10,2022/09/01 00:18,2,0,2,0
80D9C25B0,,318118,2022/09/01 00:18,2022/09/01 00:18,1,0,1,0
80D9D3480,,235509,2022/09/01 00:14,2022/09/10 05:32,24,0,24,0
80D9E8AC0,80D9E8AC0,219444,2022/09/01 00:19,2022/09/06 05:14,2,0,2,0
80DA17F00,,337299,2022/09/01 06:56,2022/09/01 06:56,1,0,1,0
80DA4BD50,,3229,2022/09/01 15:12,2022/09/10 10:23,22,0,22,0
80DA73BF0,80DA73BF0,23842,2022/09/01 00:26,2022/09/01 00:26,2,0,2,0
80DA9EC00,,313427,2022/09/01 12:23,2022/09/01 12:23,1,0,1,0
80DAE4500,80DAE4500,113060,2022/09/01 11:03,2022/09/09 10:09,33,0,33,0
80DAF8530,,31208,2022/09/01 02:30,2022/09/09 23:22,33,0,33,0
80DB0AA30,80DB0AA30,3,2022/09/01 04:32,2022/09/09 08:58,35,0,35,0
80DB27F00,,15,2022/09/01 00:03,2022/09/01 00:18,2,0,2,0
80DB44090,80DB44090,10813,2022/09/01 15:19,2022/09/01 15:19,1,0,1,0
80DC01210,80DC01210,118,2022/09/01 00:04,2022/09/09 07:55,11,0,11,0
80DC4C820,,117,2022/09/01 09:52,2022/09/10 17:57,2,0,2,0
80DC61710,,32604,2022/09/02 19:54,2022/09/09 10:29,2,0,2,0
80DC6B9C0,,113798,2022/09/01 00:00,2022/09/09 22:19,26,0,26,0
80DC7F790,80DC7F790,1853,2022/09/01 00:02,2022/09/10 10:16,68,0,68,0
80DD1C2A0,,235711,2022/09/01 00:09,2022/09/01 00:09,1,0,1,0
80DDE4FB0,,213580,2022/09/01 02:31,2022/09/09 17:26,40,0,40,0
80DDECC40,,337929,2022/09/02 10:30,2022/09/09 02:38,2,0,2,0
80DE62EC0,,14657,2022/09/07 00:25,2022/09/07 00:25,1,0,1,0
80DE85570,80DE85570,16418,2022/09/01 00:10,2022/09/10 00:24,11,0,11,0
80DE9A9F0,,38939,2022/09/02 18:45,2022/09/09 12:01,2,0,2,0
80DEE27D0,80DEE27D0,17708,2022/09/01 05:50,2022/09/09 23:59,29,0,29,0
80DEF2E10,,128684,2022/09/01 04:57,2022/09/06 13:27,2,0,2,0
80DF24CA0,,28255,2022/09/01 00:16,2022/09/10 00:05,18,0,18,0
80DF27550,,26698,2022/09/01 13:48,2022/09/09 19:56,5,0,5,0
80DF886E0,80DF886E0,2991,2022/09/01 00:13,2022/09/09 23:23,32,0,32,0
80DFA2870,,29251,2022/09/01 00:22,2022/09/08 06:19,3,0,3,0
80DFA7EA0,80DFA7EA0,3843,2022/09/02 22:01,2022/09/09 02:32,2,0,2,0
80DFDEBB0,,221891,2022/09/01 00:22,2022/09/10 16:28,41,0,41,0
80DFE4230,,137024,2022/09/01 13:58,2022/09/10 20:25,22,0,22,0
80E02F4B0,80E02F4B0,126783,2022/09/01 02:05,2022/09/10 01:53,55,0,55,0
80E03E080,,3242,2022/09/01 00:08,2022/09/09 11:57,25,0,25,0
80E06B610,,316104,2022/09/02 17:49,2022/09/09 16:17,2,0,2,0
80E06EFE0,,126783,2022/09/01 00:09,2022/09/10 18:27,71,0,71,0
80E0EE0B0,80E0EE0B0,3762,2022/09/02 10:33,2022/09/09 01:20,2,0,2,0
80E0F2170,,221691,2022/09/01 00:02,2022/09/10 00:28,25,0,25,0
80E136170,80E136170,229558,2022/09/01 00:29,2022/09/09 09:06,4,0,4,0
80E145DA0,80E145DA0,331757,2022/09/02 10:54,2022/09/09 10:45,2,0,2,0
80E17F420,,116,2022/09/04 14:14,2022/09/04 14:14,1,0,1,0
80E196D60,,238845,2022/09/01 05:07,2022/09/09 13:10,23,0,23,0
80E1BFB50,,33244,2022/09/01 13:25,2022/09/01 13:25,1,0,1,0
80E1CA820,80E1CA820,8805,2022/09/01 14:15,2022/09/09 05:07,3,0,3,0
80E1CA910,80E1CA910,326687,2022/09/02 21:13,2022/09/09 03:45,2,0,2,0
80E2410E0,,5,2022/09/01 00:06,2022/09/10 22:26,21,0,21,0
80E26CD20,80E26CD20,31149,2022/09/01 00:23,2022/09/01 00:23,1,0,1,0
80E2E6050,80E2E6050,30697,2022/09/01 00:07,2022/09/01 00:28,2,0,2,0
80E2F85D0,80E2F85D0,222363,2022/09/01 00:26,2022/09/10 03:26,37,0,37,0
80E330AB0,80E330AB0,31132,2022/09/02 00:28,2022/09/09 08:23,2,0,2,0
80E337F70,80E337F70,32297,2022/09/01 00:11,2022/09/10 00:16,4,0,4,0
80E342E80,,34586,2022/09/01 08:46,2022/09/01 08:46,1,0,1,0
80E356AA0,,2843,2022/09/01 00:03,2022/09/10 00:09,19,0,19,0
80E36E5E0,,23554,2022/09/01 00:19,2022/09/06 14:00,2,0,2,0
80E3ED5C0,80E3ED5C0,20846,2022/09/01 07:22,2022/09/09 11:09,3,0,3,0
80E444860,,135981,2022/09/01 09:54,2022/09/10 22:56,23,0,23,0
80E48B7A0,80E48B7A0,2591,2022/09/01 00:27,2022/09/08 08:05,3,0,3,0
80E4D0390,80E4D0390,339022,2022/09/01 00:03,2022/09/01 00:03,1,0,1,0
80E528170,80E528170,340597,2022/09/02 10:30,2022/09/09 03:08,2,0,2,0
80E550120,80E550120,137357,2022/09/01 00:18,2022/09/09 08:45,24,0,24,0
80E567790,,130219,2022/09/01 00:04,2022/09/06 07:52,6,0,6,0
80E56F9F0,80E56F9F0,227143,2022/09/01 07:07,2022/09/09 10:55,25,0,25,0
80E57B940,,339158,2022/09/02 08:35,2022/09/09 07:22,2,0,2,0
80E5C33D0,,118,2022/09/01 04:26,2022/09/10 00:16,61,0,61,0
80E5E0320,80E5E0320,339246,2022/09/01 19:55,2022/09/01 19:55,1,0,1,0
80E641BB0,80E641BB0,113935,2022/09/01 00:41,2022/09/01 09:56,2,0,2,0
80E649670,80E649670,36522,2022/09/01 09:59,2022/09/01 09:59,1,0,1,0
80E6629B0,,37355,2022/09/02 06:13,2022/09/09 18:01,2,0,2,0
80E66F9C0,80E66F9C0,228921,2022/09/01 00:14,2022/09/02 00:11,3,0,3,0
80E6B3560,80E6B3560,24032,2022/09/01 06:53,2022/09/09 11:57,23,0,23,0
80E6DB5B0,80E6DB5B0,38215,2022/09/01 00:26,2022/09/01 00:26,1,0,1,0
80E6E0220,,9209,2022/09/01 00:44,2022/09/09 21:57,36,0,36,0
80E703CB0,,3494,2022/09/01 00:11,2022/09/01 00:11,1,0,1,0
80E709690,80E709690,138105,2022/09/01 03:33,2022/09/09 19:27,5,0,5,0
80E75B310,,38672,2022/09/01 05:00,2022/09/09 15:57,3,0,3,0
80E762110,80E762110,224782,2022/09/01 11:43,2022/09/09 20:17,24,0,24,0
80E795940,80E795940,39198,2022/09/01 10:11,2022/09/01 14:21,2,0,2,0
80E7A4FA0,80E7A4FA0,4403,2022/09/01 00:26,2022/09/09 22:22,11,0,11,0
80E7D50F0,,239692,2022/09/01 00:11,2022/09/09 05:58,18,0,18,0
80E7E18F0,,337629,2022/09/01 23:23,2022/09/01 23:23,1,0,1,0
80E8C8060,,39556,2022/09/01 05:15,2022/09/10 07:13,31,0,31,0
80E9090C0,80E9090C0,212156,2022/09/01 00:08,2022/09/01 00:08,1,0,1,0
80E9331D0,80E9331D0,39810,2022/09/01 19:02,2022/09/01 19:02,1,0,1,0
80E941750,,18475,2022/09/01 04:13,2022/09/10 22:57,46,0,46,0
80E9486A0,80E9486A0,39053,2022/09/02 20:28,2022/09/09 22:26,2,0,2,0
80E94B130,,18200,2022/09/01 06:07,2022/09/10 22:04,48,0,48,0
80E9778E0,80E9778E0,39668,2022/09/01 00:02,2022/09/01 09:31,2,0,2,0
80E9E4A30,80E9E4A30,116,2022/09/01 00:09,2022/09/10 23:24,7,0,7,0
80EA2DA50,80EA2DA50,339715,2022/09/02 18:01,2022/09/09 13:25,2,0,2,0
80EA87680,80EA87680,112,2022/09/01 00:05,2022/09/10 12:22,76,0,76,0
80EB0DC50,80EB0DC50,339186,2022/09/02 10:07,2022/09/09 13:02,2,0,2,0
80EB7BF50,80EB7BF50,237354,2022/09/01 06:30,2022/09/10 12:18,54,0,54,0
80EBD7AE0,80EBD7AE0,37042,2022/09/02 12:18,2022/09/09 09:50,2,0,2,0
80EBEA2B0,,139216,2022/09/01 00:27,2022/09/09 21:07,6,0,6,0
80EC23520,,20727,2022/09/01 02:04,2022/09/10 06:59,38,0,38,0
80EC3FEB0,80EC3FEB0,227786,2022/09/01 08:47,2022/09/09 20:25,35,0,35,0
80EC59E70,80EC59E70,221282,2022/09/01 00:23,2022/09/09 19:38,20,0,20,0
80EC68410,80EC68410,223635,2022/09/01 20:31,2022/09/09 05:59,28,0,28,0
80ECAB3C0,,138101,2022/09/01 00:06,2022/09/04 09:35,3,0,3,0
80ECAEAC0,,325206,2022/09/01 17:01,2022/09/01 17:01,1,0,1,0
80ECC4460,,136973,2022/09/01 00:29,2022/09/10 17:28,56,0,56,0
80ECC4C40,,1024,2022/09/01 00:10,2022/09/09 23:48,28,0,28,0
80ECE1840,,337341,2022/09/01 00:07,2022/09/01 00:07,1,0,1,0
80ECE4CA0,80ECE4CA0,324977,2022/09/01 15:33,2022/09/01 15:33,1,0,1,0
80ECEF920,80ECEF920,46232,2022/09/01 00:17,2022/09/10 09:21,26,0,26,0
80ECFD4D0,80ECFD4D0,13083,2022/09/01 00:01,2022/09/01 00:25,2,0,2,0
80ED002D0,,231212,2022/09/01 00:05,2022/09/12 17:26,46,0,46,15
80ED3E9B0,80ED3E9B0,340516,2022/09/01 00:16,2022/09/01 00:16,1,0,1,0
80EE0FB00,80EE0FB00,138395,2022/09/01 15:13,2022/09/01 15:13,1,0,1,0
80EE85CD0,80EE85CD0,39775,2022/09/01 00:10,2022/09/01 08:08,2,0,2,0
80EE94A90,80EE94A90,39678,2022/09/01 00:25,2022/09/10 17:03,39,0,39,0
80EF13770,80EF13770,241121,2022/09/01 00:15,2022/09/09 07:09,19,0,19,0
80EF27BE0,,130864,2022/09/01 00:27,2022/09/09 23:51,5,0,5,0
80EF8E2D0,80EF8E2D0,29992,2022/09/01 00:08,2022/09/10 00:18,11,0,11,0
80EFBA910,80EFBA910,331312,2022/09/02 08:48,2022/09/09 02:10,2,0,2,0
80EFBFF60,,335782,2022/09/01 00:16,2022/09/01 00:16,1,0,1,0
80EFC8EE0,,324625,2022/09/01 02:23,2022/09/01 02:23,1,0,1,0
80F01CCE0,,341026,2022/09/02 02:30,2022/09/09 05:48,2,0,2,0
80F050AE0,,240304,2022/09/01 03:09,2022/09/10 23:55,21,0,21,0
80F0D2AB0,80F0D2AB0,242191,2022/09/01 00:04,2022/09/09 03:17,18,0,18,0
80F0FFBF0,80F0FFBF0,112,2022/09/01 00:11,2022/09/10 14:44,33,0,33,0
80F1084B0,80F1084B0,40836,2022/09/01 00:05,2022/09/01 00:27,2,0,2,0
80F124C70,80F124C70,112,2022/09/01 00:02,2022/09/09 16:58,22,0,22,0
80F178D30,80F178D30,240304,2022/09/01 00:26,2022/09/10 03:42,5,0,5,0
80F1F8CE0,80F1F8CE0,138395,2022/09/01 08:03,2022/09/09 11:42,4,0,4,0
80F203E40,,339704,2022/09/01 22:43,2022/09/09 14:28,3,0,3,0
80F20F3B0,,340687,2022/09/01 00:14,2022/09/09 08:13,3,0,3,0
80F211F30,80F211F30,140945,2022/09/01 00:14,2022/09/01 00:23,3,0,3,0
80F21BAF0,80F21BAF0,39556,2022/09/01 00:12,2022/09/09 20:33,22,0,22,0
80F23C500,,236684,2022/09/01 00:02,2022/09/10 06:58,5,0,5,0
80F289300,,12446,2022/09/01 00:00,2022/09/01 00:21,4,0,4,0
80F2EBFE0,80F2EBFE0,338674,2022/09/02 13:07,2022/09/09 01:04,2,0,2,0
80F2F3050,,13917,2022/09/01 03:07,2022/09/09 14:57,18,0,18,0
80F439E90,,340639,2022/09/01 07:00,2022/09/01 07:00,1,0,1,0
80F44B6E0,,241021,2022/09/01 00:12,2022/09/09 18:51,47,0,47,0
80F460050,80F460050,240971,2022/09/01 00:22,2022/09/09 12:49,27,0,27,0
80F463D20,80F463D20,341775,2022/09/02 15:35,2022/09/09 09:59,2,0,2,0
80F466F70,80F466F70,313335,2022/09/02 14:22,2022/09/09 00:12,2,0,2,0
80F478E10,,41407,2022/09/01 00:08,2022/09/08 23:58,4,0,4,0
80F49A270,80F49A270,340633,2022/09/02 02:22,2022/09/09 04:45,2,0,2,0
80F4A8780,80F4A8780,40653,2022/09/01 08:17,2022/09/10 11:00,15,0,15,0
80F4BD3A0,80F4BD3A0,40905,2022/09/01 00:10,2022/09/10 18:20,34,0,34,0
80F4E70B0,80F4E70B0,341859,2022/09/01 07:56,2022/09/01 07:56,1,0,1,0
80F500370,80F500370,241657,2022/09/01 00:03,2022/09/10 22:52,5,0,5,0
80F564EA0,,141312,2022/09/01 00:10,2022/09/09 18:18,15,0,15,0
80F56EE40,80F56EE40,41407,2022/09/01 13:33,2022/09/10 22:49,4,0,4,0
80F5796D0,80F5796D0,212156,2022/09/01 00:01,2022/09/01 18:50,2,0,2,0
80F57C620,80F57C620,110057,2022/09/02 01:40,2022/09/09 20:42,3,0,3,0
80F587CE0,80F587CE0,41407,2022/09/01 00:10,2022/09/10 22:47,5,0,5,0
80F60D330,80F60D330,25309,2022/09/02 18:08,2022/09/09 19:20,4,0,4,0
80F669B00,80F669B00,41578,2022/09/01 02:35,2022/09/09 02:25,19,0,19,0
80F67C8B0,,3,2022/09/01 08:02,2022/09/09 19:20,22,0,22,0
80F69D190,80F69D190,39775,2022/09/01 00:05,2022/09/09 22:51,4,0,4,0
80F6AFED0,,41407,2022/09/02 20:19,2022/09/09 22:20,2,0,2,0
80F6BA500,80F6BA500,227720,2022/09/01 03:17,2022/09/10 10:47,3,0,3,0
80F6D3C70,80F6D3C70,139342,2022/09/01 00:25,2022/09/10 22:14,14,0,14,0
80F6FE710,,36932,2022/09/01 00:21,2022/09/10 04:49,86,0,86,0
80F79F010,80F79F010,332390,2022/09/01 00:22,2022/09/01 00:22,1,0,1,0
80F86B1B0,,240018,2022/09/01 02:46,2022/09/04 01:25,3,0,3,0
80F879FA0,,39668,2022/09/01 00:08,2022/09/10 04:45,35,0,35,0
80F87C640,80F87C640,339308,2022/09/01 23:39,2022/09/01 23:39,1,0,1,0
80F8B7290,80F8B7290,339169,2022/09/02 14:26,2022/09/09 13:28,2,0,2,0
80F8C3CA0,80F8C3CA0,340415,2022/09/01 00:08,2022/09/01 00:08,1,0,1,0
80F903660,80F903660,110836,2022/09/01 00:11,2022/09/10 00:29,44,0,44,1
80F9A0F40,,20,2022/09/01 00:19,2022/09/09 03:27,16,0,16,0
80FA4E700,,342733,2022/09/01 00:22,2022/09/01 00:22,1,0,1,0
80FA76950,,41745,2022/09/01 00:05,2022/09/03 21:30,5,0,5,0
80FA98B00,80FA98B00,41745,2022/09/01 08:22,2022/09/10 21:46,12,0,12,0
80FA9EB10,80FA9EB10,38867,2022/09/02 03:01,2022/09/09 06:57,2,0,2,0
80FAC8EB0,,16450,2022/09/01 04:33,2022/09/09 23:56,24,0,24,0
80FAD8020,,142264,2022/09/01 06:26,2022/09/05 23:33,3,0,3,0
80FB1DD20,,240243,2022/09/01 10:39,2022/09/10 00:25,18,0,18,0
80FB61270,80FB61270,142103,2022/09/01 00:08,2022/09/10 02:04,26,0,26,0
80FC107F0,80FC107F0,317907,2022/09/02 21:35,2022/09/09 11:59,2,0,2,0
80FC16870,80FC16870,315002,2022/09/01 00:06,2022/09/01 00:06,1,0,1,0
80FC35230,80FC35230,238190,2022/09/01 00:23,2022/09/09 19:04,5,0,5,0
80FC517D0,80FC517D0,242993,2022/09/01 00:12,2022/09/01 00:12,1,0,1,0
80FC8F980,80FC8F980,239692,2022/09/01 01:04,2022/09/10 08:50,45,0,45,0
80FCB8380,,337644,2022/09/01 00:04,2022/09/01 00:04,1,0,1,0
80FCE9D40,,242191,2022/09/01 05:51,2022/09/09 13:38,24,0,24,0
80FD27A20,,113,2022/09/01 00:00,2022/09/09 14:29,42,0,42,0
80FD81810,,310543,2022/09/02 08:14,2022/09/09 05:53,2,0,2,0
80FDCE320,,343272,2022/09/02 19:49,2022/09/09 23:51,2,0,2,0
80FE11FA0,,43049,2022/09/01 00:37,2022/09/09 16:55,25,0,25,1
80FE124F0,,343388,2022/09/02 11:25,2022/09/09 05:56,2,0,2,0
80FE6AB90,80FE6AB90,211212,2022/09/01 03:34,2022/09/05 19:14,2,0,2,0
80FE75ED0,,336077,2022/09/02 13:19,2022/09/09 01:48,2,0,2,0
80FE783F0,,324381,2022/09/01 07:16,2022/09/01 07:16,1,0,1,0
80FE7C0C0,,4726,2022/09/03 00:20,2022/09/03 00:20,1,0,1,0
80FEF6B80,80FEF6B80,133826,2022/09/01 01:16,2022/09/09 16:55,15,0,15,0
80FF15F30,80FF15F30,4726,2022/09/01 00:02,2022/09/03 10:11,3,0,3,0
80FF28080,80FF28080,15980,2022/09/01 00:18,2022/09/10 18:16,26,0,26,0
80FF589E0,80FF589E0,115363,2022/09/01 00:08,2022/09/07 08:07,2,0,2,0
80FF91CE0,,343329,2022/09/01 00:18,2022/09/01 00:18,1,0,1,0
80FF9CD00,,113,2022/09/01 09:21,2022/09/10 15:28,76,0,76,0
8100032B0,,220,2022/09/01 00:29,2022/09/10 16:59,45,0,45,0
8100256D0,8100256D0,16535,2022/09/01 11:28,2022/09/05 13:47,2,0,2,0
8100381E0,8100381E0,243947,2022/09/01 08:24,2022/09/10 16:08,45,0,45,0
810048300,810048300,343398,2022/09/02 03:59,2022/09/09 10:43,2,0,2,0
8100A2E80,8100A2E80,14077,2022/09/01 00:24,2022/09/05 02:49,6,0,6,0
8100AA4C0,,343788,2022/09/02 12:22,2022/09/09 05:27,2,0,2,0
8100CEB30,,343808,2022/09/02 23:45,2022/09/09 07:46,2,0,2,0
810125E00,,343762,2022/09/02 18:54,2022/09/09 16:03,2,0,2,0
810136F90,,220,2022/09/01 00:25,2022/09/09 18:49,5,0,5,0
810166F30,,343913,2022/09/01 14:26,2022/09/01 14:26,1,0,1,0
810184CE0,810184CE0,241788,2022/09/01 00:13,2022/09/10 01:27,33,0,33,0
810193480,810193480,143496,2022/09/01 17:19,2022/09/01 17:19,1,0,1,0
8101BD360,,143496,2022/09/01 02:52,2022/09/09 21:51,16,0,16,0
8101CEF90,,243897,2022/09/01 19:41,2022/09/09 12:17,20,0,20,0
8101DA920,,243947,2022/09/01 00:02,2022/09/10 20:13,35,0,35,0
8101E0CD0,8101E0CD0,343586,2022/09/01 00:09,2022/09/01 00:09,1,0,1,0
81020A870,81020A870,43462,2022/09/01 00:09,2022/09/10 08:43,73,0,73,0
810225970,810225970,1198,2022/09/01 00:20,2022/09/10 22:44,76,0,76,0
81022DE40,,119,2022/09/01 00:11,2022/09/10 14:09,10,0,10,0
81024DE80,81024DE80,113,2022/09/01 03:20,2022/09/10 07:39,57,0,57,0
81025D190,,1686,2022/09/01 22:22,2022/09/10 14:25,11,0,11,0
810297B80,,243614,2022/09/01 00:20,2022/09/10 08:41,21,0,21,0
8102AEAC0,8102AEAC0,42810,2022/09/01 01:04,2022/09/09 03:57,21,0,21,1
8102CCEC0,8102CCEC0,133540,2022/09/01 07:29,2022/09/01 07:29,1,0,1,0
8102EDBF0,8102EDBF0,12979,2022/09/01 00:14,2022/09/10 13:20,35,0,35,0
81034D310,81034D310,15695,2022/09/01 09:36,2022/09/10 00:11,31,0,31,0
8103925F0,,227080,2022/09/01 00:05,2022/09/01 16:59,2,0,2,0
8103B2E50,,134140,2022/09/01 00:05,2022/09/10 08:58,56,0,56,0
8103C2850,8103C2850,311202,2022/09/02 23:12,2022/09/09 08:50,2,0,2,0
81040ACB0,81040ACB0,317761,2022/09/01 20:02,2022/09/09 16:55,3,0,3,0
81043BD40,,10344,2022/09/01 01:12,2022/09/10 12:48,35,0,35,0
810449E00,,5394,2022/09/01 00:09,2022/09/06 14:56,3,0,3,0
810495360,810495360,335446,2022/09/02 03:21,2022/09/09 04:11,2,0,2,0
81049D0A0,,130596,2022/09/01 13:03,2022/09/10 11:29,32,0,32,0
8104BBFA0,,8798,2022/09/01 00:21,2022/09/10 00:08,25,0,25,0
810518810,810518810,143598,2022/09/01 00:23,2022/09/10 19:53,57,0,57,0
8105418F0,,43462,2022/09/01 04:03,2022/09/10 15:16,70,0,70,0
81055CF40,81055CF40,144200,2022/09/01 00:13,2022/09/09 21:38,18,0,18,0
8105F2950,,44451,2022/09/01 00:27,2022/09/09 20:54,44,0,44,0
810614BF0,810614BF0,143493,2022/09/01 12:43,2022/09/02 20:59,10,0,10,0
810632F70,810632F70,142836,2022/09/01 00:22,2022/09/09 04:43,4,0,4,0
810658100,810658100,1267,2022/09/01 12:55,2022/09/09 18:21,12,0,12,0
8106F9FB0,8106F9FB0,333416,2022/09/02 11:47,2022/09/09 11:25,2,0,2,0
810738DC0,,16991,2022/09/01 00:18,2022/09/09 11:58,4,0,4,0
8107548E0,,120766,2022/09/01 00:25,2022/09/03 00:22,2,0,2,0
810771260,810771260,16224,2022/09/01 08:13,2022/09/09 22:03,8,0,8,0
810797A30,,343816,2022/09/02 21:53,2022/09/09 22:26,2,0,2,0
8107B2600,,14,2022/09/01 03:02,2022/09/10 22:49,57,0,57,0
8107DD230,,345052,2022/09/02 21:29,2022/09/09 01:31,2,0,2,0
8107E0040,8107E0040,1,2022/09/01 00:23,2022/09/01 05:46,2,0,2,0
8107E6380,,44650,2022/09/01 14:09,2022/09/09 20:55,6,0,6,0
8107F5090,8107F5090,245093,2022/09/01 00:28,2022/09/07 21:07,2,0,2,0
810911970,,144831,2022/09/01 04:14,2022/09/10 23:22,17,0,17,0
810945C00,,143496,2022/09/01 00:06,2022/09/10 19:59,59,0,59,0
810945F80,810945F80,142836,2022/09/01 00:08,2022/09/01 00:08,1,0,1,0
810A05EF0,810A05EF0,143496,2022/09/01 03:32,2022/09/09 16:56,9,0,9,0
810A1C8C0,,217,2022/09/01 00:00,2022/09/09 15:33,24,0,24,0
810A280E0,,343946,2022/09/01 21:05,2022/09/01 21:05,1,0,1,0
810A2A110,810A2A110,39367,2022/09/02 12:39,2022/09/09 03:51,2,0,2,0
810A4CA30,810A4CA30,143493,2022/09/01 00:01,2022/09/10 21:17,34,0,34,0
810A88910,,44866,2022/09/01 04:05,2022/09/09 02:47,43,0,43,1
810A9E040,810A9E040,119,2022/09/01 21:57,2022/09/02 17:41,4,0,4,0
810AB4E00,,244192,2022/09/01 04:02,2022/09/10 19:55,33,0,33,0
810AE2970,810AE2970,235878,2022/09/01 00:14,2022/09/09 03:58,18,0,18,0
810B01E70,,18511,2022/09/01 00:17,2022/09/07 23:08,3,0,3,0
810B21010,810B21010,333863,2022/09/01 04:14,2022/09/09 01:07,3,0,3,0
810B4B940,,239212,2022/09/01 00:11,2022/09/09 18:49,20,0,20,0
810B68EE0,810B68EE0,14663,2022/09/01 13:13,2022/09/01 13:13,1,0,1,0
810BD7180,810BD7180,244818,2022/09/01 02:46,2022/09/09 22:12,25,0,25,0
810BEE880,,345414,2022/09/02 22:40,2022/09/09 06:31,2,0,2,0
810BF14C0,,345693,2022/09/01 22:45,2022/09/01 22:45,1,0,1,0
810C383A0,810C383A0,143496,2022/09/01 00:02,2022/09/09 20:20,7,0,7,0
810C5BEA0,810C5BEA0,11296,2022/09/01 00:04,2022/09/02 07:50,3,0,3,0
810CB75B0,810CB75B0,6129,2022/09/01 00:02,2022/09/01 00:23,3,0,3,0
810CE37C0,,45304,2022/09/01 05:48,2022/09/10 18:27,36,0,36,0
810D033F0,810D033F0,222697,2022/09/01 00:12,2022/09/01 00:12,1,0,1,0
810D10340,,41236,2022/09/01 00:19,2022/09/01 00:19,1,0,1,0
810D1B3D0,810D1B3D0,143242,2022/09/01 00:11,2022/09/01 13:58,3,0,3,0
810D34E40,,144735,2022/09/01 13:21,2022/09/01 13:21,1,0,1,0
810D97E80,810D97E80,346059,2022/09/02 10:00,2022/09/09 15:17,2,0,2,0
810E92FB0,810E92FB0,44351,2022/09/01 00:01,2022/09/09 22:19,16,0,16,2
810EC7D20,810EC7D20,345782,2022/09/01 00:04,2022/09/01 00:04,1,0,1,0
810EC7FA0,,244192,2022/09/01 00:26,2022/09/10 00:11,11,0,11,0
810ED4960,,14433,2022/09/01 00:06,2022/09/09 23:28,32,0,32,0
810EE25C0,,346255,2022/09/01 00:12,2022/09/01 00:12,1,0,1,0
810F09E90,810F09E90,144735,2022/09/01 03:09,2022/09/09 10:56,7,0,7,0
810F13C60,810F13C60,44866,2022/09/01 20:40,2022/09/10 02:25,26,0,26,0
810F19150,810F19150,343647,2022/09/01 00:25,2022/09/01 00:25,1,0,1,0
810F21BC0,810F21BC0,244187,2022/09/01 21:58,2022/09/01 21:58,1,0,1,0
810F672B0,,236220,2022/09/01 15:34,2022/09/10 00:16,17,0,17,0
810FE38A0,,46241,2022/09/01 18:34,2022/09/09 14:43,20,0,20,0
810FEE3D0,810FEE3D0,36326,2022/09/01 00:05,2022/09/10 07:57,41,0,41,0
81100BF40,,237316,2022/09/01 00:03,2022/09/10 19:45,21,0,21,0
811019F20,811019F20,317420,2022/09/02 16:18,2022/09/09 17:48,2,0,2,0
81102EEB0,81102EEB0,22062,2022/09/01 00:04,2022/09/01 00:04,1,0,1,0
8110E5AD0,8110E5AD0,332158,2022/09/02 23:00,2022/09/09 10:12,2,0,2,0
8110F4420,8110F4420,230230,2022/09/01 10:12,2022/09/09 15:24,24,0,24,0
811115960,811115960,243254,2022/09/01 00:00,2022/09/01 00:24,2,0,2,0
81114A0A0,81114A0A0,130342,2022/09/01 00:04,2022/09/01 00:28,2,0,2,0
811162BE0,811162BE0,324385,2022/09/01 00:37,2022/09/01 00:37,1,0,1,0
811163860,811163860,315341,2022/09/01 08:05,2022/09/01 08:05,1,0,1,0
8111A2AC0,,219860,2022/09/01 06:10,2022/09/10 22:26,26,0,26,0
8111A5600,8111A5600,233252,2022/09/01 12:08,2022/09/09 21:23,3,0,3,0
8111A9B90,,137002,2022/09/01 05:19,2022/09/01 05:19,1,0,1,0
8111C9430,8111C9430,30974,2022/09/01 00:16,2022/09/10 06:51,28,0,28,0
8111C9F30,8111C9F30,33264,2022/09/01 00:08,2022/09/09 16:58,28,0,28,0
8111D0DD0,,324583,2022/09/02 19:18,2022/09/09 15:46,2,0,2,0
8111E3760,,223233,2022/09/01 00:15,2022/09/10 22:25,24,0,24,0
8111EEE20,,244187,2022/09/01 18:01,2022/09/10 06:29,40,0,40,0
8112408E0,,44451,2022/09/01 00:50,2022/09/10 11:06,35,0,35,0
81125A3E0,81125A3E0,244818,2022/09/01 20:11,2022/09/09 21:44,5,0,5,0
81125C0D0,,144669,2022/09/01 00:28,2022/09/10 19:27,24,0,24,0
811269090,,45000,2022/09/01 02:53,2022/09/10 23:13,39,0,39,0
8112932F0,,346899,2022/09/01 09:11,2022/09/09 14:45,3,0,3,0
8112A73F0,8112A73F0,346910,2022/09/01 11:10,2022/09/01 11:10,1,0,1,0
8112E29E0,,345392,2022/09/01 00:08,2022/09/01 00:08,1,0,1,0
81131E870,81131E870,45563,2022/09/01 06:32,2022/09/02 03:47,4,0,4,0
8113551E0,8113551E0,143496,2022/09/01 00:04,2022/09/09 20:59,17,0,17,0
8113D5160,,336252,2022/09/02 16:55,2022/09/09 12:35,2,0,2,0
8113DDFF0,,15625,2022/09/01 16:28,2022/09/10 19:59,13,0,13,0
811429AD0,,119,2022/09/01 00:27,2022/09/04 05:48,4,0,4,0
811488DA0,811488DA0,44797,2022/09/01 00:17,2022/09/10 15:16,13,0,13,0
811491C40,,43049,2022/09/01 00:23,2022/09/09 09:56,33,0,33,0
8114AAFA0,,43460,2022/09/01 00:06,2022/09/10 09:42,24,0,24,0
8114D1E60,,345297,2022/09/01 13:47,2022/09/01 13:47,1,0,1,0
8114DEBD0,,245558,2022/09/01 00:09,2022/09/01 14:57,6,0,6,0
8114F8D10,,144225,2022/09/01 12:01,2022/09/01 23:26,2,0,2,0
8114FF130,8114FF130,246162,2022/09/01 18:01,2022/09/09 19:50,19,0,19,0
811511650,811511650,45566,2022/09/01 11:15,2022/09/03 00:16,2,0,2,0
811558620,,39577,2022/09/01 17:42,2022/09/09 18:58,3,0,3,0
81156DD20,,330579,2022/09/02 17:05,2022/09/09 03:53,2,0,2,0
8115ACC20,,44650,2022/09/01 06:02,2022/09/10 09:40,22,0,22,0
81161EBA0,81161EBA0,130902,2022/09/01 11:02,2022/09/10 00:45,22,0,22,0
811625010,811625010,236346,2022/09/01 00:20,2022/09/09 10:08,3,0,3,0
811630BD0,811630BD0,246789,2022/09/01 00:10,2022/09/10 04:42,22,0,22,0
81167FEE0,,323701,2022/09/01 00:14,2022/09/01 00:14,1,0,1,0
811697700,811697700,214615,2022/09/01 00:27,2022/09/01 00:27,1,0,1,0
8116AF110,8116AF110,211050,2022/09/01 00:26,2022/09/09 23:50,4,0,4,0
8116C2F20,,2915,2022/09/01 00:16,2022/09/10 00:28,11,0,11,0
8116C6720,8116C6720,21940,2022/09/01 01:23,2022/09/09 18:59,34,0,34,0
811707230,,11296,2022/09/01 11:18,2022/09/01 20:38,2,0,2,0
8117D9900,,45601,2022/09/01 09:04,2022/09/10 00:29,24,0,24,0
81180A520,,245328,2022/09/02 06:19,2022/09/02 06:19,1,0,1,0
811820FC0,,12359,2022/09/01 00:29,2022/09/10 15:54,11,0,11,0
81183FB50,81183FB50,146484,2022/09/01 00:29,2022/09/10 03:12,20,0,20,0
81187F180,,247760,2022/09/01 06:03,2022/09/06 07:55,6,0,6,0
8118AFD80,8118AFD80,344742,2022/09/01 00:28,2022/09/01 00:28,1,0,1,0
8118D3FF0,,232583,2022/09/01 00:08,2022/09/10 17:41,6,0,6,0
8118FA170,8118FA170,36660,2022/09/01 00:02,2022/09/01 00:02,1,0,1,0
8119454C0,,245093,2022/09/01 00:05,2022/09/05 19:54,10,0,10,0
8119469F0,8119469F0,347175,2022/09/02 00:02,2022/09/09 18:19,2,0,2,0
81197ED40,,35074,2022/09/02 22:13,2022/09/09 08:29,2,0,2,0
8119D8380,,224466,2022/09/01 00:20,2022/09/09 12:11,4,0,4,0
811A2ED70,,42051,2022/09/01 19:01,2022/09/01 19:01,1,0,1,0
811A4BC90,811A4BC90,223,2022/09/01 02:31,2022/09/10 21:11,105,0,105,0
811AA3930,,241704,2022/09/01 22:16,2022/09/10 22:24,23,0,23,0
811AAB030,811AAB030,137024,2022/09/01 00:01,2022/09/09 07:11,4,0,4,0
811AB66D0,811AB66D0,348352,2022/09/02 08:11,2022/09/09 04:54,2,0,2,0
811ABFBA0,811ABFBA0,17610,2022/09/01 00:25,2022/09/10 00:15,18,0,18,0
811AE4C80,,323931,2022/09/02 11:09,2022/09/09 12:56,2,0,2,0
811B8EE20,811B8EE20,223,2022/09/01 00:13,2022/09/10 00:25,121,0,121,0
811BB7F50,,121,2022/09/01 00:17,2022/09/10 11:50,118,0,118,0
811BE8020,811BE8020,148016,2022/09/01 00:11,2022/09/01 00:11,1,0,1,0
811C08210,811C08210,348562,2022/09/01 20:41,2022/09/09 15:25,3,0,3,0
811C36320,811C36320,222,2022/09/01 00:06,2022/09/09 08:57,7,0,7,0
811C4D2A0,,223,2022/09/01 00:21,2022/09/01 00:21,1,0,1,0
811C7E5B0,811C7E5B0,6075,2022/09/01 00:29,2022/09/09 19:26,30,0,30,0
811D09920,811D09920,3445,2022/09/01 16:54,2022/09/01 16:54,1,0,1,0
811D30BA0,,224555,2022/09/01 00:26,2022/09/09 03:54,17,0,17,0
811D45DF0,811D45DF0,332434,2022/09/01 16:30,2022/09/01 16:30,1,0,1,0
811D8BC80,811D8BC80,222,2022/09/01 17:36,2022/09/10 23:33,12,0,12,0
811D9B980,811D9B980,148016,2022/09/01 22:23,2022/09/09 22:59,39,0,39,0
811E01FD0,,121,2022/09/01 05:44,2022/09/10 02:53,12,0,12,0
811E12DF0,811E12DF0,241686,2022/09/01 00:27,2022/09/01 00:27,1,0,1,0
811E55070,811E55070,348822,2022/09/01 00:23,2022/09/01 00:23,1,0,1,0
811E885D0,,119,2022/09/01 05:49,2022/09/01 05:49,1,0,1,0
811EF5B80,,348953,2022/09/02 12:12,2022/09/09 06:44,2,0,2,0
811F17F10,811F17F10,15730,2022/09/01 00:14,2022/09/09 00:42,6,0,6,0
811F20C20,811F20C20,248857,2022/09/01 22:09,2022/09/09 08:11,3,0,3,0
811F38B40,,48526,2022/09/01 00:01,2022/09/10 04:28,59,0,59,0
811F4EC70,,9371,2022/09/01 05:00,2022/09/10 19:45,45,0,45,0
811F62830,811F62830,48308,2022/09/01 00:14,2022/09/10 15:06,14,0,14,0
811F8AA90,,245310,2022/09/01 06:33,2022/09/09 05:16,18,0,18,0
811F9A5E0,811F9A5E0,8539,2022/09/01 00:47,2022/09/10 06:17,25,0,25,0
8120229E0,8120229E0,12963,2022/09/01 00:13,2022/09/09 22:52,5,0,5,0
812024220,,348284,2022/09/02 05:15,2022/09/09 14:47,2,0,2,0
812027210,812027210,48309,2022/09/01 17:29,2022/09/01 17:29,1,0,1,0
81205F130,81205F130,124550,2022/09/01 00:02,2022/09/09 14:14,27,0,27,0
8120E5200,,331338,2022/09/01 00:09,2022/09/01 00:09,1,0,1,0
8120EA330,,16941,2022/09/01 00:23,2022/09/10 08:16,25,0,25,0
812107280,812107280,122342,2022/09/01 00:16,2022/09/10 09:24,44,0,44,0
8121102A0,,349376,2022/09/02 10:22,2022/09/09 17:24,2,0,2,0
81211AB00,,331884,2022/09/01 04:52,2022/09/01 04:52,1,0,1,0
81211F1D0,81211F1D0,34748,2022/09/01 00:22,2022/09/01 00:22,1,0,1,0
812130870,812130870,27241,2022/09/01 00:05,2022/09/01 07:45,3,0,3,0
812183900,812183900,29317,2022/09/01 00:02,2022/09/10 05:44,59,0,59,0
8121FC470,,349519,2022/09/02 05:06,2022/09/09 12:33,2,0,2,0
812207D60,812207D60,137897,2022/09/01 00:13,2022/09/10 03:21,25,0,25,0
81222F4E0,81222F4E0,121,2022/09/01 15:47,2022/09/09 21:36,20,0,20,0
81225F4F0,,215186,2022/09/01 00:14,2022/09/10 00:22,21,0,21,0
8122AA9D0,,214749,2022/09/01 00:11,2022/09/10 13:26,36,0,36,0
81231FBC0,81231FBC0,16991,2022/09/01 00:07,2022/09/09 17:55,3,0,3,0
812384260,812384260,349097,2022/09/01 00:06,2022/09/01 00:06,1,0,1,0
81239FA90,81239FA90,349763,2022/09/02 00:49,2022/09/09 20:24,2,0,2,0
8124539D0,,115700,2022/09/01 00:02,2022/09/01 00:02,1,0,1,0
8124612A0,,338531,2022/09/02 08:08,2022/09/09 04:05,2,0,2,0
812498830,,33913,2022/09/02 20:04,2022/09/09 03:43,2,0,2,0
8124DC080,8124DC080,248937,2022/09/01 22:06,2022/09/01 23:28,2,0,2,0
8124E6BF0,,210575,2022/09/01 17:46,2022/09/10 03:10,14,0,14,0
8125759A0,8125759A0,1024,2022/09/01 18:12,2022/09/09 23:16,16,0,16,0
81262CE90,81262CE90,32297,2022/09/01 00:09,2022/09/09 20:02,6,0,6,0
81263F170,,119880,2022/09/01 00:06,2022/09/10 04:51,14,0,14,0
812672E50,,26698,2022/09/01 00:29,2022/09/05 05:19,4,0,4,0
812683FB0,,6276,2022/09/01 02:02,2022/09/09 03:54,3,0,3,0
812689420,812689420,122080,2022/09/01 00:04,2022/09/01 00:04,1,0,1,0
81269B9E0,,137357,2022/09/01 00:28,2022/09/01 03:13,2,0,2,0
8126AB860,8126AB860,245993,2022/09/01 00:05,2022/09/10 19:24,26,0,26,0
8127747A0,,318635,2022/09/01 11:33,2022/09/01 11:33,1,0,1,0
8127E5A40,,349870,2022/09/02 17:22,2022/09/09 21:05,2,0,2,0
812824760,,350531,2022/09/01 18:30,2022/09/01 18:30,1,0,1,0
812862CC0,812862CC0,348951,2022/09/01 09:48,2022/09/01 09:48,1,0,1,0
8128A4A20,,29715,2022/09/01 00:24,2022/09/05 09:23,3,0,3,0
8128DB8B0,,241309,2022/09/01 00:21,2022/09/01 00:21,1,0,1,0
812904B40,812904B40,23555,2022/09/01 03:31,2022/09/09 19:25,22,0,22,0
812916C70,812916C70,3881,2022/09/01 00:26,2022/09/10 00:11,11,0,11,0
812988840,812988840,36831,2022/09/02 11:45,2022/09/09 18:40,2,0,2,0
812993720,,25749,2022/09/01 00:03,2022/09/10 00:14,3,0,3,0
8129BF5D0,8129BF5D0,132445,2022/09/01 00:00,2022/09/01 00:00,1,0,1,0
8129D07C0,8129D07C0,321090,2022/09/01 15:37,2022/09/01 15:37,1,0,1,0
812A46370,812A46370,236346,2022/09/01 00:13,2022/09/01 00:18,2,0,2,0
812AA8C90,,119,2022/09/01 14:24,2022/09/09 14:51,8,0,8,0
812ABF380,,333710,2022/09/02 00:32,2022/09/09 14:51,4,0,4,0
812AC3B70,,218438,2022/09/01 00:27,2022/09/02 19:23,3,0,3,0
812B74E00,812B74E00,34958,2022/09/01 22:59,2022/09/01 22:59,1,0,1,0
812B79BA0,,241686,2022/09/01 00:22,2022/09/10 03:20,51,0,51,0
812B85B00,,50428,2022/09/01 15:05,2022/09/08 00:21,3,0,3,0
812BC4720,812BC4720,351126,2022/09/02 22:29,2022/09/09 03:10,2,0,2,0
812C6EF60,812C6EF60,224555,2022/09/01 00:10,2022/09/10 23:46,28,0,28,0
812C9CD30,,23776,2022/09/04 18:59,2022/09/04 18:59,1,0,1,0
812C9D761,,122946,2022/09/01 07:41,2022/09/09 02:29,7,0,7,0
812D952A0,812D952A0,351438,2022/09/01 09:45,2022/09/01 09:45,1,0,1,0
812E00EF0,812E00EF0,128853,2022/09/01 19:22,2022/09/09 13:58,5,0,5,0
812E303F0,,339632,2022/09/01 00:12,2022/09/01 00:12,1,0,1,0
812E3ACB0,,39600,2022/09/01 17:04,2022/09/01 17:04,1,0,1,0
812ECF260,812ECF260,351626,2022/09/01 00:09,2022/09/01 00:09,1,0,1,0
812EE6570,812EE6570,18617,2022/09/01 00:26,2022/09/10 15:07,15,0,15,0
812F2BB20,,316554,2022/09/01 00:01,2022/09/09 21:16,3,0,3,0
812F4C580,,346611,2022/09/01 00:19,2022/09/09 04:50,3,0,3,0
812F7F870,812F7F870,13649,2022/09/01 17:49,2022/09/09 12:33,4,0,4,0
812FAC3F0,,28733,2022/09/01 00:05,2022/09/02 15:11,4,0,4,0
8130A01D0,8130A01D0,16136,2022/09/01 02:30,2022/09/09 15:04,3,0,3,0
8130BC370,8130BC370,335940,2022/09/01 00:12,2022/09/01 00:12,1,0,1,0
8130D4AA0,8130D4AA0,6010,2022/09/01 14:20,2022/09/09 05:50,3,0,3,0
81310CBF0,,49126,2022/09/01 01:07,2022/09/10 10:21,22,0,22,0
8131210F0,8131210F0,148159,2022/09/01 00:02,2022/09/01 00:07,2,0,2,0
81313A450,,26592,2022/09/01 16:21,2022/09/05 06:41,3,0,3,0
81314D580,,4403,2022/09/01 20:33,2022/09/09 19:02,17,0,17,0
813193BB0,813193BB0,223641,2022/09/01 00:17,2022/09/09 17:26,19,0,19,0
8131EA170,8131EA170,37319,2022/09/02 07:20,2022/09/09 06:51,2,0,2,0
813244640,,31720,2022/09/01 00:17,2022/09/09 22:55,19,0,19,0
813257170,,22062,2022/09/01 00:25,2022/09/01 00:27,2,0,2,0
813276180,813276180,221198,2022/09/01 00:07,2022/09/01 00:07,1,0,1,0
8132871D0,,25981,2022/09/01 00:24,2022/09/10 00:03,11,0,11,0
813290770,813290770,351439,2022/09/01 00:24,2022/09/01 00:24,1,0,1,0
813290950,,121698,2022/09/01 00:05,2022/09/01 00:05,1,0,1,0
8132E2E80,8132E2E80,28694,2022/09/01 05:04,2022/09/10 13:53,48,0,48,0
8132E8690,8132E8690,44345,2022/09/01 00:04,2022/09/10 13:17,28,0,28,0
8132EDFB0,8132EDFB0,320966,2022/09/02 14:21,2022/09/09 03:03,2,0,2,0
813386580,,136301,2022/09/01 03:01,2022/09/09 18:49,16,0,16,0
81339F1C0,,4259,2022/09/01 17:31,2022/09/10 20:52,38,0,38,0
8133DDEC0,,16011,2022/09/01 02:12,2022/09/09 19:56,50,0,50,0
813425121,,124,2022/09/01 00:09,2022/09/10 12:39,69,0,69,0
81342DDF1,81342DDF1,15,2022/09/01 00:33,2022/09/09 22:20,67,0,67,0
81344AFD0,,332014,2022/09/01 07:10,2022/09/01 07:10,1,0,1,0
813455840,,211075,2022/09/01 00:02,2022/09/10 04:36,15,0,15,0
8134855B0,8134855B0,219969,2022/09/01 00:22,2022/09/07 12:43,3,0,3,0
8134B3600,,37963,2022/09/02 03:26,2022/09/09 14:43,2,0,2,0
8134EB2E0,8134EB2E0,25337,2022/09/01 00:08,2022/09/09 18:17,17,0,17,0
813549950,813549950,131326,2022/09/01 00:00,2022/09/10 17:53,24,0,24,0
813559ED0,,123102,2022/09/01 00:06,2022/09/09 13:45,32,0,32,0
8135617C0,8135617C0,16847,2022/09/01 18:44,2022/09/01 22:33,2,0,2,0
8135B2870,8135B2870,1729,2022/09/01 21:01,2022/09/05 00:46,2,0,2,0
8136D7A91,8136D7A91,152416,2022/09/01 02:12,2022/09/01 02:12,1,0,1,0
8136E7AD1,,220,2022/09/01 00:03,2022/09/10 00:20,12,0,12,0
813748021,813748021,220,2022/09/01 00:19,2022/09/01 23:01,2,0,2,0
813784680,,341471,2022/09/02 23:35,2022/09/09 16:09,2,0,2,0
813794911,813794911,15,2022/09/01 04:32,2022/09/09 08:23,19,0,19,0
81379ED10,81379ED10,121987,2022/09/01 00:20,2022/09/09 19:00,4,0,4,1
8137A3AF0,,9417,2022/09/01 00:01,2022/09/10 07:52,33,0,33,0
81380CAB0,81380CAB0,22957,2022/09/01 11:38,2022/09/09 07:40,17,0,17,0
81382CFB0,81382CFB0,37969,2022/09/01 05:42,2022/09/09 00:07,4,0,4,0
813863650,,22422,2022/09/01 07:05,2022/09/10 02:42,26,0,26,0
8138E9020,8138E9020,23700,2022/09/01 00:24,2022/09/10 23:52,36,0,36,0
8139EA1C0,8139EA1C0,346315,2022/09/01 00:07,2022/09/01 00:07,1,0,1,0
813A18A10,813A18A10,39804,2022/09/02 09:37,2022/09/09 19:25,2,0,2,0
813A561B0,813A561B0,8623,2022/09/01 00:19,2022/09/10 01:21,5,0,5,0
813ABF8D0,,33780,2022/09/01 00:05,2022/09/01 00:05,1,0,1,0
813AD8670,,250814,2022/09/01 06:38,2022/09/09 21:29,27,0,27,0
813AF24D0,,3514,2022/09/01 03:17,2022/09/01 03:56,2,0,2,0
813B1F421,,126,2022/09/01 00:07,2022/09/10 05:23,23,0,23,0
813B56771,813B56771,152627,2022/09/01 00:15,2022/09/09 18:25,22,0,22,0
813BA8070,813BA8070,12797,2022/09/01 17:42,2022/09/10 17:09,14,0,14,0
813BD3520,813BD3520,137446,2022/09/01 00:16,2022/09/09 13:50,5,0,5,0
813C0A3B0,813C0A3B0,31799,2022/09/01 00:00,2022/09/09 00:59,31,0,31,0
813C0D5C0,,337221,2022/09/02 13:45,2022/09/09 10:25,2,0,2,0
813CA61C0,813CA61C0,22091,2022/09/01 07:28,2022/09/05 00:10,3,0,3,0
813CA8220,813CA8220,43311,2022/09/01 16:40,2022/09/01 16:40,1,0,1,0
813CB6DF1,813CB6DF1,53744,2022/09/01 00:06,2022/09/05 10:06,6,0,6,0
813CC2C01,813CC2C01,124,2022/09/01 00:27,2022/09/09 20:16,4,0,4,0
813D54BC1,,152627,2022/09/01 00:20,2022/09/05 00:04,3,0,3,0
813D64DE1,,354214,2022/09/01 00:18,2022/09/01 00:18,1,0,1,0
813D70F90,,17222,2022/09/01 00:02,2022/09/01 19:26,2,0,2,0
813D913B1,,220,2022/09/01 01:55,2022/09/01 19:36,2,0,2,0
813DCD1E1,,220,2022/09/01 00:24,2022/09/09 17:41,15,0,15,0
813DD91A1,813DD91A1,126,2022/09/01 00:07,2022/09/10 00:27,11,0,11,0
813DE60E1,813DE60E1,254355,2022/09/01 00:03,2022/09/09 07:57,18,0,18,0
813E39221,,354423,2022/09/02 11:08,2022/09/09 14:00,2,0,2,0
813E819D0,,215803,2022/09/01 00:06,2022/09/10 00:17,25,0,25,0
813EBEB61,813EBEB61,15,2022/09/01 07:11,2022/09/09 04:19,9,0,9,0
813F3E2A1,813F3E2A1,153706,2022/09/01 16:15,2022/09/08 08:39,2,0,2,0
813F65FB1,,154043,2022/09/01 00:11,2022/09/01 00:11,1,0,1,0
813FF74A0,813FF74A0,221332,2022/09/01 00:03,2022/09/10 16:24,24,0,24,0
814048C71,814048C71,154148,2022/09/01 00:12,2022/09/10 20:28,28,0,28,0
814065D31,814065D31,354794,2022/09/01 00:29,2022/09/01 00:29,1,0,1,0
814079DD0,,1674,2022/09/01 00:12,2022/09/01 19:36,2,0,2,0
814083DC0,814083DC0,249007,2022/09/01 00:08,2022/09/06 05:29,3,0,3,0
8140AEF21,8140AEF21,54219,2022/09/01 18:11,2022/09/01 18:47,2,0,2,0
8140F94A1,8140F94A1,354075,2022/09/02 07:24,2022/09/09 11:00,2,0,2,0
814198860,814198860,13345,2022/09/01 00:02,2022/09/10 19:20,30,0,30,0
8141DABE0,,223908,2022/09/01 04:57,2022/09/09 13:28,21,0,21,0
8142137F0,8142137F0,15916,2022/09/01 21:10,2022/09/09 14:10,19,0,19,0
814271060,,140257,2022/09/01 12:43,2022/09/10 21:57,19,0,19,0
81427B2B1,,254958,2022/09/01 00:04,2022/09/10 00:07,18,0,18,0
8142B4ED1,8142B4ED1,353194,2022/09/01 00:03,2022/09/01 00:03,1,0,1,0
8142C8E51,,154557,2022/09/01 00:53,2022/09/09 06:57,21,0,21,0
8142F4DF1,,153706,2022/09/01 00:18,2022/09/01 00:27,2,0,2,0
8142F8C71,8142F8C71,54219,2022/09/01 02:57,2022/09/01 02:57,1,0,1,0
814336BA1,814336BA1,354893,2022/09/02 19:09,2022/09/09 06:58,2,0,2,0
8143972E0,8143972E0,338059,2022/09/02 09:19,2022/09/09 23:27,2,0,2,0
8143D7141,,154653,2022/09/02 14:25,2022/09/08 07:43,5,0,5,0
814417DA1,,54879,2022/09/01 00:27,2022/09/08 09:20,3,0,3,0
814439101,,154887,2022/09/01 00:20,2022/09/09 19:55,23,0,23,0
8144749B0,,232154,2022/09/01 00:24,2022/09/10 03:00,4,0,4,0
814498950,814498950,1490,2022/09/01 00:00,2022/09/10 14:27,27,0,27,0
8144BFE80,8144BFE80,7675,2022/09/01 19:42,2022/09/01 19:42,1,0,1,0
814511C70,,28183,2022/09/01 05:03,2022/09/10 15:57,26,0,26,0
8145CCAE0,,21641,2022/09/01 00:29,2022/09/10 00:17,11,0,11,0
8145D6080,8145D6080,331467,2022/09/01 08:53,2022/09/01 08:53,1,0,1,0
81462CE41,81462CE41,255657,2022/09/01 00:00,2022/09/09 05:53,6,0,6,0
814660F80,814660F80,117907,2022/09/01 16:09,2022/09/07 17:02,2,0,2,0
8146666A0,,355523,2022/09/01 00:21,2022/09/01 00:21,1,0,1,0
814680F40,,120627,2022/09/01 00:16,2022/09/01 08:26,2,0,2,0
814681EA0,,8623,2022/09/01 00:25,2022/09/09 20:34,6,0,6,0
8146957B0,,52062,2022/09/01 00:28,2022/09/10 17:27,45,0,45,0
814699C31,814699C31,225,2022/09/01 00:23,2022/09/09 11:57,15,0,15,0
8146DC1D1,,353134,2022/09/01 02:44,2022/09/01 02:44,1,0,1,0
8146EDFD1,8146EDFD1,254595,2022/09/01 00:24,2022/09/01 00:24,1,0,1,0
81474DC31,81474DC31,354193,2022/09/01 00:27,2022/09/01 00:27,1,0,1,0
8147CB890,,116715,2022/09/01 00:24,2022/09/10 12:48,39,0,39,0
81484CFB0,81484CFB0,124261,2022/09/01 00:03,2022/09/10 23:14,6,0,6,0
8148BC911,8148BC911,154887,2022/09/01 00:14,2022/09/09 11:58,25,0,25,0
8148FFBB0,8148FFBB0,54717,2022/09/01 20:24,2022/09/09 23:29,30,0,30,0
8149144B1,8149144B1,254242,2022/09/01 06:09,2022/09/09 23:29,21,0,21,0
