account_id,degree,in_degree,out_degree,betweenness_centrality,clustering_coefficient,is_on_any_cycle,num_connected_employees
100428660,844,2,420,1.1647310220918338e-05,0.0,False,0
1004286A8,244,2,120,2.0757582571933672e-06,0.0,False,0
1004286F0,36,0,18,0.0,0.0,False,0
100428738,106,0,53,0.0,0.0,False,0
100428780,70,0,35,0.0,0.0,False,0
1004287C8,96,0,48,0.0,0.0,False,0
100428810,158,0,79,0.0,0.0,False,0
1004288A0,30,2,13,1.1531990317740929e-07,0.0,False,0
100428930,44,0,22,0.0,0.0,False,0
100428978,14,0,7,0.0,0.0,False,0
1004289C0,42,0,21,0.0,0.0,False,0
800042CB0,40,0,20,0.0,0.0,False,0
800056370,343,26,143,1.6721385960724347e-06,0.0,False,1
800056660,323,23,136,9.225592254192743e-07,0.0,False,1
800056A50,263,2,127,0.0,0.0,False,1
800056CB0,284,2,138,0.0,0.0,False,1
800056E00,261,22,106,4.4974762239189625e-06,0.0,False,1
800057020,564,65,215,0.0,0.0,False,1
8000573C0,509,25,227,1.1531990317740928e-06,0.0,False,1
800057620,174,36,49,9.225592254192743e-07,0.0,False,1
800057A10,450,50,173,0.0,0.0,False,1
800057D40,441,18,200,2.594697821491709e-06,0.0,False,1
800057D41,8,0,2,0.0,0.0,False,1
800058100,270,23,110,0.0,0.0,False,1
800058470,572,28,256,8.648992738305697e-07,0.0,False,1
8000588D0,385,15,175,0.0,0.0,False,1
800058920,672,52,282,0.0,0.0,False,1
800058B80,795,43,352,0.0,0.0,False,1
800058F40,321,12,146,0.0,0.0,False,1
800059230,369,2,180,6.919194190644557e-07,0.0,False,1
800059440,426,37,174,6.861534239055852e-06,0.0,False,1
800059840,253,15,109,9.225592254192743e-07,0.0,False,1
800059C00,359,24,153,8.648992738305697e-07,0.0,True,1
800059F50,380,22,166,1.3838388381289115e-06,0.0,False,1
80005A2A0,564,45,235,1.7297985476611394e-06,0.0,False,1
80005A6B0,228,17,95,5.765995158870464e-07,0.0,False,1
80005AB30,273,2,132,0.0,0.0,False,1
80005AD90,347,5,166,1.61447864448373e-06,0.0,False,1
80005ADE0,616,27,279,1.61447864448373e-06,0.0,False,1
80005B110,310,27,126,1.4991587413063207e-06,0.0,False,1
80005B3E0,145,1,69,0.0,0.0,False,1
80005B5F0,288,44,98,0.0,0.0,False,1
80005B9B0,512,62,192,0.0,0.0,False,1
80005BD00,425,23,187,2.6523577730804137e-06,0.0,False,1
80005C050,355,53,122,3.690236901677097e-06,0.0,False,1
80005C0A0,368,43,139,0.0,0.0,False,1
80005C0A1,12,0,4,0.0,0.0,False,1
80005C3D0,396,46,150,2.0757582571933672e-06,0.0,False,1
80005C790,467,20,211,0.0,0.0,False,1
80005CB50,348,24,148,1.960438354015958e-06,0.0,False,1
80005CF10,282,39,100,2.3063980635481857e-06,0.0,False,1
8000625C0,28,0,14,0.0,0.0,False,0
800066070,4,0,2,0.0,0.0,False,0
800067BB0,2,1,0,0.0,0.0,False,0
800067DC0,4,2,0,0.0,0.0,False,0
800068890,2,1,0,0.0,0.0,False,0
800068B80,4,2,0,0.0,0.0,False,0
800068E90,2,1,0,0.0,0.0,False,0
800069180,2,1,0,0.0,0.0,False,0
8000691D0,2,1,0,0.0,0.0,False,0
800069740,2,1,0,0.0,0.0,False,0
800069DD0,2,1,0,0.0,0.0,False,0
80006A5E0,2,1,0,0.0,0.0,False,0
80006A8B0,4,2,0,0.0,0.0,False,0
80006B030,2,1,0,0.0,0.0,False,0
80006B080,4,2,0,0.0,0.0,False,0
80006B780,4,2,0,0.0,0.0,False,0
80006C1F0,2,1,0,0.0,0.0,False,0
80006C890,4,2,0,0.0,0.0,False,0
80006CB30,2,1,0,0.0,0.0,False,0
80006CD90,2,1,0,0.0,0.0,False,0
80006E160,6,3,0,0.0,0.0,False,0
80006E370,20,0,10,0.0,0.0,False,0
80006EA80,2,1,0,0.0,0.0,False,0
80006F380,4,2,0,0.0,0.0,False,0
80006F5E0,4,2,0,0.0,0.0,False,0
80006F9C0,2,1,0,0.0,0.0,False,0
80006FCE0,2,1,0,0.0,0.0,False,0
800070010,2,1,0,0.0,0.0,False,0
800070290,12,1,5,2.3063980635481857e-07,0.0,False,0
800070610,2,1,0,0.0,0.0,False,0
800070870,2,1,0,0.0,0.0,False,0
800070AD0,2,1,0,0.0,0.0,False,0
800071150,2,1,0,0.0,0.0,False,0
800071A10,4,2,0,0.0,0.0,False,0
800071D30,2,1,0,0.0,0.0,False,0
800072080,4,2,0,0.0,0.0,False,0
800072350,2,1,0,0.0,0.0,False,0
800072710,2,1,0,0.0,0.0,False,0
800072EF0,2,1,0,0.0,0.0,False,0
800072F40,2,1,0,0.0,0.0,False,0
800073360,2,1,0,0.0,0.0,False,0
800073750,2,1,0,0.0,0.0,False,0
800073AF0,2,1,0,0.0,0.0,False,0
8000746C0,4,2,0,0.0,0.0,False,0
8000748D0,6,3,0,0.0,0.0,False,0
8000748D1,2,1,0,0.0,0.0,False,0
800075050,2,1,0,0.0,0.0,False,0
8000750A0,2,1,0,0.0,0.0,False,0
800075700,2,1,0,0.0,0.0,False,0
800075C50,2,1,0,0.0,0.0,False,0
800075FF0,2,1,0,0.0,0.0,False,0
8000763B0,4,2,0,0.0,0.0,False,0
800076AD0,2,1,0,0.0,0.0,False,0
800076E90,2,1,0,0.0,0.0,False,0
8000776E0,2,1,0,0.0,0.0,False,0
800077AA0,2,1,0,0.0,0.0,False,0
800078B20,2,1,0,0.0,0.0,False,0
800078E70,4,2,0,0.0,0.0,False,0
800078F80,2,1,0,0.0,0.0,False,0
800079600,2,1,0,0.0,0.0,False,0
800079650,6,3,0,0.0,0.0,False,0
800079C00,2,1,0,0.0,0.0,False,0
80007A1D0,8,2,2,4.6127961270963714e-07,0.0,False,0
80007AA30,4,2,0,0.0,0.0,False,0
80007BF00,6,3,0,0.0,0.0,False,0
80007C2C0,2,1,0,0.0,0.0,False,0
80007C540,2,1,0,0.0,0.0,False,0
80007C890,2,1,0,0.0,0.0,False,0
80007D510,2,1,0,0.0,0.0,False,0
80007E0F0,2,1,0,0.0,0.0,False,0
80007E510,4,2,0,0.0,0.0,False,0
80007E720,2,1,0,0.0,0.0,False,0
80007EA70,2,1,0,0.0,0.0,False,0
80007F290,2,1,0,0.0,0.0,False,0
80007F8C0,6,3,0,0.0,0.0,False,0
80007FDD0,2,1,0,0.0,0.0,False,0
8000803F0,2,1,0,0.0,0.0,False,0
800080670,4,2,0,0.0,0.0,False,0
800080880,2,1,0,0.0,0.0,False,0
800081670,2,1,0,0.0,0.0,False,0
8000816C0,277,14,124,3.1136373857900506e-06,0.0,False,1
800081920,4,2,0,0.0,0.0,False,0
800081970,2,1,0,0.0,0.0,False,0
800081CA0,2,1,0,0.0,0.0,False,0
800082060,2,1,0,0.0,0.0,False,0
8000823F0,4,2,0,0.0,0.0,False,0
800082630,4,2,0,0.0,0.0,False,0
800082B40,2,1,0,0.0,0.0,False,0
800082ED0,2,1,0,0.0,0.0,False,0
800083220,2,1,0,0.0,0.0,False,0
8000837F0,2,1,0,0.0,0.0,False,0
800083E30,8,4,0,0.0,0.0,False,0
8000841A0,4,2,0,0.0,0.0,False,0
800084E50,2,1,0,0.0,0.0,False,0
8000851A0,4,2,0,0.0,0.0,False,0
800085BF0,431,37,176,1.8451184508385486e-06,0.007575757575757576,True,1
8000866B0,2,1,0,0.0,0.0,False,0
800086DC0,2,1,0,0.0,0.0,False,0
800087390,4,2,0,0.0,0.0,False,0
800087A50,6,3,0,0.0,0.0,False,0
800087DA0,2,1,0,0.0,0.0,False,0
800088440,2,1,0,0.0,0.0,False,0
800088EB0,2,1,0,0.0,0.0,False,0
8000890A0,2,1,0,0.0,0.0,False,0
80008A071,2,1,0,0.0,0.0,False,0
80008A3F0,4,2,0,0.0,0.0,False,0
80008A610,2,1,0,0.0,0.0,False,0
80008A830,4,2,0,0.0,0.0,False,0
80008AA20,2,1,0,0.0,0.0,False,0
80008AC30,2,1,0,0.0,0.0,False,0
80008AEB0,2,1,0,0.0,0.0,False,0
80008AF00,2,1,0,0.0,0.0,False,0
80008B0F0,6,3,0,0.0,0.0,False,0
80008B2E0,2,1,0,0.0,0.0,False,0
80008BA40,4,2,0,0.0,0.0,False,0
80008BD30,2,1,0,0.0,0.0,False,0
80008C690,4,2,0,0.0,0.0,False,0
80008C980,2,1,0,0.0,0.0,False,0
80008DDF0,58,1,28,2.0180983056046624e-07,0.0,False,0
80008E500,2,1,0,0.0,0.0,False,0
80008E550,2,1,0,0.0,0.0,False,0
80008E7B0,4,2,0,0.0,0.0,False,0
80008F6B0,2,1,0,0.0,0.0,False,0
80008FA70,2,1,0,0.0,0.0,False,0
80008FE30,2,1,0,0.0,0.0,False,0
800090560,2,1,0,0.0,0.0,False,0
800090F60,70,1,34,2.594697821491709e-07,0.0,False,0
800091320,2,1,0,0.0,0.0,False,0
8000915E0,2,1,0,0.0,0.0,False,0
8000919A0,2,1,0,0.0,0.0,False,0
800091C60,5,1,0,0.0,0.0,False,1
800091EE0,8,4,0,0.0,0.0,False,0
8000924D0,2,1,0,0.0,0.0,False,0
800092E40,4,2,0,0.0,0.0,False,0
8000934A0,6,0,3,0.0,0.0,False,0
800093890,10,5,0,0.0,0.0,False,0
800093C80,7,1,1,5.765995158870464e-08,0.5,True,1
800093EE0,2,1,0,0.0,0.0,False,0
800094540,2,1,0,0.0,0.0,False,0
800094FC0,10,1,4,4.6127961270963714e-07,0.0,False,0
8000966F0,2,1,0,0.0,0.0,False,0
800096DD0,2,1,0,0.0,0.0,False,0
800096FE0,2,1,0,0.0,0.0,False,0
800097520,4,2,0,0.0,0.0,False,0
800097FF0,2,1,0,0.0,0.0,False,0
800098200,6,3,0,0.0,0.0,False,0
8000991D0,2,1,0,0.0,0.0,False,0
800099520,6,3,0,0.0,0.0,False,0
800099810,2,1,0,0.0,0.0,False,0
800099E80,2,1,0,0.0,0.0,False,0
80009A680,4,2,0,0.0,0.0,False,0
80009A9D0,6,3,0,0.0,0.0,False,0
80009B0E0,2,1,0,0.0,0.0,False,0
80009B470,2,1,0,0.0,0.0,False,0
80009B830,2,1,0,0.0,0.0,False,0
8000B8AB0,4,0,2,0.0,0.0,False,0
8000D63A0,28,0,14,0.0,0.0,False,0
8000EBBB0,4,0,2,0.0,0.0,False,0
8000EBD30,33,14,2,6.919194190644557e-07,0.0,False,1
8000EBF70,20,10,0,0.0,0.0,False,0
8000ECF50,68,34,0,0.0,0.0,False,0
8000ECF51,2,1,0,0.0,0.0,False,0
8000ED150,4,2,0,0.0,0.0,False,0
8000EDBB0,70,35,0,0.0,0.0,False,0
8000EE9C0,28,14,0,0.0,0.0,False,0
8000EF3B0,60,30,0,0.0,0.0,False,0
8000F17D0,2,1,0,0.0,0.0,False,0
8000F1870,40,20,0,0.0,0.0,False,0
8000F1D30,60,0,30,0.0,0.0,False,0
8000F3AB0,6,0,3,0.0,0.0,False,0
8000F42A0,44,22,0,0.0,0.0,False,0
8000F5030,2,1,0,0.0,0.0,False,0
8000F55D0,4,2,0,0.0,0.0,False,0
8000F65C0,2,1,0,0.0,0.0,False,0
8000F6850,2,1,0,0.0,0.0,False,0
8000F6BB0,8,4,0,0.0,0.0,False,0
8000F6C00,68,14,20,1.960438354015958e-06,0.0,False,0
8000F7660,56,0,28,0.0,0.0,False,0
8000F7850,44,22,0,0.0,0.0,False,0
8000F7C60,28,0,14,0.0,0.0,False,0
8000F8070,40,20,0,0.0,0.0,False,0
8000F85D0,14,7,0,0.0,0.0,False,0
8000FD480,40,20,0,0.0,0.0,False,0
8000FE790,60,0,30,0.0,0.0,False,0
800102DD0,2,1,0,0.0,0.0,False,0
800105730,44,22,0,0.0,0.0,False,0
800105D30,12,6,0,0.0,0.0,False,0
800106D00,40,20,0,0.0,0.0,False,0
8001074F0,20,10,0,0.0,0.0,False,0
800108870,28,14,0,0.0,0.0,False,0
8001090A0,40,20,0,0.0,0.0,False,0
8001099F0,20,10,0,0.0,0.0,False,0
80010B040,6,3,0,0.0,0.0,False,0
80010B900,28,14,0,0.0,0.0,False,0
80010BC70,40,20,0,0.0,0.0,False,0
80010C060,3,0,0,0.0,0.0,False,0
80010C2F0,42,21,0,0.0,0.0,False,0
80010C340,6,3,0,0.0,0.0,False,0
80010F7B0,8,4,0,0.0,0.0,False,0
8001117A0,56,28,0,0.0,0.0,False,0
800113DC0,28,14,0,0.0,0.0,False,0
800113FE0,70,35,0,0.0,0.0,False,0
800115570,28,14,0,0.0,0.0,False,0
800117FF0,40,20,0,0.0,0.0,False,0
800118660,40,20,0,0.0,0.0,False,0
8001193D0,28,14,0,0.0,0.0,False,0
800119BA0,28,14,0,0.0,0.0,False,0
80011AA30,8,4,0,0.0,0.0,False,0
80011CB60,28,14,0,0.0,0.0,False,0
80011DEA0,40,20,0,0.0,0.0,False,0
80011E2A0,8,4,0,0.0,0.0,False,0
800126360,20,10,0,0.0,0.0,False,0
8001290F0,28,14,0,0.0,0.0,False,0
80012E100,28,14,0,0.0,0.0,False,0
800131650,12,6,0,0.0,0.0,False,0
800134D30,28,14,0,0.0,0.0,False,0
8001364A0,8,4,0,0.0,0.0,False,0
800136AE0,28,14,0,0.0,0.0,False,0
80013AA10,4,2,0,0.0,0.0,False,0
80013E150,4,2,0,0.0,0.0,False,0
80013F130,16,8,0,0.0,0.0,False,0
800143F00,4,2,0,0.0,0.0,False,0
800146140,60,30,0,0.0,0.0,False,0
8001473E0,28,0,14,0.0,0.0,False,0
8001495E0,46,23,0,0.0,0.0,False,0
80014C3E0,14,7,0,0.0,0.0,False,0
80014F7B0,28,14,0,0.0,0.0,False,0
800150F20,82,41,0,0.0,0.0,False,0
8001523C0,6,3,0,0.0,0.0,False,0
8001547E0,16,8,0,0.0,0.0,False,0
800155BB0,4,2,0,0.0,0.0,False,0
800155D50,42,21,0,0.0,0.0,False,0
8001580D0,20,10,0,0.0,0.0,False,0
80015E3C0,28,14,0,0.0,0.0,False,0
80015F5D0,28,14,0,0.0,0.0,False,0
800164070,8,4,0,0.0,0.0,False,0
800164FC0,28,14,0,0.0,0.0,False,0
800165A30,2,1,0,0.0,0.0,False,0
80016CCE0,42,21,0,0.0,0.0,False,0
800172410,68,34,0,0.0,0.0,False,0
8001758B0,28,14,0,0.0,0.0,False,0
80018BA80,14,7,0,0.0,0.0,False,0
80018E990,30,14,1,0.0,0.0,True,0
80018F970,28,14,0,0.0,0.0,False,0
800191A90,14,7,0,0.0,0.0,False,0
800193420,28,14,0,0.0,0.0,False,0
800195070,28,14,0,0.0,0.0,False,0
8001998C0,28,14,0,0.0,0.0,False,0
80019A020,40,20,0,0.0,0.0,False,0
80019D2E0,40,20,0,0.0,0.0,False,0
8001A8460,8,4,0,0.0,0.0,False,0
8001A9700,40,20,0,0.0,0.0,False,0
8001AB940,8,4,0,0.0,0.0,False,0
8001B2A50,28,0,14,0.0,0.0,False,0
8001B7060,80,40,0,0.0,0.0,False,0
8001BBEF0,4,0,2,0.0,0.0,False,0
8001BD460,40,0,20,0.0,0.0,False,0
8001BDC90,12,0,6,0.0,0.0,False,0
8001C3570,11,3,1,1.3261788865402069e-06,0.16666666666666666,True,0
8001C6920,4,2,0,0.0,0.0,False,0
8001CA5C0,6,3,0,0.0,0.0,False,0
8001CE6C0,6,3,0,0.0,0.0,False,0
8001CF060,28,14,0,0.0,0.0,False,0
8001D6370,2,0,1,0.0,0.0,False,0
8001DAF70,42,21,0,0.0,0.0,False,0
8001DE1B0,42,21,0,0.0,0.0,False,0
8001E1DE0,6,3,0,0.0,0.0,False,0
8001E34C0,125,36,26,1.4991587413063207e-06,0.0,False,1
8001E37F0,56,28,0,0.0,0.0,False,0
8001E3CC0,28,14,0,0.0,0.0,False,0
8001E45D0,4,0,2,0.0,0.0,False,0
8001E89E0,28,14,0,0.0,0.0,False,0
8001EF2E0,14,7,0,0.0,0.0,False,0
80021ADE0,8,4,0,0.0,0.0,False,0
80021BEC0,14,7,0,0.0,0.0,False,0
80021DC50,3,0,0,0.0,0.0,False,0
80021F680,16,6,2,2.9406575310239366e-06,0.0,False,0
800228EC0,4,2,0,0.0,0.0,False,0
80022A3F0,4,2,0,0.0,0.0,False,0
80022B750,28,14,0,0.0,0.0,False,0
800232B60,6,3,0,0.0,0.0,False,0
800240B70,4,0,2,0.0,0.0,False,0
80024D950,40,20,0,0.0,0.0,False,0
80024EBB0,42,21,0,0.0,0.0,False,0
80024FF00,100,50,0,0.0,0.0,False,0
800250820,4,2,0,0.0,0.0,False,0
800254FD0,4,2,0,0.0,0.0,False,0
8002552F0,70,35,0,0.0,0.0,False,0
800256CC0,2,1,0,0.0,0.0,False,0
800256E00,89,22,22,4.6127961270963714e-07,0.0,False,1
800256EF0,2,1,0,0.0,0.0,False,0
80025A740,40,20,0,0.0,0.0,False,0
80026A5A0,257,23,103,6.45791457793492e-06,0.0,False,2
80026CDF0,28,14,0,0.0,0.0,False,0
8002787E0,4,0,2,0.0,0.0,False,0
8002807E0,3,0,0,0.0,0.0,False,0
8002A65C0,2,0,1,0.0,0.0,False,0
8002C56D0,3,0,0,0.0,0.0,False,1
8002C7E80,28,14,0,0.0,0.0,False,0
8002CE270,70,35,0,0.0,0.0,False,0
8002ECFC0,40,20,0,0.0,0.0,False,0
800301780,40,20,0,0.0,0.0,False,0
800306AA0,42,21,0,0.0,0.0,False,0
800324420,28,14,0,0.0,0.0,False,0
8003278E0,6,0,3,0.0,0.0,False,0
80034A780,40,20,0,0.0,0.0,False,0
80034DC00,4,0,2,0.0,0.0,False,0
80035DA80,20,10,0,0.0,0.0,False,0
80035F420,283,34,107,4.036196611209325e-06,0.0,False,1
800378700,8,0,4,0.0,0.0,False,0
800379860,28,14,0,0.0,0.0,False,0
80038A310,40,20,0,0.0,0.0,False,0
80038D0D0,16,8,0,0.0,0.0,False,0
80038E6F0,28,14,0,0.0,0.0,False,0
800393D40,4,0,2,0.0,0.0,False,0
80039CD50,72,6,30,2.882997579435232e-07,0.0,False,0
8003A04C0,8,0,4,0.0,0.0,False,0
8003A2200,4,2,0,0.0,0.0,False,0
8003A8A60,14,7,0,0.0,0.0,False,0
8003AC470,10,5,0,0.0,0.0,False,0
8003AC471,2,1,0,0.0,0.0,False,0
8003B9D30,28,14,0,0.0,0.0,False,0
8003BCBB0,60,30,0,0.0,0.0,False,0
8003BD920,4,0,2,0.0,0.0,False,0
8003BDF60,6,1,2,0.0,0.0,True,0
8003BE4B0,4,0,2,0.0,0.0,False,0
8003BE730,4,0,2,0.0,0.0,False,0
8003BF6E0,55,11,16,8.07239322241865e-07,0.0,True,1
8003C2210,8,4,0,0.0,0.0,False,0
8003C24D0,3,0,0,0.0,0.0,False,1
8003D1FC0,42,21,0,0.0,0.0,False,0
8003F7BD0,3,0,0,0.0,0.0,False,0
8003FBD00,28,14,0,0.0,0.0,False,0
80040A220,28,14,0,0.0,0.0,False,0
800415B00,28,14,0,0.0,0.0,False,0
8004162D0,4,2,0,0.0,0.0,False,0
80041DDA0,28,14,0,0.0,0.0,False,0
800425630,3,0,0,0.0,0.0,False,1
800432650,20,0,10,0.0,0.0,False,0
800434550,4,2,0,0.0,0.0,False,0
80043A250,28,14,0,0.0,0.0,False,0
8004429F0,4,2,0,0.0,0.0,False,0
8004473E0,3,0,0,0.0,0.0,False,0
800456880,3,0,0,0.0,0.0,False,1
80045B7C0,2,1,0,0.0,0.0,False,0
80045CEF0,20,10,0,0.0,0.0,False,0
800473570,6,3,0,0.0,0.0,False,0
80047E7B0,80,40,0,0.0,0.0,False,0
80047EED0,6,3,0,0.0,0.0,False,0
800489210,3,0,0,0.0,0.0,False,0
800489F60,4,0,2,0.0,0.0,False,0
8004922D0,4,0,2,0.0,0.0,False,0
80049A540,2,0,1,0.0,0.0,False,0
8004AF800,6,3,0,0.0,0.0,False,0
8004B6050,3,0,0,0.0,0.0,False,0
8004C74E0,15,5,2,0.0,0.0,False,1
8004CF710,12,6,0,0.0,0.0,False,0
8004DC0A0,42,0,21,0.0,0.0,False,0
8004FD2A0,70,35,0,0.0,0.0,False,0
8004FE3E0,3,0,0,0.0,0.0,False,1
800506810,6,0,3,0.0,0.0,False,0
800528510,2,1,0,0.0,0.0,False,0
80053CFC0,3,0,0,0.0,0.0,False,1
800545B00,28,14,0,0.0,0.0,False,0
8005486E0,40,0,20,0.0,0.0,False,0
800549E00,28,14,0,0.0,0.0,False,0
80054F8C0,2,0,1,0.0,0.0,False,0
80054FC20,2,1,0,0.0,0.0,False,0
800550920,2,1,0,0.0,0.0,False,0
800559860,42,21,0,0.0,0.0,False,0
80055E260,28,14,0,0.0,0.0,False,0
8005692B0,61,23,7,4.6127961270963714e-07,0.0,False,1
80056E5C0,4,2,0,0.0,0.0,False,0
8005730D0,6,0,3,0.0,0.0,False,0
8005814C0,12,6,0,0.0,0.0,False,0
800595290,5,0,2,0.0,0.0,False,1
8005A0D10,40,20,0,0.0,0.0,False,0
8005A18F0,5,1,1,0.0,0.0,False,1
8005A1B80,60,30,0,0.0,0.0,False,0
8005AEB60,6,3,0,0.0,0.0,False,0
8005D3B30,8,0,4,0.0,0.0,False,0
8005E4980,40,0,20,0.0,0.0,False,0
8005E5940,56,28,0,0.0,0.0,False,0
8005F5810,28,14,0,0.0,0.0,False,0
8005F7CD0,10,0,5,0.0,0.0,False,0
8005FD430,2,1,0,0.0,0.0,False,0
80060E490,40,20,0,0.0,0.0,False,0
800618D90,100,50,0,0.0,0.0,False,0
800619E80,49,2,22,0.0,0.0,False,1
80061A630,2,1,0,0.0,0.0,False,0
8006248A0,2,0,1,0.0,0.0,False,0
800627410,28,14,0,0.0,0.0,False,0
800629A20,6,3,0,0.0,0.0,False,0
80063A800,14,7,0,0.0,0.0,False,0
80063DE20,3,0,0,0.0,0.0,False,0
800645040,56,28,0,0.0,0.0,False,0
8006498E0,28,14,0,0.0,0.0,False,0
80064AB30,6,3,0,0.0,0.0,False,0
800655BC0,12,6,0,0.0,0.0,False,0
80065E800,2,0,1,0.0,0.0,False,0
800668890,80,0,40,0.0,0.0,False,0
80066D000,2,1,0,0.0,0.0,False,0
800681A40,8,0,4,0.0,0.0,False,0
800688D00,6,3,0,0.0,0.0,False,0
80068E7D0,153,17,59,4.6127961270963714e-07,0.0,False,1
80068F400,28,14,0,0.0,0.0,False,0
8006A66A0,42,0,21,0.0,0.0,False,0
8006B0490,6,3,0,0.0,0.0,False,0
8006B5930,2,1,0,0.0,0.0,False,0
8006B89A0,24,2,10,2.3063980635481857e-07,0.0,False,0
8006BB110,4,0,2,0.0,0.0,False,0
8006C49E0,2,0,1,0.0,0.0,False,0
8006C7290,28,14,0,0.0,0.0,False,0
8006C7740,8,4,0,0.0,0.0,False,0
8006CDB30,28,14,0,0.0,0.0,False,0
8006DFC50,40,0,20,0.0,0.0,False,0
8006E0660,42,21,0,0.0,0.0,False,0
8006E2E40,17,4,4,2.3063980635481857e-07,0.0,False,1
8006E4A40,14,7,0,0.0,0.0,False,0
8007071B0,40,20,0,0.0,0.0,False,0
800710850,40,20,0,0.0,0.0,False,0
800711AE0,2,0,1,0.0,0.0,False,0
800711BD0,4,0,2,0.0,0.0,False,0
800720AA0,4,2,0,0.0,0.0,False,0
80072D300,28,14,0,0.0,0.0,False,0
80073F230,40,20,0,0.0,0.0,False,0
8007439C0,28,14,0,0.0,0.0,False,0
800750080,40,0,20,0.0,0.0,False,0
80075BC80,28,14,0,0.0,0.0,False,0
80075D5E0,183,35,56,6.919194190644557e-07,0.0,False,1
80076E540,60,30,0,0.0,0.0,False,0
800778840,2,0,1,0.0,0.0,False,0
80078B850,12,6,0,0.0,0.0,False,0
800793180,3,0,0,0.0,0.0,False,1
8007A97A0,14,7,0,0.0,0.0,False,0
800804F70,42,0,21,0.0,0.0,False,0
800805540,14,0,7,0.0,0.0,False,0
800808C70,28,14,0,0.0,0.0,False,0
80080DBF0,4,2,0,0.0,0.0,False,0
800816030,14,7,0,0.0,0.0,False,0
800818D30,28,14,0,0.0,0.0,False,0
80081ED90,56,28,0,0.0,0.0,False,0
80082B030,14,7,0,0.0,0.0,False,0
800837E10,6,3,0,0.0,0.0,False,0
800846280,4,2,0,0.0,0.0,False,0
800846CF0,80,40,0,0.0,0.0,False,0
80084B380,3,0,0,0.0,0.0,False,0
800854820,20,10,0,0.0,0.0,False,0
8008566C0,4,2,0,0.0,0.0,False,0
800871790,20,10,0,0.0,0.0,False,0
8008735A0,28,14,0,0.0,0.0,False,0
8008774F0,14,7,0,0.0,0.0,False,0
800894770,56,28,0,0.0,0.0,False,0
8008BB3A0,4,0,2,0.0,0.0,False,0
8008CE991,3,0,1,0.0,0.0,False,1
8008D8C30,28,14,0,0.0,0.0,False,0
8008E8BF0,40,0,20,0.0,0.0,False,0
8009083C0,5,2,0,0.0,0.0,False,1
800925110,3,0,0,0.0,0.0,False,1
800931ED0,2,1,0,0.0,0.0,False,0
800935340,28,14,0,0.0,0.0,False,0
80093A6D0,28,14,0,0.0,0.0,False,0
800950E30,4,2,0,0.0,0.0,False,0
8009516F0,14,0,7,0.0,0.0,False,0
8009580D0,40,20,0,0.0,0.0,False,0
800970B80,11,3,2,5.765995158870464e-08,0.0,False,1
80098A3D0,4,0,2,0.0,0.0,False,0
80098E1E0,4,0,2,0.0,0.0,False,0
8009A4370,3,0,0,0.0,0.0,False,0
8009B45E0,3,0,0,0.0,0.0,False,1
8009C6170,28,0,14,0.0,0.0,False,0
8009CE490,40,20,0,0.0,0.0,False,0
8009D56C0,42,0,21,0.0,0.0,False,0
8009F93B0,28,14,0,0.0,0.0,False,0
800A014B0,80,40,0,0.0,0.0,False,0
800A14360,60,30,0,0.0,0.0,False,0
800A290F0,2,0,1,0.0,0.0,False,0
800A366F0,4,2,0,0.0,0.0,False,0
800A4B610,4,2,0,0.0,0.0,False,0
800A52F40,3,0,0,0.0,0.0,False,0
800A57770,5,0,2,0.0,0.0,False,1
800A5F6C0,2,1,0,0.0,0.0,False,0
800A73310,40,20,0,0.0,0.0,False,0
800A79350,2,1,0,0.0,0.0,False,0
800A8D010,6,0,3,0.0,0.0,False,0
800AA9E00,3,0,0,0.0,0.0,False,0
800AB3970,12,0,6,0.0,0.0,False,0
800AC30B0,14,7,0,0.0,0.0,False,0
800AC3AC0,4,2,0,0.0,0.0,False,0
800AFE2F0,6,0,3,0.0,0.0,False,0
800B10B00,4,2,0,0.0,0.0,False,0
800B10F80,5,0,2,0.0,0.0,False,1
800B25370,56,0,28,0.0,0.0,False,0
800B28B60,5,1,1,0.0,0.0,False,1
800B29140,8,4,0,0.0,0.0,False,0
800B3A9C0,3,0,0,0.0,0.0,False,0
800B620B0,3,0,0,0.0,0.0,False,1
800B7B5B0,28,14,0,0.0,0.0,False,0
800B87D30,2,0,1,0.0,0.0,False,0
800B95320,3,0,0,0.0,0.0,False,0
800BA44C0,4,2,0,0.0,0.0,False,0
800BA6C30,36,18,0,0.0,0.0,False,0
800BAEA11,2,1,0,0.0,0.0,False,0
800BAF580,10,0,5,0.0,0.0,False,0
800BBD220,3,0,0,0.0,0.0,False,0
800BED3C0,3,0,0,0.0,0.0,False,1
800C03640,5,1,1,0.0,0.0,False,1
800C06E60,40,20,0,0.0,0.0,False,0
800C214A0,40,0,20,0.0,0.0,False,0
800C28FD0,40,0,20,0.0,0.0,False,0
800C2DB20,40,20,0,0.0,0.0,False,0
800C35BE0,4,0,2,0.0,0.0,False,0
800C45CA0,3,0,0,0.0,0.0,False,0
800C5E3F0,3,0,0,0.0,0.0,False,1
800C733C0,40,0,20,0.0,0.0,False,0
800C9BCE0,42,21,0,0.0,0.0,False,0
800CB0760,4,2,0,0.0,0.0,False,0
800CE8340,5,1,1,0.0,0.0,False,1
800CF62E0,8,0,4,0.0,0.0,False,0
800D10B40,2,0,1,0.0,0.0,False,0
800D11090,3,0,0,0.0,0.0,False,1
800D2ACB0,40,20,0,0.0,0.0,False,0
800D2B1B0,80,40,0,0.0,0.0,False,0
800D36B20,3,0,0,0.0,0.0,False,0
800D38EF0,2,1,0,0.0,0.0,False,0
800D3EB00,4,2,0,0.0,0.0,False,0
800D43A90,3,0,0,0.0,0.0,False,0
800D46C20,3,0,0,0.0,0.0,False,0
800D5C2E0,6,0,3,0.0,0.0,False,0
800D5F230,40,20,0,0.0,0.0,False,0
800D621B0,40,0,20,0.0,0.0,False,0
800D6DD70,3,0,0,0.0,0.0,False,0
800D7A690,2,0,1,0.0,0.0,False,0
800D83A40,3,0,0,0.0,0.0,False,1
800D93700,28,0,14,0.0,0.0,False,0
800D996E0,8,4,0,0.0,0.0,False,0
800DB2CF0,14,7,0,0.0,0.0,False,0
800DB45D0,42,21,0,0.0,0.0,False,0
800DCA660,28,14,0,0.0,0.0,False,0
800DCE920,42,0,21,0.0,0.0,False,0
800DD0D90,6,3,0,0.0,0.0,False,0
800DDCCE0,4,2,0,0.0,0.0,False,0
800DDED10,3,0,0,0.0,0.0,False,0
800DEC1D0,8,0,4,0.0,0.0,False,0
800E08EB0,4,2,0,0.0,0.0,False,0
800E3DD10,40,20,0,0.0,0.0,False,0
800E4DA90,3,0,0,0.0,0.0,False,0
800E84250,3,0,0,0.0,0.0,False,0
800E86060,4,2,0,0.0,0.0,False,0
800E860B0,5,0,2,0.0,0.0,False,1
800E97810,2,1,0,0.0,0.0,False,0
800EA0DE0,4,0,2,0.0,0.0,False,0
800EA3760,11,3,2,5.765995158870464e-08,0.0,False,1
800EAC9D0,4,2,0,0.0,0.0,False,0
800EB04C0,5,0,2,0.0,0.0,False,1
800EB7DB0,4,2,0,0.0,0.0,False,0
800EC3AF0,4,0,2,0.0,0.0,False,0
800ED00D0,5,1,1,0.0,0.0,False,1
800EE2180,3,0,0,0.0,0.0,False,0
800EE3450,28,14,0,0.0,0.0,False,0
800EE4450,2,1,0,0.0,0.0,False,0
800EFEC70,4,0,2,0.0,0.0,False,0
800F013F0,28,14,0,0.0,0.0,False,0
800F02FB0,5,1,1,0.0,0.0,False,1
800F06F10,5,0,2,0.0,0.0,False,1
800F123C0,2,1,0,0.0,0.0,False,0
800F1DB80,3,0,0,0.0,0.0,False,1
800F30520,3,0,0,0.0,0.0,False,0
800F31850,28,0,14,0.0,0.0,False,0
800F42EF0,60,30,0,0.0,0.0,False,0
800F63960,2,1,0,0.0,0.0,False,0
800F67030,12,6,0,0.0,0.0,False,0
800F70C40,40,20,0,0.0,0.0,False,0
800F73590,5,0,2,0.0,0.0,False,1
800F74DF0,4,2,0,0.0,0.0,False,0
800FC2E50,4,0,2,0.0,0.0,False,0
800FDBF30,5,1,1,0.0,0.0,False,1
800FDE180,40,0,20,0.0,0.0,False,0
80101D8F0,5,1,1,0.0,0.0,False,1
8010414C0,5,0,2,0.0,0.0,False,1
80104C070,2,1,0,0.0,0.0,False,0
80104C6F0,3,0,0,0.0,0.0,False,0
801059C70,4,0,2,0.0,0.0,False,0
80105A870,9,3,1,0.0,0.0,False,1
801079260,55,3,24,2.882997579435232e-07,0.0,False,1
80107DF80,4,0,2,0.0,0.0,False,0
80107E200,2,1,0,0.0,0.0,False,0
80107EA40,2,1,0,0.0,0.0,False,0
801090590,2,1,0,0.0,0.0,False,0
8010940E0,60,30,0,0.0,0.0,False,0
801096840,28,0,14,0.0,0.0,False,0
8010AE7D0,28,0,14,0.0,0.0,False,0
8010AE9A0,3,0,1,0.0,0.0,False,1
8010BB6E0,3,0,0,0.0,0.0,False,1
8010BC410,42,21,0,0.0,0.0,False,0
8010D1D00,60,0,30,0.0,0.0,False,0
8010EA130,8,4,0,0.0,0.0,False,0
8010F2720,14,7,0,0.0,0.0,False,0
8010FD210,42,0,21,0.0,0.0,False,0
8011125F0,2,1,0,0.0,0.0,False,0
801117B90,80,0,40,0.0,0.0,False,0
80115BE40,60,0,30,0.0,0.0,False,0
80116AFF0,223,44,67,4.6127961270963714e-07,0.0,False,1
801189FC0,42,21,0,0.0,0.0,False,0
801198F90,14,0,7,0.0,0.0,False,0
8011D2BD0,3,0,0,0.0,0.0,False,1
8011DF4A0,16,0,8,0.0,0.0,False,0
8011F1250,3,0,0,0.0,0.0,False,0
8011F9E60,3,0,0,0.0,0.0,False,0
8012010B0,3,0,0,0.0,0.0,False,1
80120A710,3,0,0,0.0,0.0,False,1
801211C30,11,2,3,0.0,0.0,False,1
801212B10,2,1,0,0.0,0.0,False,0
8012261B0,2,1,0,0.0,0.0,False,0
8012296B0,12,6,0,0.0,0.0,False,0
801249DD0,10,5,0,0.0,0.0,False,0
80124B260,8,0,4,0.0,0.0,False,0
80124DA90,3,0,0,0.0,0.0,False,1
80127C9F0,12,0,6,0.0,0.0,False,0
8012846D0,2,1,0,0.0,0.0,False,0
80128D9D0,28,14,0,0.0,0.0,False,0
801294D10,3,0,0,0.0,0.0,False,0
80129EAE0,2,1,0,0.0,0.0,False,0
80129EB80,51,22,3,5.765995158870464e-08,0.0,False,1
8012BFD70,20,0,10,0.0,0.0,False,0
8012E46E0,8,4,0,0.0,0.0,False,0
8013388F0,2,0,1,0.0,0.0,False,0
8013605A0,80,0,40,0.0,0.0,False,0
8013B5280,20,10,0,0.0,0.0,False,0
8013E0D50,9,1,3,0.0,0.0,False,1
8013E5FB0,3,0,0,0.0,0.0,False,0
8013FD450,4,0,2,0.0,0.0,False,0
8014178C0,28,0,14,0.0,0.0,False,0
801419010,80,40,0,0.0,0.0,False,0
801461050,3,0,0,0.0,0.0,False,1
8014612E0,4,2,0,0.0,0.0,False,0
801462490,40,0,20,0.0,0.0,False,0
801471C80,7,1,2,0.0,0.0,False,1
80147FA90,2,1,0,0.0,0.0,False,0
80148BD80,40,20,0,0.0,0.0,False,0
8014A1950,11,2,3,0.0,0.0,False,1
8014A1CB0,40,0,20,0.0,0.0,False,0
8014A3E30,2,1,0,0.0,0.0,False,0
8014B5570,8,0,4,0.0,0.0,False,0
8014CB250,8,0,4,0.0,0.0,False,0
8014D45A0,3,0,0,0.0,0.0,False,0
8014E3E10,28,14,0,0.0,0.0,False,0
8014F8F30,40,20,0,0.0,0.0,False,0
8014FC550,3,0,0,0.0,0.0,False,0
8015216E0,3,0,0,0.0,0.0,False,0
80152EDC0,2,1,0,0.0,0.0,False,0
801533C40,4,0,2,0.0,0.0,False,0
801535A60,3,0,0,0.0,0.0,False,1
801537BC0,2,1,0,0.0,0.0,False,0
801542B10,4,0,2,0.0,0.0,False,0
80158AFD0,2,1,0,0.0,0.0,False,0
8015936C0,2,0,1,0.0,0.0,False,0
8015C6420,45,21,1,0.0,0.0,False,1
8015CCAC0,68,0,34,0.0,0.0,False,0
8015CDCD0,89,29,15,1.1531990317740929e-07,0.0,False,1
8015E65A0,4,2,0,0.0,0.0,False,0
8015E88E0,3,0,0,0.0,0.0,False,1
8015F18C0,4,2,0,0.0,0.0,False,0
801621350,2,0,1,0.0,0.0,False,0
801621DD0,4,0,2,0.0,0.0,False,0
801630450,20,0,10,0.0,0.0,False,0
80163B7F0,28,14,0,0.0,0.0,False,0
8016448B0,20,0,10,0.0,0.0,False,0
80164A9C0,2,1,0,0.0,0.0,False,0
80164B550,73,2,34,3.4595970953222787e-07,0.0,False,1
80164F8A0,19,8,1,0.0,0.0,False,1
801651CC0,4,0,2,0.0,0.0,False,0
801666430,4,0,2,0.0,0.0,False,0
8016723A0,125,13,49,6.919194190644557e-07,0.0,False,1
80167DDD0,3,0,0,0.0,0.0,False,0
8016A5360,67,31,2,5.765995158870464e-08,0.0,False,1
8016A54A0,2,1,0,0.0,0.0,False,0
8016A9DB0,8,4,0,0.0,0.0,False,0
8016B8CD0,8,0,4,0.0,0.0,False,0
8016CC350,6,3,0,0.0,0.0,False,0
8016D7060,14,0,7,0.0,0.0,False,0
8016D8110,3,0,0,0.0,0.0,False,0
8016DB1E0,28,14,0,0.0,0.0,False,0
8016DF190,27,2,11,1.1531990317740929e-07,0.0,False,1
8016E3AA0,6,3,0,0.0,0.0,False,0
80170D0A0,12,6,0,0.0,0.0,False,0
80174B200,60,0,30,0.0,0.0,False,0
80174EF70,40,0,20,0.0,0.0,False,0
801772420,3,0,0,0.0,0.0,False,1
80177CEB0,3,0,0,0.0,0.0,False,1
801798880,40,0,20,0.0,0.0,False,0
80179F360,3,0,0,0.0,0.0,False,1
8017BCCD0,2,1,0,0.0,0.0,False,0
8017BE720,3,0,0,0.0,0.0,False,0
8017C71A0,3,0,0,0.0,0.0,False,1
8017CB230,6,0,3,0.0,0.0,False,0
8017D4DA0,2,0,1,0.0,0.0,False,0
8017D7AF0,28,14,0,0.0,0.0,False,0
801801B40,28,0,14,0.0,0.0,False,0
8018204F0,3,0,0,0.0,0.0,False,0
8018238B0,3,0,0,0.0,0.0,False,1
801827EC0,155,50,27,5.189395642983418e-07,0.0,False,1
801834370,28,14,0,0.0,0.0,False,0
80184DA00,8,0,4,0.0,0.0,False,0
801857EB0,109,27,27,5.189395642983418e-07,0.0,False,1
80185BB80,28,0,14,0.0,0.0,False,0
801860520,40,0,20,0.0,0.0,False,0
80186E730,163,12,69,4.6127961270963714e-07,0.0,False,1
801873FA0,28,0,14,0.0,0.0,False,0
80188C080,20,0,10,0.0,0.0,False,0
8018AF090,8,0,4,0.0,0.0,False,0
8018C98C0,5,1,1,0.0,0.0,False,1
8018CBE20,20,10,0,0.0,0.0,False,0
8018CD260,3,0,0,0.0,0.0,False,0
8018E0040,155,46,31,1.7297985476611394e-07,0.0,False,1
80192A260,2,0,1,0.0,0.0,False,0
80192BFB0,87,1,42,5.765995158870464e-07,0.0,False,1
80192FEF0,3,0,0,0.0,0.0,False,0
801958E70,40,20,0,0.0,0.0,False,0
80195BB20,40,20,0,0.0,0.0,False,0
8019739C0,3,0,0,0.0,0.0,False,1
801986330,3,0,0,0.0,0.0,False,0
8019C1290,121,1,59,0.0,0.0,False,1
8019C1330,2,1,0,0.0,0.0,False,0
8019C1560,2,1,0,0.0,0.0,False,0
8019C23D0,2,1,0,0.0,0.0,False,0
8019C9AA0,5,0,2,0.0,0.0,False,1
8019CF270,4,2,0,0.0,0.0,False,0
8019D53B0,3,0,0,0.0,0.0,False,1
8019D82F0,60,30,0,0.0,0.0,False,0
8019E4B60,4,2,0,0.0,0.0,False,0
8019F3C80,73,12,24,4.6127961270963714e-07,0.0,False,1
8019FFC80,3,0,0,0.0,0.0,False,1
801A179B0,14,0,7,0.0,0.0,False,0
801A19640,3,0,0,0.0,0.0,False,0
801A1ED50,2,1,0,0.0,0.0,False,0
801A1F4D0,4,0,2,0.0,0.0,False,0
801A21E40,40,20,0,0.0,0.0,False,0
801A22E00,13,3,3,1.1531990317740929e-07,0.0,False,1
801A27B20,5,1,1,0.0,0.0,False,1
801A2ECA0,2,1,0,0.0,0.0,False,0
801A36C20,28,0,14,0.0,0.0,False,0
801A7E980,40,0,20,0.0,0.0,False,0
801A83B10,14,0,7,0.0,0.0,False,0
801AAB6A0,20,0,10,0.0,0.0,False,0
801AAE1B0,139,36,33,2.3063980635481857e-07,0.0,False,1
801AB3040,16,0,8,0.0,0.0,False,0
801AD8570,40,0,20,0.0,0.0,False,0
801AD9D90,28,14,0,0.0,0.0,False,0
801AF9510,28,0,14,0.0,0.0,False,0
801B0D040,14,0,7,0.0,0.0,False,0
801B23910,28,14,0,0.0,0.0,False,0
801B28780,2,0,1,0.0,0.0,False,0
801B28870,2,0,1,0.0,0.0,False,0
801B28960,2,0,1,0.0,0.0,False,0
801B289B0,2,0,1,0.0,0.0,False,0
801B28A50,13,5,1,0.0,0.0,False,1
801B3D440,40,0,20,0.0,0.0,False,0
801B565E0,3,0,0,0.0,0.0,False,1
801B5F4E0,28,14,0,0.0,0.0,False,0
801B850B0,3,0,0,0.0,0.0,False,1
801B8EBB0,4,2,0,0.0,0.0,False,0
801BB7120,40,20,0,0.0,0.0,False,0
801BCA760,5,1,1,0.0,0.0,False,1
801BEED90,3,0,0,0.0,0.0,False,1
801BFB960,28,0,14,0.0,0.0,False,0
801C04D80,3,0,0,0.0,0.0,False,1
801C07E00,80,40,0,0.0,0.0,False,0
801C0FB60,3,0,0,0.0,0.0,False,1
801C40BF0,40,20,0,0.0,0.0,False,0
801C5A580,4,2,0,0.0,0.0,False,0
801C7C6D0,4,2,0,0.0,0.0,False,0
801C7D6A0,5,0,2,0.0,0.0,False,1
801C912F0,35,1,16,0.0,0.0,False,1
801C98AE0,3,0,0,0.0,0.0,False,1
801C9D3E0,10,5,0,0.0,0.0,False,0
801CAD7E0,4,0,2,0.0,0.0,False,0
801CAD8D0,4,0,2,0.0,0.0,False,0
801CAD9C0,61,6,24,2.3063980635481857e-07,0.0,False,1
801CB1B60,4,0,2,0.0,0.0,False,0
801CB1C00,2,0,1,0.0,0.0,False,0
801CB1C50,121,24,36,4.6127961270963714e-07,0.0,False,1
801CBAF20,3,0,0,0.0,0.0,False,0
801CBD470,2,0,1,0.0,0.0,False,0
801CCF940,6,0,3,0.0,0.0,False,0
801CD85A0,12,0,6,0.0,0.0,False,0
801D03210,3,0,0,0.0,0.0,False,0
801D4EE90,28,14,0,0.0,0.0,False,0
801D83260,191,20,75,1.3838388381289115e-06,0.0,False,1
801DA6080,10,5,0,0.0,0.0,False,0
801DAE650,40,0,20,0.0,0.0,False,0
801DD5140,3,0,0,0.0,0.0,False,0
801DE8D10,12,6,0,0.0,0.0,False,0
801DFB5B0,3,0,0,0.0,0.0,False,1
801E2B3B0,25,11,1,0.0,0.0,False,1
801E47D80,71,13,22,1.1531990317740929e-07,0.0,False,1
801E6A920,3,0,0,0.0,0.0,False,1
801EC0260,3,0,0,0.0,0.0,False,0
801EC49C0,2,0,1,0.0,0.0,False,0
801EC5530,2,0,1,0.0,0.0,False,0
801EC5580,2,0,1,0.0,0.0,False,0
801EC55D0,27,11,2,0.0,0.0,False,1
801EC5710,2,0,1,0.0,0.0,False,0
801EC5760,2,0,1,0.0,0.0,False,0
801EC5F20,2,0,1,0.0,0.0,False,0
801EC6010,2,0,1,0.0,0.0,False,0
801ED4980,3,0,0,0.0,0.0,False,0
801ED61F0,145,22,50,4.6127961270963714e-07,0.0,False,1
801ED6910,2,0,1,0.0,0.0,False,0
801EE2770,5,1,1,0.0,0.0,False,1
801F212F0,40,0,20,0.0,0.0,False,0
801F2E1A0,3,0,0,0.0,0.0,False,0
801F2E9B0,4,0,2,0.0,0.0,False,0
801F307F0,28,14,0,0.0,0.0,False,0
801F69530,3,0,0,0.0,0.0,False,0
801F7CB30,6,0,3,0.0,0.0,False,0
801FC1CB0,28,14,0,0.0,0.0,False,0
801FEFC90,80,40,0,0.0,0.0,False,0
80200A570,20,0,10,0.0,0.0,False,0
802021CD0,77,10,28,3.4595970953222787e-07,0.0,False,1
802021D20,4,2,0,0.0,0.0,False,0
802030F60,4,0,2,0.0,0.0,False,0
802035310,28,0,14,0.0,0.0,False,0
8020699D0,2,1,0,0.0,0.0,False,0
80206A100,2,1,0,0.0,0.0,False,0
8020A01E0,8,0,4,0.0,0.0,False,0
8020D3130,4,2,0,0.0,0.0,False,0
8020D3EF0,5,0,2,0.0,0.0,False,1
8020D99C0,40,0,20,0.0,0.0,False,0
8020EDF80,100,50,0,0.0,0.0,False,0
8020F1BE0,2,0,1,0.0,0.0,False,0
8021008F0,51,4,21,1.1531990317740929e-07,0.0,False,1
802111CD0,28,0,14,0.0,0.0,False,0
802119C10,3,0,0,0.0,0.0,False,0
802145270,27,10,3,1.1531990317740929e-07,0.0,False,1
80216CE90,6,3,0,0.0,0.0,False,0
80216EE30,123,12,49,6.919194190644557e-07,0.0,False,1
80216EE80,2,0,1,0.0,0.0,False,0
802176B60,2,0,1,0.0,0.0,False,0
802184880,3,0,0,0.0,0.0,False,0
802186F50,25,11,1,0.0,0.0,False,1
8021882B0,2,0,1,0.0,0.0,False,0
802188300,2,0,1,0.0,0.0,False,0
802188350,4,0,2,0.0,0.0,False,0
8021886B0,2,0,1,0.0,0.0,False,0
802188CA0,2,0,1,0.0,0.0,False,0
8021890A0,2,0,1,0.0,0.0,False,0
802199BD0,2,0,1,0.0,0.0,False,0
802199C20,2,0,1,0.0,0.0,False,0
80219A8D0,2,0,1,0.0,0.0,False,0
8021E0FE0,4,0,2,0.0,0.0,False,0
8021F2480,4,0,2,0.0,0.0,False,0
8021FFD30,3,0,0,0.0,0.0,False,0
802201890,40,20,0,0.0,0.0,False,0
80220D040,14,0,7,0.0,0.0,False,0
802213DF0,3,0,0,0.0,0.0,False,1
802222410,3,0,0,0.0,0.0,False,1
802236EA0,28,14,0,0.0,0.0,False,0
8022480A0,67,12,21,4.6127961270963714e-07,0.0,False,1
80224CAA0,3,0,0,0.0,0.0,False,0
80225C2C0,40,0,20,0.0,0.0,False,0
80226A860,3,0,0,0.0,0.0,False,1
80226C4C0,3,0,0,0.0,0.0,False,0
80226E680,42,21,0,0.0,0.0,False,0
80227A210,165,25,57,8.648992738305697e-07,0.0,False,1
8022D83D0,42,21,0,0.0,0.0,False,0
80231AB70,4,0,2,0.0,0.0,False,0
80231C910,9,3,1,0.0,0.0,False,1
80233B380,40,0,20,0.0,0.0,False,0
80234CE50,245,31,91,1.1531990317740928e-06,0.0,False,1
802375B20,2,1,0,0.0,0.0,False,0
8023C1EF0,5,1,1,0.0,0.0,False,1
8023C6E30,10,0,5,0.0,0.0,False,0
8023C9750,8,0,4,0.0,0.0,False,0
8023ED8B0,3,0,0,0.0,0.0,False,0
8023FBD80,8,4,0,0.0,0.0,False,0
802400FB0,28,0,14,0.0,0.0,False,0
802413950,2,1,0,0.0,0.0,False,0
8024139F0,79,23,16,2.3063980635481857e-07,0.0,False,1
8024193E0,42,0,21,0.0,0.0,False,0
80241F950,4,2,0,0.0,0.0,False,0
802422010,217,34,74,5.765995158870464e-07,0.0,False,1
802454150,28,0,14,0.0,0.0,False,0
80247ACF0,28,0,14,0.0,0.0,False,0
80247BB70,3,0,0,0.0,0.0,False,0
8024802B0,4,2,0,0.0,0.0,False,0
802486E50,3,0,0,0.0,0.0,False,0
8024C6BD0,40,0,20,0.0,0.0,False,0
8024CEAA0,56,0,28,0.0,0.0,False,0
8024D12E0,28,14,0,0.0,0.0,False,0
8024E8770,2,1,0,0.0,0.0,False,0
802515ED0,40,20,0,0.0,0.0,False,0
8025215F0,14,7,0,0.0,0.0,False,0
8025239F0,3,0,0,0.0,0.0,False,1
80252EF80,3,0,0,0.0,0.0,False,0
80254A380,3,0,0,0.0,0.0,False,1
80254F920,67,1,32,0.0,0.0,False,1
80254F9C0,2,1,0,0.0,0.0,False,0
80254FA60,2,1,0,0.0,0.0,False,0
80255C3C0,2,0,1,0.0,0.0,False,0
80255E030,2,1,0,0.0,0.0,False,0
80255F6D0,8,4,0,0.0,0.0,False,0
802569B30,3,0,0,0.0,0.0,False,0
802577E80,2,1,0,0.0,0.0,False,0
80257A2F0,245,17,105,6.919194190644557e-07,0.0,False,1
802591830,12,6,0,0.0,0.0,False,0
8025AFB80,3,0,0,0.0,0.0,False,0
8025BE730,3,0,0,0.0,0.0,False,0
8025E5970,40,20,0,0.0,0.0,False,0
8025F9120,3,0,0,0.0,0.0,False,0
802605BB0,5,0,2,0.0,0.0,False,1
8026096F0,4,2,0,0.0,0.0,False,0
8026367E0,4,0,2,0.0,0.0,False,0
80264DE00,6,3,0,0.0,0.0,False,0
802657ED0,4,2,0,0.0,0.0,False,0
802657F70,5,0,2,0.0,0.0,False,1
80265BCB0,3,0,0,0.0,0.0,False,1
802667790,2,1,0,0.0,0.0,False,0
802678250,40,0,20,0.0,0.0,False,0
80268DEF0,2,0,1,0.0,0.0,False,0
80269F230,42,21,0,0.0,0.0,False,0
8026B3760,3,0,0,0.0,0.0,False,0
8026B9670,2,1,0,0.0,0.0,False,0
8026EC360,2,1,0,0.0,0.0,False,0
8026ED8D0,3,0,0,0.0,0.0,False,1
80271AD20,2,0,1,0.0,0.0,False,0
80271DB90,3,0,0,0.0,0.0,False,0
802742B50,95,23,24,3.4595970953222787e-07,0.0,False,1
80276CE70,28,0,14,0.0,0.0,False,0
80276E8D0,40,20,0,0.0,0.0,False,0
80277A7C0,2,1,0,0.0,0.0,False,0
80278D510,28,0,14,0.0,0.0,False,0
8027AC630,8,4,0,0.0,0.0,False,0
8027CD110,153,25,51,5.765995158870464e-07,0.0,False,1
8027D8100,28,14,0,0.0,0.0,False,0
8027DC5E0,60,30,0,0.0,0.0,False,0
8027F18F0,3,0,0,0.0,0.0,False,1
802824F50,13,4,2,0.0,0.0,False,1
802825930,4,0,2,0.0,0.0,False,0
802849D60,4,2,0,0.0,0.0,False,0
80284C550,5,0,2,0.0,0.0,False,1
802851A10,4,2,0,0.0,0.0,False,0
80285CE30,4,2,0,0.0,0.0,False,0
80286CBA0,2,1,0,0.0,0.0,False,0
80286D280,37,17,1,1.1531990317740929e-07,0.0,False,1
8028A4630,8,0,4,0.0,0.0,False,0
8028FE1A0,28,14,0,0.0,0.0,False,0
8029176F0,15,5,2,0.0,0.0,False,1
802917A10,4,0,2,0.0,0.0,False,0
802959F80,3,0,0,0.0,0.0,False,0
80296CA20,4,0,2,0.0,0.0,False,0
8029751E0,14,0,7,0.0,0.0,False,0
802980380,3,0,0,0.0,0.0,False,1
8029AFBC0,101,4,46,1.1531990317740929e-07,0.0,False,1
8029DCFF0,215,24,83,6.919194190644557e-07,0.0,False,1
8029ED1D0,115,17,40,6.919194190644557e-07,0.0,False,1
8029FD6D0,28,0,14,0.0,0.0,False,0
802A128A0,28,0,14,0.0,0.0,False,0
802A136B0,20,0,10,0.0,0.0,False,0
802A45100,6,0,3,0.0,0.0,False,0
802A6DF40,28,14,0,0.0,0.0,False,0
802A7F590,109,52,2,0.0,0.0,False,1
802A92B30,2,0,1,0.0,0.0,False,0
802AC1D70,40,0,20,0.0,0.0,False,0
802ACD260,28,14,0,0.0,0.0,False,0
802AD2A00,28,14,0,0.0,0.0,False,0
802ADC5B0,4,2,0,0.0,0.0,False,0
802AF4F20,5,1,1,0.0,0.0,False,1
802B23240,3,0,0,0.0,0.0,False,1
802B25500,70,0,35,0.0,0.0,False,0
802B2A690,2,1,0,0.0,0.0,False,0
802B35210,4,2,0,0.0,0.0,False,0
802B59400,3,0,0,0.0,0.0,False,0
802B8DF60,3,0,0,0.0,0.0,False,1
802BC2530,12,6,0,0.0,0.0,False,0
802BCFE40,3,0,0,0.0,0.0,False,1
802BE6300,4,2,0,0.0,0.0,False,0
802BF1730,4,0,2,0.0,0.0,False,0
802C38120,4,1,1,0.0,0.0,True,0
802C383E0,2,0,1,0.0,0.0,False,0
802C38840,53,21,5,4.036196611209325e-07,0.0,True,1
802C439B0,3,0,0,0.0,0.0,False,0
802C46080,4,2,0,0.0,0.0,False,0
802C48E80,9,2,2,0.0,0.0,False,1
802C54340,3,0,0,0.0,0.0,False,0
802C54C70,47,22,1,0.0,0.0,False,1
802C58090,2,1,0,0.0,0.0,False,0
802C69C80,3,0,0,0.0,0.0,False,0
802C6B020,4,0,2,0.0,0.0,False,0
802C6E9E0,40,20,0,0.0,0.0,False,0
802C70BB0,21,5,5,1.1531990317740929e-07,0.0,False,1
802C71560,4,0,2,0.0,0.0,False,0
802C79370,42,0,21,0.0,0.0,False,0
802C8CF10,3,0,0,0.0,0.0,False,0
802CAE9D0,56,0,28,0.0,0.0,False,0
802CCA7E0,2,0,1,0.0,0.0,False,0
802CCE400,131,3,62,6.919194190644557e-07,0.0,False,1
802CD6E20,6,0,3,0.0,0.0,False,0
802CD73C0,40,0,20,0.0,0.0,False,0
802CE3AC0,4,2,0,0.0,0.0,False,0
802CE3B10,5,0,2,0.0,0.0,False,1
802D1E340,3,0,0,0.0,0.0,False,0
802D21160,3,0,0,0.0,0.0,False,1
802D39430,40,0,20,0.0,0.0,False,0
802D53570,2,0,1,0.0,0.0,False,0
802D53700,4,0,2,0.0,0.0,False,0
802D53880,25,11,1,0.0,0.0,False,1
802D53B50,2,0,1,0.0,0.0,False,0
802D53CE0,2,0,1,0.0,0.0,False,0
802D53D80,2,0,1,0.0,0.0,False,0
802D54930,2,0,1,0.0,0.0,False,0
802D54980,2,0,1,0.0,0.0,False,0
802D54A20,2,0,1,0.0,0.0,False,0
802D54B60,2,0,1,0.0,0.0,False,0
802D76360,3,0,0,0.0,0.0,False,0
802D85170,49,23,1,0.0,0.0,False,1
802DA8920,8,0,4,0.0,0.0,False,0
802DAA850,40,0,20,0.0,0.0,False,0
802DB5A10,16,8,0,0.0,0.0,False,0
802DBE860,6,0,3,0.0,0.0,False,0
802DC94C0,3,0,0,0.0,0.0,False,0
802DD5430,80,40,0,0.0,0.0,False,0
802E1C5F0,6,0,3,0.0,0.0,False,0
802ECCFF0,40,0,20,0.0,0.0,False,0
802ED8920,5,1,1,0.0,0.0,False,1
802EE1F20,4,2,0,0.0,0.0,False,0
802EFA860,3,0,0,0.0,0.0,False,1
802EFB0C0,42,21,0,0.0,0.0,False,0
802F3C9E0,11,3,2,5.765995158870464e-08,0.0,False,1
802F401B0,4,0,2,0.0,0.0,False,0
802F4C810,2,1,0,0.0,0.0,False,0
802F55C80,2,0,1,0.0,0.0,False,0
802F56080,65,1,31,5.189395642983418e-07,0.0,False,1
802F92460,6,0,3,0.0,0.0,False,0
802FA7310,3,0,0,0.0,0.0,False,1
802FAD250,3,0,0,0.0,0.0,False,0
802FB2C20,23,10,1,0.0,0.0,False,1
802FB7770,28,14,0,0.0,0.0,False,0
802FBA3A0,4,0,2,0.0,0.0,False,0
802FDD680,28,0,14,0.0,0.0,False,0
802FFA8C0,6,3,0,0.0,0.0,False,0
803009080,43,0,20,0.0,0.0,False,1
80302EEC0,75,15,22,2.3063980635481857e-07,0.0,False,1
803042E00,3,0,0,0.0,0.0,False,0
80304E5F0,4,0,2,0.0,0.0,False,0
803076D90,4,2,0,0.0,0.0,False,0
8030774A0,5,0,2,0.0,0.0,False,1
80308B8A0,40,0,20,0.0,0.0,False,0
80309A250,4,0,2,0.0,0.0,False,0
8030A49B0,20,0,10,0.0,0.0,False,0
8030CD8B0,42,21,0,0.0,0.0,False,0
8030D37E0,4,0,2,0.0,0.0,False,0
8030DCBC0,5,2,0,0.0,0.0,False,1
8030E8C80,4,0,2,0.0,0.0,False,0
8030F0360,175,21,66,5.189395642983418e-07,0.0,False,1
8030F0750,2,1,0,0.0,0.0,False,0
803100750,40,20,0,0.0,0.0,False,0
80312B180,40,20,0,0.0,0.0,False,0
803130170,14,7,0,0.0,0.0,False,0
803132450,14,7,0,0.0,0.0,False,0
803145180,3,0,0,0.0,0.0,False,1
80314ABA0,4,2,0,0.0,0.0,False,0
80314B220,5,0,2,0.0,0.0,False,1
80314C230,16,0,8,0.0,0.0,False,0
80314EC80,28,0,14,0.0,0.0,False,0
80315FCD0,3,0,0,0.0,0.0,False,0
803165370,3,0,0,0.0,0.0,False,1
803193DC0,69,32,2,0.0,0.0,False,1
8031B7E50,3,0,0,0.0,0.0,False,0
8031DD260,14,0,7,0.0,0.0,False,0
8031E6280,53,23,3,1.7297985476611394e-07,0.0,False,1
803209820,3,0,0,0.0,0.0,False,1
80321F610,2,0,1,0.0,0.0,False,0
80321FA70,2,0,1,0.0,0.0,False,0
803220930,41,18,2,9.225592254192743e-07,0.0,True,1
80323AB50,3,0,0,0.0,0.0,False,0
803247FE0,3,0,0,0.0,0.0,False,0
803253540,70,35,0,0.0,0.0,False,0
80326BA30,2,0,1,0.0,0.0,False,0
80326D010,2,0,1,0.0,0.0,False,0
803270B90,2,0,1,0.0,0.0,False,0
803270BE0,2,0,1,0.0,0.0,False,0
803271FC0,2,0,1,0.0,0.0,False,0
803272580,4,1,1,0.0,0.0,True,0
803272710,2,0,1,0.0,0.0,False,0
803273E80,2,0,1,0.0,0.0,False,0
803274500,2,0,1,0.0,0.0,False,0
803274550,2,0,1,0.0,0.0,False,0
803274990,2,0,1,0.0,0.0,False,0
803274A30,2,0,1,0.0,0.0,False,0
803274AD0,2,0,1,0.0,0.0,False,0
8032751F0,2,0,1,0.0,0.0,False,0
8032788F0,2,0,1,0.0,0.0,False,0
80328C410,40,20,0,0.0,0.0,False,0
8032980A0,51,25,0,0.0,0.0,False,1
80329DBA0,2,0,1,0.0,0.0,False,0
8032A1BF0,60,30,0,0.0,0.0,False,0
8032AD9C0,40,20,0,0.0,0.0,False,0
8032DBB30,28,0,14,0.0,0.0,False,0
8032FD420,3,0,0,0.0,0.0,False,1
80330D740,9,2,2,0.0,0.0,False,1
80330E030,3,0,0,0.0,0.0,False,1
80330EE20,103,35,16,1.7297985476611394e-07,0.0,False,1
80331C810,8,0,4,0.0,0.0,False,0
8033271A0,28,14,0,0.0,0.0,False,0
80333CC00,14,7,0,0.0,0.0,False,0
80333F6C0,28,0,14,0.0,0.0,False,0
803341720,28,0,14,0.0,0.0,False,0
803382690,14,0,7,0.0,0.0,False,0
803383060,28,0,14,0.0,0.0,False,0
80338A4A0,3,0,0,0.0,0.0,False,0
80339F5C0,3,0,0,0.0,0.0,False,0
80339FB50,3,0,0,0.0,0.0,False,0
8033A1CF0,28,0,14,0.0,0.0,False,0
803419FE0,5,1,1,0.0,0.0,False,1
803421B00,3,0,0,0.0,0.0,False,1
803427AC0,42,21,0,0.0,0.0,False,0
803430460,28,0,14,0.0,0.0,False,0
803434610,2,0,1,0.0,0.0,False,0
80345B9D0,5,1,0,0.0,0.0,False,0
8034690C0,9,2,2,0.0,0.0,False,1
80347F740,3,0,0,0.0,0.0,False,0
803482B10,4,2,0,0.0,0.0,False,0
80349F3F0,42,0,21,0.0,0.0,False,0
8034A4BC0,10,5,0,0.0,0.0,False,0
8034B3590,3,0,0,0.0,0.0,False,0
8034ED6E0,40,20,0,0.0,0.0,False,0
80352A280,3,0,0,0.0,0.0,False,0
803534450,56,0,28,0.0,0.0,False,0
80353C7D0,3,0,0,0.0,0.0,False,0
80353D530,6,3,0,0.0,0.0,False,0
803585600,80,40,0,0.0,0.0,False,0
803591B90,3,0,0,0.0,0.0,False,1
80359D740,3,0,0,0.0,0.0,False,1
80359D790,5,0,2,0.0,0.0,False,1
80359FC90,3,0,0,0.0,0.0,False,0
8035A00A0,4,2,0,0.0,0.0,False,0
8035A9A50,3,0,0,0.0,0.0,False,0
8035B1D60,60,0,30,0.0,0.0,False,0
8035B1FF0,28,0,14,0.0,0.0,False,0
8035C92F0,7,0,3,0.0,0.0,False,1
8035F7DA0,2,0,1,0.0,0.0,False,0
803602B10,14,7,0,0.0,0.0,False,0
80363F160,4,2,0,0.0,0.0,False,0
80363F890,5,1,1,0.0,0.0,False,1
80365A670,3,0,1,0.0,0.0,False,1
80365C020,2,1,0,0.0,0.0,False,0
80365E620,28,0,14,0.0,0.0,False,0
80366E4D0,95,21,26,4.6127961270963714e-07,0.0,False,1
80369B9A0,14,0,7,0.0,0.0,False,0
8036AB9F0,135,25,42,5.189395642983418e-07,0.0,False,1
8036CCB90,40,20,0,0.0,0.0,False,0
8036DCEF0,40,0,20,0.0,0.0,False,0
8036F7090,5,1,1,0.0,0.0,False,1
8036FA980,89,26,18,4.6127961270963714e-07,0.0,True,1
8036FADE0,6,1,2,0.0,0.0,True,0
80371AA90,2,1,0,0.0,0.0,False,0
80371B600,3,0,0,0.0,0.0,False,0
80371D940,11,3,2,5.765995158870464e-08,0.0,False,1
80373DB80,3,0,0,0.0,0.0,False,0
8037467C0,5,1,1,0.0,0.0,False,1
803767D50,3,0,0,0.0,0.0,False,1
80376F850,3,0,0,0.0,0.0,False,0
803771ED0,3,0,0,0.0,0.0,False,0
803782210,3,0,0,0.0,0.0,False,1
803797160,28,14,0,0.0,0.0,False,0
8037A0EB0,4,0,2,0.0,0.0,False,0
8037BF510,19,4,5,5.765995158870464e-08,0.0,False,1
8037C2570,4,0,2,0.0,0.0,False,0
8037DC160,9,2,2,5.765995158870464e-08,0.0,False,1
8037DC1B0,2,1,0,0.0,0.0,False,0
8037E5BB0,4,2,0,0.0,0.0,False,0
80382B300,403,27,174,2.767677676257823e-06,0.0,False,1
803839810,2,1,0,0.0,0.0,False,0
803852870,28,14,0,0.0,0.0,False,0
8038536F0,5,1,1,0.0,0.0,False,1
803854380,40,0,20,0.0,0.0,False,0
803864B70,3,0,0,0.0,0.0,False,0
803878680,40,20,0,0.0,0.0,False,0
80387B870,3,0,0,0.0,0.0,False,0
8038D3BF0,42,21,0,0.0,0.0,False,0
8038FAAD0,4,0,2,0.0,0.0,False,0
803946150,3,0,0,0.0,0.0,False,0
803952EF0,20,0,10,0.0,0.0,False,0
80396DE00,14,7,0,0.0,0.0,False,0
80396EF00,3,0,0,0.0,0.0,False,1
80398A160,42,21,0,0.0,0.0,False,0
8039B60D0,111,30,25,5.189395642983418e-07,0.0,False,1
8039CEA30,28,0,14,0.0,0.0,False,0
8039CF720,4,0,2,0.0,0.0,False,0
8039D99E0,3,0,0,0.0,0.0,False,1
8039FEDD0,3,0,0,0.0,0.0,False,0
803A287E0,5,0,2,0.0,0.0,False,1
803A2F0E0,5,2,0,0.0,0.0,False,1
803A2FCC0,4,0,2,0.0,0.0,False,0
803A32400,7,1,2,0.0,0.0,False,1
803A32F60,2,1,0,0.0,0.0,False,0
803A33E10,4,2,0,0.0,0.0,False,0
803A3FCC0,40,20,0,0.0,0.0,False,0
803A43310,3,0,0,0.0,0.0,False,1
803A544E0,7,1,2,0.0,0.0,False,1
803A54B70,2,1,0,0.0,0.0,False,0
803A5D800,8,0,4,0.0,0.0,False,0
803A663B0,3,0,0,0.0,0.0,False,1
803A71AA0,8,0,4,0.0,0.0,False,0
803A75270,4,0,2,0.0,0.0,False,0
803A7F390,3,0,0,0.0,0.0,False,0
803A85FB0,8,4,0,0.0,0.0,False,0
803AC4350,3,0,0,0.0,0.0,False,0
803AC4ED0,4,0,2,0.0,0.0,False,0
803AC7250,15,6,1,0.0,0.0,False,1
803AD76E0,2,0,1,0.0,0.0,False,0
803AD7730,2,0,1,0.0,0.0,False,0
803AD7C30,169,39,45,4.6127961270963714e-07,0.0,False,1
803ADDEF0,28,0,14,0.0,0.0,False,0
803AEF880,40,0,20,0.0,0.0,False,0
803AFBCD0,3,0,0,0.0,0.0,False,1
803B0AA20,14,7,0,0.0,0.0,False,0
803B17300,8,0,4,0.0,0.0,False,0
803B1D230,42,21,0,0.0,0.0,False,0
803B448D0,2,1,0,0.0,0.0,False,0
803B44970,33,4,12,3.4595970953222787e-07,0.0,False,1
803B74BB0,28,14,0,0.0,0.0,False,0
803B7C090,2,0,1,0.0,0.0,False,0
803B82560,20,0,10,0.0,0.0,False,0
803B8BFC0,60,30,0,0.0,0.0,False,0
803B8C4E0,3,0,0,0.0,0.0,False,1
803B965F0,3,0,0,0.0,0.0,False,1
803B9F410,8,4,0,0.0,0.0,False,0
803BAA8E0,4,0,2,0.0,0.0,False,0
803BAE1F0,2,1,0,0.0,0.0,False,0
803BB79C0,4,2,0,0.0,0.0,False,0
803BB9EA0,11,3,2,5.765995158870464e-08,0.0,False,1
803BBB2D0,40,20,0,0.0,0.0,False,0
803BC23A0,8,4,0,0.0,0.0,False,0
803BDFEC0,4,2,0,0.0,0.0,False,0
803BE1A90,4,2,0,0.0,0.0,False,0
803BF42C0,5,0,2,0.0,0.0,False,1
803C2BAA0,4,0,2,0.0,0.0,False,0
803C2BF60,8,0,4,0.0,0.0,False,0
803C35FE0,41,16,4,1.1531990317740929e-07,0.0,False,1
803C36F80,14,0,7,0.0,0.0,False,0
803C4D790,53,4,22,2.882997579435232e-07,0.0,False,1
803C5D5F0,28,14,0,0.0,0.0,False,0
803C5F940,60,30,0,0.0,0.0,False,0
803C84C10,3,0,0,0.0,0.0,False,0
803C907F0,45,21,1,0.0,0.0,False,1
803CABBA0,3,0,0,0.0,0.0,False,1
803CC4680,28,0,14,0.0,0.0,False,0
803CC8700,6,0,3,0.0,0.0,False,0
803CC9670,2,0,1,0.0,0.0,False,0
803CD6B50,5,0,2,0.0,0.0,False,1
803CDAE00,3,0,0,0.0,0.0,False,0
803CE0561,3,0,0,0.0,0.0,False,0
803CEB180,3,0,0,0.0,0.0,False,0
803CF8F30,5,1,1,0.0,0.0,False,1
803D02E30,103,29,22,1.1531990317740929e-07,0.0,False,1
803D1C990,3,0,0,0.0,0.0,False,0
803D23610,3,0,0,0.0,0.0,False,0
803D43820,2,1,0,0.0,0.0,False,0
803D4E1D0,28,0,14,0.0,0.0,False,0
803D69260,2,0,1,0.0,0.0,False,0
803D69350,3,0,0,0.0,0.0,False,1
803D83D80,11,2,3,0.0,0.0,False,1
803D844B0,2,1,0,0.0,0.0,False,0
803D8D260,4,2,0,0.0,0.0,False,0
803D9B130,29,13,1,0.0,0.0,False,1
803D9B1D0,2,0,1,0.0,0.0,False,0
803DAA8E0,6,3,0,0.0,0.0,False,0
803DBF890,40,20,0,0.0,0.0,False,0
803DC5E80,40,20,0,0.0,0.0,False,0
803DE70B0,40,20,0,0.0,0.0,False,0
803DEB120,6,3,0,0.0,0.0,False,0
803E2FA50,3,0,0,0.0,0.0,False,0
803E419B0,3,0,0,0.0,0.0,False,1
803E4D2C0,49,9,15,2.3063980635481857e-07,0.0,False,1
803E51BD0,6,3,0,0.0,0.0,False,0
803E54D80,123,24,37,5.765995158870464e-07,0.0,False,1
803E614B0,40,20,0,0.0,0.0,False,0
803EB5240,14,7,0,0.0,0.0,False,0
803EB6960,2,1,0,0.0,0.0,False,0
803ECA7F0,3,0,0,0.0,0.0,False,0
803ED0780,3,0,0,0.0,0.0,False,0
803EF8310,14,7,0,0.0,0.0,False,0
803EFA650,4,2,0,0.0,0.0,False,0
803EFD190,12,0,6,0.0,0.0,False,0
803F30090,3,0,0,0.0,0.0,False,1
803F34710,8,4,0,0.0,0.0,False,0
803F590A0,161,49,31,6.919194190644557e-07,0.0,False,1
803F59280,6,0,3,0.0,0.0,False,0
803F5DB30,4,2,0,0.0,0.0,False,0
803FAA9E0,7,2,1,0.0,0.0,False,1
803FBC160,2,1,0,0.0,0.0,False,0
803FBC2F0,3,0,1,0.0,0.0,False,1
803FBE550,2,1,0,0.0,0.0,False,0
803FBFC60,8,0,4,0.0,0.0,False,0
804025CB0,3,0,0,0.0,0.0,False,0
804033B80,3,0,0,0.0,0.0,False,1
80403FE40,3,0,0,0.0,0.0,False,0
804055180,2,0,1,0.0,0.0,False,0
804096C00,6,0,3,0.0,0.0,False,0
8040A80E0,28,0,14,0.0,0.0,False,0
8040BDA80,4,2,0,0.0,0.0,False,0
8040D99A0,3,0,0,0.0,0.0,False,0
80412AAC0,2,1,0,0.0,0.0,False,0
80412B270,3,0,1,0.0,0.0,False,1
80412B460,28,0,14,0.0,0.0,False,0
80414E740,2,1,0,0.0,0.0,False,0
804163860,17,6,2,0.0,0.0,False,1
804165EC0,28,14,0,0.0,0.0,False,0
804182DD0,42,21,0,0.0,0.0,False,0
8041BF590,4,2,0,0.0,0.0,False,0
8041C1790,3,0,0,0.0,0.0,False,0
8041E8A10,13,1,5,0.0,0.0,False,1
8041EB080,10,0,5,0.0,0.0,False,0
8041F85A0,20,0,10,0.0,0.0,False,0
8042127F0,3,0,0,0.0,0.0,False,0
80422A620,80,0,40,0.0,0.0,False,0
80422F270,40,20,0,0.0,0.0,False,0
80423D550,19,7,2,5.765995158870464e-08,0.0,False,1
80423D5F0,2,1,0,0.0,0.0,False,0
8042552D0,6,3,0,0.0,0.0,False,0
80426EF50,3,0,0,0.0,0.0,False,0
804284200,40,20,0,0.0,0.0,False,0
8042CDCE0,3,0,0,0.0,0.0,False,0
8042F7CE0,2,1,0,0.0,0.0,False,0
8043153F0,28,0,14,0.0,0.0,False,0
80432B8A0,3,0,0,0.0,0.0,False,1
80436F220,5,1,1,0.0,0.0,False,1
80438A560,20,0,10,0.0,0.0,False,0
8043B1D00,3,0,0,0.0,0.0,False,1
8043D2F30,40,20,0,0.0,0.0,False,0
8043E1CF0,21,9,1,0.0,0.0,False,1
8043E2050,4,0,2,0.0,0.0,False,0
8043E20A0,4,0,2,0.0,0.0,False,0
8043E29F0,4,0,2,0.0,0.0,False,0
8043E2B80,4,0,2,0.0,0.0,False,0
8043F4E40,121,38,22,3.4595970953222787e-07,0.0,False,1
804405680,3,0,0,0.0,0.0,False,0
80440B4D0,3,0,0,0.0,0.0,False,1
804438E30,3,0,0,0.0,0.0,False,1
804474D60,5,0,2,0.0,0.0,False,1
80448BEB0,5,0,2,0.0,0.0,False,1
80448C310,4,2,0,0.0,0.0,False,0
80448E4D0,4,2,0,0.0,0.0,False,0
8044CC3A0,4,0,2,0.0,0.0,False,0
8044D7EF0,2,1,0,0.0,0.0,False,0
80451BD80,3,0,0,0.0,0.0,False,0
804533720,2,1,0,0.0,0.0,False,0
8045388E0,6,3,0,0.0,0.0,False,0
804559BE0,2,0,1,0.0,0.0,False,0
80455FA80,3,0,0,0.0,0.0,False,1
80456AC10,2,0,1,0.0,0.0,False,0
8045722E0,3,0,0,0.0,0.0,False,1
8045AFF90,3,0,0,0.0,0.0,False,0
8045CC480,28,14,0,0.0,0.0,False,0
8045F1DC0,47,19,4,1.7297985476611394e-07,0.0,False,1
804608590,42,0,21,0.0,0.0,False,0
80460D080,3,0,0,0.0,0.0,False,0
804615740,23,1,10,4.036196611209325e-07,0.0,False,1
80462D920,5,0,2,0.0,0.0,False,1
80462E640,4,2,0,0.0,0.0,False,0
8046B4A20,2,1,0,0.0,0.0,False,0
8046BE9C0,6,3,0,0.0,0.0,False,0
8046FC600,3,0,0,0.0,0.0,False,0
804715AD0,2,0,1,0.0,0.0,False,0
80471A190,4,2,0,0.0,0.0,False,0
80472A160,2,1,0,0.0,0.0,False,0
80472A200,9,2,2,5.765995158870464e-08,0.0,False,1
80472A520,2,0,1,0.0,0.0,False,0
804730220,28,14,0,0.0,0.0,False,0
804752C40,3,0,0,0.0,0.0,False,0
80475F9B0,4,2,0,0.0,0.0,False,0
804760F70,4,2,0,0.0,0.0,False,0
804761100,5,0,2,0.0,0.0,False,1
80477A740,28,14,0,0.0,0.0,False,0
80477BAE0,14,7,0,0.0,0.0,False,0
804790520,3,0,0,0.0,0.0,False,1
8047A0F50,40,0,20,0.0,0.0,False,0
8047A5F10,28,14,0,0.0,0.0,False,0
8047C0EE0,28,14,0,0.0,0.0,False,0
8047C23E0,4,2,0,0.0,0.0,False,0
8047EF5D0,4,0,2,0.0,0.0,False,0
80481B650,8,4,0,0.0,0.0,False,0
8048698F0,2,0,1,0.0,0.0,False,0
80487F7E0,2,1,0,0.0,0.0,False,0
804895B10,4,2,0,0.0,0.0,False,0
80489D1B0,3,0,0,0.0,0.0,False,1
8048CB0B0,4,0,2,0.0,0.0,False,0
8048CF520,8,0,4,0.0,0.0,False,0
8048F7C20,40,20,0,0.0,0.0,False,0
8049060A0,3,0,0,0.0,0.0,False,1
80490AFC0,40,20,0,0.0,0.0,False,0
80491ABA0,12,6,0,0.0,0.0,False,0
80491BB10,2,0,1,0.0,0.0,False,0
80491BCF0,2,0,1,0.0,0.0,False,0
80491BD40,2,0,1,0.0,0.0,False,0
80491CDA0,39,5,14,2.882997579435232e-07,0.0,False,1
80491CDF0,2,0,1,0.0,0.0,False,0
80493D3F0,3,0,0,0.0,0.0,False,0
804944D00,2,1,0,0.0,0.0,False,0
804945E10,2,1,0,0.0,0.0,False,0
80494B350,61,15,15,3.4595970953222787e-07,0.0,False,1
80495B1F0,11,1,4,0.0,0.0,False,1
80498D770,40,20,0,0.0,0.0,False,0
8049926C0,3,0,0,0.0,0.0,False,0
80499FBE0,12,0,6,0.0,0.0,False,0
8049AAD00,9,2,2,0.0,0.0,False,1
8049AB3D0,40,20,0,0.0,0.0,False,0
8049AF0E1,3,0,0,0.0,0.0,False,1
8049B2BC0,28,14,0,0.0,0.0,False,0
8049DB5D0,60,0,30,0.0,0.0,False,0
8049EF700,9,2,2,0.0,0.0,False,1
8049F2760,9,2,2,0.0,0.0,False,1
8049F5650,6,0,3,0.0,0.0,False,0
8049F5830,10,0,5,0.0,0.0,False,0
8049F86F0,8,0,4,0.0,0.0,False,0
804A17BA0,42,21,0,0.0,0.0,False,0
804A28650,4,2,0,0.0,0.0,False,0
804A30A40,28,0,14,0.0,0.0,False,0
804A36990,3,0,0,0.0,0.0,False,0
804A4DE80,41,17,3,1.1531990317740929e-07,0.0,False,1
804A51F50,2,0,1,0.0,0.0,False,0
804A53800,2,1,0,0.0,0.0,False,0
804A53B10,33,1,15,1.1531990317740929e-07,0.0,False,1
804A54C80,4,0,2,0.0,0.0,False,0
804A6F3A0,14,0,7,0.0,0.0,False,0
804A97D30,203,35,66,1.0378791285966836e-06,0.0,False,1
804AB3D60,3,0,0,0.0,0.0,False,1
804AB7EC0,6,3,0,0.0,0.0,False,0
804AB95B0,40,0,20,0.0,0.0,False,0
804AC5D40,2,0,1,0.0,0.0,False,0
804ACCAE0,4,2,0,0.0,0.0,False,0
804AD1260,3,0,0,0.0,0.0,False,1
804AE08B0,2,1,0,0.0,0.0,False,0
804AF2070,9,4,0,0.0,0.0,False,1
804AF6100,4,0,2,0.0,0.0,False,0
804AFA8D0,4,0,2,0.0,0.0,False,0
804B14300,28,0,14,0.0,0.0,False,0
804B5A690,3,0,0,0.0,0.0,False,0
804B721F0,28,0,14,0.0,0.0,False,0
804B79470,3,0,0,0.0,0.0,False,1
804B7F0D0,12,6,0,0.0,0.0,False,0
804BA1A80,40,0,20,0.0,0.0,False,0
804BA5720,40,20,0,0.0,0.0,False,0
804BAF430,6,3,0,0.0,0.0,False,0
804BAF8B0,7,0,3,0.0,0.0,False,1
804C23650,33,1,15,0.0,0.0,False,1
804C3BDE0,3,0,0,0.0,0.0,False,1
804C624B0,2,1,0,0.0,0.0,False,0
804C97840,2,0,1,0.0,0.0,False,0
804C9C480,4,0,2,0.0,0.0,False,0
804CA5120,5,1,1,0.0,0.0,False,1
804CAAD50,4,0,2,0.0,0.0,False,0
804CBC400,3,0,0,0.0,0.0,False,1
804CEBAB0,2,1,0,0.0,0.0,False,0
804CEBB50,3,0,1,0.0,0.0,False,1
804CF4FE0,14,7,0,0.0,0.0,False,0
804D23AB0,40,0,20,0.0,0.0,False,0
804D33EA0,28,14,0,0.0,0.0,False,0
804D4BD90,7,2,1,0.0,0.0,False,1
804D6ABC0,99,21,28,5.189395642983418e-07,0.0,False,1
804D8EBB0,2,0,1,0.0,0.0,False,0
804DB7940,4,0,2,0.0,0.0,False,0
804DC8230,6,3,0,0.0,0.0,False,0
804DE7670,3,0,0,0.0,0.0,False,1
804DF4A60,2,0,1,0.0,0.0,False,0
804DF7F60,28,14,0,0.0,0.0,False,0
804E0D2F0,3,0,0,0.0,0.0,False,1
804E1A960,28,0,14,0.0,0.0,False,0
804E55400,16,0,8,0.0,0.0,False,0
804E5CA10,4,0,2,0.0,0.0,False,0
804E5F740,28,14,0,0.0,0.0,False,0
804E6D0D0,28,14,0,0.0,0.0,False,0
804E80FD0,28,14,0,0.0,0.0,False,0
804E90950,3,0,0,0.0,0.0,False,0
804EB3430,9,2,2,0.0,0.0,False,1
804EBDD40,4,2,0,0.0,0.0,False,0
804ED4F60,3,0,0,0.0,0.0,False,0
804EDB040,8,4,0,0.0,0.0,False,0
804EEF320,6,0,3,0.0,0.0,False,0
804EF0260,4,0,2,0.0,0.0,False,0
804F15F00,3,0,0,0.0,0.0,False,1
804F22930,8,4,0,0.0,0.0,False,0
804F250D0,81,24,16,3.4595970953222787e-07,0.0,False,1
804F386E0,10,5,0,0.0,0.0,False,0
804F43660,4,2,0,0.0,0.0,False,0
804F4CAD0,3,0,0,0.0,0.0,False,0
804F634F0,4,2,0,0.0,0.0,False,0
804F870F0,4,0,2,0.0,0.0,False,0
804F92B00,2,1,0,0.0,0.0,False,0
804FA72A0,28,14,0,0.0,0.0,False,0
804FACC00,2,0,1,0.0,0.0,False,0
804FCBA70,28,14,0,0.0,0.0,False,0
804FE20A0,2,1,0,0.0,0.0,False,0
805007420,28,14,0,0.0,0.0,False,0
80502CDE0,3,0,0,0.0,0.0,False,1
805033930,2,1,0,0.0,0.0,False,0
805039810,8,4,0,0.0,0.0,False,0
80503F260,40,0,20,0.0,0.0,False,0
80504B870,2,1,0,0.0,0.0,False,0
805051500,5,1,1,0.0,0.0,False,1
80506FDC0,69,18,16,1.1531990317740929e-07,0.0,False,1
805078010,3,0,0,0.0,0.0,False,1
8050A91B0,5,1,1,0.0,0.0,False,1
8050C77A0,2,1,0,0.0,0.0,False,0
8050C7DC0,2,1,0,0.0,0.0,False,0
8050C7EB0,9,1,3,0.0,0.0,False,1
8050CFE80,3,0,0,0.0,0.0,False,1
8050D3100,5,1,1,0.0,0.0,False,1
8050EAF80,4,0,2,0.0,0.0,False,0
805118F30,7,1,2,0.0,0.0,False,1
805119390,2,1,0,0.0,0.0,False,0
805125E70,3,0,0,0.0,0.0,False,0
8051494B0,3,0,0,0.0,0.0,False,1
805198DA0,3,0,0,0.0,0.0,False,0
8051C28D0,2,0,1,0.0,0.0,False,0
8051D3870,2,0,1,0.0,0.0,False,0
8051EF2F0,8,4,0,0.0,0.0,False,0
8051FFC80,2,0,1,0.0,0.0,False,0
805206590,4,0,2,0.0,0.0,False,0
805206A60,7,3,0,0.0,0.0,False,1
8052231B0,189,47,47,1.61447864448373e-06,0.0,False,1
80524CCD0,20,10,0,0.0,0.0,False,0
805252D90,2,1,0,0.0,0.0,False,0
805266A70,8,0,4,0.0,0.0,False,0
80526DAB0,3,0,0,0.0,0.0,False,0
80528B620,42,21,0,0.0,0.0,False,0
805295B50,9,2,2,0.0,0.0,False,1
80529FDA0,40,20,0,0.0,0.0,False,0
8052B8150,23,9,2,0.0,0.0,False,1
8052D3220,3,0,0,0.0,0.0,False,0
805314C00,3,0,0,0.0,0.0,False,0
805380430,6,3,0,0.0,0.0,False,0
805380DD0,7,0,3,0.0,0.0,False,1
80538C5E0,2,0,1,0.0,0.0,False,0
8053AF9B0,4,2,0,0.0,0.0,False,0
8053B7850,2,1,0,0.0,0.0,False,0
8053B8550,2,0,1,0.0,0.0,False,0
8053B9F70,63,1,30,4.036196611209325e-07,0.0,False,1
8053BA240,2,0,1,0.0,0.0,False,0
8053C9E50,28,0,14,0.0,0.0,False,0
8053E3C30,3,0,0,0.0,0.0,False,0
8053FA9E0,3,0,0,0.0,0.0,False,0
80543A870,2,1,0,0.0,0.0,False,0
80543C3C0,6,3,0,0.0,0.0,False,0
805440D10,60,30,0,0.0,0.0,False,0
805441E00,3,0,0,0.0,0.0,False,0
80546D150,28,14,0,0.0,0.0,False,0
805482580,28,14,0,0.0,0.0,False,0
8054A7A50,5,1,1,0.0,0.0,False,1
8054A7BE0,4,0,2,0.0,0.0,False,0
8054A9FF0,2,0,1,0.0,0.0,False,0
8054AA1D0,4,0,2,0.0,0.0,False,0
8054B9E50,6,0,3,0.0,0.0,False,0
8054BD1B0,6,0,3,0.0,0.0,False,0
8054C97C0,12,4,0,0.0,0.0,False,1
8054CBF70,4,0,2,0.0,0.0,False,0
8054CCB70,4,2,0,0.0,0.0,False,0
8054F2B70,2,0,1,0.0,0.0,False,0
805571620,3,0,0,0.0,0.0,False,1
805592110,181,34,56,9.225592254192743e-07,0.0,False,1
8055AFD70,3,0,0,0.0,0.0,False,1
80560E240,2,1,0,0.0,0.0,False,0
805624DD0,3,0,0,0.0,0.0,False,1
80565D2A0,4,2,0,0.0,0.0,False,0
805661620,60,30,0,0.0,0.0,False,0
805694570,33,1,15,0.0,0.0,False,1
8056F5230,28,14,0,0.0,0.0,False,0
805703500,3,0,0,0.0,0.0,False,0
80570D870,3,0,0,0.0,0.0,False,0
805718760,3,0,0,0.0,0.0,False,0
805752BA0,2,1,0,0.0,0.0,False,0
8057534D0,2,1,0,0.0,0.0,False,0
805769430,3,0,0,0.0,0.0,False,0
80577C280,20,10,0,0.0,0.0,False,0
805780DB0,4,2,0,0.0,0.0,False,0
805780E50,5,0,2,0.0,0.0,False,1
80579A160,89,26,18,2.3063980635481857e-07,0.0,False,1
8058306B0,13,4,2,5.765995158870464e-08,0.0,False,1
805830A60,2,1,0,0.0,0.0,False,0
8058460C0,28,0,14,0.0,0.0,False,0
80585B1C0,2,1,0,0.0,0.0,False,0
80585F000,7,1,2,0.0,0.0,False,1
80585F050,2,1,0,0.0,0.0,False,0
805866C00,5,1,1,0.0,0.0,False,1
805875F60,4,2,0,0.0,0.0,False,0
805876630,5,0,2,0.0,0.0,False,1
8058BED90,42,21,0,0.0,0.0,False,0
8058DA430,177,36,52,1.1531990317740929e-07,0.0,False,1
8058E64F0,2,1,0,0.0,0.0,False,0
8058E6590,3,0,1,0.0,0.0,False,1
8058F3220,4,2,0,0.0,0.0,False,0
805905F30,28,14,0,0.0,0.0,False,0
8059456B0,8,4,0,0.0,0.0,False,0
805951600,3,0,0,0.0,0.0,False,1
8059B4520,2,1,0,0.0,0.0,False,0
8059B7350,2,0,1,0.0,0.0,False,0
8059B7520,67,2,31,4.036196611209325e-07,0.0,False,1
8059BA5E0,3,0,0,0.0,0.0,False,1
8059D7D00,3,0,0,0.0,0.0,False,0
8059E55B0,40,0,20,0.0,0.0,False,0
8059E8080,40,0,20,0.0,0.0,False,0
8059F5E80,2,0,1,0.0,0.0,False,0
805A0CB50,3,0,0,0.0,0.0,False,0
805A0F8B0,3,0,0,0.0,0.0,False,0
805A1A4D0,2,1,0,0.0,0.0,False,0
805A1FCC0,2,1,0,0.0,0.0,False,0
805A21C10,13,2,4,0.0,0.0,False,1
805A24290,3,0,0,0.0,0.0,False,0
805A60FE0,4,2,0,0.0,0.0,False,0
805A66D50,5,1,1,0.0,0.0,False,1
805A9ED50,3,0,0,0.0,0.0,False,0
805AB1EF0,8,0,4,0.0,0.0,False,0
805AB6580,3,0,0,0.0,0.0,False,1
805ABB1A0,2,1,0,0.0,0.0,False,0
805ABB2E0,3,0,1,0.0,0.0,False,1
805B01140,4,0,2,0.0,0.0,False,0
805B018C0,13,4,2,0.0,0.0,False,1
805B11C10,23,9,2,0.0,0.0,False,1
805B11C60,2,0,1,0.0,0.0,False,0
805B11D00,2,0,1,0.0,0.0,False,0
805B11DA0,2,0,1,0.0,0.0,False,0
805B26EA0,3,0,0,0.0,0.0,False,1
805B2E730,28,14,0,0.0,0.0,False,0
805B48D70,197,36,62,6.919194190644557e-07,0.0,False,1
805B8B070,14,0,7,0.0,0.0,False,0
805B8BB80,3,0,0,0.0,0.0,False,1
805B909D0,20,0,10,0.0,0.0,False,0
805BED8C0,49,2,22,0.0,0.0,False,1
805C0C750,2,0,1,0.0,0.0,False,0
805C3CFD0,4,2,0,0.0,0.0,False,0
805C4BAB0,67,2,31,4.036196611209325e-07,0.0,False,1
805CA0200,5,0,2,0.0,0.0,False,1
805CA02A0,4,2,0,0.0,0.0,False,0
805CAE460,2,1,0,0.0,0.0,False,0
805CCD270,4,0,2,0.0,0.0,False,0
805CCE060,13,4,2,0.0,0.0,False,1
805CD7580,42,21,0,0.0,0.0,False,0
805CDA130,3,0,0,0.0,0.0,False,0
805CE7A90,3,0,0,0.0,0.0,False,1
805D290D0,2,1,0,0.0,0.0,False,0
805D29210,11,3,2,1.1531990317740929e-07,0.0,False,1
805D34770,3,0,0,0.0,0.0,False,0
805D34BC0,5,1,1,0.0,0.0,False,1
805D4B310,85,26,16,1.1531990317740929e-07,0.0,False,1
805D66090,40,20,0,0.0,0.0,False,0
805D79140,3,0,0,0.0,0.0,False,1
805DAAFE0,40,20,0,0.0,0.0,False,0
805DC2520,3,0,0,0.0,0.0,False,0
805DD0990,3,0,0,0.0,0.0,False,0
805DD27C0,16,8,0,0.0,0.0,False,0
805DD31C0,3,0,0,0.0,0.0,False,1
805DE1DC0,8,4,0,0.0,0.0,False,0
805DF8E40,14,7,0,0.0,0.0,False,0
805E36640,40,20,0,0.0,0.0,False,0
805E89BA0,100,50,0,0.0,0.0,False,0
805E96390,5,1,1,0.0,0.0,False,1
805EA3F30,185,43,49,3.4595970953222787e-07,0.0,False,1
805EB4130,28,14,0,0.0,0.0,False,0
805EB9B90,2,1,0,0.0,0.0,False,0
805EE4470,8,0,4,0.0,0.0,False,0
805EED740,3,0,0,0.0,0.0,False,1
805EF3560,3,0,0,0.0,0.0,False,0
805EFD340,3,0,0,0.0,0.0,False,0
805EFEC80,28,14,0,0.0,0.0,False,0
805F1C2A0,2,1,0,0.0,0.0,False,0
805F380A0,4,0,2,0.0,0.0,False,0
805F47110,9,2,2,5.765995158870464e-08,0.0,False,1
805F47360,2,1,0,0.0,0.0,False,0
805F4BFC0,28,14,0,0.0,0.0,False,0
805F6EF90,23,1,10,3.4595970953222787e-07,0.0,False,1
805F703F0,2,0,1,0.0,0.0,False,0
805F797B0,13,4,2,0.0,0.0,False,1
805F7F630,2,0,1,0.0,0.0,False,0
805F862C0,28,0,14,0.0,0.0,False,0
805F87020,2,0,1,0.0,0.0,False,0
805FA2BB1,3,0,0,0.0,0.0,False,0
805FCA7D0,3,0,0,0.0,0.0,False,1
805FCF750,7,1,2,0.0,0.0,False,1
805FCFC50,2,1,0,0.0,0.0,False,0
805FD4DC0,40,20,0,0.0,0.0,False,0
805FE09D0,10,5,0,0.0,0.0,False,0
805FF2F80,23,1,10,3.4595970953222787e-07,0.0,False,1
805FF3690,2,0,1,0.0,0.0,False,0
8060006C0,8,4,0,0.0,0.0,False,0
806051A90,2,0,1,0.0,0.0,False,0
8060715E0,20,0,10,0.0,0.0,False,0
80607FC20,51,24,1,0.0,0.0,False,1
80608FCA0,2,1,0,0.0,0.0,False,0
8060922A0,8,4,0,0.0,0.0,False,0
806096E10,3,0,0,0.0,0.0,False,1
80609A930,2,1,0,0.0,0.0,False,0
8060A2370,213,50,56,1.0378791285966836e-06,0.0,False,1
8060A7110,4,2,0,0.0,0.0,False,0
8060AFE50,3,0,0,0.0,0.0,False,1
8060BE440,14,7,0,0.0,0.0,False,0
806102970,42,0,21,0.0,0.0,False,0
806105AD0,14,7,0,0.0,0.0,False,0
806110AF0,3,0,0,0.0,0.0,False,0
806116FA0,2,0,1,0.0,0.0,False,0
806120AB0,6,0,3,0.0,0.0,False,0
80614CE50,42,0,21,0.0,0.0,False,0
806184A90,105,27,25,3.4595970953222787e-07,0.0,False,1
806185740,3,0,0,0.0,0.0,False,0
80618D610,6,3,0,0.0,0.0,False,0
80619F170,3,0,0,0.0,0.0,False,1
8061B0E10,4,0,2,0.0,0.0,False,0
8061E5BD0,9,1,3,0.0,0.0,False,1
8061EFD60,8,4,0,0.0,0.0,False,0
806202200,4,2,0,0.0,0.0,False,0
806202740,5,0,2,0.0,0.0,False,1
80623C860,3,0,0,0.0,0.0,False,0
8062492E0,3,0,0,0.0,0.0,False,1
80624E3E0,8,0,4,0.0,0.0,False,0
80625AAB0,4,2,0,0.0,0.0,False,0
8062D7B90,42,21,0,0.0,0.0,False,0
8062E84D0,2,0,1,0.0,0.0,False,0
8062E8E70,47,1,22,0.0,0.0,False,1
8062EDB80,2,0,1,0.0,0.0,False,0
8062EE980,2,0,1,0.0,0.0,False,0
8062F0040,2,0,1,0.0,0.0,False,0
806311B80,3,0,0,0.0,0.0,False,0
80631F530,2,1,0,0.0,0.0,False,0
806324930,7,1,2,0.0,0.0,False,1
80633C050,28,14,0,0.0,0.0,False,0
8063568D0,3,0,0,0.0,0.0,False,1
806397620,5,1,1,0.0,0.0,False,1
8063A9CD0,77,37,1,0.0,0.0,False,1
8063CC830,5,1,1,0.0,0.0,False,1
8063D37A0,40,20,0,0.0,0.0,False,0
8063E1490,15,4,3,5.765995158870464e-08,0.0,False,1
8063E1C60,2,1,0,0.0,0.0,False,0
8063E3B80,28,0,14,0.0,0.0,False,0
8063E3E10,4,0,2,0.0,0.0,False,0
80641B760,40,0,20,0.0,0.0,False,0
806428B20,5,1,1,0.0,0.0,False,1
80642ADF0,28,14,0,0.0,0.0,False,0
80642D730,40,0,20,0.0,0.0,False,0
80645D3A0,47,18,5,2.3063980635481857e-07,0.0,False,1
80645D3F0,2,1,0,0.0,0.0,False,0
8064A45C0,6,3,0,0.0,0.0,False,0
8064C8820,3,0,0,0.0,0.0,False,1
8064CB7B0,2,0,1,0.0,0.0,False,0
8064D6000,8,0,4,0.0,0.0,False,0
8064DEEE0,41,19,1,0.0,0.0,False,1
8064ED2F0,3,0,0,0.0,0.0,False,1
806515CF0,3,0,0,0.0,0.0,False,0
80654C3B0,60,0,30,0.0,0.0,False,0
806580670,2,0,1,0.0,0.0,False,0
806580E90,2,0,1,0.0,0.0,False,0
80658F2D0,21,4,6,1.1531990317740929e-07,0.0,False,1
80658F410,2,1,0,0.0,0.0,False,0
8065C19B0,8,4,0,0.0,0.0,False,0
8065CD240,4,0,2,0.0,0.0,False,0
8065F4020,3,0,0,0.0,0.0,False,1
80660E630,3,0,0,0.0,0.0,False,1
806617C50,2,1,0,0.0,0.0,False,0
806644640,4,0,2,0.0,0.0,False,0
806651F80,11,2,3,0.0,0.0,False,1
8066835E0,60,30,0,0.0,0.0,False,0
8066C6C30,5,1,1,0.0,0.0,False,1
8066D15B0,8,4,0,0.0,0.0,False,0
8066D6110,60,0,30,0.0,0.0,False,0
8066DBB20,3,0,0,0.0,0.0,False,1
8066E1770,28,0,14,0.0,0.0,False,0
806705BD0,2,0,1,0.0,0.0,False,0
80670CF40,40,20,0,0.0,0.0,False,0
8067108F0,4,2,0,0.0,0.0,False,0
80676E9D0,3,0,0,0.0,0.0,False,1
806788380,3,0,0,0.0,0.0,False,1
80678C540,4,0,2,0.0,0.0,False,0
80678D1A0,4,0,2,0.0,0.0,False,0
80678D6F0,4,0,2,0.0,0.0,False,0
80678E780,2,1,0,0.0,0.0,False,0
80678EDC0,2,1,0,0.0,0.0,False,0
80678F290,33,12,4,4.6127961270963714e-07,0.0,False,1
8067950E0,15,4,3,5.765995158870464e-08,0.0,False,1
80679C040,2,1,0,0.0,0.0,False,0
80679E6B0,4,0,2,0.0,0.0,False,0
8067B9C80,42,21,0,0.0,0.0,False,0
8067C7B70,12,6,0,0.0,0.0,False,0
8067D9E30,8,0,4,0.0,0.0,False,0
8067FD770,28,14,0,0.0,0.0,False,0
8068029D0,3,0,0,0.0,0.0,False,0
80685A750,14,7,0,0.0,0.0,False,0
806891340,2,1,0,0.0,0.0,False,0
80689C4D0,3,0,0,0.0,0.0,False,0
8068A3010,3,0,0,0.0,0.0,False,0
80694B5F0,3,0,0,0.0,0.0,False,0
806966C60,3,0,0,0.0,0.0,False,1
806969E00,5,1,1,0.0,0.0,False,1
806989F40,3,0,0,0.0,0.0,False,1
80698EE70,41,20,0,0.0,0.0,False,1
80699E350,7,1,2,0.0,0.0,False,1
8069A4720,2,1,0,0.0,0.0,False,0
8069A8380,2,1,0,0.0,0.0,False,0
8069AB330,51,24,1,0.0,0.0,False,1
8069C48B0,3,0,0,0.0,0.0,False,1
806A3EF50,6,3,0,0.0,0.0,False,0
806A46040,2,1,0,0.0,0.0,False,0
806A47240,3,0,0,0.0,0.0,False,0
806A48250,13,3,3,1.1531990317740929e-07,0.0,False,1
806A4AAE0,2,1,0,0.0,0.0,False,0
806A4AB30,4,0,2,0.0,0.0,False,0
806A591E0,3,0,0,0.0,0.0,False,1
806A77F00,5,0,2,0.0,0.0,False,1
806AB4CD0,20,0,10,0.0,0.0,False,0
806ABDEB0,4,2,0,0.0,0.0,False,0
806ADC120,40,20,0,0.0,0.0,False,0
806AE84B0,21,2,8,5.765995158870464e-08,0.0,False,1
806AE9A30,2,0,1,0.0,0.0,False,0
806AF7C70,3,0,0,0.0,0.0,False,0
806B2C110,40,0,20,0.0,0.0,False,0
806B39200,8,0,4,0.0,0.0,False,0
806B3DB00,3,0,0,0.0,0.0,False,0
806B812F0,4,0,2,0.0,0.0,False,0
806BC6340,3,0,0,0.0,0.0,False,1
806BFE4D0,3,0,0,0.0,0.0,False,1
806C13690,4,0,2,0.0,0.0,False,0
806C3B980,11,2,3,0.0,0.0,False,1
806C43360,4,2,0,0.0,0.0,False,0
806C434F0,5,0,2,0.0,0.0,False,1
806C45860,2,1,0,0.0,0.0,False,0
806C6DB20,75,14,23,1.7297985476611394e-07,0.0,False,1
806C6E560,3,0,0,0.0,0.0,False,1
806C81F90,14,0,7,0.0,0.0,False,0
806CB3170,5,1,1,0.0,0.0,False,1
806CDC5F0,3,0,0,0.0,0.0,False,0
806CFE720,3,0,0,0.0,0.0,False,0
806D36B80,37,2,16,0.0,0.0,False,1
806D5EF00,3,0,0,0.0,0.0,False,0
806D663F0,3,0,0,0.0,0.0,False,1
806D79F20,3,0,0,0.0,0.0,False,0
806D7D990,3,0,0,0.0,0.0,False,0
806D7F230,6,3,0,0.0,0.0,False,0
806D81F70,9,2,2,0.0,0.0,False,1
806D843F0,2,1,0,0.0,0.0,False,0
806D8F820,3,0,1,0.0,0.0,False,1
806D90200,3,0,0,0.0,0.0,False,0
806DA8BF0,3,0,0,0.0,0.0,False,0
806DDDFD0,69,32,2,1.1531990317740929e-07,0.0,False,1
806E56560,3,0,0,0.0,0.0,False,1
806E77290,3,0,0,0.0,0.0,False,1
806E7DB20,7,0,3,0.0,0.0,False,1
806E7E6D0,4,2,0,0.0,0.0,False,0
806E7FB40,2,1,0,0.0,0.0,False,0
806E8E170,3,0,0,0.0,0.0,False,0
806EA4730,3,0,0,0.0,0.0,False,0
806ECB480,3,0,0,0.0,0.0,False,1
806EE5240,5,2,0,0.0,0.0,False,1
806EEE7A0,4,0,2,0.0,0.0,False,0
806F01290,3,0,0,0.0,0.0,False,1
806F1C5C0,95,30,17,3.4595970953222787e-07,0.0,False,1
806F2BBD0,3,0,0,0.0,0.0,False,1
806F37060,28,0,14,0.0,0.0,False,0
806F4D490,28,14,0,0.0,0.0,False,0
806F53F90,3,0,0,0.0,0.0,False,1
806F58600,8,4,0,0.0,0.0,False,0
806F692F0,3,0,0,0.0,0.0,False,0
806F7AF90,9,2,2,0.0,0.0,False,1
806F854C0,4,2,0,0.0,0.0,False,0
806FBD470,28,0,14,0.0,0.0,False,0
806FD0080,3,0,0,0.0,0.0,False,1
806FD2170,14,7,0,0.0,0.0,False,0
806FE7D00,3,0,0,0.0,0.0,False,1
806FE98C0,4,0,2,0.0,0.0,False,0
806FF0A50,2,0,1,0.0,0.0,False,0
806FF21B0,13,4,2,0.0,0.0,False,1
806FF38A0,42,21,0,0.0,0.0,False,0
806FF83D0,6,3,0,0.0,0.0,False,0
80702B680,6,0,3,0.0,0.0,False,0
80703F540,2,1,0,0.0,0.0,False,0
8070ABFB0,28,0,14,0.0,0.0,False,0
8070B6760,28,14,0,0.0,0.0,False,0
8070BF070,6,3,0,0.0,0.0,False,0
8070F4600,75,23,14,1.7297985476611394e-07,0.0,False,1
807106A80,2,0,1,0.0,0.0,False,0
80711DFC0,3,0,0,0.0,0.0,False,0
80712D740,56,28,0,0.0,0.0,False,0
80714C310,3,0,0,0.0,0.0,False,0
8071D95E0,3,0,0,0.0,0.0,False,1
80720A620,3,0,0,0.0,0.0,False,0
807218F20,2,1,0,0.0,0.0,False,0
807221410,4,2,0,0.0,0.0,False,0
8072233C0,7,0,3,0.0,0.0,False,1
807263700,37,17,1,0.0,0.0,False,1
807263750,4,0,2,0.0,0.0,False,0
80728C6E0,2,0,1,0.0,0.0,False,0
807328630,3,0,0,0.0,0.0,False,0
807331EB0,80,0,40,0.0,0.0,False,0
8073379A0,42,21,0,0.0,0.0,False,0
80734C290,3,0,0,0.0,0.0,False,0
80734F320,61,16,14,1.1531990317740929e-07,0.0,False,1
80735EF70,2,0,1,0.0,0.0,False,0
80736E5C0,3,0,0,0.0,0.0,False,0
807398950,5,1,1,0.0,0.0,False,1
8073C6660,4,2,0,0.0,0.0,False,0
8073E3FC0,6,3,0,0.0,0.0,False,0
80745AA70,28,0,14,0.0,0.0,False,0
807466E30,4,2,0,0.0,0.0,False,0
8074670F0,5,0,2,0.0,0.0,False,1
807481AF0,3,0,0,0.0,0.0,False,1
807490390,73,35,1,0.0,0.0,False,1
8074EFE30,2,1,0,0.0,0.0,False,0
807514D30,4,0,2,0.0,0.0,False,0
807523A90,28,14,0,0.0,0.0,False,0
8075523B0,3,0,0,0.0,0.0,False,1
807566EB0,28,14,0,0.0,0.0,False,0
8075B2D30,5,1,1,0.0,0.0,False,1
8075BE8C0,3,0,0,0.0,0.0,False,0
8075EEC90,4,2,0,0.0,0.0,False,0
8075F3820,5,0,2,0.0,0.0,False,1
807605F70,60,30,0,0.0,0.0,False,0
80761C8E0,2,0,1,0.0,0.0,False,0
8076673E0,201,25,75,1.2108589833627974e-06,0.0,False,1
807669B50,8,0,4,0.0,0.0,False,0
80766A3D0,3,0,0,0.0,0.0,False,0
807676CD0,8,0,4,0.0,0.0,False,0
8076877F0,14,0,7,0.0,0.0,False,0
807688B50,40,0,20,0.0,0.0,False,0
8076BFE50,8,0,4,0.0,0.0,False,0
8076D6E50,3,0,0,0.0,0.0,False,1
8076E6530,4,0,2,0.0,0.0,False,0
8076EB8A0,15,4,3,5.765995158870464e-08,0.0,False,1
8076F4060,5,1,1,0.0,0.0,False,1
8076F59C0,2,1,0,0.0,0.0,False,0
80770A670,4,2,0,0.0,0.0,False,0
80770DA20,13,4,2,0.0,0.0,False,1
80770FD80,4,0,2,0.0,0.0,False,0
807714E90,40,20,0,0.0,0.0,False,0
80771C250,28,0,14,0.0,0.0,False,0
8077247A0,2,1,0,0.0,0.0,False,0
807733150,2,0,1,0.0,0.0,False,0
807734810,47,3,20,1.1531990317740929e-07,0.0,False,1
80773B2B0,4,2,0,0.0,0.0,False,0
80773C7A0,41,16,4,1.1531990317740929e-07,0.0,False,1
80773C7F0,2,1,0,0.0,0.0,False,0
80773ECB0,40,20,0,0.0,0.0,False,0
80775BA70,3,0,0,0.0,0.0,False,0
807776300,3,0,0,0.0,0.0,False,0
80777E5C0,3,0,0,0.0,0.0,False,0
807789D50,2,0,1,0.0,0.0,False,0
80779AFC0,3,0,0,0.0,0.0,False,0
80779DBC0,33,1,15,0.0,0.0,False,1
8077A46F0,6,3,0,0.0,0.0,False,0
8077AE780,43,21,0,0.0,0.0,False,1
8077D9C80,4,2,0,0.0,0.0,False,0
8077F7C20,3,0,0,0.0,0.0,False,1
807803590,2,0,1,0.0,0.0,False,0
80788FB20,28,14,0,0.0,0.0,False,0
8078A0F40,4,0,2,0.0,0.0,False,0
8078A7670,57,20,8,5.189395642983418e-07,0.0,False,1
8078A7710,4,0,2,0.0,0.0,False,0
8078AF310,8,0,4,0.0,0.0,False,0
80790E150,3,0,0,0.0,0.0,False,0
807916270,4,2,0,0.0,0.0,False,0
8079762D0,3,0,0,0.0,0.0,False,1
8079AAA10,3,0,0,0.0,0.0,False,1
8079B63F0,2,1,0,0.0,0.0,False,0
8079DC880,17,5,3,1.1531990317740929e-07,0.0,False,1
8079E1450,4,0,2,0.0,0.0,False,0
8079E2FB0,2,1,0,0.0,0.0,False,0
807A2A400,3,0,0,0.0,0.0,False,1
807A367B0,4,2,0,0.0,0.0,False,0
807A4A280,11,4,1,0.0,0.0,False,1
807A63060,3,0,0,0.0,0.0,False,1
807A879A0,40,20,0,0.0,0.0,False,0
807A8BFF0,3,0,0,0.0,0.0,False,1
807AA4750,3,0,0,0.0,0.0,False,1
807ACADE0,3,0,0,0.0,0.0,False,0
807AE44A0,2,1,0,0.0,0.0,False,0
807AE44F0,3,0,1,0.0,0.0,False,1
807B0FC30,3,0,0,0.0,0.0,False,0
807B1F260,3,0,0,0.0,0.0,False,0
807B50340,28,14,0,0.0,0.0,False,0
807BECC30,5,1,1,0.0,0.0,False,1
807BF8490,9,2,2,0.0,0.0,False,1
807C17A30,60,30,0,0.0,0.0,False,0
807C493E0,28,0,14,0.0,0.0,False,0
807C50360,3,0,0,0.0,0.0,False,0
807C523B0,3,0,0,0.0,0.0,False,0
807C5CDC0,75,20,17,2.3063980635481857e-07,0.0,False,1
807C5CE10,2,1,0,0.0,0.0,False,0
807C7C430,3,0,0,0.0,0.0,False,1
807C9D3A0,3,0,0,0.0,0.0,False,1
807CACED0,3,0,0,0.0,0.0,False,1
807CD0050,3,0,0,0.0,0.0,False,0
807CD4050,3,0,0,0.0,0.0,False,0
807CFCE50,7,1,2,0.0,0.0,False,1
807D17DB0,6,0,3,0.0,0.0,False,0
807D1F460,2,1,0,0.0,0.0,False,0
807D244F0,40,0,20,0.0,0.0,False,0
807D25570,28,14,0,0.0,0.0,False,0
807D75320,4,2,0,0.0,0.0,False,0
807D80E70,3,0,0,0.0,0.0,False,0
807DC0D70,3,0,0,0.0,0.0,False,0
807DE2E10,3,0,0,0.0,0.0,False,1
807DE8030,6,0,3,0.0,0.0,False,0
807DE9A00,5,1,1,0.0,0.0,False,1
807DF3600,173,35,51,3.4595970953222787e-07,0.0,False,1
807E3B150,3,0,0,0.0,0.0,False,0
807E4A3D0,3,0,0,0.0,0.0,False,0
807E80300,20,10,0,0.0,0.0,False,0
807E9A5B0,3,0,0,0.0,0.0,False,1
807EA7DF0,2,0,1,0.0,0.0,False,0
807EE8EB0,3,0,0,0.0,0.0,False,1
807EECEA0,3,0,1,0.0,0.0,False,1
807EEF790,2,1,0,0.0,0.0,False,0
807EFA590,3,0,0,0.0,0.0,False,1
807F056B0,119,9,50,3.4595970953222787e-07,0.0,False,1
807F0F780,6,0,3,0.0,0.0,False,0
807F15720,4,0,2,0.0,0.0,False,0
807F174C0,9,2,2,0.0,0.0,False,1
807F18AC0,17,6,2,0.0,0.0,False,1
807F18C00,4,0,2,0.0,0.0,False,0
807F59C60,3,0,0,0.0,0.0,False,0
807F7AF60,3,0,0,0.0,0.0,False,1
807FC49A0,12,0,6,0.0,0.0,False,0
807FD1ED0,20,0,10,0.0,0.0,False,0
807FE6A50,3,0,0,0.0,0.0,False,0
8080235A0,29,6,8,1.1531990317740929e-07,0.0,False,1
80803B990,4,2,0,0.0,0.0,False,0
80803B9E0,5,0,2,0.0,0.0,False,1
80803EA90,13,5,1,0.0,0.0,False,1
80806E360,81,26,14,1.1531990317740929e-07,0.0,False,1
808077E90,3,0,0,0.0,0.0,False,1
8080A28A0,3,0,0,0.0,0.0,False,0
8080D49F0,3,0,0,0.0,0.0,False,1
8080D8570,3,0,0,0.0,0.0,False,0
8080FF4A0,3,0,0,0.0,0.0,False,0
80811F3E0,3,0,0,0.0,0.0,False,0
8081319B0,4,2,0,0.0,0.0,False,0
80813E130,40,20,0,0.0,0.0,False,0
80814F280,3,0,0,0.0,0.0,False,1
808153A70,3,0,0,0.0,0.0,False,1
808176090,3,0,0,0.0,0.0,False,1
8081DFAB0,40,20,0,0.0,0.0,False,0
8081F2B60,3,0,0,0.0,0.0,False,1
80822D000,3,0,0,0.0,0.0,False,1
808230E10,20,10,0,0.0,0.0,False,0
80828DBC0,3,0,0,0.0,0.0,False,0
8082925A0,14,0,7,0.0,0.0,False,0
8082B1330,3,0,0,0.0,0.0,False,0
8082E0520,12,6,0,0.0,0.0,False,0
8082E1260,28,14,0,0.0,0.0,False,0
808303870,42,21,0,0.0,0.0,False,0
80830C060,161,32,48,3.4595970953222787e-07,0.0,False,1
8083461B0,40,0,20,0.0,0.0,False,0
808357780,8,0,4,0.0,0.0,False,0
80837EE10,91,22,23,6.919194190644557e-07,0.0,False,1
8083881A0,3,0,0,0.0,0.0,False,0
808397170,4,0,2,0.0,0.0,False,0
8083B9720,4,0,2,0.0,0.0,False,0
8083B9770,4,0,2,0.0,0.0,False,0
8083B9860,35,12,5,1.7297985476611394e-07,0.0,False,1
8083C23D0,5,1,1,0.0,0.0,False,1
8083D6020,65,31,1,0.0,0.0,False,1
8083E41E0,3,0,0,0.0,0.0,False,0
8083EB130,20,0,10,0.0,0.0,False,0
8083FF5B0,12,6,0,0.0,0.0,False,0
8084157F0,3,0,0,0.0,0.0,False,0
80841A810,40,20,0,0.0,0.0,False,0
80842FB20,56,28,0,0.0,0.0,False,0
8084357D0,65,26,6,1.7297985476611394e-07,0.0,False,1
808444B20,3,0,0,0.0,0.0,False,0
808485320,2,1,0,0.0,0.0,False,0
8084E68B0,47,1,22,0.0,0.0,False,1
8084EA1E0,2,1,0,0.0,0.0,False,0
808563320,87,27,16,1.1531990317740929e-07,0.0,False,1
808592ED0,28,14,0,0.0,0.0,False,0
80859BE30,2,1,0,0.0,0.0,False,0
80859C380,3,0,1,0.0,0.0,False,1
8085C1A60,4,2,0,0.0,0.0,False,0
8085C23B0,5,0,2,0.0,0.0,False,1
8085C6D50,4,2,0,0.0,0.0,False,0
8085DD080,8,0,4,0.0,0.0,False,0
8085FCBE0,5,0,2,0.0,0.0,False,1
80860E410,4,2,0,0.0,0.0,False,0
808614EB0,28,0,14,0.0,0.0,False,0
808621E10,2,0,1,0.0,0.0,False,0
808622050,83,15,26,3.4595970953222787e-07,0.0,False,1
808649F10,89,13,31,2.3063980635481857e-07,0.0,False,1
8086598D0,4,2,0,0.0,0.0,False,0
80865B830,5,0,2,0.0,0.0,False,1
808660B60,3,0,0,0.0,0.0,False,1
80866A7E0,3,0,0,0.0,0.0,False,1
808697F70,3,0,0,0.0,0.0,False,1
8086B7B50,8,4,0,0.0,0.0,False,0
8086BC2E0,5,1,1,0.0,0.0,False,1
8086C8A00,3,0,0,0.0,0.0,False,1
8086D53D0,28,14,0,0.0,0.0,False,0
8086E0C10,6,3,0,0.0,0.0,False,0
8087524B0,40,20,0,0.0,0.0,False,0
8087528A0,60,0,30,0.0,0.0,False,0
808761F40,28,14,0,0.0,0.0,False,0
80876B4A0,3,0,0,0.0,0.0,False,0
80877E700,3,0,0,0.0,0.0,False,0
808780350,9,2,2,0.0,0.0,False,1
80882D5A0,4,2,0,0.0,0.0,False,0
80882D5F0,5,0,2,0.0,0.0,False,1
8088317F0,3,0,0,0.0,0.0,False,1
80884F130,3,0,0,0.0,0.0,False,1
80888FA00,3,0,0,0.0,0.0,False,1
8088A8FF0,3,0,0,0.0,0.0,False,0
8088A9360,2,0,1,0.0,0.0,False,0
8088B0390,3,0,0,0.0,0.0,False,0
8088F16E0,14,7,0,0.0,0.0,False,0
8088FCA40,3,0,0,0.0,0.0,False,1
808903EC0,3,0,0,0.0,0.0,False,0
808921000,2,1,0,0.0,0.0,False,0
808921B40,39,2,17,0.0,0.0,False,1
808930C40,3,0,0,0.0,0.0,False,0
808978A40,6,3,0,0.0,0.0,False,0
8089A5AB0,59,0,28,0.0,0.0,False,1
8089BBD80,11,0,5,0.0,0.0,False,1
8089BCB70,2,1,0,0.0,0.0,False,0
8089E2100,28,14,0,0.0,0.0,False,0
8089F08D0,2,1,0,0.0,0.0,False,0
8089FE4A0,3,0,0,0.0,0.0,False,1
808A00DD0,5,1,1,0.0,0.0,False,1
808A1C570,4,0,2,0.0,0.0,False,0
808A1EAE0,11,3,2,5.765995158870464e-08,0.0,False,1
808A1EB30,2,1,0,0.0,0.0,False,0
808A55920,4,0,2,0.0,0.0,False,0
808A826F0,3,0,0,0.0,0.0,False,1
808A8C890,2,0,1,0.0,0.0,False,0
808A99A90,2,1,0,0.0,0.0,False,0
808AA7580,3,0,0,0.0,0.0,False,1
808AA8CB0,4,0,2,0.0,0.0,False,0
808AA91E0,11,3,2,5.765995158870464e-08,0.0,False,1
808AB33A0,40,20,0,0.0,0.0,False,0
808AD9180,3,0,0,0.0,0.0,False,1
808AFC6A0,17,7,1,0.0,0.0,False,1
808AFC8D0,4,0,2,0.0,0.0,False,0
808B18F30,3,0,0,0.0,0.0,False,0
808B1C590,2,1,0,0.0,0.0,False,0
808B1EAE0,5,1,1,0.0,0.0,False,1
808B4ABD0,28,14,0,0.0,0.0,False,0
808B4C0F0,28,14,0,0.0,0.0,False,0
808B564A0,12,0,6,0.0,0.0,False,0
808B9ABB0,3,0,0,0.0,0.0,False,1
808BC2C60,8,4,0,0.0,0.0,False,0
808BCAA90,2,0,1,0.0,0.0,False,0
808BCB550,6,0,3,0.0,0.0,False,0
808BDDFF0,3,0,0,0.0,0.0,False,0
808BE9280,10,0,5,0.0,0.0,False,0
808C125A0,20,0,10,0.0,0.0,False,0
808C1F480,14,7,0,0.0,0.0,False,0
808C23710,42,0,21,0.0,0.0,False,0
808C59F00,37,17,1,0.0,0.0,False,1
808C63380,5,2,0,0.0,0.0,False,1
808C7A930,4,0,2,0.0,0.0,False,0
808CA0F70,3,0,0,0.0,0.0,False,1
808CBEB50,4,2,0,0.0,0.0,False,0
808CBFC20,5,0,2,0.0,0.0,False,1
808CF8E40,43,21,0,0.0,0.0,False,1
808D14B70,2,1,0,0.0,0.0,False,0
808D4CF90,3,0,0,0.0,0.0,False,1
808D52770,5,1,1,0.0,0.0,False,1
808D5B530,89,29,15,1.7297985476611394e-07,0.0,False,1
808D62D60,3,0,0,0.0,0.0,False,0
808D80FB0,28,14,0,0.0,0.0,False,0
808D8C140,14,0,7,0.0,0.0,False,0
808D8FB20,3,0,0,0.0,0.0,False,1
808D94BD0,3,0,0,0.0,0.0,False,0
808DBFA40,40,20,0,0.0,0.0,False,0
808E0D570,14,0,7,0.0,0.0,False,0
808E13B70,3,0,0,0.0,0.0,False,0
808E39660,49,23,1,0.0,0.0,False,1
808E644E0,56,0,28,0.0,0.0,False,0
808E6F9F0,6,0,3,0.0,0.0,False,0
808E7B470,2,0,1,0.0,0.0,False,0
808E7B510,15,5,2,0.0,0.0,False,1
808E7B560,2,0,1,0.0,0.0,False,0
808E7B7D0,2,0,1,0.0,0.0,False,0
808ECB730,4,0,2,0.0,0.0,False,0
808ED4030,9,3,1,0.0,0.0,False,1
808EEDD30,14,0,7,0.0,0.0,False,0
808EF6310,65,31,1,0.0,0.0,False,1
808F04160,40,20,0,0.0,0.0,False,0
808F06960,3,0,0,0.0,0.0,False,1
808F40990,16,8,0,0.0,0.0,False,0
808F41090,61,29,1,0.0,0.0,False,1
808FBE0A0,28,0,14,0.0,0.0,False,0
808FD35A0,5,0,2,0.0,0.0,False,1
808FD43B0,4,2,0,0.0,0.0,False,0
808FDE640,2,1,0,0.0,0.0,False,0
808FEF500,125,20,42,1.7297985476611394e-07,0.0,False,1
8090283D0,40,0,20,0.0,0.0,False,0
809030A70,23,9,2,0.0,0.0,False,1
809069D90,2,1,0,0.0,0.0,False,0
809074FA0,8,0,4,0.0,0.0,False,0
80908AF90,20,0,10,0.0,0.0,False,0
80909FFE0,61,11,19,1.7297985476611394e-07,0.0,False,1
8090AC860,3,0,0,0.0,0.0,False,1
8090B5E90,4,0,2,0.0,0.0,False,0
8090C0680,28,0,14,0.0,0.0,False,0
8090C69C0,28,14,0,0.0,0.0,False,0
8090D1640,4,0,2,0.0,0.0,False,0
8090F8140,4,2,0,0.0,0.0,False,0
8091088B0,97,19,29,2.3063980635481857e-07,0.0,False,1
809139F60,71,35,0,0.0,0.0,False,1
80913F850,5,1,1,0.0,0.0,False,1
8091545B0,4,2,0,0.0,0.0,False,0
80915AB30,2,1,0,0.0,0.0,False,0
80916E0F0,4,2,0,0.0,0.0,False,0
80917BC30,5,0,2,0.0,0.0,False,1
809183730,2,1,0,0.0,0.0,False,0
809188C80,2,1,0,0.0,0.0,False,0
80918FEC0,3,0,0,0.0,0.0,False,1
80920B240,4,2,0,0.0,0.0,False,0
80920B580,3,0,0,0.0,0.0,False,1
80922CDA0,3,0,0,0.0,0.0,False,1
80924FF30,4,0,2,0.0,0.0,False,0
809250070,11,3,2,5.765995158870464e-08,0.0,False,1
8092518F0,2,1,0,0.0,0.0,False,0
809252EE0,2,0,1,0.0,0.0,False,0
8092927E0,3,0,0,0.0,0.0,False,0
8092A06E0,5,1,1,0.0,0.0,False,1
8092F28B0,3,0,0,0.0,0.0,False,0
8092FD180,2,1,0,0.0,0.0,False,0
809326550,3,0,0,0.0,0.0,False,1
809334D30,3,0,0,0.0,0.0,False,1
80933EB10,40,0,20,0.0,0.0,False,0
8093409B0,59,27,2,0.0,0.0,False,1
80938EF50,3,0,0,0.0,0.0,False,1
809390850,3,0,0,0.0,0.0,False,0
80939F610,5,1,1,0.0,0.0,False,1
8093A7560,105,37,15,1.7297985476611394e-07,0.0,False,1
8093C4820,81,38,2,0.0,0.0,False,1
8093DA900,2,1,0,0.0,0.0,False,0
8093DAD40,3,0,1,0.0,0.0,False,1
8093DF330,3,0,0,0.0,0.0,False,1
8093E2B50,3,0,0,0.0,0.0,False,1
80941CF80,3,0,0,0.0,0.0,False,0
809429280,80,0,40,0.0,0.0,False,0
80945F1B0,40,20,0,0.0,0.0,False,0
809461CA0,60,30,0,0.0,0.0,False,0
809472010,28,14,0,0.0,0.0,False,0
8094915D0,6,0,3,0.0,0.0,False,0
809499030,8,4,0,0.0,0.0,False,0
8094CAC70,5,0,2,0.0,0.0,False,1
8094CAD10,4,2,0,0.0,0.0,False,0
8094F2020,65,25,7,1.7297985476611394e-07,0.0,False,1
8094FBAB0,3,0,0,0.0,0.0,False,0
80951E590,2,1,0,0.0,0.0,False,0
80951E630,3,0,1,0.0,0.0,False,1
80952C900,6,0,2,0.0,0.0,False,2
80952DE20,4,2,0,0.0,0.0,False,0
809534360,12,6,0,0.0,0.0,False,0
8095375C0,3,0,0,0.0,0.0,False,0
80954C940,28,14,0,0.0,0.0,False,0
8095C5830,69,29,5,1.1531990317740929e-07,0.0,False,1
8095E2300,2,1,0,0.0,0.0,False,0
8095E3A10,3,0,0,0.0,0.0,False,1
8095E4450,3,0,1,0.0,0.0,False,1
809613680,3,0,0,0.0,0.0,False,1
809630F40,5,0,2,0.0,0.0,False,1
8096311B0,4,2,0,0.0,0.0,False,0
809639E80,3,0,0,0.0,0.0,False,0
80964E5D0,3,0,0,0.0,0.0,False,1
80966B850,3,0,0,0.0,0.0,False,1
80967E310,3,0,0,0.0,0.0,False,0
8096826D0,3,0,0,0.0,0.0,False,0
80969E460,3,0,0,0.0,0.0,False,1
8096A4EA0,8,4,0,0.0,0.0,False,0
8096A6860,4,0,2,0.0,0.0,False,0
8096B63F0,5,1,1,0.0,0.0,False,1
8096C2F70,2,1,0,0.0,0.0,False,0
8096D4670,3,0,0,0.0,0.0,False,0
8096DBEA0,4,0,2,0.0,0.0,False,0
8096DC670,4,0,2,0.0,0.0,False,0
8096DCCA0,13,5,1,0.0,0.0,False,1
8096E3390,4,0,2,0.0,0.0,False,0
8096EA020,4,0,2,0.0,0.0,False,0
8096EB0C0,13,4,2,0.0,0.0,False,1
809710790,28,0,14,0.0,0.0,False,0
809723740,40,0,20,0.0,0.0,False,0
80975A330,14,0,7,0.0,0.0,False,0
809789820,41,18,2,1.1531990317740929e-07,0.0,False,1
80978A5E0,2,1,0,0.0,0.0,False,0
80979BC40,4,2,0,0.0,0.0,False,0
80979F6D0,7,0,3,0.0,0.0,False,1
8097B1700,2,0,1,0.0,0.0,False,0
8097B17F0,7,2,1,0.0,0.0,False,1
8097B61E0,8,4,0,0.0,0.0,False,0
8097B7580,3,0,0,0.0,0.0,False,0
8097D9140,4,2,0,0.0,0.0,False,0
809802C00,40,0,20,0.0,0.0,False,0
809877B10,43,0,21,0.0,0.0,False,1
80989AF70,47,17,6,2.3063980635481857e-07,0.0,False,1
80989B010,2,1,0,0.0,0.0,False,0
8098DB610,13,2,4,0.0,0.0,False,1
8098E55D0,3,0,0,0.0,0.0,False,1
8098EE660,3,0,0,0.0,0.0,False,1
8098EF090,2,1,0,0.0,0.0,False,0
8098F9EB0,2,1,0,0.0,0.0,False,0
8098FA6C0,3,0,0,0.0,0.0,False,0
80992F890,2,0,1,0.0,0.0,False,0
80992F9D0,2,0,1,0.0,0.0,False,0
8099316E0,2,0,1,0.0,0.0,False,0
8099322C0,2,0,1,0.0,0.0,False,0
809932400,2,0,1,0.0,0.0,False,0
809932540,39,18,1,0.0,0.0,False,1
8099325E0,2,0,1,0.0,0.0,False,0
8099326D0,2,0,1,0.0,0.0,False,0
8099328B0,2,0,1,0.0,0.0,False,0
809932D90,2,0,1,0.0,0.0,False,0
809932DE0,2,0,1,0.0,0.0,False,0
809932E80,2,0,1,0.0,0.0,False,0
809932F20,2,0,1,0.0,0.0,False,0
809933510,2,0,1,0.0,0.0,False,0
809933AC0,2,0,1,0.0,0.0,False,0
809933C50,2,0,1,0.0,0.0,False,0
809933CF0,2,0,1,0.0,0.0,False,0
809933D90,2,0,1,0.0,0.0,False,0
80994FCD0,2,0,1,0.0,0.0,False,0
8099599C0,40,0,20,0.0,0.0,False,0
80997F8D0,3,0,0,0.0,0.0,False,0
80998E4D0,33,2,14,5.765995158870464e-08,0.0,False,1
8099A38B0,28,14,0,0.0,0.0,False,0
8099AB630,93,24,22,1.1531990317740929e-07,0.0,False,1
8099BC410,3,0,0,0.0,0.0,False,0
8099CA2C0,3,0,0,0.0,0.0,False,1
809A01E60,14,7,0,0.0,0.0,False,0
809A2E540,6,3,0,0.0,0.0,False,0
809A382B0,3,0,0,0.0,0.0,False,0
809A45CC0,40,20,0,0.0,0.0,False,0
809A5B580,5,1,1,0.0,0.0,False,1
809AB94A0,7,1,2,0.0,0.0,False,1
809ABAC90,2,1,0,0.0,0.0,False,0
809B42A10,2,1,0,0.0,0.0,False,0
809B4FC60,3,0,0,0.0,0.0,False,0
809B63630,3,0,0,0.0,0.0,False,1
809B7CDE0,4,0,2,0.0,0.0,False,0
809BB2D50,4,0,2,0.0,0.0,False,0
809BBE000,28,14,0,0.0,0.0,False,0
809BEDC00,80,40,0,0.0,0.0,False,0
809C08B50,6,3,0,0.0,0.0,False,0
809C28A70,3,0,0,0.0,0.0,False,1
809C489D0,3,0,0,0.0,0.0,False,1
809CC6050,14,7,0,0.0,0.0,False,0
809D020F0,3,0,0,0.0,0.0,False,1
809D22A40,3,0,0,0.0,0.0,False,1
809D285F0,63,17,14,1.7297985476611394e-07,0.0,False,1
809D4B6D0,42,21,0,0.0,0.0,False,0
809D785E0,2,0,1,0.0,0.0,False,0
809D7BBE0,4,0,2,0.0,0.0,False,0
809D7BC30,11,3,2,5.765995158870464e-08,0.0,False,1
809DBCF40,3,0,0,0.0,0.0,False,1
809DC05C0,28,14,0,0.0,0.0,False,0
809DE9F20,3,0,0,0.0,0.0,False,0
809DF3570,3,0,0,0.0,0.0,False,1
809E01F70,14,0,7,0.0,0.0,False,0
809E02430,3,0,0,0.0,0.0,False,1
809E02EE0,23,1,10,4.036196611209325e-07,0.0,False,1
809E03160,2,0,1,0.0,0.0,False,0
809E5AD90,3,0,0,0.0,0.0,False,0
809E75D00,4,2,0,0.0,0.0,False,0
809E75EE0,4,0,2,0.0,0.0,False,0
809E76480,53,5,21,1.1531990317740929e-07,0.0,False,1
809E76930,5,0,2,0.0,0.0,False,1
809E76FC0,4,0,2,0.0,0.0,False,0
809EDAF40,3,0,0,0.0,0.0,False,1
809EF39E0,27,11,2,0.0,0.0,False,1
809EFD3C0,3,0,0,0.0,0.0,False,0
809F15280,4,2,0,0.0,0.0,False,0
809F18DE0,5,0,2,0.0,0.0,False,1
809F3D7D0,3,0,0,0.0,0.0,False,1
809F58650,6,0,3,0.0,0.0,False,0
809F6DB70,28,14,0,0.0,0.0,False,0
809F88980,40,0,20,0.0,0.0,False,0
809F95D10,4,2,0,0.0,0.0,False,0
809FA9220,3,0,0,0.0,0.0,False,0
809FD73D0,3,0,0,0.0,0.0,False,0
809FD9E00,3,0,0,0.0,0.0,False,1
809FE17B0,3,0,0,0.0,0.0,False,0
809FE8E20,43,4,17,2.3063980635481857e-07,0.0,False,1
809FE9910,2,1,0,0.0,0.0,False,0
809FF1BC0,40,20,0,0.0,0.0,False,0
809FF6E60,2,0,1,0.0,0.0,False,0
809FF8A10,3,0,0,0.0,0.0,False,0
809FFB470,3,0,0,0.0,0.0,False,0
80A0013C0,3,0,0,0.0,0.0,False,1
80A032720,40,20,0,0.0,0.0,False,0
80A0493B0,3,0,0,0.0,0.0,False,0
80A0585D0,3,0,0,0.0,0.0,False,0
80A0AF7B0,75,36,1,0.0,0.0,False,1
80A0D2290,7,2,1,0.0,0.0,False,1
80A0D5F60,3,0,0,0.0,0.0,False,0
80A0D9530,27,12,1,0.0,0.0,False,1
80A0EE580,3,0,0,0.0,0.0,False,1
80A0EF050,2,0,1,0.0,0.0,False,0
80A0F2A20,4,0,2,0.0,0.0,False,0
80A0FC1B0,3,0,0,0.0,0.0,False,1
80A11BB90,4,0,2,0.0,0.0,False,0
80A127D20,2,1,0,0.0,0.0,False,0
80A1282F0,40,0,20,0.0,0.0,False,0
80A1287B0,4,2,0,0.0,0.0,False,0
80A163A10,143,27,44,4.6127961270963714e-07,0.0,False,1
80A182C30,4,2,0,0.0,0.0,False,0
80A183450,5,0,2,0.0,0.0,False,1
80A195530,3,0,0,0.0,0.0,False,0
80A19D8C0,3,0,0,0.0,0.0,False,0
80A1AEF90,6,0,3,0.0,0.0,False,0
80A1C62A0,8,0,4,0.0,0.0,False,0
80A1C8FD0,3,0,0,0.0,0.0,False,1
80A1E0F50,3,0,0,0.0,0.0,False,0
80A2330F0,2,1,0,0.0,0.0,False,0
80A233400,3,0,1,0.0,0.0,False,1
80A2537D0,3,0,0,0.0,0.0,False,1
80A2552B0,3,0,0,0.0,0.0,False,1
80A268F00,33,12,4,1.7297985476611394e-07,0.0,False,1
80A269400,4,0,2,0.0,0.0,False,0
80A2CAF50,2,1,0,0.0,0.0,False,0
80A2EB140,2,1,0,0.0,0.0,False,0
80A337A90,2,1,0,0.0,0.0,False,0
80A344340,3,0,0,0.0,0.0,False,1
80A3811B0,80,0,40,0.0,0.0,False,0
80A3A3FA0,40,20,0,0.0,0.0,False,0
80A3F7350,2,0,1,0.0,0.0,False,0
80A402F80,3,0,0,0.0,0.0,False,1
80A42D720,28,14,0,0.0,0.0,False,0
80A481D40,53,26,0,0.0,0.0,False,1
80A481D90,4,0,2,0.0,0.0,False,0
80A4A3CE0,63,0,31,0.0,0.0,False,1
80A4A4550,2,1,0,0.0,0.0,False,0
80A4D52C0,5,1,1,0.0,0.0,False,1
80A4D6780,14,7,0,0.0,0.0,False,0
80A4F42A0,3,0,0,0.0,0.0,False,1
80A4FBD40,3,0,0,0.0,0.0,False,1
80A50DF20,49,22,2,0.0,0.0,False,1
80A515C50,4,0,2,0.0,0.0,False,0
80A5253A0,14,0,7,0.0,0.0,False,0
80A599E60,3,0,0,0.0,0.0,False,0
80A5B7BC0,7,1,2,0.0,0.0,False,1
80A5C0520,2,1,0,0.0,0.0,False,0
80A5E8880,3,0,0,0.0,0.0,False,1
80A601A40,2,0,1,0.0,0.0,False,0
80A640770,28,0,14,0.0,0.0,False,0
80A680CC0,3,0,0,0.0,0.0,False,0
80A6B3AE0,6,3,0,0.0,0.0,False,0
80A6B6360,13,2,4,1.1531990317740929e-07,0.0,False,1
80A6B6400,2,1,0,0.0,0.0,False,0
80A6B64A0,4,2,0,0.0,0.0,False,0
80A6B6D10,3,0,0,0.0,0.0,False,0
80A6BB950,100,0,50,0.0,0.0,False,0
80A71BCC0,28,14,0,0.0,0.0,False,0
80A73C6D0,3,0,0,0.0,0.0,False,0
80A7430B0,60,30,0,0.0,0.0,False,0
80A759240,3,0,0,0.0,0.0,False,1
80A776500,2,1,0,0.0,0.0,False,0
80A776550,3,0,1,0.0,0.0,False,1
80A7A3C00,2,1,0,0.0,0.0,False,0
80A7CE8F0,135,52,15,1.1531990317740929e-07,0.0,False,1
80A7CF6F0,3,0,0,0.0,0.0,False,0
80A7DDF30,67,4,29,1.1531990317740929e-07,0.0,False,1
80A7EED90,14,0,7,0.0,0.0,False,0
80A83A530,2,0,1,0.0,0.0,False,0
80A849C20,4,2,0,0.0,0.0,False,0
80A84C000,5,0,2,0.0,0.0,False,1
80A862490,7,1,2,0.0,0.0,False,1
80A8628E0,2,1,0,0.0,0.0,False,0
80A8CEEA0,3,0,0,0.0,0.0,False,0
80A8DDB20,4,0,2,0.0,0.0,False,0
80A8DE110,5,0,2,0.0,0.0,False,1
80A8E2310,4,0,2,0.0,0.0,False,0
80A8E3C60,4,2,0,0.0,0.0,False,0
80A8E5860,13,5,1,0.0,0.0,False,1
80A8FCB40,2,1,0,0.0,0.0,False,0
80A8FCB90,11,2,3,0.0,0.0,False,1
80A968170,3,0,0,0.0,0.0,False,1
80A9A03F0,28,0,14,0.0,0.0,False,0
80A9B1100,4,0,2,0.0,0.0,False,0
80AA64490,25,6,6,1.7297985476611394e-07,0.0,True,1
80AA65030,4,1,1,0.0,0.0,True,0
80AA7C460,28,14,0,0.0,0.0,False,0
80AA89EF0,2,1,0,0.0,0.0,False,0
80AA89F40,4,2,0,0.0,0.0,False,0
80AA9F5A0,3,0,0,0.0,0.0,False,1
80AAB7EA0,3,0,0,0.0,0.0,False,0
80AB002B0,14,7,0,0.0,0.0,False,0
80AB03B20,2,1,0,0.0,0.0,False,0
80AB1AE00,23,6,5,2.3063980635481857e-07,0.0,False,1
80AB1AE50,2,0,1,0.0,0.0,False,0
80AB1B550,2,0,1,0.0,0.0,False,0
80AB47500,4,0,2,0.0,0.0,False,0
80AB48080,17,6,2,0.0,0.0,False,1
80AB48260,4,0,2,0.0,0.0,False,0
80AB63160,3,0,0,0.0,0.0,False,0
80AB6A950,42,21,0,0.0,0.0,False,0
80AB6EB90,2,1,0,0.0,0.0,False,0
80AB75FE0,3,0,0,0.0,0.0,False,0
80AB76DF0,9,2,2,5.765995158870464e-08,0.0,False,1
80AB7E860,3,0,0,0.0,0.0,False,0
80AB94680,3,0,0,0.0,0.0,False,1
80ABD22A0,3,0,0,0.0,0.0,False,0
80AC13460,2,0,1,0.0,0.0,False,0
80AC1D650,4,2,0,0.0,0.0,False,0
80AC29440,5,0,2,0.0,0.0,False,1
80AC77410,3,0,0,0.0,0.0,False,0
80ACAE190,5,1,1,0.0,0.0,False,1
80ACCB460,3,0,0,0.0,0.0,False,0
80ACF4D90,2,0,1,0.0,0.0,False,0
80ACF4DE0,27,1,12,5.189395642983418e-07,0.0,False,1
80ACF6790,3,0,0,0.0,0.0,False,0
80AD464D0,4,2,0,0.0,0.0,False,0
80AD758D0,2,1,0,0.0,0.0,False,0
80AD75A60,2,1,0,0.0,0.0,False,0
80AD78B40,9,1,3,0.0,0.0,False,1
80AD7FE50,28,14,0,0.0,0.0,False,0
80ADA2880,3,0,0,0.0,0.0,False,1
80ADE12D0,3,0,0,0.0,0.0,False,0
80ADE3B50,5,0,2,0.0,0.0,False,1
80ADF06C0,19,8,1,0.0,0.0,False,1
80ADF8B40,3,0,0,0.0,0.0,False,0
80AE10FC0,3,0,0,0.0,0.0,False,0
80AE15B00,40,20,0,0.0,0.0,False,0
80AE2D530,2,1,0,0.0,0.0,False,0
80AE4E900,3,0,0,0.0,0.0,False,1
80AE5C890,3,0,0,0.0,0.0,False,0
80AE68790,3,0,0,0.0,0.0,False,0
80AE8B2B0,3,0,0,0.0,0.0,False,0
80AEA85F0,3,0,0,0.0,0.0,False,0
80AEBB7D0,3,0,0,0.0,0.0,False,1
80AF005E0,2,0,1,0.0,0.0,False,0
80AF145A0,8,4,0,0.0,0.0,False,0
80AF2ADA0,7,2,1,0.0,0.0,False,1
80AF39980,14,7,0,0.0,0.0,False,0
80AF56EE0,89,30,14,1.1531990317740929e-07,0.0,False,1
80AF97460,12,0,6,0.0,0.0,False,0
80AF9E380,2,1,0,0.0,0.0,False,0
80AFB2610,28,0,14,0.0,0.0,False,0
80AFC5B60,39,18,1,0.0,0.0,False,1
80AFD6AC0,4,0,2,0.0,0.0,False,0
80AFE8CD0,69,19,15,1.7297985476611394e-07,0.0,False,1
80AFEE140,28,14,0,0.0,0.0,False,0
80B004EB0,3,0,0,0.0,0.0,False,1
80B020A00,4,2,0,0.0,0.0,False,0
80B040E30,4,2,0,0.0,0.0,False,0
80B04F6D0,3,0,0,0.0,0.0,False,1
80B04FA90,5,1,1,0.0,0.0,False,1
80B07AD70,40,20,0,0.0,0.0,False,0
80B0A3620,60,30,0,0.0,0.0,False,0
80B0CDDA0,14,7,0,0.0,0.0,False,0
80B14F630,3,0,1,0.0,0.0,False,1
80B168380,2,1,0,0.0,0.0,False,0
80B16B3D0,7,0,3,0.0,0.0,False,1
80B16D620,4,2,0,0.0,0.0,False,0
80B19FB20,3,0,0,0.0,0.0,False,1
80B1B2660,2,1,0,0.0,0.0,False,0
80B1B7060,3,0,0,0.0,0.0,False,1
80B1D2410,2,1,0,0.0,0.0,False,0
80B1D5C90,56,28,0,0.0,0.0,False,0
80B1D7A40,5,1,1,0.0,0.0,False,1
80B1EF790,33,15,1,0.0,0.0,False,1
80B22ACF0,4,2,0,0.0,0.0,False,0
80B22DCB0,2,0,1,0.0,0.0,False,0
80B234B80,2,0,1,0.0,0.0,False,0
80B235680,4,0,2,0.0,0.0,False,0
80B235720,39,19,0,0.0,0.0,False,1
80B2CFC40,11,2,3,0.0,0.0,False,1
80B2CFD80,2,1,0,0.0,0.0,False,0
80B302EE0,4,0,2,0.0,0.0,False,0
80B30BB50,3,0,0,0.0,0.0,False,1
80B3479C0,89,29,15,2.3063980635481857e-07,0.0,False,1
80B3920F0,3,0,0,0.0,0.0,False,1
80B40A0B0,4,2,0,0.0,0.0,False,0
80B40A100,5,0,2,0.0,0.0,False,1
80B428C20,3,0,0,0.0,0.0,False,1
80B430DA0,3,0,0,0.0,0.0,False,1
80B45FAE0,3,0,0,0.0,0.0,False,0
80B46ACD0,3,0,0,0.0,0.0,False,0
80B46E4B0,2,0,1,0.0,0.0,False,0
80B47E2D0,5,1,1,0.0,0.0,False,1
80B483FA0,3,0,0,0.0,0.0,False,0
80B4A91F0,2,0,1,0.0,0.0,False,0
80B4BD880,60,0,30,0.0,0.0,False,0
80B4BDF80,6,3,0,0.0,0.0,False,0
80B4C2270,14,0,7,0.0,0.0,False,0
80B50F5E0,3,0,0,0.0,0.0,False,1
80B552AB0,3,0,0,0.0,0.0,False,1
80B5733B0,2,0,1,0.0,0.0,False,0
80B5787A0,2,0,1,0.0,0.0,False,0
80B57A730,43,21,0,0.0,0.0,False,1
80B57C570,4,0,2,0.0,0.0,False,0
80B57EE00,3,0,0,0.0,0.0,False,0
80B57EEF0,4,0,2,0.0,0.0,False,0
80B58AEC0,17,7,1,0.0,0.0,False,1
80B5B2A80,2,1,0,0.0,0.0,False,0
80B5B3380,15,5,2,5.765995158870464e-08,0.0,False,1
80B5BC5E0,2,0,1,0.0,0.0,False,0
80B5BD0B0,2,0,1,0.0,0.0,False,0
80B5C6170,4,0,2,0.0,0.0,False,0
80B5EEF30,3,0,0,0.0,0.0,False,0
80B5FC150,20,0,10,0.0,0.0,False,0
80B617F60,3,0,0,0.0,0.0,False,0
80B618AF0,3,0,0,0.0,0.0,False,0
80B61DB00,3,0,0,0.0,0.0,False,0
80B64FB80,80,40,0,0.0,0.0,False,0
80B664510,8,4,0,0.0,0.0,False,0
80B6754F0,5,1,1,0.0,0.0,False,1
80B689C00,14,7,0,0.0,0.0,False,0
80B6C1D90,2,0,1,0.0,0.0,False,0
80B6C1DE0,41,4,16,1.1531990317740929e-07,0.0,False,1
80B6D7A10,28,0,14,0.0,0.0,False,0
80B6E0A70,3,0,0,0.0,0.0,False,0
80B707AC0,8,4,0,0.0,0.0,False,0
80B70CA10,40,0,20,0.0,0.0,False,0
80B72FE40,57,23,5,1.1531990317740929e-07,0.0,False,1
80B745630,3,0,0,0.0,0.0,False,0
80B762660,2,1,0,0.0,0.0,False,0
80B767C90,9,1,3,0.0,0.0,False,1
80B76DAC0,2,1,0,0.0,0.0,False,0
80B76E850,2,1,0,0.0,0.0,False,0
80B773700,3,0,0,0.0,0.0,False,0
80B77D070,2,0,1,0.0,0.0,False,0
80B7D3C90,9,3,1,0.0,0.0,False,1
80B7ED0F0,6,3,0,0.0,0.0,False,0
80B7F5E40,6,3,0,0.0,0.0,False,0
80B820D90,2,1,0,0.0,0.0,False,0
80B820F70,7,1,2,0.0,0.0,False,1
80B829340,93,44,2,3.4595970953222787e-07,0.0,False,1
80B829730,2,1,0,0.0,0.0,False,0
80B870070,3,0,0,0.0,0.0,False,0
80B882470,3,0,0,0.0,0.0,False,0
80B88F7A0,4,0,2,0.0,0.0,False,0
80B8C4990,3,0,0,0.0,0.0,False,1
80B8F29F0,5,0,2,0.0,0.0,False,1
80B8F7480,4,2,0,0.0,0.0,False,0
80B917160,42,0,21,0.0,0.0,False,0
80B91E100,2,1,0,0.0,0.0,False,0
80B931050,2,0,1,0.0,0.0,False,0
80B94E9F0,3,0,0,0.0,0.0,False,0
80B959140,5,0,2,0.0,0.0,False,1
80B95A8D0,4,2,0,0.0,0.0,False,0
80B96A1A0,40,20,0,0.0,0.0,False,0
80B96F0D0,55,26,1,0.0,0.0,False,1
80B96F120,4,0,2,0.0,0.0,False,0
80B98F700,3,0,0,0.0,0.0,False,0
80B9A8940,9,2,2,0.0,0.0,False,1
80B9AC850,3,0,0,0.0,0.0,False,1
80B9BA2C0,3,0,0,0.0,0.0,False,0
80B9C0D40,3,0,0,0.0,0.0,False,0
80BA1B0A0,3,0,0,0.0,0.0,False,0
80BA558B0,3,0,0,0.0,0.0,False,1
80BA88FE0,3,0,0,0.0,0.0,False,0
80BAD2F80,28,14,0,0.0,0.0,False,0
80BAE4080,55,24,3,1.1531990317740929e-07,0.0,False,1
80BAEAE90,2,0,1,0.0,0.0,False,0
80BAFE010,2,0,1,0.0,0.0,False,0
80BB0BA30,42,0,21,0.0,0.0,False,0
80BB12C30,4,2,0,0.0,0.0,False,0
80BB133F0,5,0,2,0.0,0.0,False,1
80BB15900,12,6,0,0.0,0.0,False,0
80BB23DB0,4,0,2,0.0,0.0,False,0
80BB63AD0,2,1,0,0.0,0.0,False,0
80BB93E40,8,0,4,0.0,0.0,False,0
80BBA59F0,12,6,0,0.0,0.0,False,0
80BBC7170,28,14,0,0.0,0.0,False,0
80BC07010,8,0,4,0.0,0.0,False,0
80BC122E0,2,0,1,0.0,0.0,False,0
80BC16800,73,29,7,1.7297985476611394e-07,0.0,False,1
80BC38D20,2,0,1,0.0,0.0,False,0
80BC50EB0,5,0,2,0.0,0.0,False,1
80BC57500,4,2,0,0.0,0.0,False,0
80BC8DEB0,56,0,28,0.0,0.0,False,0
80BCD24D0,3,0,0,0.0,0.0,False,1
80BCF8CD0,6,3,0,0.0,0.0,False,0
80BCFDFB0,2,0,1,0.0,0.0,False,0
80BD80DD0,5,1,1,0.0,0.0,False,1
80BDADC00,3,0,0,0.0,0.0,False,0
80BDBCEC0,28,14,0,0.0,0.0,False,0
80BDE4420,3,0,0,0.0,0.0,False,0
80BDE7130,3,0,0,0.0,0.0,False,0
80BDF0520,5,0,2,0.0,0.0,False,1
80BDF0D90,4,2,0,0.0,0.0,False,0
80BE05A30,49,24,0,0.0,0.0,False,1
80BE1E580,33,1,15,0.0,0.0,False,1
80BE1F7F0,5,1,1,0.0,0.0,False,1
80BE4BB70,4,0,2,0.0,0.0,False,0
80BE67630,3,0,0,0.0,0.0,False,1
80BE8E740,4,0,2,0.0,0.0,False,0
80BE949D0,4,2,0,0.0,0.0,False,0
80BE94A20,5,0,2,0.0,0.0,False,1
80BE9A870,5,0,2,0.0,0.0,False,1
80BE9B1F0,4,0,2,0.0,0.0,False,0
80BE9E910,4,2,0,0.0,0.0,False,0
80BEC3890,3,0,0,0.0,0.0,False,1
80BEC9740,13,5,1,0.0,0.0,False,1
80BEC98D0,4,0,2,0.0,0.0,False,0
80BECAF80,3,0,0,0.0,0.0,False,1
80BEE34E0,40,0,20,0.0,0.0,False,0
80BEF7060,3,0,0,0.0,0.0,False,1
80BEFAE20,3,0,0,0.0,0.0,False,1
80BF0A610,40,0,20,0.0,0.0,False,0
80BF560D0,5,1,1,0.0,0.0,False,1
80BF75B90,3,0,0,0.0,0.0,False,0
80BF84220,5,1,1,0.0,0.0,False,1
80BF86330,42,21,0,0.0,0.0,False,0
80BF9FF70,2,0,1,0.0,0.0,False,0
80BFACCD0,3,0,0,0.0,0.0,False,0
80BFB5E90,42,21,0,0.0,0.0,False,0
80BFEE6E0,3,0,0,0.0,0.0,False,0
80BFFEDE0,23,1,10,4.6127961270963714e-07,0.0,False,1
80BFFF960,3,0,0,0.0,0.0,False,1
80BFFFAA0,5,1,1,0.0,0.0,False,1
80C002340,2,0,1,0.0,0.0,False,0
80C0028E0,72,0,36,0.0,0.0,False,0
80C002F20,3,0,0,0.0,0.0,False,0
80C010430,3,0,0,0.0,0.0,False,1
80C0239B0,4,2,0,0.0,0.0,False,0
80C066B20,2,0,1,0.0,0.0,False,0
80C06D6F0,11,4,1,0.0,0.0,False,1
80C071880,4,0,2,0.0,0.0,False,0
80C0D7550,2,1,0,0.0,0.0,False,0
80C0DE7B0,40,20,0,0.0,0.0,False,0
80C0F81C0,10,0,5,0.0,0.0,False,0
80C0FA3F0,5,1,1,0.0,0.0,False,1
80C115990,3,0,0,0.0,0.0,False,0
80C1474D0,73,28,8,2.3063980635481857e-07,0.0,False,1
80C186EA0,51,23,2,1.1531990317740929e-07,0.0,False,1
80C1927A0,33,15,1,0.0,0.0,False,1
80C1ABDE0,3,0,0,0.0,0.0,False,1
80C1C4030,2,0,1,0.0,0.0,False,0
80C2044A0,3,0,0,0.0,0.0,False,1
80C23C680,60,30,0,0.0,0.0,False,0
80C251870,4,0,2,0.0,0.0,False,0
80C253700,2,0,1,0.0,0.0,False,0
80C266E60,2,0,1,0.0,0.0,False,0
80C276E00,4,0,2,0.0,0.0,False,0
80C286FB0,80,0,40,0.0,0.0,False,0
80C28F640,2,0,1,0.0,0.0,False,0
80C2A85F0,45,16,6,2.3063980635481857e-07,0.0,False,1
80C2BD150,70,35,0,0.0,0.0,False,0
80C31B0D0,59,27,2,0.0,0.0,False,1
80C335670,41,17,3,1.1531990317740929e-07,0.0,False,1
80C3AF180,3,0,0,0.0,0.0,False,1
80C3B5210,42,0,21,0.0,0.0,False,0
80C3B6280,2,0,1,0.0,0.0,False,0
80C3B74D0,5,1,1,0.0,0.0,False,1
80C3D01E0,20,10,0,0.0,0.0,False,0
80C3D6BE0,40,20,0,0.0,0.0,False,0
80C3E3560,8,0,4,0.0,0.0,False,0
80C3F32F0,9,2,2,0.0,0.0,False,1
80C402560,4,2,0,0.0,0.0,False,0
80C40DE90,12,6,0,0.0,0.0,False,0
80C423720,3,0,0,0.0,0.0,False,1
80C4AEE90,2,1,0,0.0,0.0,False,0
80C4AEEE0,2,1,0,0.0,0.0,False,0
80C4B17B0,4,0,2,0.0,0.0,False,0
80C4C7AC0,3,0,0,0.0,0.0,False,1
80C51E690,107,52,1,0.0,0.0,False,1
80C54F8E0,4,2,0,0.0,0.0,False,0
80C5504E0,5,0,2,0.0,0.0,False,1
80C575BC0,2,1,0,0.0,0.0,False,0
80C5EB5D0,4,0,2,0.0,0.0,False,0
80C61F670,3,0,0,0.0,0.0,False,1
80C62D0B0,3,0,0,0.0,0.0,False,1
80C645C80,3,0,0,0.0,0.0,False,0
80C6A19A0,3,0,0,0.0,0.0,False,0
80C6C1E10,7,1,2,0.0,0.0,False,1
80C6CA9C0,3,0,1,0.0,0.0,False,1
80C6CC8A0,2,1,0,0.0,0.0,False,0
80C6DA510,2,1,0,0.0,0.0,False,0
80C6DBEB0,3,0,0,0.0,0.0,False,1
80C7BD2F0,2,1,0,0.0,0.0,False,0
80C7C4B10,117,56,2,0.0,0.0,False,1
80C7DB000,4,2,0,0.0,0.0,False,0
80C7FD5F0,53,24,2,0.0,0.0,False,1
80C7FDFB0,2,0,1,0.0,0.0,False,0
80C81EF50,14,7,0,0.0,0.0,False,0
80C846280,2,0,1,0.0,0.0,False,0
80C8A72A0,3,0,0,0.0,0.0,False,1
80C8A74B0,28,14,0,0.0,0.0,False,0
80C8ACB20,53,25,1,0.0,0.0,False,1
80C8DB500,2,0,1,0.0,0.0,False,0
80C91EEA0,5,0,2,0.0,0.0,False,1
80C948B50,4,2,0,0.0,0.0,False,0
80C94D200,3,0,0,0.0,0.0,False,0
80C95AB20,2,1,0,0.0,0.0,False,0
80C9BED80,7,2,1,0.0,0.0,False,1
80CA10180,3,0,0,0.0,0.0,False,0
80CA33FB0,9,4,0,0.0,0.0,False,1
80CA342C0,4,0,2,0.0,0.0,False,0
80CA35EA0,4,0,2,0.0,0.0,False,0
80CA36CA0,6,0,3,0.0,0.0,False,0
80CA396E0,3,0,0,0.0,0.0,False,0
80CA439D0,2,0,1,0.0,0.0,False,0
80CA57140,9,3,1,0.0,0.0,False,1
80CA5BBA0,4,0,2,0.0,0.0,False,0
80CAE7060,3,0,0,0.0,0.0,False,1
80CAFC320,3,0,0,0.0,0.0,False,0
80CB11750,2,1,0,0.0,0.0,False,0
80CB220E0,3,0,0,0.0,0.0,False,1
80CB283D0,5,1,1,0.0,0.0,False,1
80CB562E0,3,0,0,0.0,0.0,False,0
80CB9DD70,3,0,0,0.0,0.0,False,0
80CBABF80,2,0,1,0.0,0.0,False,0
80CBB3200,3,0,0,0.0,0.0,False,1
80CBDA5C0,2,0,1,0.0,0.0,False,0
80CBEB570,5,0,2,0.0,0.0,False,1
80CC00720,3,0,0,0.0,0.0,False,1
80CC137B0,4,2,0,0.0,0.0,False,0
80CC66860,5,0,2,0.0,0.0,False,1
80CC72D10,4,2,0,0.0,0.0,False,0
80CC821F0,3,0,0,0.0,0.0,False,0
80CC97D50,28,14,0,0.0,0.0,False,0
80CC9D4C0,8,4,0,0.0,0.0,False,0
80CCA5260,3,0,0,0.0,0.0,False,0
80CCA78F0,40,20,0,0.0,0.0,False,0
80CCA9280,20,0,10,0.0,0.0,False,0
80CCC00B0,2,1,0,0.0,0.0,False,0
80CCDDFB0,3,0,0,0.0,0.0,False,0
80CD12B00,40,20,0,0.0,0.0,False,0
80CD5CFC0,5,1,1,0.0,0.0,False,1
80CD7C780,57,27,1,0.0,0.0,False,1
80CDA3A80,15,5,2,0.0,0.0,False,1
80CDA3C60,2,0,1,0.0,0.0,False,0
80CDD4350,3,0,0,0.0,0.0,False,1
80CDD7660,17,6,2,0.0,0.0,False,1
80CDF02F0,2,1,0,0.0,0.0,False,0
80CDF4B80,28,14,0,0.0,0.0,False,0
80CE12A00,17,5,3,2.3063980635481857e-07,0.0,False,1
80CE1BAC0,2,1,0,0.0,0.0,False,0
80CE1D480,4,0,2,0.0,0.0,False,0
80CE1F030,4,2,0,0.0,0.0,False,0
80CE3A1B0,4,0,2,0.0,0.0,False,0
80CE4ABC0,3,0,0,0.0,0.0,False,1
80CE54E40,42,0,21,0.0,0.0,False,0
80CE5F730,28,0,14,0.0,0.0,False,0
80CE72D80,20,0,10,0.0,0.0,False,0
80CE93F90,2,0,1,0.0,0.0,False,0
80CE97090,4,2,0,0.0,0.0,False,0
80CEC52A0,2,1,0,0.0,0.0,False,0
80CF0D380,3,0,1,0.0,0.0,False,1
80CF111D0,2,1,0,0.0,0.0,False,0
80CF6D060,12,6,0,0.0,0.0,False,0
80CF831B0,8,0,4,0.0,0.0,False,0
80CF8CAC0,40,0,20,0.0,0.0,False,0
80CF95EA0,40,0,20,0.0,0.0,False,0
80CFA5AA0,2,1,0,0.0,0.0,False,0
80CFA5CD0,11,4,1,5.765995158870464e-08,0.0,False,1
80CFD5910,5,1,1,0.0,0.0,False,1
80CFE1960,3,0,0,0.0,0.0,False,0
80D009360,41,19,1,0.0,0.0,False,1
80D0109A0,6,3,0,0.0,0.0,False,0
80D018930,3,0,0,0.0,0.0,False,0
80D029B10,51,23,2,0.0,0.0,False,1
80D03F980,56,28,0,0.0,0.0,False,0
80D042E00,4,0,2,0.0,0.0,False,0
80D0501C0,28,14,0,0.0,0.0,False,0
80D050ED0,3,0,0,0.0,0.0,False,1
80D065410,4,2,0,0.0,0.0,False,0
80D066470,5,0,2,0.0,0.0,False,1
80D06AC20,3,0,0,0.0,0.0,False,1
80D079290,3,0,0,0.0,0.0,False,0
80D08F540,3,0,0,0.0,0.0,False,1
80D0B79B0,4,0,2,0.0,0.0,False,0
80D0C77A0,2,1,0,0.0,0.0,False,0
80D0D7650,5,1,1,0.0,0.0,False,1
80D0FFDB0,4,2,0,0.0,0.0,False,0
80D109770,7,0,3,0.0,0.0,False,1
80D114610,28,14,0,0.0,0.0,False,0
80D123310,28,14,0,0.0,0.0,False,0
80D12C330,2,1,0,0.0,0.0,False,0
80D132BA0,11,2,3,0.0,0.0,False,1
80D156220,33,15,1,0.0,0.0,False,1
80D192830,3,0,0,0.0,0.0,False,0
80D1D7B70,5,1,1,0.0,0.0,False,1
80D1FC810,2,0,1,0.0,0.0,False,0
80D216FC0,11,2,3,0.0,0.0,False,1
80D2170B0,2,1,0,0.0,0.0,False,0
80D224F50,28,14,0,0.0,0.0,False,0
80D22A3F0,4,0,2,0.0,0.0,False,0
80D266B50,3,0,0,0.0,0.0,False,1
80D295230,5,1,1,0.0,0.0,False,1
80D2A0A70,2,1,0,0.0,0.0,False,0
80D2A3C10,3,0,0,0.0,0.0,False,1
80D2B52C0,28,14,0,0.0,0.0,False,0
80D2DBD70,71,0,35,0.0,0.0,False,1
80D2E18F0,8,0,4,0.0,0.0,False,0
80D2E6E70,2,0,1,0.0,0.0,False,0
80D2E9E20,33,15,1,0.0,0.0,False,1
80D31E0B0,2,0,1,0.0,0.0,False,0
80D31E5E0,11,3,2,0.0,0.0,False,1
80D330100,9,1,3,0.0,0.0,False,1
80D330650,2,1,0,0.0,0.0,False,0
80D331150,2,1,0,0.0,0.0,False,0
80D333270,60,30,0,0.0,0.0,False,0
80D34D6B0,2,0,1,0.0,0.0,False,0
80D34D7F0,2,0,1,0.0,0.0,False,0
80D34D930,2,0,1,0.0,0.0,False,0
80D34D980,2,0,1,0.0,0.0,False,0
80D34D9D0,15,6,1,0.0,0.0,False,1
80D34DAC0,2,0,1,0.0,0.0,False,0
80D379350,5,1,1,0.0,0.0,False,1
80D37BF70,42,21,0,0.0,0.0,False,0
80D3F4F30,40,20,0,0.0,0.0,False,0
80D424E70,4,0,2,0.0,0.0,False,0
80D4250F0,19,7,2,0.0,0.0,False,1
80D4253C0,2,0,1,0.0,0.0,False,0
80D426F90,4,0,2,0.0,0.0,False,0
80D437B20,3,0,0,0.0,0.0,False,1
80D46DB20,51,25,0,0.0,0.0,False,1
80D471DA0,8,4,0,0.0,0.0,False,0
80D49E140,40,20,0,0.0,0.0,False,0
80D4C5E10,3,0,0,0.0,0.0,False,0
80D4C7160,2,1,0,0.0,0.0,False,0
80D4F1D90,3,0,0,0.0,0.0,False,0
80D508C40,2,1,0,0.0,0.0,False,0
80D53E870,7,2,1,0.0,0.0,False,1
80D53E960,2,0,1,0.0,0.0,False,0
80D555E10,3,0,0,0.0,0.0,False,0
80D568280,4,0,2,0.0,0.0,False,0
80D599C70,6,3,0,0.0,0.0,False,0
80D59B560,3,0,0,0.0,0.0,False,0
80D59BDC0,3,0,0,0.0,0.0,False,1
80D59E500,40,0,20,0.0,0.0,False,0
80D5A3E00,5,0,2,0.0,0.0,False,1
80D5C6F60,3,0,1,0.0,0.0,False,1
80D5C7370,2,1,0,0.0,0.0,False,0
80D5E1040,42,21,0,0.0,0.0,False,0
80D5FED70,51,22,3,1.1531990317740929e-07,0.0,False,1
80D60B240,69,24,10,1.1531990317740929e-07,0.0,False,1
80D6115F0,4,0,2,0.0,0.0,False,0
80D64EC50,3,0,0,0.0,0.0,False,0
80D65FE50,12,0,6,0.0,0.0,False,0
80D671480,47,22,1,0.0,0.0,False,1
80D6836F0,3,0,0,0.0,0.0,False,1
80D687B80,49,21,3,1.1531990317740929e-07,0.0,False,1
80D687C70,2,1,0,0.0,0.0,False,0
80D6BE810,2,1,0,0.0,0.0,False,0
80D6C0420,2,1,0,0.0,0.0,False,0
80D6D4BD0,4,2,0,0.0,0.0,False,0
80D6DB640,41,19,1,0.0,0.0,False,1
80D6DD080,77,16,22,1.1531990317740929e-07,0.0,False,1
80D6DD930,25,11,1,0.0,0.0,False,1
80D6EAC10,40,20,0,0.0,0.0,False,0
80D701BA0,56,28,0,0.0,0.0,False,0
80D71CDA0,2,0,1,0.0,0.0,False,0
80D71CE90,2,0,1,0.0,0.0,False,0
80D71CF30,2,0,1,0.0,0.0,False,0
80D71D430,2,0,1,0.0,0.0,False,0
80D71D7F0,29,12,2,5.765995158870464e-07,0.0,True,1
80D71E180,2,0,1,0.0,0.0,False,0
80D71E270,2,0,1,0.0,0.0,False,0
80D71E2C0,2,0,1,0.0,0.0,False,0
80D71E310,4,1,1,0.0,0.0,True,0
80D71E450,2,0,1,0.0,0.0,False,0
80D71E4A0,2,0,1,0.0,0.0,False,0
80D71E980,2,0,1,0.0,0.0,False,0
80D73B9E0,2,0,1,0.0,0.0,False,0
80D73C070,3,0,0,0.0,0.0,False,0
80D743690,2,0,1,0.0,0.0,False,0
80D754640,2,0,1,0.0,0.0,False,0
80D754960,7,2,1,0.0,0.0,False,1
80D76EF40,3,0,0,0.0,0.0,False,1
80D774460,95,16,31,1.1531990317740929e-07,0.0,False,1
80D774640,2,1,0,0.0,0.0,False,0
80D78B510,5,1,1,0.0,0.0,False,1
80D7D6E60,40,20,0,0.0,0.0,False,0
80D7E2D30,4,2,0,0.0,0.0,False,0
80D7EE9E0,3,0,0,0.0,0.0,False,1
80D7FE3B0,131,44,21,1.7297985476611394e-07,0.0,False,1
80D848F60,71,29,6,3.4595970953222787e-07,0.0,False,1
80D8498E0,60,30,0,0.0,0.0,False,0
80D858AE0,4,0,2,0.0,0.0,False,0
80D891CE0,17,6,2,0.0,0.0,False,1
80D8A7570,40,20,0,0.0,0.0,False,0
80D8C11A0,16,8,0,0.0,0.0,False,0
80D8C2FD0,4,2,0,0.0,0.0,False,0
80D8C3020,5,0,2,0.0,0.0,False,1
80D8C54F0,8,4,0,0.0,0.0,False,0
80D8CD130,56,28,0,0.0,0.0,False,0
80D8D7C70,3,0,0,0.0,0.0,False,1
80D8F6410,28,0,14,0.0,0.0,False,0
80D905C10,6,3,0,0.0,0.0,False,0
80D9469F0,3,0,0,0.0,0.0,False,0
80D94A600,5,1,1,0.0,0.0,False,1
80D974D60,6,3,0,0.0,0.0,False,0
80D990260,3,0,0,0.0,0.0,False,1
80D9B9FD0,5,1,0,0.0,0.0,False,1
80D9C25B0,3,0,1,0.0,0.0,False,1
80D9D3480,53,24,2,0.0,0.0,False,1
80D9E8AC0,3,0,0,0.0,0.0,False,0
80DA17F00,5,1,1,0.0,0.0,False,1
80DA4BD50,47,22,1,0.0,0.0,False,1
80DA5BA10,2,0,1,0.0,0.0,False,0
80DA73BF0,3,0,0,0.0,0.0,False,1
80DA9EC00,5,1,1,0.0,0.0,False,1
80DAB2450,2,1,0,0.0,0.0,False,0
80DAE4500,3,0,0,0.0,0.0,False,1
80DAF8530,71,33,2,0.0,0.0,False,1
80DB0AA30,3,0,0,0.0,0.0,False,0
80DB27F00,7,2,1,0.0,0.0,False,1
80DB28040,2,0,1,0.0,0.0,False,0
80DB44090,3,0,0,0.0,0.0,False,1
80DB6EB30,4,2,0,0.0,0.0,False,0
80DBC4310,14,0,7,0.0,0.0,False,0
80DC00F20,28,0,14,0.0,0.0,False,0
80DC01210,3,0,0,0.0,0.0,False,0
80DC4C820,7,1,2,0.0,0.0,False,1
80DC4EDE0,2,1,0,0.0,0.0,False,0
80DC61710,5,0,2,0.0,0.0,False,1
80DC618A0,4,2,0,0.0,0.0,False,0
80DC6B9C0,57,26,2,0.0,0.0,False,1
80DC7F790,3,0,0,0.0,0.0,False,1
80DC92D60,2,1,0,0.0,0.0,False,0
80DD1C2A0,5,1,1,0.0,0.0,False,1
80DD39C40,4,2,0,0.0,0.0,False,0
80DD9DBE0,42,0,21,0.0,0.0,False,0
80DDC92B0,40,0,20,0.0,0.0,False,0
80DDE4FB0,83,37,4,3.4595970953222787e-07,0.0,False,1
80DDE58F0,2,1,0,0.0,0.0,False,0
80DDE7430,2,1,0,0.0,0.0,False,0
80DDE7570,2,1,0,0.0,0.0,False,0
80DDECC40,5,0,2,0.0,0.0,False,1
80DDED730,4,2,0,0.0,0.0,False,0
80DDFA4B0,14,0,7,0.0,0.0,False,0
80DE139F0,60,30,0,0.0,0.0,False,0
80DE62EC0,3,1,0,0.0,0.0,False,1
80DE85570,3,0,0,0.0,0.0,False,0
80DE86AF0,16,8,0,0.0,0.0,False,0
80DE9A9F0,5,0,2,0.0,0.0,False,1
80DE9B300,4,2,0,0.0,0.0,False,0
80DEDD0C0,2,0,1,0.0,0.0,False,0
80DEE27D0,3,0,0,0.0,0.0,False,0
80DEF2DC0,2,0,1,0.0,0.0,False,0
80DEF2E10,7,2,1,0.0,0.0,False,1
80DF24B60,2,0,1,0.0,0.0,False,0
80DF24CA0,37,1,17,4.036196611209325e-07,0.0,False,1
80DF27550,13,5,1,0.0,0.0,False,1
80DF278C0,4,0,2,0.0,0.0,False,0
80DF286B0,4,0,2,0.0,0.0,False,0
80DF886E0,3,0,0,0.0,0.0,False,0
80DFA2870,11,2,3,0.0,0.0,False,1
80DFA7EA0,3,0,0,0.0,0.0,False,0
80DFDCD10,2,0,1,0.0,0.0,False,0
80DFDEBB0,83,1,40,4.6127961270963714e-07,0.0,False,1
80DFE4190,2,0,1,0.0,0.0,False,0
80DFE4230,47,22,1,0.0,0.0,False,1
80E02C450,28,14,0,0.0,0.0,False,0
80E02F4B0,3,0,0,0.0,0.0,False,0
80E03E080,53,25,1,0.0,0.0,False,1
80E05C430,14,0,7,0.0,0.0,False,0
80E06B610,5,0,2,0.0,0.0,False,1
80E06B700,4,2,0,0.0,0.0,False,0
80E06EFE0,147,30,43,3.4595970953222787e-07,0.0,False,1
80E09AF90,12,6,0,0.0,0.0,False,0
80E0EE0B0,3,0,0,0.0,0.0,False,0
80E0F20D0,2,0,1,0.0,0.0,False,0
80E0F2170,51,1,24,4.6127961270963714e-07,0.0,False,1
80E136170,3,0,0,0.0,0.0,False,1
80E145DA0,3,0,0,0.0,0.0,False,0
80E17F420,3,0,1,0.0,0.0,False,1
80E196160,2,0,1,0.0,0.0,False,0
80E196D60,49,23,1,0.0,0.0,False,1
80E1996C0,2,1,0,0.0,0.0,False,0
80E1B20D0,4,2,0,0.0,0.0,False,0
80E1BFB50,5,1,1,0.0,0.0,False,1
80E1C8E10,4,2,0,0.0,0.0,False,0
80E1CA820,3,0,0,0.0,0.0,False,0
80E1CA910,3,0,0,0.0,0.0,False,1
80E1D2640,8,4,0,0.0,0.0,False,0
80E1F1D30,2,0,1,0.0,0.0,False,0
80E2033E0,6,0,3,0.0,0.0,False,0
80E2410E0,45,14,8,1.1531990317740929e-07,0.0,False,1
80E26CD20,3,0,0,0.0,0.0,False,1
80E2AB5C0,2,1,0,0.0,0.0,False,0
80E2B11D0,56,0,28,0.0,0.0,False,0
80E2B3F50,14,0,7,0.0,0.0,False,0
80E2E6050,3,0,0,0.0,0.0,False,0
80E2F85D0,3,0,0,0.0,0.0,False,1
80E330AB0,3,0,0,0.0,0.0,False,0
80E337F70,3,0,0,0.0,0.0,False,0
80E342E80,5,1,1,0.0,0.0,False,1
80E34D0D0,6,3,0,0.0,0.0,False,0
80E356AA0,41,18,2,1.7297985476611394e-07,0.0,True,1
80E356EE0,6,1,2,0.0,0.0,True,0
80E36D990,2,1,0,0.0,0.0,False,0
80E36E5E0,7,1,2,0.0,0.0,False,1
80E37FA70,2,0,1,0.0,0.0,False,0
80E3AE1B0,28,14,0,0.0,0.0,False,0
80E3ED5C0,3,0,0,0.0,0.0,False,0
80E4193A0,2,0,1,0.0,0.0,False,0
80E444860,49,23,1,0.0,0.0,False,1
80E48B7A0,3,0,0,0.0,0.0,False,0
80E4AF290,28,14,0,0.0,0.0,False,0
80E4D0390,3,0,0,0.0,0.0,False,0
80E4DBA50,4,0,2,0.0,0.0,False,0
80E4DCDF0,2,0,1,0.0,0.0,False,0
80E528170,3,0,0,0.0,0.0,False,0
80E550120,3,0,0,0.0,0.0,False,1
80E565BA0,20,10,0,0.0,0.0,False,0
80E566E90,2,1,0,0.0,0.0,False,0
80E567790,19,3,6,0.0,0.0,False,1
80E56F9F0,3,0,0,0.0,0.0,False,0
80E57B8A0,4,2,0,0.0,0.0,False,0
80E57B940,5,0,2,0.0,0.0,False,1
80E5BDC10,40,0,20,0.0,0.0,False,0
80E5C33D0,123,35,26,2.3063980635481857e-07,0.0,False,1
80E5E0320,3,0,0,0.0,0.0,False,0
80E5F4580,4,2,0,0.0,0.0,False,0
80E614650,2,0,1,0.0,0.0,False,0
80E635330,40,20,0,0.0,0.0,False,0
80E641BB0,3,0,0,0.0,0.0,False,0
80E649670,3,0,0,0.0,0.0,False,0
80E661730,4,2,0,0.0,0.0,False,0
80E6629B0,5,0,2,0.0,0.0,False,1
80E66F9C0,3,0,0,0.0,0.0,False,1
80E6B3560,3,0,0,0.0,0.0,False,0
80E6BE840,40,20,0,0.0,0.0,False,0
80E6DB5B0,3,0,0,0.0,0.0,False,0
80E6E0220,75,15,22,5.765995158870464e-08,0.0,False,1
80E702F80,28,14,0,0.0,0.0,False,0
80E703CB0,5,1,1,0.0,0.0,False,1
80E709690,3,0,0,0.0,0.0,False,1
80E73AFE0,28,0,14,0.0,0.0,False,0
80E75B310,7,0,3,0.0,0.0,False,1
80E75D8D0,2,1,0,0.0,0.0,False,0
80E762110,3,0,0,0.0,0.0,False,1
80E787860,8,4,0,0.0,0.0,False,0
80E795940,3,0,0,0.0,0.0,False,1
80E7A4FA0,3,0,0,0.0,0.0,False,0
80E7D50F0,41,16,4,1.1531990317740929e-07,0.0,False,1
80E7D5720,2,1,0,0.0,0.0,False,0
80E7E18F0,5,1,1,0.0,0.0,False,1
80E7E2AC0,56,0,28,0.0,0.0,False,0
80E867890,2,0,1,0.0,0.0,False,0
80E8975D0,6,0,3,0.0,0.0,False,0
80E8BCD10,14,0,7,0.0,0.0,False,0
80E8C8060,63,27,4,1.1531990317740929e-07,0.0,False,1
80E8FDFF0,2,0,1,0.0,0.0,False,0
80E9090C0,3,0,0,0.0,0.0,False,1
80E914B40,6,3,0,0.0,0.0,False,0
80E9331D0,3,0,0,0.0,0.0,False,0
80E936110,6,3,0,0.0,0.0,False,0
80E941750,95,26,21,2.882997579435232e-07,0.0,False,1
80E9486A0,3,0,0,0.0,0.0,False,0
80E94B130,97,24,24,2.3063980635481857e-07,0.0,False,1
80E9778E0,3,0,0,0.0,0.0,False,0
80E995D70,56,28,0,0.0,0.0,False,0
80E9E4A30,3,0,0,0.0,0.0,False,0
80EA2DA50,3,0,0,0.0,0.0,False,0
80EA61460,28,0,14,0.0,0.0,False,0
80EA87680,3,0,0,0.0,0.0,False,0
80EB0DC50,3,0,0,0.0,0.0,False,0
80EB13650,2,1,0,0.0,0.0,False,0
80EB7BF50,3,0,0,0.0,0.0,False,1
80EBB8430,4,2,0,0.0,0.0,False,0
80EBD7AE0,3,0,0,0.0,0.0,False,0
80EBEA2B0,17,6,2,0.0,0.0,False,1
80EBEB300,4,0,2,0.0,0.0,False,0
80EBF8260,4,0,2,0.0,0.0,False,0
80EC174E0,28,14,0,0.0,0.0,False,0
80EC23520,79,24,15,1.1531990317740929e-07,0.0,False,1
80EC3FEB0,3,0,0,0.0,0.0,False,0
80EC59E70,3,0,0,0.0,0.0,False,1
80EC68410,3,0,0,0.0,0.0,False,0
80EC87030,8,4,0,0.0,0.0,False,0
80ECAB3C0,11,2,3,0.0,0.0,False,1
80ECAEAC0,5,1,1,0.0,0.0,False,1
80ECC4460,117,56,2,0.0,0.0,False,1
80ECC4C40,61,28,2,0.0,0.0,False,1
80ECE1840,5,1,1,0.0,0.0,False,1
80ECE4CA0,3,0,0,0.0,0.0,False,0
80ECEF920,3,0,0,0.0,0.0,False,0
80ECFD4D0,3,0,0,0.0,0.0,False,1
80ED002D0,123,31,30,3.4595970953222787e-06,0.0,False,1
80ED20370,28,14,0,0.0,0.0,False,0
80ED3E9B0,3,0,0,0.0,0.0,False,1
80ED7CE00,4,2,0,0.0,0.0,False,0
80ED853F0,2,0,1,0.0,0.0,False,0
80ED8EA50,40,0,20,0.0,0.0,False,0
80EE0FB00,3,0,0,0.0,0.0,False,0
80EE1B960,12,6,0,0.0,0.0,False,0
80EE85CD0,3,0,0,0.0,0.0,False,0
80EE94A90,3,0,0,0.0,0.0,False,0
80EEE6DF0,40,20,0,0.0,0.0,False,0
80EF13770,3,0,0,0.0,0.0,False,0
80EF21E50,4,0,2,0.0,0.0,False,0
80EF23070,4,0,2,0.0,0.0,False,0
80EF27BE0,13,5,1,0.0,0.0,False,1
80EF36AB0,2,0,1,0.0,0.0,False,0
80EF46FE0,28,14,0,0.0,0.0,False,0
80EF8E2D0,3,0,0,0.0,0.0,False,1
80EF93410,2,0,1,0.0,0.0,False,0
80EF98850,42,21,0,0.0,0.0,False,0
80EFBA910,3,0,0,0.0,0.0,False,0
80EFBFF60,5,1,1,0.0,0.0,False,1
80EFC0850,8,4,0,0.0,0.0,False,0
80EFC8780,2,0,1,0.0,0.0,False,0
80EFC8EE0,5,1,1,0.0,0.0,False,1
80F01CBA0,4,2,0,0.0,0.0,False,0
80F01CCE0,5,0,2,0.0,0.0,False,1
80F04C830,4,0,2,0.0,0.0,False,0
80F050AE0,45,21,1,0.0,0.0,False,1
80F054820,10,0,5,0.0,0.0,False,0
80F0D2AB0,3,0,0,0.0,0.0,False,0
80F0FFBF0,3,0,0,0.0,0.0,False,0
80F1084B0,3,0,0,0.0,0.0,False,0
80F124C70,3,0,0,0.0,0.0,False,1
80F1283D0,20,0,10,0.0,0.0,False,0
80F178D30,3,0,0,0.0,0.0,False,0
80F1F8CE0,3,0,0,0.0,0.0,False,0
80F203B70,4,2,0,0.0,0.0,False,0
80F203DF0,2,1,0,0.0,0.0,False,0
80F203E40,7,0,3,0.0,0.0,False,1
80F20F3B0,7,0,3,0.0,0.0,False,1
80F211DF0,4,2,0,0.0,0.0,False,0
80F211F30,5,1,0,0.0,0.0,False,0
80F21BAF0,3,0,0,0.0,0.0,False,1
80F23BB10,4,0,2,0.0,0.0,False,0
80F23C500,15,4,3,5.765995158870464e-08,0.0,False,1
80F24BCE0,2,1,0,0.0,0.0,False,0
80F266500,40,0,20,0.0,0.0,False,0
80F289300,13,2,4,0.0,0.0,False,1
80F292B00,70,0,35,0.0,0.0,False,0
80F29CD10,6,0,3,0.0,0.0,False,0
80F2BDEE0,2,1,0,0.0,0.0,False,0
80F2EBFE0,3,0,0,0.0,0.0,False,0
80F2F3050,41,16,4,1.1531990317740929e-07,0.0,False,1
80F2F3200,2,1,0,0.0,0.0,False,0
80F2F4200,2,1,0,0.0,0.0,False,0
80F31B7F0,28,0,14,0.0,0.0,False,0
80F321B40,28,0,14,0.0,0.0,False,0
80F354A00,12,6,0,0.0,0.0,False,0
80F38BBB0,2,1,0,0.0,0.0,False,0
80F394100,8,0,4,0.0,0.0,False,0
80F3FC210,8,4,0,0.0,0.0,False,0
80F439E90,5,1,1,0.0,0.0,False,1
80F44B6E0,97,33,15,2.3063980635481857e-07,0.0,False,1
80F460050,3,0,0,0.0,0.0,False,0
80F463D20,3,0,0,0.0,0.0,False,0
80F466F70,3,0,0,0.0,0.0,False,1
80F478E10,11,2,3,5.765995158870464e-08,0.0,False,1
80F47A310,4,2,0,0.0,0.0,False,0
80F48C6C0,2,0,1,0.0,0.0,False,0
80F49A270,3,0,0,0.0,0.0,False,0
80F4A8780,3,0,0,0.0,0.0,False,1
80F4BD3A0,3,0,0,0.0,0.0,False,1
80F4E70B0,3,0,0,0.0,0.0,False,0
80F4F9D90,4,0,2,0.0,0.0,False,0
80F500370,3,0,0,0.0,0.0,False,1
80F564EA0,33,15,1,0.0,0.0,False,1
80F56EE40,3,0,0,0.0,0.0,False,0
80F5796D0,3,0,0,0.0,0.0,False,0
80F57C620,3,0,0,0.0,0.0,False,0
80F587CE0,3,0,0,0.0,0.0,False,1
80F5A94D0,28,0,14,0.0,0.0,False,0
80F5AB7A0,2,1,0,0.0,0.0,False,0
80F5F7BF0,40,20,0,0.0,0.0,False,0
80F60D330,3,0,0,0.0,0.0,False,1
80F669B00,3,0,0,0.0,0.0,False,1
80F67C8B0,47,18,5,1.1531990317740929e-07,0.0,False,1
80F691640,2,1,0,0.0,0.0,False,0
80F69D190,3,0,0,0.0,0.0,False,1
80F69D510,28,14,0,0.0,0.0,False,0
80F6AFED0,5,2,0,0.0,0.0,False,1
80F6BA500,3,0,0,0.0,0.0,False,1
80F6D3C70,3,0,0,0.0,0.0,False,1
80F6FE710,177,52,36,3.4595970953222787e-07,0.0,False,1
80F716D20,4,0,2,0.0,0.0,False,0
80F79F010,3,0,0,0.0,0.0,False,0
80F7A83B0,2,1,0,0.0,0.0,False,0
80F7CE4C0,2,0,1,0.0,0.0,False,0
80F7CF970,42,21,0,0.0,0.0,False,0
80F7D6660,2,0,1,0.0,0.0,False,0
80F85E470,6,0,3,0.0,0.0,False,0
80F86B020,2,0,1,0.0,0.0,False,0
80F86B1B0,9,3,1,0.0,0.0,False,1
80F86BA00,2,0,1,0.0,0.0,False,0
80F879FA0,73,21,15,2.3063980635481857e-07,0.0,False,1
80F87C640,3,0,0,0.0,0.0,False,1
80F8B7290,3,0,0,0.0,0.0,False,0
80F8C3CA0,3,0,0,0.0,0.0,False,1
80F8D3790,2,0,1,0.0,0.0,False,0
80F8D6A20,56,28,0,0.0,0.0,False,0
80F903660,3,0,0,0.0,0.0,False,0
80F90D4B0,2,0,1,0.0,0.0,False,0
80F9A0F40,37,16,2,0.0,0.0,False,1
80FA16DF0,4,0,2,0.0,0.0,False,0
80FA4E700,5,1,1,0.0,0.0,False,1
80FA54580,4,0,2,0.0,0.0,False,0
80FA76900,2,1,0,0.0,0.0,False,0
80FA76950,13,4,2,5.765995158870464e-08,0.0,False,1
80FA98B00,3,0,0,0.0,0.0,False,1
80FA9EB10,3,0,0,0.0,0.0,False,0
80FAC8EB0,49,24,0,0.0,0.0,False,1
80FAD8020,11,2,3,0.0,0.0,False,1
80FB16BD0,2,1,0,0.0,0.0,False,0
80FB1DD20,39,18,1,0.0,0.0,False,1
80FB61270,3,0,0,0.0,0.0,False,0
80FB8A6A0,2,1,0,0.0,0.0,False,0
80FC107F0,3,0,0,0.0,0.0,False,1
80FC16870,3,0,0,0.0,0.0,False,0
80FC35230,3,0,0,0.0,0.0,False,0
80FC517D0,3,0,0,0.0,0.0,False,0
80FC8F980,3,0,0,0.0,0.0,False,0
80FCB8380,5,1,1,0.0,0.0,False,1
80FCDA990,28,14,0,0.0,0.0,False,0
80FCE9D40,51,24,1,0.0,0.0,False,1
80FD26790,14,0,7,0.0,0.0,False,0
80FD27A20,87,22,21,4.6127961270963714e-07,0.0,False,1
80FD32260,28,0,14,0.0,0.0,False,0
80FD42840,42,0,21,0.0,0.0,False,0
80FD51BF0,40,0,20,0.0,0.0,False,0
80FD62800,28,0,14,0.0,0.0,False,0
80FD78AC0,70,0,35,0.0,0.0,False,0
80FD815E0,4,2,0,0.0,0.0,False,0
80FD81810,5,0,2,0.0,0.0,False,1
80FDAF820,60,0,30,0.0,0.0,False,0
80FDB4F20,20,10,0,0.0,0.0,False,0
80FDCE320,5,0,2,0.0,0.0,False,1
80FDD2370,4,2,0,0.0,0.0,False,0
80FDDAA70,10,5,0,0.0,0.0,False,0
80FDE7B60,8,0,4,0.0,0.0,False,0
80FE109A0,8,0,4,0.0,0.0,False,0
80FE11450,4,0,2,0.0,0.0,False,0
80FE11FA0,53,4,22,1.1531990317740929e-07,0.0,False,1
80FE124F0,5,0,2,0.0,0.0,False,1
80FE14260,4,2,0,0.0,0.0,False,0
80FE6AB90,3,0,0,0.0,0.0,False,0
80FE75ED0,5,0,2,0.0,0.0,False,1
80FE783F0,5,1,1,0.0,0.0,False,1
80FE7C0C0,3,1,0,0.0,0.0,False,1
80FE91FD0,4,2,0,0.0,0.0,False,0
80FEA9150,2,0,1,0.0,0.0,False,0
80FECCF30,2,1,0,0.0,0.0,False,0
80FEF6B80,3,0,0,0.0,0.0,False,0
80FF15F30,3,0,0,0.0,0.0,False,0
80FF21930,2,1,0,0.0,0.0,False,0
80FF28080,3,0,0,0.0,0.0,False,1
80FF33910,40,20,0,0.0,0.0,False,0
80FF589E0,3,0,0,0.0,0.0,False,0
80FF91CE0,5,1,1,0.0,0.0,False,1
80FF9B000,2,0,1,0.0,0.0,False,0
80FF9CB70,2,1,0,0.0,0.0,False,0
80FF9CD00,155,16,61,1.7297985476611394e-06,0.0,False,1
80FFB24E0,28,14,0,0.0,0.0,False,0
80FFEFBE0,8,4,0,0.0,0.0,False,0
8100032B0,93,45,1,0.0,0.0,False,1
8100256D0,3,0,0,0.0,0.0,False,1
8100381E0,3,0,0,0.0,0.0,False,0
8100392E0,4,0,2,0.0,0.0,False,0
810048300,3,0,0,0.0,0.0,False,1
810049F50,8,0,4,0.0,0.0,False,0
81004FA10,4,0,2,0.0,0.0,False,0
81009B1E0,28,0,14,0.0,0.0,False,0
8100A2E80,3,0,0,0.0,0.0,False,0
8100A6B40,4,2,0,0.0,0.0,False,0
8100A6DB0,60,30,0,0.0,0.0,False,0
8100A9CC0,40,20,0,0.0,0.0,False,0
8100AA4C0,5,0,2,0.0,0.0,False,1
8100CE550,4,2,0,0.0,0.0,False,0
8100CEB30,5,0,2,0.0,0.0,False,1
8100EF720,4,0,2,0.0,0.0,False,0
8100F2040,40,0,20,0.0,0.0,False,0
8100F2930,4,2,0,0.0,0.0,False,0
8100F9D70,20,10,0,0.0,0.0,False,0
8100FA610,28,0,14,0.0,0.0,False,0
8100FF0F0,40,0,20,0.0,0.0,False,0
810125E00,5,0,2,0.0,0.0,False,1
81012CA00,4,0,2,0.0,0.0,False,0
810136F90,13,5,1,0.0,0.0,False,1
810137490,4,0,2,0.0,0.0,False,0
81014CB60,4,0,2,0.0,0.0,False,0
810166F30,5,1,1,0.0,0.0,False,1
810184CE0,3,0,0,0.0,0.0,False,0
810193480,3,0,0,0.0,0.0,False,0
8101A38B0,28,0,14,0.0,0.0,False,0
8101BD360,37,16,2,0.0,0.0,False,1
8101CEF90,41,16,4,1.1531990317740929e-07,0.0,False,1
8101DA920,73,1,35,0.0,0.0,False,1
8101E0CD0,3,0,0,0.0,0.0,False,0
81020A870,3,0,0,0.0,0.0,False,0
810224850,20,0,10,0.0,0.0,False,0
810225970,3,0,0,0.0,0.0,False,1
81022DE40,23,10,1,0.0,0.0,False,1
81022DE90,4,0,2,0.0,0.0,False,0
810230EF0,4,0,2,0.0,0.0,False,0
8102397F0,8,0,4,0.0,0.0,False,0
81024BE80,28,0,14,0.0,0.0,False,0
81024DE80,3,0,0,0.0,0.0,False,0
8102515B0,2,1,0,0.0,0.0,False,0
81025D190,25,11,1,0.0,0.0,False,1
810275F80,40,0,20,0.0,0.0,False,0
810280740,12,6,0,0.0,0.0,False,0
810297B80,43,1,20,4.6127961270963714e-07,0.0,False,1
810297BD0,2,0,1,0.0,0.0,False,0
81029D270,28,14,0,0.0,0.0,False,0
81029E820,28,0,14,0.0,0.0,False,0
8102AEAC0,3,0,0,0.0,0.0,False,1
8102CCEC0,3,0,0,0.0,0.0,False,0
8102EDBF0,3,0,0,0.0,0.0,False,1
810325B30,28,14,0,0.0,0.0,False,0
81034D310,3,0,0,0.0,0.0,False,0
81035FB40,2,0,1,0.0,0.0,False,0
81038E350,2,0,1,0.0,0.0,False,0
8103925F0,9,2,2,0.0,0.0,False,1
8103B2E50,115,56,1,0.0,0.0,False,1
8103C2850,3,0,0,0.0,0.0,False,0
81040ACB0,3,0,0,0.0,0.0,False,1
81043BD40,73,35,1,0.0,0.0,False,1
81043BDE0,4,0,2,0.0,0.0,False,0
810449DB0,2,1,0,0.0,0.0,False,0
810449E00,11,2,3,0.0,0.0,False,1
8104758C0,6,3,0,0.0,0.0,False,0
810495360,3,0,0,0.0,0.0,False,1
81049D0A0,65,32,0,0.0,0.0,False,1
8104BBFA0,65,8,24,4.6127961270963714e-07,0.0,False,1
8104BBFF0,2,0,1,0.0,0.0,False,0
8104C9670,4,2,0,0.0,0.0,False,0
8104D7FC0,2,1,0,0.0,0.0,False,0
810518810,3,0,0,0.0,0.0,False,0
810528570,4,0,2,0.0,0.0,False,0
8105418F0,143,25,46,3.4595970953222787e-07,0.0,False,1
81055CF40,3,0,0,0.0,0.0,False,0
8105A5FD0,2,1,0,0.0,0.0,False,0
8105A7C20,2,1,0,0.0,0.0,False,0
8105C7AB0,2,1,0,0.0,0.0,False,0
8105F1630,2,1,0,0.0,0.0,False,0
8105F2950,91,15,30,1.1531990317740929e-07,0.0,False,1
8105F9C70,4,0,2,0.0,0.0,False,0
8105FFC50,20,10,0,0.0,0.0,False,0
810614BF0,3,0,0,0.0,0.0,False,0
810632F70,3,0,0,0.0,0.0,False,1
810646D90,6,3,0,0.0,0.0,False,0
8106479D0,42,21,0,0.0,0.0,False,0
810658100,3,0,0,0.0,0.0,False,1
81066C370,20,0,10,0.0,0.0,False,0
8106F9FB0,3,0,0,0.0,0.0,False,0
810738DC0,13,4,2,0.0,0.0,False,1
810739710,4,0,2,0.0,0.0,False,0
810752AA0,2,1,0,0.0,0.0,False,0
8107548E0,7,1,2,0.0,0.0,False,1
810758CA0,40,20,0,0.0,0.0,False,0
810771260,3,0,0,0.0,0.0,False,1
81078F1D0,4,0,2,0.0,0.0,False,0
810797A30,5,0,2,0.0,0.0,False,1
81079C290,80,0,40,0.0,0.0,False,0
8107A0740,2,1,0,0.0,0.0,False,0
8107B2600,117,17,41,2.3063980635481857e-07,0.0,False,1
8107BE4E0,6,0,3,0.0,0.0,False,0
8107D15B0,40,20,0,0.0,0.0,False,0
8107D2090,2,1,0,0.0,0.0,False,0
8107D38D0,4,2,0,0.0,0.0,False,0
8107D3970,2,1,0,0.0,0.0,False,0
8107DA5E0,4,2,0,0.0,0.0,False,0
8107DD230,5,0,2,0.0,0.0,False,1
8107E0040,3,0,0,0.0,0.0,False,1
8107E6380,15,4,3,2.3063980635481857e-07,0.0,False,1
8107F5090,3,0,0,0.0,0.0,False,1
8107FDE70,2,0,1,0.0,0.0,False,0
81081FF00,8,0,4,0.0,0.0,False,0
8108453F0,14,0,7,0.0,0.0,False,0
810850440,42,21,0,0.0,0.0,False,0
810850830,4,0,2,0.0,0.0,False,0
810868D50,4,0,2,0.0,0.0,False,0
8108DB390,2,1,0,0.0,0.0,False,0
81090E660,40,0,20,0.0,0.0,False,0
810911970,37,13,5,1.1531990317740929e-07,0.0,False,1
810916000,28,14,0,0.0,0.0,False,0
810945C00,121,19,41,2.3063980635481857e-07,0.0,False,1
810945F80,3,0,0,0.0,0.0,False,1
81095BC00,2,0,1,0.0,0.0,False,0
810969100,8,4,0,0.0,0.0,False,0
810990C20,60,0,30,0.0,0.0,False,0
8109A4B60,2,0,1,0.0,0.0,False,0
8109B38A0,8,4,0,0.0,0.0,False,0
8109CBFA0,2,1,0,0.0,0.0,False,0
810A05EF0,3,0,0,0.0,0.0,False,1
810A1C7D0,2,0,1,0.0,0.0,False,0
810A1C8C0,49,17,7,1.7297985476611394e-07,0.0,False,1
810A1CEB0,20,10,0,0.0,0.0,False,0
810A280E0,5,1,1,0.0,0.0,False,1
810A2A110,3,0,0,0.0,0.0,False,0
810A4CA30,3,0,0,0.0,0.0,False,0
810A88910,89,43,1,0.0,0.0,False,1
810A8C2A0,40,20,0,0.0,0.0,False,0
810A910F0,40,20,0,0.0,0.0,False,0
810A9E040,3,0,0,0.0,0.0,False,0
810AB2E50,4,0,2,0.0,0.0,False,0
810AB4E00,69,33,1,0.0,0.0,False,1
810AE2970,3,0,0,0.0,0.0,False,0
810B01E70,11,2,3,0.0,0.0,False,1
810B21010,3,0,0,0.0,0.0,False,1
810B25370,42,21,0,0.0,0.0,False,0
810B4B940,43,19,2,1.7297985476611394e-07,0.0,False,1
810B4BA30,4,0,2,0.0,0.0,False,0
810B4C370,2,1,0,0.0,0.0,False,0
810B4E1C0,4,0,2,0.0,0.0,False,0
810B68EE0,3,0,0,0.0,0.0,False,1
810B76D80,2,1,0,0.0,0.0,False,0
810B87120,4,0,2,0.0,0.0,False,0
810B97080,14,7,0,0.0,0.0,False,0
810BAC5B0,2,0,1,0.0,0.0,False,0
810BBB950,14,7,0,0.0,0.0,False,0
810BD7180,3,0,0,0.0,0.0,False,0
810BE6390,4,2,0,0.0,0.0,False,0
810BEB440,28,14,0,0.0,0.0,False,0
810BEE880,5,0,2,0.0,0.0,False,1
810BEF1D0,40,0,20,0.0,0.0,False,0
810BF0BF0,2,1,0,0.0,0.0,False,0
810BF14C0,3,0,1,0.0,0.0,False,1
810C0AB50,8,0,4,0.0,0.0,False,0
810C383A0,3,0,0,0.0,0.0,False,0
810C3DAD0,60,0,30,0.0,0.0,False,0
810C3FCA0,2,1,0,0.0,0.0,False,0
810C5BEA0,3,0,0,0.0,0.0,False,1
810C62150,60,0,30,0.0,0.0,False,0
810CB75B0,3,0,0,0.0,0.0,False,1
810CE30A0,4,0,2,0.0,0.0,False,0
810CE3770,4,0,2,0.0,0.0,False,0
810CE37C0,75,36,1,0.0,0.0,False,1
810D033F0,3,0,0,0.0,0.0,False,0
810D0CCB0,6,3,0,0.0,0.0,False,0
810D10340,5,1,1,0.0,0.0,False,1
810D1B3D0,3,0,0,0.0,0.0,False,0
810D34E40,5,1,1,0.0,0.0,False,1
810D70760,56,28,0,0.0,0.0,False,0
810D97E80,3,0,0,0.0,0.0,False,1
810E42E60,4,2,0,0.0,0.0,False,0
810E73560,4,2,0,0.0,0.0,False,0
810E92C30,4,2,0,0.0,0.0,False,0
810E92FB0,3,0,0,0.0,0.0,False,0
810EC7D20,3,0,0,0.0,0.0,False,0
810EC7E10,2,0,1,0.0,0.0,False,0
810EC7FA0,23,1,10,2.3063980635481857e-07,0.0,False,1
810ED4960,69,26,8,1.1531990317740929e-07,0.0,False,1
810EE25C0,5,1,1,0.0,0.0,False,1
810F03D20,40,20,0,0.0,0.0,False,0
810F09E90,3,0,0,0.0,0.0,False,1
810F13C60,3,0,0,0.0,0.0,False,0
810F19150,3,0,0,0.0,0.0,False,1
810F1DC70,56,0,28,0.0,0.0,False,0
810F21BC0,3,0,0,0.0,0.0,False,0
810F672B0,35,17,0,0.0,0.0,False,1
810F7E740,28,14,0,0.0,0.0,False,0
810F86F20,2,1,0,0.0,0.0,False,0
810FE36C0,2,0,1,0.0,0.0,False,0
810FE37B0,2,0,1,0.0,0.0,False,0
810FE3800,4,0,2,0.0,0.0,False,0
810FE3850,2,0,1,0.0,0.0,False,0
810FE38A0,43,20,1,0.0,0.0,False,1
810FEE3D0,3,0,0,0.0,0.0,False,0
81100BF40,45,21,1,0.0,0.0,False,1
811019F20,3,0,0,0.0,0.0,False,1
81102EEB0,3,0,0,0.0,0.0,False,0
811062A90,2,0,1,0.0,0.0,False,0
811084390,2,1,0,0.0,0.0,False,0
8110E5AD0,3,0,0,0.0,0.0,False,0
8110F4420,3,0,0,0.0,0.0,False,1
811115960,3,0,0,0.0,0.0,False,1
81114A0A0,3,0,0,0.0,0.0,False,0
811162BE0,3,0,0,0.0,0.0,False,1
811163860,3,0,0,0.0,0.0,False,1
8111A2AC0,55,26,1,0.0,0.0,False,1
8111A5600,3,0,0,0.0,0.0,False,0
8111A8DB0,40,20,0,0.0,0.0,False,0
8111A9B90,5,1,1,0.0,0.0,False,1
8111C9430,3,0,0,0.0,0.0,False,1
8111C9F30,3,0,0,0.0,0.0,False,0
8111D0A10,4,2,0,0.0,0.0,False,0
8111D0DD0,5,0,2,0.0,0.0,False,1
8111E3760,51,24,1,0.0,0.0,False,1
8111EEE20,81,40,0,0.0,0.0,False,1
8111F52C0,2,1,0,0.0,0.0,False,0
8111F7590,2,1,0,0.0,0.0,False,0
81120C4E0,8,4,0,0.0,0.0,False,0
81120C4E1,14,0,7,0.0,0.0,False,0
8112408E0,73,35,1,0.0,0.0,False,1
81125A3E0,3,0,0,0.0,0.0,False,0
81125C0D0,51,24,1,0.0,0.0,False,1
811269090,81,25,15,1.1531990317740929e-07,0.0,False,1
811292C30,4,2,0,0.0,0.0,False,0
8112932F0,7,0,3,0.0,0.0,False,1
811294F10,2,1,0,0.0,0.0,False,0
8112A73F0,3,0,0,0.0,0.0,False,0
8112D10A0,40,20,0,0.0,0.0,False,0
8112E29E0,3,0,1,0.0,0.0,False,1
81131E870,3,0,0,0.0,0.0,False,0
811321730,2,1,0,0.0,0.0,False,0
8113551E0,3,0,0,0.0,0.0,False,0
811380000,42,21,0,0.0,0.0,False,0
81138EB00,42,21,0,0.0,0.0,False,0
8113D29B0,4,2,0,0.0,0.0,False,0
8113D5160,5,0,2,0.0,0.0,False,1
8113DCFC0,2,0,1,0.0,0.0,False,0
8113DD870,2,0,1,0.0,0.0,False,0
8113DD960,2,0,1,0.0,0.0,False,0
8113DD9B0,2,0,1,0.0,0.0,False,0
8113DDA50,2,0,1,0.0,0.0,False,0
8113DDAA0,2,0,1,0.0,0.0,False,0
8113DDFF0,29,12,2,5.765995158870464e-07,0.0,True,1
8113DE090,2,0,1,0.0,0.0,False,0
8113DE1D0,2,0,1,0.0,0.0,False,0
8113DE220,2,0,1,0.0,0.0,False,0
8113DE310,4,1,1,0.0,0.0,True,0
8113DE3B0,2,0,1,0.0,0.0,False,0
8113FF390,4,2,0,0.0,0.0,False,0
811429A80,4,1,1,0.0,0.0,True,0
811429AD0,11,3,2,5.765995158870464e-08,0.0,True,1
811429B20,2,0,1,0.0,0.0,False,0
81142D470,2,0,1,0.0,0.0,False,0
811443DF0,4,2,0,0.0,0.0,False,0
811488DA0,3,0,0,0.0,0.0,False,0
811491C40,69,33,1,0.0,0.0,False,1
811491C90,4,0,2,0.0,0.0,False,0
8114922F0,2,0,1,0.0,0.0,False,0
8114AAFA0,51,24,1,0.0,0.0,False,1
8114B21B0,42,21,0,0.0,0.0,False,0
8114BCCE0,70,35,0,0.0,0.0,False,0
8114D1E60,5,1,1,0.0,0.0,False,1
8114DBBC0,8,4,0,0.0,0.0,False,0
8114DEBD0,17,6,2,0.0,0.0,False,1
8114F8B80,2,1,0,0.0,0.0,False,0
8114F8D10,7,1,2,0.0,0.0,False,1
8114FF130,3,0,0,0.0,0.0,False,0
811505080,2,0,1,0.0,0.0,False,0
811511650,3,0,0,0.0,0.0,False,1
811546190,8,4,0,0.0,0.0,False,0
81154E790,4,0,2,0.0,0.0,False,0
811558170,4,2,0,0.0,0.0,False,0
811558620,7,0,3,0.0,0.0,False,1
811562100,2,1,0,0.0,0.0,False,0
81156DD20,5,0,2,0.0,0.0,False,1
81156EB50,4,2,0,0.0,0.0,False,0
8115ACC20,45,22,0,0.0,0.0,False,1
81161EBA0,3,0,0,0.0,0.0,False,0
811625010,3,0,0,0.0,0.0,False,0
811630BD0,3,0,0,0.0,0.0,False,0
81167FEE0,5,1,1,0.0,0.0,False,1
8116861B0,2,1,0,0.0,0.0,False,0
81168D510,2,1,0,0.0,0.0,False,0
811697700,3,0,0,0.0,0.0,False,1
8116AF110,3,0,0,0.0,0.0,False,1
8116C2E80,2,0,1,0.0,0.0,False,0
8116C2F20,23,1,10,5.189395642983418e-07,0.0,False,1
8116C6720,3,0,0,0.0,0.0,False,1
811707230,7,1,2,0.0,0.0,False,1
811729A60,2,1,0,0.0,0.0,False,0
811758070,28,14,0,0.0,0.0,False,0
8117A4320,2,0,1,0.0,0.0,False,0
8117C5EE0,28,14,0,0.0,0.0,False,0
8117D9900,49,24,0,0.0,0.0,False,1
81180A520,3,0,1,0.0,0.0,False,1
811817870,2,1,0,0.0,0.0,False,0
8118209D0,2,0,1,0.0,0.0,False,0
811820FC0,25,9,3,8.07239322241865e-07,0.0,True,1
811821010,2,0,1,0.0,0.0,False,0
811823540,4,1,1,0.0,0.0,True,0
811823630,2,0,1,0.0,0.0,False,0
811823800,2,0,1,0.0,0.0,False,0
811823940,2,0,1,0.0,0.0,False,0
811823A80,4,1,1,0.0,0.0,True,0
811823CF0,2,0,1,0.0,0.0,False,0
81182A070,40,20,0,0.0,0.0,False,0
811831470,6,3,0,0.0,0.0,False,0
81183FB50,3,0,0,0.0,0.0,False,1
811853D40,2,1,0,0.0,0.0,False,0
811854980,2,0,1,0.0,0.0,False,0
811854A20,2,0,1,0.0,0.0,False,0
811863250,2,0,1,0.0,0.0,False,0
8118677F0,4,0,2,0.0,0.0,False,0
81186F7C0,6,0,3,0.0,0.0,False,0
811873100,8,0,4,0.0,0.0,False,0
81187ED00,2,0,1,0.0,0.0,False,0
81187F180,15,5,2,2.3063980635481857e-07,0.0,False,1
81187F2C0,2,0,1,0.0,0.0,False,0
8118A3560,4,2,0,0.0,0.0,False,0
8118AFD80,3,0,0,0.0,0.0,False,0
8118D3E10,6,2,1,0.0,0.0,True,0
8118D3FF0,17,4,4,5.765995158870464e-08,0.0,True,1
8118EADA0,12,6,0,0.0,0.0,False,0
8118FA170,3,0,0,0.0,0.0,False,1
81193FA60,2,0,1,0.0,0.0,False,0
811942760,2,0,1,0.0,0.0,False,0
811942800,2,0,1,0.0,0.0,False,0
811942850,2,0,1,0.0,0.0,False,0
811943130,2,0,1,0.0,0.0,False,0
8119444F0,2,0,1,0.0,0.0,False,0
8119448E0,2,0,1,0.0,0.0,False,0
8119449D0,2,0,1,0.0,0.0,False,0
8119454C0,23,10,1,0.0,0.0,False,1
811945510,2,0,1,0.0,0.0,False,0
8119469F0,3,0,0,0.0,0.0,False,1
811953B70,40,20,0,0.0,0.0,False,0
81197EB10,4,2,0,0.0,0.0,False,0
81197ED40,5,0,2,0.0,0.0,False,1
8119D8380,13,4,2,0.0,0.0,False,1
8119D9620,4,0,2,0.0,0.0,False,0
8119DB620,4,0,2,0.0,0.0,False,0
811A2ED70,5,1,1,0.0,0.0,False,1
811A40B40,28,14,0,0.0,0.0,False,0
811A4BC90,3,0,0,0.0,0.0,False,1
811AA3930,47,20,3,1.1531990317740929e-07,0.0,False,1
811AA3980,2,1,0,0.0,0.0,False,0
811AAB030,3,0,0,0.0,0.0,False,0
811AB66D0,3,0,0,0.0,0.0,False,1
811ABFBA0,3,0,0,0.0,0.0,False,0
811ACA0C0,40,20,0,0.0,0.0,False,0
811AE23B0,4,2,0,0.0,0.0,False,0
811AE4C80,5,0,2,0.0,0.0,False,1
811AF9630,8,4,0,0.0,0.0,False,0
811B00EB0,28,14,0,0.0,0.0,False,0
811B4EB60,4,2,0,0.0,0.0,False,0
811B5FEE0,2,1,0,0.0,0.0,False,0
811B61A50,2,1,0,0.0,0.0,False,0
811B66B10,8,0,4,0.0,0.0,False,0
811B6BEE0,28,14,0,0.0,0.0,False,0
811B8EE20,3,0,0,0.0,0.0,False,0
811B95CE0,2,1,0,0.0,0.0,False,0
811B9C130,2,1,0,0.0,0.0,False,0
811B9C180,4,2,0,0.0,0.0,False,0
811BB7F50,237,1,117,1.1531990317740928e-06,0.0,False,1
811BB80E0,2,0,1,0.0,0.0,False,0
811BBA4C0,2,1,0,0.0,0.0,False,0
811BE8020,3,0,0,0.0,0.0,False,1
811BF6B70,2,1,0,0.0,0.0,False,0
811C08210,3,0,0,0.0,0.0,False,0
811C20320,12,6,0,0.0,0.0,False,0
811C36320,3,0,0,0.0,0.0,False,1
811C3E780,4,2,0,0.0,0.0,False,0
811C41940,4,2,0,0.0,0.0,False,0
811C43C90,8,0,4,0.0,0.0,False,0
811C4D2A0,5,1,1,0.0,0.0,False,1
811C558F0,14,7,0,0.0,0.0,False,0
811C6D230,40,20,0,0.0,0.0,False,0
811C7E5B0,3,0,0,0.0,0.0,False,1
811CA3CD0,28,14,0,0.0,0.0,False,0
811CC3010,42,21,0,0.0,0.0,False,0
811D06750,28,14,0,0.0,0.0,False,0
811D09920,3,0,0,0.0,0.0,False,0
811D30BA0,39,17,2,0.0,0.0,False,1
811D45DF0,3,0,0,0.0,0.0,False,0
811D66B90,16,8,0,0.0,0.0,False,0
811D7B180,14,7,0,0.0,0.0,False,0
811D8BC80,3,0,0,0.0,0.0,False,1
811D9B980,3,0,0,0.0,0.0,False,0
811E01FD0,29,2,12,0.0,0.0,False,1
811E064D0,28,14,0,0.0,0.0,False,0
811E12DF0,3,0,0,0.0,0.0,False,1
811E18FD0,20,10,0,0.0,0.0,False,0
811E40E50,2,1,0,0.0,0.0,False,0
811E55070,3,0,0,0.0,0.0,False,0
811E885D0,5,1,1,0.0,0.0,False,1
811EC04F0,40,20,0,0.0,0.0,False,0
811EDED80,28,14,0,0.0,0.0,False,0
811EE6370,4,2,0,0.0,0.0,False,0
811EF5B80,5,0,2,0.0,0.0,False,1
811F17F10,3,0,0,0.0,0.0,False,1
811F20C20,3,0,0,0.0,0.0,False,1
811F38B40,123,39,22,6.919194190644557e-07,0.0,False,1
811F38D20,2,0,1,0.0,0.0,False,0
811F38E60,4,0,2,0.0,0.0,False,0
811F4EC70,93,25,21,1.1531990317740929e-07,0.0,False,1
811F62830,3,0,0,0.0,0.0,False,1
811F8AA90,39,18,1,0.0,0.0,False,1
811F9A5E0,3,0,0,0.0,0.0,False,0
811FC7450,28,14,0,0.0,0.0,False,0
81201A290,4,2,0,0.0,0.0,False,0
8120229E0,3,0,0,0.0,0.0,False,0
812024220,5,0,2,0.0,0.0,False,1
8120254A0,2,1,0,0.0,0.0,False,0
812027210,3,0,0,0.0,0.0,False,0
81205F130,3,0,0,0.0,0.0,False,0
812070CE0,28,14,0,0.0,0.0,False,0
81209B850,2,1,0,0.0,0.0,False,0
8120A51E0,20,10,0,0.0,0.0,False,0
8120C3D60,20,10,0,0.0,0.0,False,0
8120DC0C0,60,30,0,0.0,0.0,False,0
8120E5200,5,1,1,0.0,0.0,False,1
8120EA330,53,25,1,0.0,0.0,False,1
812107280,3,0,0,0.0,0.0,False,0
81210FFE0,4,2,0,0.0,0.0,False,0
8121102A0,5,0,2,0.0,0.0,False,1
81211AB00,5,1,1,0.0,0.0,False,1
81211F1D0,3,0,0,0.0,0.0,False,0
812130870,3,0,0,0.0,0.0,False,0
81217A270,2,0,1,0.0,0.0,False,0
812183900,3,0,0,0.0,0.0,False,0
81219F740,16,8,0,0.0,0.0,False,0
8121CCA10,40,20,0,0.0,0.0,False,0
8121FC470,5,0,2,0.0,0.0,False,1
812207D60,3,0,0,0.0,0.0,False,0
812212EB0,4,2,0,0.0,0.0,False,0
81222F4E0,3,0,0,0.0,0.0,False,1
81225F4F0,45,21,1,0.0,0.0,False,1
812298640,2,1,0,0.0,0.0,False,0
812298D20,4,0,2,0.0,0.0,False,0
8122AA9D0,77,34,4,6.919194190644557e-07,0.0,False,1
8122AAD30,6,0,3,0.0,0.0,False,0
8122AB050,2,1,0,0.0,0.0,False,0
8122AB0A0,6,0,3,0.0,0.0,False,0
8122ABC40,4,0,2,0.0,0.0,False,0
81231FBC0,3,0,0,0.0,0.0,False,0
81235DD50,20,10,0,0.0,0.0,False,0
812384260,3,0,0,0.0,0.0,False,1
81239FA90,3,0,0,0.0,0.0,False,0
8123D2030,4,2,0,0.0,0.0,False,0
8123EB5B0,2,1,0,0.0,0.0,False,0
8124488F0,12,6,0,0.0,0.0,False,0
8124539D0,5,1,1,0.0,0.0,False,1
8124612A0,5,0,2,0.0,0.0,False,1
812467CE0,4,2,0,0.0,0.0,False,0
812498790,4,2,0,0.0,0.0,False,0
812498830,5,0,2,0.0,0.0,False,1
8124AC280,8,4,0,0.0,0.0,False,0
8124DC080,3,0,0,0.0,0.0,False,0
8124E6B50,4,0,2,0.0,0.0,False,0
8124E6BF0,33,14,2,0.0,0.0,False,1
8125759A0,3,0,0,0.0,0.0,False,1
81262CE90,3,0,0,0.0,0.0,False,0
81263F170,33,14,2,0.0,0.0,False,1
812672E50,13,2,4,0.0,0.0,False,1
81267E980,40,20,0,0.0,0.0,False,0
812683FB0,9,3,1,0.0,0.0,False,1
812689420,3,0,0,0.0,0.0,False,0
81268F230,4,0,2,0.0,0.0,False,0
81269B9E0,9,2,2,0.0,0.0,False,1
8126AB860,3,0,0,0.0,0.0,False,0
8126AC150,2,1,0,0.0,0.0,False,0
8126B72F0,2,1,0,0.0,0.0,False,0
81274FF20,2,1,0,0.0,0.0,False,0
8127505D0,2,1,0,0.0,0.0,False,0
8127747A0,5,1,1,0.0,0.0,False,1
8127B9A30,2,1,0,0.0,0.0,False,0
8127E5A40,5,0,2,0.0,0.0,False,1
8127E6300,4,2,0,0.0,0.0,False,0
812822360,2,1,0,0.0,0.0,False,0
812824760,3,0,1,0.0,0.0,False,1
812862CC0,3,0,0,0.0,0.0,False,1
812872380,6,3,0,0.0,0.0,False,0
8128A49D0,2,1,0,0.0,0.0,False,0
8128A4A20,11,2,3,0.0,0.0,False,1
8128DB8B0,5,1,1,0.0,0.0,False,1
812904B40,3,0,0,0.0,0.0,False,1
812916C70,3,0,0,0.0,0.0,False,0
8129277C0,42,21,0,0.0,0.0,False,0
81292D480,56,28,0,0.0,0.0,False,0
812988840,3,0,0,0.0,0.0,False,0
812993720,11,3,2,0.0,0.0,False,1
812997820,28,14,0,0.0,0.0,False,0
8129BF5D0,3,0,0,0.0,0.0,False,0
8129CD510,8,4,0,0.0,0.0,False,0
8129D07C0,3,0,0,0.0,0.0,False,1
812A31FD0,2,0,1,0.0,0.0,False,0
812A46370,3,0,0,0.0,0.0,False,1
812A8EA50,2,0,1,0.0,0.0,False,0
812AA2610,60,30,0,0.0,0.0,False,0
812AA5A50,4,0,2,0.0,0.0,False,0
812AA8C90,21,8,2,0.0,0.0,False,1
812ABF380,13,2,4,0.0,0.0,False,1
812AC3B70,9,3,1,0.0,0.0,False,1
812B6EB80,40,20,0,0.0,0.0,False,0
812B74E00,3,0,0,0.0,0.0,False,0
812B79BA0,107,23,30,1.7297985476611394e-07,0.0,False,1
812B85B00,9,1,3,0.0,0.0,False,1
812B86430,2,1,0,0.0,0.0,False,0
812B864D0,2,1,0,0.0,0.0,False,0
812BB4740,28,0,14,0.0,0.0,False,0
812BC4720,3,0,0,0.0,0.0,False,1
812C061B0,28,14,0,0.0,0.0,False,0
812C6EF60,3,0,0,0.0,0.0,False,1
812C8B5B0,28,14,0,0.0,0.0,False,0
812C8CD20,4,2,0,0.0,0.0,False,0
812C9CBA0,2,1,0,0.0,0.0,False,0
812C9CD30,3,0,1,0.0,0.0,False,1
812C9D761,15,7,0,0.0,0.0,False,1
812CEA420,8,0,4,0.0,0.0,False,0
812D6D560,4,2,0,0.0,0.0,False,0
812D8D140,20,10,0,0.0,0.0,False,0
812D952A0,3,0,0,0.0,0.0,False,1
812DC0860,42,21,0,0.0,0.0,False,0
812E00EF0,3,0,0,0.0,0.0,False,0
812E303F0,5,1,1,0.0,0.0,False,1
812E3ACB0,5,1,1,0.0,0.0,False,1
812EB55B0,2,0,1,0.0,0.0,False,0
812EB8BA0,2,0,1,0.0,0.0,False,0
812ECF260,3,0,0,0.0,0.0,False,0
812EE6570,3,0,0,0.0,0.0,False,1
812F2AC70,2,1,0,0.0,0.0,False,0
812F2B6D0,4,2,0,0.0,0.0,False,0
812F2BB20,7,0,3,0.0,0.0,False,1
812F3D130,42,21,0,0.0,0.0,False,0
812F4C580,7,0,3,0.0,0.0,False,1
812F4F620,4,2,0,0.0,0.0,False,0
812F528A0,2,1,0,0.0,0.0,False,0
812F7F870,3,0,0,0.0,0.0,False,0
812F8BFB0,28,14,0,0.0,0.0,False,0
812FAC3F0,11,2,3,1.1531990317740929e-07,0.0,False,1
812FE62D0,2,1,0,0.0,0.0,False,0
813005B40,2,0,1,0.0,0.0,False,0
813020E80,2,1,0,0.0,0.0,False,0
813072670,2,1,0,0.0,0.0,False,0
8130789F0,4,2,0,0.0,0.0,False,0
8130A01D0,3,0,0,0.0,0.0,False,0
8130AB1A0,2,0,1,0.0,0.0,False,0
8130BC370,3,0,0,0.0,0.0,False,1
8130D4AA0,3,0,0,0.0,0.0,False,1
8130D6F60,2,1,0,0.0,0.0,False,0
81310CBF0,49,22,2,0.0,0.0,False,1
8131210F0,3,0,0,0.0,0.0,False,1
81313A450,11,2,3,0.0,0.0,False,1
81313A5E0,2,1,0,0.0,0.0,False,0
81314D170,2,1,0,0.0,0.0,False,0
81314D580,37,15,3,2.3063980635481857e-07,0.0,False,1
81314D760,2,1,0,0.0,0.0,False,0
813193BB0,3,0,0,0.0,0.0,False,1
8131958F0,2,1,0,0.0,0.0,False,0
8131C6220,60,30,0,0.0,0.0,False,0
8131EA170,3,0,0,0.0,0.0,False,0
813244500,2,0,1,0.0,0.0,False,0
813244640,43,19,2,0.0,0.0,False,1
8132446E0,2,0,1,0.0,0.0,False,0
813244730,2,0,1,0.0,0.0,False,0
81324ED30,28,14,0,0.0,0.0,False,0
813257170,9,2,2,0.0,0.0,False,1
81326F910,12,6,0,0.0,0.0,False,0
813276180,3,0,0,0.0,0.0,False,1
8132871D0,23,1,10,4.036196611209325e-07,0.0,False,1
813290770,3,0,0,0.0,0.0,False,1
813290950,5,1,1,0.0,0.0,False,1
8132955A0,2,0,1,0.0,0.0,False,0
8132A9150,2,0,1,0.0,0.0,False,0
8132B4D80,2,0,1,0.0,0.0,False,0
8132E2E80,3,0,0,0.0,0.0,False,0
8132E8690,3,0,0,0.0,0.0,False,0
8132EA7A0,56,28,0,0.0,0.0,False,0
8132EDFB0,3,0,0,0.0,0.0,False,0
813301620,28,0,14,0.0,0.0,False,0
813386580,37,16,2,0.0,0.0,False,1
81339F1C0,77,38,0,0.0,0.0,False,1
8133BFE40,4,0,2,0.0,0.0,False,0
8133DDEC0,103,50,1,0.0,0.0,False,1
813422EC1,6,0,3,0.0,0.0,False,0
813425121,209,35,69,0.0,0.0,False,1
81342DDF1,3,0,0,0.0,0.0,False,1
81344AFD0,5,1,1,0.0,0.0,False,1
81344E0E0,40,20,0,0.0,0.0,False,0
813450420,28,14,0,0.0,0.0,False,0
813454B10,28,14,0,0.0,0.0,False,0
813455840,33,15,1,0.0,0.0,False,1
8134855B0,3,0,0,0.0,0.0,False,1
81348C0A0,16,8,0,0.0,0.0,False,0
8134B0770,28,14,0,0.0,0.0,False,0
8134B27C0,4,2,0,0.0,0.0,False,0
8134B3600,5,0,2,0.0,0.0,False,1
8134EB2E0,3,0,0,0.0,0.0,False,1
81350FB80,2,1,0,0.0,0.0,False,0
8135139B0,2,1,0,0.0,0.0,False,0
813515540,2,1,0,0.0,0.0,False,0
813549950,3,0,0,0.0,0.0,False,0
813559ED0,67,32,1,0.0,0.0,False,1
8135617C0,3,0,0,0.0,0.0,False,1
8135B2870,3,0,0,0.0,0.0,False,0
8135FA260,14,7,0,0.0,0.0,False,0
8136378E1,2,1,0,0.0,0.0,False,0
813696EF0,2,1,0,0.0,0.0,False,0
8136B7C90,2,1,0,0.0,0.0,False,0
8136B9A70,40,20,0,0.0,0.0,False,0
8136D1DB1,14,0,7,0.0,0.0,False,0
8136D7A91,3,0,0,0.0,0.0,False,1
8136D9871,2,1,0,0.0,0.0,False,0
8136E0531,2,1,0,0.0,0.0,False,0
8136E0581,4,2,0,0.0,0.0,False,0
8136E0B71,2,1,0,0.0,0.0,False,0
8136E74A1,2,0,1,0.0,0.0,False,0
8136E7AD1,25,1,11,5.189395642983418e-07,0.0,False,1
813707C81,12,0,6,0.0,0.0,False,0
813716B61,2,1,0,0.0,0.0,False,0
813748021,3,0,0,0.0,0.0,False,0
813784590,4,2,0,0.0,0.0,False,0
813784680,5,0,2,0.0,0.0,False,1
813794911,3,0,0,0.0,0.0,False,1
81379ED10,3,0,0,0.0,0.0,False,1
8137A3AF0,69,33,1,0.0,0.0,False,1
813804600,14,7,0,0.0,0.0,False,0
81380CAB0,3,0,0,0.0,0.0,False,0
81382CEC0,2,0,1,0.0,0.0,False,0
81382CFB0,3,0,0,0.0,0.0,False,1
81384E070,28,14,0,0.0,0.0,False,0
8138511F0,2,0,1,0.0,0.0,False,0
813863650,57,26,2,0.0,0.0,False,1
8138868C0,42,21,0,0.0,0.0,False,0
8138E9020,3,0,0,0.0,0.0,False,1
8139181C0,2,1,0,0.0,0.0,False,0
813957F70,28,14,0,0.0,0.0,False,0
8139EA1C0,3,0,0,0.0,0.0,False,1
813A18A10,3,0,0,0.0,0.0,False,0
813A2E7C0,42,21,0,0.0,0.0,False,0
813A561B0,3,0,0,0.0,0.0,False,0
813A8B130,2,0,1,0.0,0.0,False,0
813ABF8D0,5,1,1,0.0,0.0,False,1
813ACECB0,14,7,0,0.0,0.0,False,0
813AD8670,57,27,1,0.0,0.0,False,1
813AF24D0,7,1,2,0.0,0.0,False,1
813AF2520,2,1,0,0.0,0.0,False,0
813B12520,42,21,0,0.0,0.0,False,0
813B1F3D1,2,1,0,0.0,0.0,False,0
813B1F421,51,2,23,0.0,0.0,False,1
813B39E91,4,2,0,0.0,0.0,False,0
813B56771,3,0,0,0.0,0.0,False,1
813B78051,4,2,0,0.0,0.0,False,0
813BA8070,3,0,0,0.0,0.0,False,0
813BD3520,3,0,0,0.0,0.0,False,0
813BEF580,2,0,1,0.0,0.0,False,0
813BF4210,2,0,1,0.0,0.0,False,0
813BF96A0,2,0,1,0.0,0.0,False,0
813C0A3B0,3,0,0,0.0,0.0,False,1
813C0D570,4,2,0,0.0,0.0,False,0
813C0D5C0,5,0,2,0.0,0.0,False,1
813C293E1,40,20,0,0.0,0.0,False,0
813CA4061,2,0,1,0.0,0.0,False,0
813CA61C0,3,0,0,0.0,0.0,False,0
813CA8220,3,0,0,0.0,0.0,False,0
813CB6DF1,3,0,0,0.0,0.0,False,0
813CC2C01,3,0,0,0.0,0.0,False,0
813CDAF31,2,1,0,0.0,0.0,False,0
813CE8AA1,2,1,0,0.0,0.0,False,0
813D07A61,28,0,14,0.0,0.0,False,0
813D54BC1,11,3,2,0.0,0.0,False,1
813D64DE1,5,1,1,0.0,0.0,False,1
813D70F90,9,2,2,0.0,0.0,False,1
813D82931,2,1,0,0.0,0.0,False,0
813D913B1,7,2,1,0.0,0.0,False,1
813D91C61,2,0,1,0.0,0.0,False,0
813D9BDA1,2,1,0,0.0,0.0,False,0
813DBFC61,12,6,0,0.0,0.0,False,0
813DCD1E1,33,15,1,0.0,0.0,False,1
813DD91A1,3,0,0,0.0,0.0,False,0
813DE0CC1,12,0,6,0.0,0.0,False,0
813DE60E1,3,0,0,0.0,0.0,False,0
813E35B51,4,2,0,0.0,0.0,False,0
813E39221,5,0,2,0.0,0.0,False,1
813E819D0,55,25,2,0.0,0.0,False,1
813EA59F1,16,0,8,0.0,0.0,False,0
813EA97B1,2,1,0,0.0,0.0,False,0
813EA9ED1,4,2,0,0.0,0.0,False,0
813EBEB61,3,0,0,0.0,0.0,False,1
813F3E2A1,3,0,0,0.0,0.0,False,1
813F65FB1,5,1,1,0.0,0.0,False,1
813FF74A0,3,0,0,0.0,0.0,False,1
8140083B1,20,10,0,0.0,0.0,False,0
814036D41,2,1,0,0.0,0.0,False,0
814048C71,3,0,0,0.0,0.0,False,0
814065D31,3,0,0,0.0,0.0,False,0
814071491,4,2,0,0.0,0.0,False,0
814073701,2,0,1,0.0,0.0,False,0
814079DD0,9,2,2,0.0,0.0,False,1
814083DC0,3,0,0,0.0,0.0,False,0
8140AEF21,3,0,0,0.0,0.0,False,1
8140F94A1,3,0,0,0.0,0.0,False,0
814133BC1,2,1,0,0.0,0.0,False,0
814161630,14,7,0,0.0,0.0,False,0
814198860,3,0,0,0.0,0.0,False,0
8141DABE0,45,21,1,0.0,0.0,False,1
8142137F0,3,0,0,0.0,0.0,False,1
814271060,41,19,1,0.0,0.0,False,1
81427B2B1,37,1,17,5.765995158870464e-07,0.0,False,1
81427DA21,2,0,1,0.0,0.0,False,0
81428B260,2,1,0,0.0,0.0,False,0
8142A97E1,2,1,0,0.0,0.0,False,0
8142B4ED1,3,0,0,0.0,0.0,False,0
8142C8E51,73,21,15,0.0,0.0,False,1
8142F4DF1,9,2,2,0.0,0.0,False,1
8142F8C71,3,0,0,0.0,0.0,False,0
81431CB20,2,1,0,0.0,0.0,False,0
8143234A1,28,14,0,0.0,0.0,False,0
814336BA1,3,0,0,0.0,0.0,False,1
814382B50,60,30,0,0.0,0.0,False,0
814390550,80,40,0,0.0,0.0,False,0
8143972E0,3,0,0,0.0,0.0,False,0
8143B1220,28,14,0,0.0,0.0,False,0
8143D70F1,2,1,0,0.0,0.0,False,0
8143D7141,11,3,2,1.1531990317740929e-07,0.0,False,1
8143D7191,2,1,0,0.0,0.0,False,0
8144177D1,2,1,0,0.0,0.0,False,0
814417DA1,11,2,3,0.0,0.0,False,1
814437611,2,1,0,0.0,0.0,False,0
814439101,49,23,1,0.0,0.0,False,1
8144740E0,4,2,0,0.0,0.0,False,0
8144744D0,2,1,0,0.0,0.0,False,0
814474910,2,1,0,0.0,0.0,False,0
8144749B0,9,0,4,0.0,0.0,False,1
814498950,3,0,0,0.0,0.0,False,0
8144BFE80,3,0,0,0.0,0.0,False,0
814511C70,55,26,1,0.0,0.0,False,1
8145CCAE0,23,1,10,4.6127961270963714e-07,0.0,False,1
8145CCB30,2,0,1,0.0,0.0,False,0
8145D6080,3,0,0,0.0,0.0,False,0
814613121,14,7,0,0.0,0.0,False,0
81462CE41,3,0,0,0.0,0.0,False,0
814660F80,3,0,0,0.0,0.0,False,1
8146665B0,2,1,0,0.0,0.0,False,0
8146666A0,3,0,1,0.0,0.0,False,1
814680F40,9,2,2,0.0,0.0,False,1
814681EA0,17,6,2,0.0,0.0,False,1
81468FAF0,2,1,0,0.0,0.0,False,0
8146957B0,93,45,1,0.0,0.0,False,1
814699C31,3,0,0,0.0,0.0,False,0
8146DC1D1,5,1,1,0.0,0.0,False,1
8146EDFD1,3,0,0,0.0,0.0,False,1
81474DC31,3,0,0,0.0,0.0,False,0
814753A70,2,0,1,0.0,0.0,False,0
8147CB890,83,39,2,0.0,0.0,False,1
8147CCD10,4,0,2,0.0,0.0,False,0
81484CFB0,3,0,0,0.0,0.0,False,1
8148BC911,3,0,0,0.0,0.0,False,0
8148FFBB0,3,0,0,0.0,0.0,False,0
814911D71,2,1,0,0.0,0.0,False,0
8149144B1,3,0,0,0.0,0.0,False,0
