account_id,graph_anomaly_score,contributing_factors
100428660,0.45,"high flow betweenness centrality (bc=1.16e-05); topological outlier in Node2Vec space (DBSCAN outlier); high transaction volume (in=2, out=420)"
1004286A8,0.45,"high flow betweenness centrality (bc=2.08e-06); topological outlier in Node2Vec space (DBSCAN outlier); high transaction volume (in=2, out=120)"
1004286F0,0.1,isolated micro-cluster (size=8)
100428738,0.25,"topological outlier in Node2Vec space (DBSCAN outlier); high transaction volume (in=0, out=53)"
100428780,0.1,isolated micro-cluster (size=6)
1004287C8,0.1,isolated micro-cluster (size=8)
100428810,0.25,"topological outlier in Node2Vec space (DBSCAN outlier); high transaction volume (in=0, out=79)"
1004288A0,0.118,isolated micro-cluster (size=8)
100428930,0.1,isolated micro-cluster (size=9)
100428978,0.2,topological outlier in Node2Vec space (DBSCAN outlier)
1004289C0,0.1,isolated micro-cluster (size=7)
800042CB0,0.0,baseline structural profile; no graph anomalies detected
800056370,0.25,"high flow betweenness centrality (bc=1.67e-06); high transaction volume (in=26, out=143)"
800056660,0.2941,"high flow betweenness centrality (bc=9.23e-07); isolated micro-cluster (size=10); high transaction volume (in=23, out=136)"
800056A50,0.05,"high transaction volume (in=2, out=127)"
800056CB0,0.05,"high transaction volume (in=2, out=138)"
800056E00,0.25,"high flow betweenness centrality (bc=4.50e-06); high transaction volume (in=22, out=106)"
800057020,0.05,"high transaction volume (in=65, out=215)"
8000573C0,0.2302,"high flow betweenness centrality (bc=1.15e-06); high transaction volume (in=25, out=227)"
800057620,0.3941,"high flow betweenness centrality (bc=9.23e-07); topological outlier in Node2Vec space (DBSCAN outlier); high transaction volume (in=36, out=49)"
800057A10,0.05,"high transaction volume (in=50, out=173)"
800057D40,0.25,"high flow betweenness centrality (bc=2.59e-06); high transaction volume (in=18, out=200)"
800057D41,0.2,topological outlier in Node2Vec space (DBSCAN outlier)
800058100,0.15,"isolated micro-cluster (size=9); high transaction volume (in=23, out=110)"
800058470,0.1851,"high flow betweenness centrality (bc=8.65e-07); high transaction volume (in=28, out=256)"
8000588D0,0.05,"high transaction volume (in=15, out=175)"
800058920,0.05,"high transaction volume (in=52, out=282)"
800058B80,0.05,"high transaction volume (in=43, out=352)"
800058F40,0.05,"high transaction volume (in=12, out=146)"
800059230,0.1581,"high flow betweenness centrality (bc=6.92e-07); high transaction volume (in=2, out=180)"
800059440,0.25,"high flow betweenness centrality (bc=6.86e-06); high transaction volume (in=37, out=174)"
800059840,0.1941,"high flow betweenness centrality (bc=9.23e-07); high transaction volume (in=15, out=109)"
800059C00,0.5351,"participates in circular transfer cycle; high flow betweenness centrality (bc=8.65e-07); high transaction volume (in=24, out=153)"
800059F50,0.25,"high flow betweenness centrality (bc=1.38e-06); high transaction volume (in=22, out=166)"
80005A2A0,0.25,"high flow betweenness centrality (bc=1.73e-06); high transaction volume (in=45, out=235)"
80005A6B0,0.2401,"high flow betweenness centrality (bc=5.77e-07); isolated micro-cluster (size=8); high transaction volume (in=17, out=95)"
80005AB30,0.15,"isolated micro-cluster (size=10); high transaction volume (in=2, out=132)"
80005AD90,0.25,"high flow betweenness centrality (bc=1.61e-06); high transaction volume (in=5, out=166)"
80005ADE0,0.25,"high flow betweenness centrality (bc=1.61e-06); high transaction volume (in=27, out=279)"
80005B110,0.25,"high flow betweenness centrality (bc=1.50e-06); high transaction volume (in=27, out=126)"
80005B3E0,0.05,"high transaction volume (in=1, out=69)"
80005B5F0,0.15,"isolated micro-cluster (size=7); high transaction volume (in=44, out=98)"
80005B9B0,0.05,"high transaction volume (in=62, out=192)"
80005BD00,0.25,"high flow betweenness centrality (bc=2.65e-06); high transaction volume (in=23, out=187)"
80005C050,0.25,"high flow betweenness centrality (bc=3.69e-06); high transaction volume (in=53, out=122)"
80005C0A0,0.15,"isolated micro-cluster (size=7); high transaction volume (in=43, out=139)"
80005C0A1,0.1,isolated micro-cluster (size=5)
80005C3D0,0.35,"high flow betweenness centrality (bc=2.08e-06); isolated micro-cluster (size=7); high transaction volume (in=46, out=150)"
80005C790,0.05,"high transaction volume (in=20, out=211)"
80005CB50,0.25,"high flow betweenness centrality (bc=1.96e-06); high transaction volume (in=24, out=148)"
80005CF10,0.25,"high flow betweenness centrality (bc=2.31e-06); high transaction volume (in=39, out=100)"
8000625C0,0.1,isolated micro-cluster (size=8)
800066070,0.1,isolated micro-cluster (size=8)
800067BB0,0.0,baseline structural profile; no graph anomalies detected
800067DC0,0.2,topological outlier in Node2Vec space (DBSCAN outlier)
800068890,0.0,baseline structural profile; no graph anomalies detected
800068B80,0.2,topological outlier in Node2Vec space (DBSCAN outlier)
800068E90,0.0,baseline structural profile; no graph anomalies detected
800069180,0.0,baseline structural profile; no graph anomalies detected
8000691D0,0.0,baseline structural profile; no graph anomalies detected
800069740,0.0,baseline structural profile; no graph anomalies detected
800069DD0,0.0,baseline structural profile; no graph anomalies detected
80006A5E0,0.0,baseline structural profile; no graph anomalies detected
80006A8B0,0.2,topological outlier in Node2Vec space (DBSCAN outlier)
80006B030,0.0,baseline structural profile; no graph anomalies detected
80006B080,0.2,topological outlier in Node2Vec space (DBSCAN outlier)
80006B780,0.2,topological outlier in Node2Vec space (DBSCAN outlier)
80006C1F0,0.0,baseline structural profile; no graph anomalies detected
80006C890,0.2,topological outlier in Node2Vec space (DBSCAN outlier)
80006CB30,0.0,baseline structural profile; no graph anomalies detected
80006CD90,0.0,baseline structural profile; no graph anomalies detected
80006E160,0.2,topological outlier in Node2Vec space (DBSCAN outlier)
80006E370,0.1,isolated micro-cluster (size=5)
80006EA80,0.0,baseline structural profile; no graph anomalies detected
80006F380,0.0,baseline structural profile; no graph anomalies detected
80006F5E0,0.0,baseline structural profile; no graph anomalies detected
80006F9C0,0.0,baseline structural profile; no graph anomalies detected
80006FCE0,0.0,baseline structural profile; no graph anomalies detected
800070010,0.0,baseline structural profile; no graph anomalies detected
800070290,0.136,isolated micro-cluster (size=6)
800070610,0.0,baseline structural profile; no graph anomalies detected
800070870,0.0,baseline structural profile; no graph anomalies detected
800070AD0,0.0,baseline structural profile; no graph anomalies detected
800071150,0.0,baseline structural profile; no graph anomalies detected
800071A10,0.2,topological outlier in Node2Vec space (DBSCAN outlier)
800071D30,0.0,baseline structural profile; no graph anomalies detected
800072080,0.2,topological outlier in Node2Vec space (DBSCAN outlier)
800072350,0.0,baseline structural profile; no graph anomalies detected
800072710,0.0,baseline structural profile; no graph anomalies detected
800072EF0,0.0,baseline structural profile; no graph anomalies detected
800072F40,0.0,baseline structural profile; no graph anomalies detected
800073360,0.0,baseline structural profile; no graph anomalies detected
800073750,0.0,baseline structural profile; no graph anomalies detected
800073AF0,0.0,baseline structural profile; no graph anomalies detected
8000746C0,0.2,topological outlier in Node2Vec space (DBSCAN outlier)
8000748D0,0.2,topological outlier in Node2Vec space (DBSCAN outlier)
8000748D1,0.0,baseline structural profile; no graph anomalies detected
800075050,0.0,baseline structural profile; no graph anomalies detected
8000750A0,0.0,baseline structural profile; no graph anomalies detected
800075700,0.0,baseline structural profile; no graph anomalies detected
800075C50,0.0,baseline structural profile; no graph anomalies detected
800075FF0,0.0,baseline structural profile; no graph anomalies detected
8000763B0,0.2,topological outlier in Node2Vec space (DBSCAN outlier)
800076AD0,0.0,baseline structural profile; no graph anomalies detected
800076E90,0.1,isolated micro-cluster (size=7)
8000776E0,0.0,baseline structural profile; no graph anomalies detected
800077AA0,0.0,baseline structural profile; no graph anomalies detected
800078B20,0.0,baseline structural profile; no graph anomalies detected
800078E70,0.2,topological outlier in Node2Vec space (DBSCAN outlier)
800078F80,0.0,baseline structural profile; no graph anomalies detected
800079600,0.0,baseline structural profile; no graph anomalies detected
800079650,0.2,topological outlier in Node2Vec space (DBSCAN outlier)
800079C00,0.0,baseline structural profile; no graph anomalies detected
80007A1D0,0.2721,topological outlier in Node2Vec space (DBSCAN outlier)
80007AA30,0.2,topological outlier in Node2Vec space (DBSCAN outlier)
80007BF00,0.2,topological outlier in Node2Vec space (DBSCAN outlier)
80007C2C0,0.0,baseline structural profile; no graph anomalies detected
80007C540,0.0,baseline structural profile; no graph anomalies detected
80007C890,0.0,baseline structural profile; no graph anomalies detected
80007D510,0.0,baseline structural profile; no graph anomalies detected
80007E0F0,0.0,baseline structural profile; no graph anomalies detected
80007E510,0.2,topological outlier in Node2Vec space (DBSCAN outlier)
80007E720,0.0,baseline structural profile; no graph anomalies detected
80007EA70,0.0,baseline structural profile; no graph anomalies detected
80007F290,0.0,baseline structural profile; no graph anomalies detected
80007F8C0,0.2,topological outlier in Node2Vec space (DBSCAN outlier)
80007FDD0,0.0,baseline structural profile; no graph anomalies detected
8000803F0,0.0,baseline structural profile; no graph anomalies detected
800080670,0.2,topological outlier in Node2Vec space (DBSCAN outlier)
800080880,0.0,baseline structural profile; no graph anomalies detected
800081670,0.0,baseline structural profile; no graph anomalies detected
8000816C0,0.25,"high flow betweenness centrality (bc=3.11e-06); high transaction volume (in=14, out=124)"
800081920,0.2,topological outlier in Node2Vec space (DBSCAN outlier)
800081970,0.0,baseline structural profile; no graph anomalies detected
800081CA0,0.0,baseline structural profile; no graph anomalies detected
800082060,0.0,baseline structural profile; no graph anomalies detected
8000823F0,0.0,baseline structural profile; no graph anomalies detected
800082630,0.2,topological outlier in Node2Vec space (DBSCAN outlier)
800082B40,0.0,baseline structural profile; no graph anomalies detected
800082ED0,0.0,baseline structural profile; no graph anomalies detected
800083220,0.0,baseline structural profile; no graph anomalies detected
8000837F0,0.1,isolated micro-cluster (size=5)
800083E30,0.2,topological outlier in Node2Vec space (DBSCAN outlier)
8000841A0,0.2,topological outlier in Node2Vec space (DBSCAN outlier)
800084E50,0.0,baseline structural profile; no graph anomalies detected
8000851A0,0.2,topological outlier in Node2Vec space (DBSCAN outlier)
800085BF0,0.6011,"participates in circular transfer cycle; high flow betweenness centrality (bc=1.85e-06); high transaction volume (in=37, out=176)"
8000866B0,0.0,baseline structural profile; no graph anomalies detected
800086DC0,0.0,baseline structural profile; no graph anomalies detected
800087390,0.2,topological outlier in Node2Vec space (DBSCAN outlier)
800087A50,0.2,topological outlier in Node2Vec space (DBSCAN outlier)
800087DA0,0.0,baseline structural profile; no graph anomalies detected
800088440,0.0,baseline structural profile; no graph anomalies detected
800088EB0,0.0,baseline structural profile; no graph anomalies detected
8000890A0,0.0,baseline structural profile; no graph anomalies detected
80008A071,0.0,baseline structural profile; no graph anomalies detected
80008A3F0,0.1,isolated micro-cluster (size=5)
80008A610,0.0,baseline structural profile; no graph anomalies detected
80008A830,0.2,topological outlier in Node2Vec space (DBSCAN outlier)
80008AA20,0.0,baseline structural profile; no graph anomalies detected
80008AC30,0.0,baseline structural profile; no graph anomalies detected
80008AEB0,0.0,baseline structural profile; no graph anomalies detected
80008AF00,0.0,baseline structural profile; no graph anomalies detected
80008B0F0,0.2,topological outlier in Node2Vec space (DBSCAN outlier)
80008B2E0,0.0,baseline structural profile; no graph anomalies detected
80008BA40,0.0,baseline structural profile; no graph anomalies detected
80008BD30,0.0,baseline structural profile; no graph anomalies detected
80008C690,0.2,topological outlier in Node2Vec space (DBSCAN outlier)
80008C980,0.0,baseline structural profile; no graph anomalies detected
80008DDF0,0.1315,isolated micro-cluster (size=8)
80008E500,0.0,baseline structural profile; no graph anomalies detected
80008E550,0.0,baseline structural profile; no graph anomalies detected
80008E7B0,0.2,topological outlier in Node2Vec space (DBSCAN outlier)
80008F6B0,0.0,baseline structural profile; no graph anomalies detected
80008FA70,0.0,baseline structural profile; no graph anomalies detected
80008FE30,0.0,baseline structural profile; no graph anomalies detected
800090560,0.0,baseline structural profile; no graph anomalies detected
800090F60,0.2405,topological outlier in Node2Vec space (DBSCAN outlier)
800091320,0.0,baseline structural profile; no graph anomalies detected
8000915E0,0.0,baseline structural profile; no graph anomalies detected
8000919A0,0.0,baseline structural profile; no graph anomalies detected
800091C60,0.0,baseline structural profile; no graph anomalies detected
800091EE0,0.2,topological outlier in Node2Vec space (DBSCAN outlier)
8000924D0,0.1,isolated micro-cluster (size=5)
800092E40,0.2,topological outlier in Node2Vec space (DBSCAN outlier)
8000934A0,0.1,isolated micro-cluster (size=7)
800093890,0.2,topological outlier in Node2Vec space (DBSCAN outlier)
800093C80,0.434,participates in circular transfer cycle; elevated clustering coefficient (cc=0.500)
800093EE0,0.0,baseline structural profile; no graph anomalies detected
800094540,0.0,baseline structural profile; no graph anomalies detected
800094FC0,0.2721,topological outlier in Node2Vec space (DBSCAN outlier)
8000966F0,0.0,baseline structural profile; no graph anomalies detected
800096DD0,0.0,baseline structural profile; no graph anomalies detected
800096FE0,0.0,baseline structural profile; no graph anomalies detected
800097520,0.2,topological outlier in Node2Vec space (DBSCAN outlier)
800097FF0,0.1,isolated micro-cluster (size=10)
800098200,0.2,topological outlier in Node2Vec space (DBSCAN outlier)
8000991D0,0.0,baseline structural profile; no graph anomalies detected
800099520,0.2,topological outlier in Node2Vec space (DBSCAN outlier)
800099810,0.0,baseline structural profile; no graph anomalies detected
800099E80,0.0,baseline structural profile; no graph anomalies detected
80009A680,0.2,topological outlier in Node2Vec space (DBSCAN outlier)
80009A9D0,0.2,topological outlier in Node2Vec space (DBSCAN outlier)
80009B0E0,0.0,baseline structural profile; no graph anomalies detected
80009B470,0.0,baseline structural profile; no graph anomalies detected
80009B830,0.0,baseline structural profile; no graph anomalies detected
8000B8AB0,0.2,topological outlier in Node2Vec space (DBSCAN outlier)
8000D63A0,0.1,isolated micro-cluster (size=7)
8000EBBB0,0.0,baseline structural profile; no graph anomalies detected
8000EBD30,0.1081,high flow betweenness centrality (bc=6.92e-07)
8000EBF70,0.1,isolated micro-cluster (size=10)
8000ECF50,0.2,topological outlier in Node2Vec space (DBSCAN outlier)
8000ECF51,0.2,topological outlier in Node2Vec space (DBSCAN outlier)
8000ED150,0.0,baseline structural profile; no graph anomalies detected
8000EDBB0,0.2,topological outlier in Node2Vec space (DBSCAN outlier)
8000EE9C0,0.0,baseline structural profile; no graph anomalies detected
8000EF3B0,0.0,baseline structural profile; no graph anomalies detected
8000F17D0,0.0,baseline structural profile; no graph anomalies detected
8000F1870,0.0,baseline structural profile; no graph anomalies detected
8000F1D30,0.1,isolated micro-cluster (size=7)
8000F3AB0,0.0,baseline structural profile; no graph anomalies detected
8000F42A0,0.0,baseline structural profile; no graph anomalies detected
8000F5030,0.0,baseline structural profile; no graph anomalies detected
8000F55D0,0.0,baseline structural profile; no graph anomalies detected
8000F65C0,0.0,baseline structural profile; no graph anomalies detected
8000F6850,0.0,baseline structural profile; no graph anomalies detected
8000F6BB0,0.0,baseline structural profile; no graph anomalies detected
8000F6C00,0.2,high flow betweenness centrality (bc=1.96e-06)
8000F7660,0.0,baseline structural profile; no graph anomalies detected
8000F7850,0.2,topological outlier in Node2Vec space (DBSCAN outlier)
8000F7C60,0.0,baseline structural profile; no graph anomalies detected
8000F8070,0.0,baseline structural profile; no graph anomalies detected
8000F85D0,0.0,baseline structural profile; no graph anomalies detected
8000FD480,0.1,isolated micro-cluster (size=8)
8000FE790,0.1,isolated micro-cluster (size=7)
800102DD0,0.0,baseline structural profile; no graph anomalies detected
800105730,0.2,topological outlier in Node2Vec space (DBSCAN outlier)
800105D30,0.0,baseline structural profile; no graph anomalies detected
800106D00,0.0,baseline structural profile; no graph anomalies detected
8001074F0,0.0,baseline structural profile; no graph anomalies detected
800108870,0.0,baseline structural profile; no graph anomalies detected
8001090A0,0.2,topological outlier in Node2Vec space (DBSCAN outlier)
8001099F0,0.0,baseline structural profile; no graph anomalies detected
80010B040,0.0,baseline structural profile; no graph anomalies detected
80010B900,0.0,baseline structural profile; no graph anomalies detected
80010BC70,0.0,baseline structural profile; no graph anomalies detected
80010C060,0.0,baseline structural profile; no graph anomalies detected
80010C2F0,0.0,baseline structural profile; no graph anomalies detected
80010C340,0.0,baseline structural profile; no graph anomalies detected
80010F7B0,0.0,baseline structural profile; no graph anomalies detected
8001117A0,0.0,baseline structural profile; no graph anomalies detected
800113DC0,0.0,baseline structural profile; no graph anomalies detected
800113FE0,0.0,baseline structural profile; no graph anomalies detected
800115570,0.0,baseline structural profile; no graph anomalies detected
800117FF0,0.0,baseline structural profile; no graph anomalies detected
800118660,0.0,baseline structural profile; no graph anomalies detected
8001193D0,0.0,baseline structural profile; no graph anomalies detected
800119BA0,0.0,baseline structural profile; no graph anomalies detected
80011AA30,0.0,baseline structural profile; no graph anomalies detected
80011CB60,0.1,isolated micro-cluster (size=9)
80011DEA0,0.0,baseline structural profile; no graph anomalies detected
80011E2A0,0.0,baseline structural profile; no graph anomalies detected
800126360,0.1,isolated micro-cluster (size=9)
8001290F0,0.0,baseline structural profile; no graph anomalies detected
80012E100,0.0,baseline structural profile; no graph anomalies detected
800131650,0.0,baseline structural profile; no graph anomalies detected
800134D30,0.0,baseline structural profile; no graph anomalies detected
8001364A0,0.0,baseline structural profile; no graph anomalies detected
800136AE0,0.0,baseline structural profile; no graph anomalies detected
80013AA10,0.0,baseline structural profile; no graph anomalies detected
80013E150,0.0,baseline structural profile; no graph anomalies detected
80013F130,0.0,baseline structural profile; no graph anomalies detected
800143F00,0.0,baseline structural profile; no graph anomalies detected
800146140,0.0,baseline structural profile; no graph anomalies detected
8001473E0,0.1,isolated micro-cluster (size=7)
8001495E0,0.2,topological outlier in Node2Vec space (DBSCAN outlier)
80014C3E0,0.0,baseline structural profile; no graph anomalies detected
80014F7B0,0.0,baseline structural profile; no graph anomalies detected
800150F20,0.2,topological outlier in Node2Vec space (DBSCAN outlier)
8001523C0,0.0,baseline structural profile; no graph anomalies detected
8001547E0,0.1,isolated micro-cluster (size=7)
800155BB0,0.0,baseline structural profile; no graph anomalies detected
800155D50,0.1,isolated micro-cluster (size=10)
8001580D0,0.0,baseline structural profile; no graph anomalies detected
80015E3C0,0.0,baseline structural profile; no graph anomalies detected
80015F5D0,0.0,baseline structural profile; no graph anomalies detected
800164070,0.0,baseline structural profile; no graph anomalies detected
800164FC0,0.0,baseline structural profile; no graph anomalies detected
800165A30,0.0,baseline structural profile; no graph anomalies detected
80016CCE0,0.0,baseline structural profile; no graph anomalies detected
800172410,0.0,baseline structural profile; no graph anomalies detected
8001758B0,0.0,baseline structural profile; no graph anomalies detected
80018BA80,0.0,baseline structural profile; no graph anomalies detected
80018E990,0.35,participates in circular transfer cycle
80018F970,0.1,isolated micro-cluster (size=10)
800191A90,0.1,isolated micro-cluster (size=9)
800193420,0.0,baseline structural profile; no graph anomalies detected
800195070,0.0,baseline structural profile; no graph anomalies detected
8001998C0,0.0,baseline structural profile; no graph anomalies detected
80019A020,0.0,baseline structural profile; no graph anomalies detected
80019D2E0,0.0,baseline structural profile; no graph anomalies detected
8001A8460,0.0,baseline structural profile; no graph anomalies detected
8001A9700,0.0,baseline structural profile; no graph anomalies detected
8001AB940,0.0,baseline structural profile; no graph anomalies detected
8001B2A50,0.1,isolated micro-cluster (size=5)
8001B7060,0.0,baseline structural profile; no graph anomalies detected
8001BBEF0,0.2,topological outlier in Node2Vec space (DBSCAN outlier)
8001BD460,0.1,isolated micro-cluster (size=7)
8001BDC90,0.2,topological outlier in Node2Vec space (DBSCAN outlier)
8001C3570,0.575,participates in circular transfer cycle; high flow betweenness centrality (bc=1.33e-06); elevated clustering coefficient (cc=0.167)
8001C6920,0.0,baseline structural profile; no graph anomalies detected
8001CA5C0,0.0,baseline structural profile; no graph anomalies detected
8001CE6C0,0.0,baseline structural profile; no graph anomalies detected
8001CF060,0.0,baseline structural profile; no graph anomalies detected
8001D6370,0.0,baseline structural profile; no graph anomalies detected
8001DAF70,0.0,baseline structural profile; no graph anomalies detected
8001DE1B0,0.2,topological outlier in Node2Vec space (DBSCAN outlier)
8001E1DE0,0.0,baseline structural profile; no graph anomalies detected
8001E34C0,0.45,"high flow betweenness centrality (bc=1.50e-06); topological outlier in Node2Vec space (DBSCAN outlier); high transaction volume (in=36, out=26)"
8001E37F0,0.0,baseline structural profile; no graph anomalies detected
8001E3CC0,0.0,baseline structural profile; no graph anomalies detected
8001E45D0,0.2,topological outlier in Node2Vec space (DBSCAN outlier)
8001E89E0,0.1,isolated micro-cluster (size=10)
8001EF2E0,0.1,isolated micro-cluster (size=10)
80021ADE0,0.0,baseline structural profile; no graph anomalies detected
80021BEC0,0.0,baseline structural profile; no graph anomalies detected
80021DC50,0.0,baseline structural profile; no graph anomalies detected
80021F680,0.4,high flow betweenness centrality (bc=2.94e-06); topological outlier in Node2Vec space (DBSCAN outlier)
800228EC0,0.0,baseline structural profile; no graph anomalies detected
80022A3F0,0.0,baseline structural profile; no graph anomalies detected
80022B750,0.0,baseline structural profile; no graph anomalies detected
800232B60,0.0,baseline structural profile; no graph anomalies detected
800240B70,0.0,baseline structural profile; no graph anomalies detected
80024D950,0.0,baseline structural profile; no graph anomalies detected
80024EBB0,0.0,baseline structural profile; no graph anomalies detected
80024FF00,0.0,baseline structural profile; no graph anomalies detected
800250820,0.0,baseline structural profile; no graph anomalies detected
800254FD0,0.0,baseline structural profile; no graph anomalies detected
8002552F0,0.1,isolated micro-cluster (size=7)
800256CC0,0.1,isolated micro-cluster (size=5)
800256E00,0.1721,isolated micro-cluster (size=5)
800256EF0,0.1,isolated micro-cluster (size=5)
80025A740,0.1,isolated micro-cluster (size=10)
80026A5A0,0.4,"high flow betweenness centrality (bc=6.46e-06); isolated micro-cluster (size=9); multiple connected employees (2 internal contacts); high transaction volume (in=23, out=103)"
80026CDF0,0.1,isolated micro-cluster (size=10)
8002787E0,0.1,isolated micro-cluster (size=7)
8002807E0,0.0,baseline structural profile; no graph anomalies detected
8002A65C0,0.2,topological outlier in Node2Vec space (DBSCAN outlier)
8002C56D0,0.0,baseline structural profile; no graph anomalies detected
8002C7E80,0.1,isolated micro-cluster (size=9)
8002CE270,0.2,topological outlier in Node2Vec space (DBSCAN outlier)
8002ECFC0,0.0,baseline structural profile; no graph anomalies detected
800301780,0.0,baseline structural profile; no graph anomalies detected
800306AA0,0.0,baseline structural profile; no graph anomalies detected
800324420,0.0,baseline structural profile; no graph anomalies detected
8003278E0,0.1,isolated micro-cluster (size=8)
80034A780,0.0,baseline structural profile; no graph anomalies detected
80034DC00,0.1,isolated micro-cluster (size=6)
80035DA80,0.0,baseline structural profile; no graph anomalies detected
80035F420,0.35,"high flow betweenness centrality (bc=4.04e-06); isolated micro-cluster (size=7); high transaction volume (in=34, out=107)"
800378700,0.1,isolated micro-cluster (size=5)
800379860,0.0,baseline structural profile; no graph anomalies detected
80038A310,0.0,baseline structural profile; no graph anomalies detected
80038D0D0,0.0,baseline structural profile; no graph anomalies detected
80038E6F0,0.1,isolated micro-cluster (size=7)
800393D40,0.1,isolated micro-cluster (size=6)
80039CD50,0.045,baseline structural profile; no graph anomalies detected
8003A04C0,0.1,isolated micro-cluster (size=7)
8003A2200,0.0,baseline structural profile; no graph anomalies detected
8003A8A60,0.0,baseline structural profile; no graph anomalies detected
8003AC470,0.1,isolated micro-cluster (size=7)
8003AC471,0.1,isolated micro-cluster (size=5)
8003B9D30,0.0,baseline structural profile; no graph anomalies detected
8003BCBB0,0.0,baseline structural profile; no graph anomalies detected
8003BD920,0.1,isolated micro-cluster (size=8)
8003BDF60,0.45,participates in circular transfer cycle; isolated micro-cluster (size=8)
8003BE4B0,0.1,isolated micro-cluster (size=8)
8003BE730,0.1,isolated micro-cluster (size=8)
8003BF6E0,0.5761,participates in circular transfer cycle; high flow betweenness centrality (bc=8.07e-07); isolated micro-cluster (size=8)
8003C2210,0.0,baseline structural profile; no graph anomalies detected
8003C24D0,0.0,baseline structural profile; no graph anomalies detected
8003D1FC0,0.0,baseline structural profile; no graph anomalies detected
8003F7BD0,0.0,baseline structural profile; no graph anomalies detected
8003FBD00,0.1,isolated micro-cluster (size=9)
80040A220,0.0,baseline structural profile; no graph anomalies detected
800415B00,0.1,isolated micro-cluster (size=7)
8004162D0,0.0,baseline structural profile; no graph anomalies detected
80041DDA0,0.0,baseline structural profile; no graph anomalies detected
800425630,0.0,baseline structural profile; no graph anomalies detected
800432650,0.1,isolated micro-cluster (size=7)
800434550,0.0,baseline structural profile; no graph anomalies detected
80043A250,0.0,baseline structural profile; no graph anomalies detected
8004429F0,0.0,baseline structural profile; no graph anomalies detected
8004473E0,0.0,baseline structural profile; no graph anomalies detected
800456880,0.0,baseline structural profile; no graph anomalies detected
80045B7C0,0.1,isolated micro-cluster (size=10)
80045CEF0,0.0,baseline structural profile; no graph anomalies detected
800473570,0.0,baseline structural profile; no graph anomalies detected
80047E7B0,0.0,baseline structural profile; no graph anomalies detected
80047EED0,0.0,baseline structural profile; no graph anomalies detected
800489210,0.0,baseline structural profile; no graph anomalies detected
800489F60,0.2,topological outlier in Node2Vec space (DBSCAN outlier)
8004922D0,0.1,isolated micro-cluster (size=7)
80049A540,0.2,topological outlier in Node2Vec space (DBSCAN outlier)
8004AF800,0.0,baseline structural profile; no graph anomalies detected
8004B6050,0.0,baseline structural profile; no graph anomalies detected
8004C74E0,0.2,topological outlier in Node2Vec space (DBSCAN outlier)
8004CF710,0.0,baseline structural profile; no graph anomalies detected
8004DC0A0,0.1,isolated micro-cluster (size=5)
8004FD2A0,0.1,isolated micro-cluster (size=7)
8004FE3E0,0.0,baseline structural profile; no graph anomalies detected
800506810,0.1,isolated micro-cluster (size=6)
800528510,0.0,baseline structural profile; no graph anomalies detected
80053CFC0,0.0,baseline structural profile; no graph anomalies detected
800545B00,0.0,baseline structural profile; no graph anomalies detected
8005486E0,0.0,baseline structural profile; no graph anomalies detected
800549E00,0.0,baseline structural profile; no graph anomalies detected
80054F8C0,0.1,isolated micro-cluster (size=7)
80054FC20,0.1,isolated micro-cluster (size=7)
800550920,0.1,isolated micro-cluster (size=7)
800559860,0.0,baseline structural profile; no graph anomalies detected
80055E260,0.1,isolated micro-cluster (size=8)
8005692B0,0.1721,isolated micro-cluster (size=7)
80056E5C0,0.2,topological outlier in Node2Vec space (DBSCAN outlier)
8005730D0,0.1,isolated micro-cluster (size=5)
8005814C0,0.0,baseline structural profile; no graph anomalies detected
800595290,0.2,topological outlier in Node2Vec space (DBSCAN outlier)
8005A0D10,0.0,baseline structural profile; no graph anomalies detected
8005A18F0,0.0,baseline structural profile; no graph anomalies detected
8005A1B80,0.0,baseline structural profile; no graph anomalies detected
8005AEB60,0.0,baseline structural profile; no graph anomalies detected
8005D3B30,0.1,isolated micro-cluster (size=6)
8005E4980,0.1,isolated micro-cluster (size=7)
8005E5940,0.1,isolated micro-cluster (size=7)
8005F5810,0.0,baseline structural profile; no graph anomalies detected
8005F7CD0,0.0,baseline structural profile; no graph anomalies detected
8005FD430,0.1,isolated micro-cluster (size=9)
80060E490,0.1,isolated micro-cluster (size=9)
800618D90,0.0,baseline structural profile; no graph anomalies detected
800619E80,0.2,topological outlier in Node2Vec space (DBSCAN outlier)
80061A630,0.1,isolated micro-cluster (size=8)
8006248A0,0.2,topological outlier in Node2Vec space (DBSCAN outlier)
800627410,0.0,baseline structural profile; no graph anomalies detected
800629A20,0.0,baseline structural profile; no graph anomalies detected
80063A800,0.1,isolated micro-cluster (size=7)
80063DE20,0.0,baseline structural profile; no graph anomalies detected
800645040,0.1,isolated micro-cluster (size=9)
8006498E0,0.0,baseline structural profile; no graph anomalies detected
80064AB30,0.0,baseline structural profile; no graph anomalies detected
800655BC0,0.0,baseline structural profile; no graph anomalies detected
80065E800,0.0,baseline structural profile; no graph anomalies detected
800668890,0.1,isolated micro-cluster (size=7)
80066D000,0.0,baseline structural profile; no graph anomalies detected
800681A40,0.1,isolated micro-cluster (size=6)
800688D00,0.0,baseline structural profile; no graph anomalies detected
80068E7D0,0.2221,"isolated micro-cluster (size=7); high transaction volume (in=17, out=59)"
80068F400,0.0,baseline structural profile; no graph anomalies detected
8006A66A0,0.2,topological outlier in Node2Vec space (DBSCAN outlier)
8006B0490,0.0,baseline structural profile; no graph anomalies detected
8006B5930,0.0,baseline structural profile; no graph anomalies detected
8006B89A0,0.236,topological outlier in Node2Vec space (DBSCAN outlier)
8006BB110,0.1,isolated micro-cluster (size=7)
8006C49E0,0.2,topological outlier in Node2Vec space (DBSCAN outlier)
8006C7290,0.1,isolated micro-cluster (size=9)
8006C7740,0.0,baseline structural profile; no graph anomalies detected
8006CDB30,0.0,baseline structural profile; no graph anomalies detected
8006DFC50,0.1,isolated micro-cluster (size=7)
8006E0660,0.1,isolated micro-cluster (size=9)
8006E2E40,0.136,isolated micro-cluster (size=5)
8006E4A40,0.0,baseline structural profile; no graph anomalies detected
8007071B0,0.0,baseline structural profile; no graph anomalies detected
800710850,0.0,baseline structural profile; no graph anomalies detected
800711AE0,0.1,isolated micro-cluster (size=5)
800711BD0,0.1,isolated micro-cluster (size=5)
800720AA0,0.0,baseline structural profile; no graph anomalies detected
80072D300,0.0,baseline structural profile; no graph anomalies detected
80073F230,0.0,baseline structural profile; no graph anomalies detected
8007439C0,0.0,baseline structural profile; no graph anomalies detected
800750080,0.2,topological outlier in Node2Vec space (DBSCAN outlier)
80075BC80,0.0,baseline structural profile; no graph anomalies detected
80075D5E0,0.1581,"high flow betweenness centrality (bc=6.92e-07); high transaction volume (in=35, out=56)"
80076E540,0.0,baseline structural profile; no graph anomalies detected
800778840,0.1,isolated micro-cluster (size=5)
80078B850,0.0,baseline structural profile; no graph anomalies detected
800793180,0.0,baseline structural profile; no graph anomalies detected
8007A97A0,0.0,baseline structural profile; no graph anomalies detected
800804F70,0.2,topological outlier in Node2Vec space (DBSCAN outlier)
800805540,0.1,isolated micro-cluster (size=6)
800808C70,0.0,baseline structural profile; no graph anomalies detected
80080DBF0,0.1,isolated micro-cluster (size=7)
800816030,0.0,baseline structural profile; no graph anomalies detected
800818D30,0.0,baseline structural profile; no graph anomalies detected
80081ED90,0.0,baseline structural profile; no graph anomalies detected
80082B030,0.0,baseline structural profile; no graph anomalies detected
800837E10,0.0,baseline structural profile; no graph anomalies detected
800846280,0.0,baseline structural profile; no graph anomalies detected
800846CF0,0.0,baseline structural profile; no graph anomalies detected
80084B380,0.0,baseline structural profile; no graph anomalies detected
800854820,0.0,baseline structural profile; no graph anomalies detected
8008566C0,0.0,baseline structural profile; no graph anomalies detected
800871790,0.0,baseline structural profile; no graph anomalies detected
8008735A0,0.0,baseline structural profile; no graph anomalies detected
8008774F0,0.0,baseline structural profile; no graph anomalies detected
800894770,0.0,baseline structural profile; no graph anomalies detected
8008BB3A0,0.0,baseline structural profile; no graph anomalies detected
8008CE991,0.2,topological outlier in Node2Vec space (DBSCAN outlier)
8008D8C30,0.0,baseline structural profile; no graph anomalies detected
8008E8BF0,0.2,topological outlier in Node2Vec space (DBSCAN outlier)
8009083C0,0.0,baseline structural profile; no graph anomalies detected
800925110,0.0,baseline structural profile; no graph anomalies detected
800931ED0,0.2,topological outlier in Node2Vec space (DBSCAN outlier)
800935340,0.1,isolated micro-cluster (size=9)
80093A6D0,0.0,baseline structural profile; no graph anomalies detected
800950E30,0.0,baseline structural profile; no graph anomalies detected
8009516F0,0.1,isolated micro-cluster (size=7)
8009580D0,0.0,baseline structural profile; no graph anomalies detected
800970B80,0.209,topological outlier in Node2Vec space (DBSCAN outlier)
80098A3D0,0.1,isolated micro-cluster (size=9)
80098E1E0,0.2,topological outlier in Node2Vec space (DBSCAN outlier)
8009A4370,0.0,baseline structural profile; no graph anomalies detected
8009B45E0,0.0,baseline structural profile; no graph anomalies detected
8009C6170,0.1,isolated micro-cluster (size=8)
8009CE490,0.0,baseline structural profile; no graph anomalies detected
8009D56C0,0.2,topological outlier in Node2Vec space (DBSCAN outlier)
8009F93B0,0.0,baseline structural profile; no graph anomalies detected
800A014B0,0.0,baseline structural profile; no graph anomalies detected
800A14360,0.0,baseline structural profile; no graph anomalies detected
800A290F0,0.1,isolated micro-cluster (size=8)
800A366F0,0.1,isolated micro-cluster (size=7)
800A4B610,0.2,topological outlier in Node2Vec space (DBSCAN outlier)
800A52F40,0.0,baseline structural profile; no graph anomalies detected
800A57770,0.2,topological outlier in Node2Vec space (DBSCAN outlier)
800A5F6C0,0.1,isolated micro-cluster (size=9)
800A73310,0.0,baseline structural profile; no graph anomalies detected
800A79350,0.0,baseline structural profile; no graph anomalies detected
800A8D010,0.2,topological outlier in Node2Vec space (DBSCAN outlier)
800AA9E00,0.0,baseline structural profile; no graph anomalies detected
800AB3970,0.1,isolated micro-cluster (size=8)
800AC30B0,0.0,baseline structural profile; no graph anomalies detected
800AC3AC0,0.0,baseline structural profile; no graph anomalies detected
800AFE2F0,0.1,isolated micro-cluster (size=5)
800B10B00,0.1,isolated micro-cluster (size=7)
800B10F80,0.2,topological outlier in Node2Vec space (DBSCAN outlier)
800B25370,0.2,topological outlier in Node2Vec space (DBSCAN outlier)
800B28B60,0.2,topological outlier in Node2Vec space (DBSCAN outlier)
800B29140,0.1,isolated micro-cluster (size=7)
800B3A9C0,0.0,baseline structural profile; no graph anomalies detected
800B620B0,0.0,baseline structural profile; no graph anomalies detected
800B7B5B0,0.0,baseline structural profile; no graph anomalies detected
800B87D30,0.2,topological outlier in Node2Vec space (DBSCAN outlier)
800B95320,0.0,baseline structural profile; no graph anomalies detected
800BA44C0,0.2,topological outlier in Node2Vec space (DBSCAN outlier)
800BA6C30,0.2,topological outlier in Node2Vec space (DBSCAN outlier)
800BAEA11,0.2,topological outlier in Node2Vec space (DBSCAN outlier)
800BAF580,0.1,isolated micro-cluster (size=6)
800BBD220,0.0,baseline structural profile; no graph anomalies detected
800BED3C0,0.0,baseline structural profile; no graph anomalies detected
800C03640,0.2,topological outlier in Node2Vec space (DBSCAN outlier)
800C06E60,0.0,baseline structural profile; no graph anomalies detected
800C214A0,0.1,isolated micro-cluster (size=6)
800C28FD0,0.2,topological outlier in Node2Vec space (DBSCAN outlier)
800C2DB20,0.0,baseline structural profile; no graph anomalies detected
800C35BE0,0.1,isolated micro-cluster (size=5)
800C45CA0,0.0,baseline structural profile; no graph anomalies detected
800C5E3F0,0.0,baseline structural profile; no graph anomalies detected
800C733C0,0.2,topological outlier in Node2Vec space (DBSCAN outlier)
800C9BCE0,0.0,baseline structural profile; no graph anomalies detected
800CB0760,0.1,isolated micro-cluster (size=9)
800CE8340,0.0,baseline structural profile; no graph anomalies detected
800CF62E0,0.2,topological outlier in Node2Vec space (DBSCAN outlier)
800D10B40,0.0,baseline structural profile; no graph anomalies detected
800D11090,0.0,baseline structural profile; no graph anomalies detected
800D2ACB0,0.0,baseline structural profile; no graph anomalies detected
800D2B1B0,0.0,baseline structural profile; no graph anomalies detected
800D36B20,0.0,baseline structural profile; no graph anomalies detected
800D38EF0,0.0,baseline structural profile; no graph anomalies detected
800D3EB00,0.2,topological outlier in Node2Vec space (DBSCAN outlier)
800D43A90,0.0,baseline structural profile; no graph anomalies detected
800D46C20,0.0,baseline structural profile; no graph anomalies detected
800D5C2E0,0.2,topological outlier in Node2Vec space (DBSCAN outlier)
800D5F230,0.0,baseline structural profile; no graph anomalies detected
800D621B0,0.2,topological outlier in Node2Vec space (DBSCAN outlier)
800D6DD70,0.0,baseline structural profile; no graph anomalies detected
800D7A690,0.2,topological outlier in Node2Vec space (DBSCAN outlier)
800D83A40,0.0,baseline structural profile; no graph anomalies detected
800D93700,0.1,isolated micro-cluster (size=7)
800D996E0,0.0,baseline structural profile; no graph anomalies detected
800DB2CF0,0.0,baseline structural profile; no graph anomalies detected
800DB45D0,0.0,baseline structural profile; no graph anomalies detected
800DCA660,0.0,baseline structural profile; no graph anomalies detected
800DCE920,0.2,topological outlier in Node2Vec space (DBSCAN outlier)
800DD0D90,0.0,baseline structural profile; no graph anomalies detected
800DDCCE0,0.0,baseline structural profile; no graph anomalies detected
800DDED10,0.0,baseline structural profile; no graph anomalies detected
800DEC1D0,0.1,isolated micro-cluster (size=7)
800E08EB0,0.2,topological outlier in Node2Vec space (DBSCAN outlier)
800E3DD10,0.0,baseline structural profile; no graph anomalies detected
800E4DA90,0.0,baseline structural profile; no graph anomalies detected
800E84250,0.0,baseline structural profile; no graph anomalies detected
800E86060,0.0,baseline structural profile; no graph anomalies detected
800E860B0,0.0,baseline structural profile; no graph anomalies detected
800E97810,0.2,topological outlier in Node2Vec space (DBSCAN outlier)
800EA0DE0,0.2,topological outlier in Node2Vec space (DBSCAN outlier)
800EA3760,0.209,topological outlier in Node2Vec space (DBSCAN outlier)
800EAC9D0,0.2,topological outlier in Node2Vec space (DBSCAN outlier)
800EB04C0,0.2,topological outlier in Node2Vec space (DBSCAN outlier)
800EB7DB0,0.0,baseline structural profile; no graph anomalies detected
800EC3AF0,0.1,isolated micro-cluster (size=7)
800ED00D0,0.2,topological outlier in Node2Vec space (DBSCAN outlier)
800EE2180,0.0,baseline structural profile; no graph anomalies detected
800EE3450,0.0,baseline structural profile; no graph anomalies detected
800EE4450,0.0,baseline structural profile; no graph anomalies detected
800EFEC70,0.2,topological outlier in Node2Vec space (DBSCAN outlier)
800F013F0,0.0,baseline structural profile; no graph anomalies detected
800F02FB0,0.2,topological outlier in Node2Vec space (DBSCAN outlier)
800F06F10,0.2,topological outlier in Node2Vec space (DBSCAN outlier)
800F123C0,0.1,isolated micro-cluster (size=10)
800F1DB80,0.0,baseline structural profile; no graph anomalies detected
800F30520,0.0,baseline structural profile; no graph anomalies detected
800F31850,0.2,topological outlier in Node2Vec space (DBSCAN outlier)
800F42EF0,0.0,baseline structural profile; no graph anomalies detected
800F63960,0.0,baseline structural profile; no graph anomalies detected
800F67030,0.0,baseline structural profile; no graph anomalies detected
800F70C40,0.0,baseline structural profile; no graph anomalies detected
800F73590,0.2,topological outlier in Node2Vec space (DBSCAN outlier)
800F74DF0,0.2,topological outlier in Node2Vec space (DBSCAN outlier)
800FC2E50,0.1,isolated micro-cluster (size=6)
800FDBF30,0.2,topological outlier in Node2Vec space (DBSCAN outlier)
800FDE180,0.1,isolated micro-cluster (size=8)
80101D8F0,0.0,baseline structural profile; no graph anomalies detected
8010414C0,0.2,topological outlier in Node2Vec space (DBSCAN outlier)
80104C070,0.1,isolated micro-cluster (size=7)
80104C6F0,0.0,baseline structural profile; no graph anomalies detected
801059C70,0.2,topological outlier in Node2Vec space (DBSCAN outlier)
80105A870,0.2,topological outlier in Node2Vec space (DBSCAN outlier)
801079260,0.145,isolated micro-cluster (size=7)
80107DF80,0.1,isolated micro-cluster (size=7)
80107E200,0.1,isolated micro-cluster (size=7)
80107EA40,0.1,isolated micro-cluster (size=7)
801090590,0.1,isolated micro-cluster (size=10)
8010940E0,0.0,baseline structural profile; no graph anomalies detected
801096840,0.1,isolated micro-cluster (size=6)
8010AE7D0,0.2,topological outlier in Node2Vec space (DBSCAN outlier)
8010AE9A0,0.2,topological outlier in Node2Vec space (DBSCAN outlier)
8010BB6E0,0.0,baseline structural profile; no graph anomalies detected
8010BC410,0.2,topological outlier in Node2Vec space (DBSCAN outlier)
8010D1D00,0.2,topological outlier in Node2Vec space (DBSCAN outlier)
8010EA130,0.0,baseline structural profile; no graph anomalies detected
8010F2720,0.0,baseline structural profile; no graph anomalies detected
8010FD210,0.1,isolated micro-cluster (size=5)
8011125F0,0.2,topological outlier in Node2Vec space (DBSCAN outlier)
801117B90,0.2,topological outlier in Node2Vec space (DBSCAN outlier)
80115BE40,0.2,topological outlier in Node2Vec space (DBSCAN outlier)
80116AFF0,0.2221,"isolated micro-cluster (size=7); high transaction volume (in=44, out=67)"
801189FC0,0.0,baseline structural profile; no graph anomalies detected
801198F90,0.1,isolated micro-cluster (size=5)
8011D2BD0,0.0,baseline structural profile; no graph anomalies detected
8011DF4A0,0.2,topological outlier in Node2Vec space (DBSCAN outlier)
8011F1250,0.0,baseline structural profile; no graph anomalies detected
8011F9E60,0.0,baseline structural profile; no graph anomalies detected
8012010B0,0.0,baseline structural profile; no graph anomalies detected
80120A710,0.0,baseline structural profile; no graph anomalies detected
801211C30,0.2,topological outlier in Node2Vec space (DBSCAN outlier)
801212B10,0.2,topological outlier in Node2Vec space (DBSCAN outlier)
8012261B0,0.0,baseline structural profile; no graph anomalies detected
8012296B0,0.1,isolated micro-cluster (size=7)
801249DD0,0.1,isolated micro-cluster (size=10)
80124B260,0.2,topological outlier in Node2Vec space (DBSCAN outlier)
80124DA90,0.0,baseline structural profile; no graph anomalies detected
80127C9F0,0.1,isolated micro-cluster (size=5)
8012846D0,0.0,baseline structural profile; no graph anomalies detected
80128D9D0,0.0,baseline structural profile; no graph anomalies detected
801294D10,0.0,baseline structural profile; no graph anomalies detected
80129EAE0,0.2,topological outlier in Node2Vec space (DBSCAN outlier)
80129EB80,0.209,topological outlier in Node2Vec space (DBSCAN outlier)
8012BFD70,0.1,isolated micro-cluster (size=6)
8012E46E0,0.0,baseline structural profile; no graph anomalies detected
8013388F0,0.2,topological outlier in Node2Vec space (DBSCAN outlier)
8013605A0,0.1,isolated micro-cluster (size=5)
8013B5280,0.1,isolated micro-cluster (size=5)
8013E0D50,0.2,topological outlier in Node2Vec space (DBSCAN outlier)
8013E5FB0,0.0,baseline structural profile; no graph anomalies detected
8013FD450,0.2,topological outlier in Node2Vec space (DBSCAN outlier)
8014178C0,0.1,isolated micro-cluster (size=7)
801419010,0.1,isolated micro-cluster (size=7)
801461050,0.0,baseline structural profile; no graph anomalies detected
8014612E0,0.0,baseline structural profile; no graph anomalies detected
801462490,0.2,topological outlier in Node2Vec space (DBSCAN outlier)
801471C80,0.0,baseline structural profile; no graph anomalies detected
80147FA90,0.0,baseline structural profile; no graph anomalies detected
80148BD80,0.0,baseline structural profile; no graph anomalies detected
8014A1950,0.2,topological outlier in Node2Vec space (DBSCAN outlier)
8014A1CB0,0.2,topological outlier in Node2Vec space (DBSCAN outlier)
8014A3E30,0.2,topological outlier in Node2Vec space (DBSCAN outlier)
8014B5570,0.2,topological outlier in Node2Vec space (DBSCAN outlier)
8014CB250,0.2,topological outlier in Node2Vec space (DBSCAN outlier)
8014D45A0,0.0,baseline structural profile; no graph anomalies detected
8014E3E10,0.0,baseline structural profile; no graph anomalies detected
8014F8F30,0.0,baseline structural profile; no graph anomalies detected
8014FC550,0.0,baseline structural profile; no graph anomalies detected
8015216E0,0.0,baseline structural profile; no graph anomalies detected
80152EDC0,0.0,baseline structural profile; no graph anomalies detected
801533C40,0.1,isolated micro-cluster (size=6)
801535A60,0.0,baseline structural profile; no graph anomalies detected
801537BC0,0.0,baseline structural profile; no graph anomalies detected
801542B10,0.1,isolated micro-cluster (size=9)
80158AFD0,0.1,isolated micro-cluster (size=7)
8015936C0,0.2,topological outlier in Node2Vec space (DBSCAN outlier)
8015C6420,0.2,topological outlier in Node2Vec space (DBSCAN outlier)
8015CCAC0,0.1,isolated micro-cluster (size=9)
8015CDCD0,0.218,topological outlier in Node2Vec space (DBSCAN outlier)
8015E65A0,0.0,baseline structural profile; no graph anomalies detected
8015E88E0,0.0,baseline structural profile; no graph anomalies detected
8015F18C0,0.0,baseline structural profile; no graph anomalies detected
801621350,0.1,isolated micro-cluster (size=5)
801621DD0,0.1,isolated micro-cluster (size=5)
801630450,0.2,topological outlier in Node2Vec space (DBSCAN outlier)
80163B7F0,0.0,baseline structural profile; no graph anomalies detected
8016448B0,0.2,topological outlier in Node2Vec space (DBSCAN outlier)
80164A9C0,0.1,isolated micro-cluster (size=8)
80164B550,0.1541,isolated micro-cluster (size=8)
80164F8A0,0.1,isolated micro-cluster (size=5)
801651CC0,0.1,isolated micro-cluster (size=5)
801666430,0.1,isolated micro-cluster (size=5)
8016723A0,0.2581,"high flow betweenness centrality (bc=6.92e-07); isolated micro-cluster (size=6); high transaction volume (in=13, out=49)"
80167DDD0,0.0,baseline structural profile; no graph anomalies detected
8016A5360,0.209,topological outlier in Node2Vec space (DBSCAN outlier)
8016A54A0,0.2,topological outlier in Node2Vec space (DBSCAN outlier)
8016A9DB0,0.0,baseline structural profile; no graph anomalies detected
8016B8CD0,0.1,isolated micro-cluster (size=7)
8016CC350,0.0,baseline structural profile; no graph anomalies detected
8016D7060,0.1,isolated micro-cluster (size=7)
8016D8110,0.0,baseline structural profile; no graph anomalies detected
8016DB1E0,0.1,isolated micro-cluster (size=9)
8016DF190,0.218,topological outlier in Node2Vec space (DBSCAN outlier)
8016E3AA0,0.2,topological outlier in Node2Vec space (DBSCAN outlier)
80170D0A0,0.0,baseline structural profile; no graph anomalies detected
80174B200,0.2,topological outlier in Node2Vec space (DBSCAN outlier)
80174EF70,0.2,topological outlier in Node2Vec space (DBSCAN outlier)
801772420,0.0,baseline structural profile; no graph anomalies detected
80177CEB0,0.0,baseline structural profile; no graph anomalies detected
801798880,0.2,topological outlier in Node2Vec space (DBSCAN outlier)
80179F360,0.0,baseline structural profile; no graph anomalies detected
8017BCCD0,0.0,baseline structural profile; no graph anomalies detected
8017BE720,0.0,baseline structural profile; no graph anomalies detected
8017C71A0,0.0,baseline structural profile; no graph anomalies detected
8017CB230,0.2,topological outlier in Node2Vec space (DBSCAN outlier)
8017D4DA0,0.1,isolated micro-cluster (size=6)
8017D7AF0,0.0,baseline structural profile; no graph anomalies detected
801801B40,0.1,isolated micro-cluster (size=5)
8018204F0,0.0,baseline structural profile; no graph anomalies detected
8018238B0,0.0,baseline structural profile; no graph anomalies detected
801827EC0,0.2311,"high flow betweenness centrality (bc=5.19e-07); isolated micro-cluster (size=7); high transaction volume (in=50, out=27)"
801834370,0.0,baseline structural profile; no graph anomalies detected
80184DA00,0.1,isolated micro-cluster (size=8)
801857EB0,0.2311,"high flow betweenness centrality (bc=5.19e-07); isolated micro-cluster (size=7); high transaction volume (in=27, out=27)"
80185BB80,0.2,topological outlier in Node2Vec space (DBSCAN outlier)
801860520,0.2,topological outlier in Node2Vec space (DBSCAN outlier)
80186E730,0.2221,"isolated micro-cluster (size=7); high transaction volume (in=12, out=69)"
801873FA0,0.1,isolated micro-cluster (size=5)
80188C080,0.1,isolated micro-cluster (size=6)
8018AF090,0.1,isolated micro-cluster (size=9)
8018C98C0,0.2,topological outlier in Node2Vec space (DBSCAN outlier)
8018CBE20,0.1,isolated micro-cluster (size=5)
8018CD260,0.0,baseline structural profile; no graph anomalies detected
8018E0040,0.177,"isolated micro-cluster (size=5); high transaction volume (in=46, out=31)"
80192A260,0.0,baseline structural profile; no graph anomalies detected
80192BFB0,0.0901,high flow betweenness centrality (bc=5.77e-07)
80192FEF0,0.0,baseline structural profile; no graph anomalies detected
801958E70,0.0,baseline structural profile; no graph anomalies detected
80195BB20,0.0,baseline structural profile; no graph anomalies detected
8019739C0,0.0,baseline structural profile; no graph anomalies detected
801986330,0.0,baseline structural profile; no graph anomalies detected
8019C1290,0.15,"isolated micro-cluster (size=7); high transaction volume (in=1, out=59)"
8019C1330,0.1,isolated micro-cluster (size=7)
8019C1560,0.1,isolated micro-cluster (size=7)
8019C23D0,0.1,isolated micro-cluster (size=7)
8019C9AA0,0.2,topological outlier in Node2Vec space (DBSCAN outlier)
8019CF270,0.2,topological outlier in Node2Vec space (DBSCAN outlier)
8019D53B0,0.0,baseline structural profile; no graph anomalies detected
8019D82F0,0.0,baseline structural profile; no graph anomalies detected
8019E4B60,0.0,baseline structural profile; no graph anomalies detected
8019F3C80,0.1721,isolated micro-cluster (size=7)
8019FFC80,0.0,baseline structural profile; no graph anomalies detected
801A179B0,0.2,topological outlier in Node2Vec space (DBSCAN outlier)
801A19640,0.0,baseline structural profile; no graph anomalies detected
801A1ED50,0.2,topological outlier in Node2Vec space (DBSCAN outlier)
801A1F4D0,0.2,topological outlier in Node2Vec space (DBSCAN outlier)
801A21E40,0.0,baseline structural profile; no graph anomalies detected
801A22E00,0.218,topological outlier in Node2Vec space (DBSCAN outlier)
801A27B20,0.2,topological outlier in Node2Vec space (DBSCAN outlier)
801A2ECA0,0.2,topological outlier in Node2Vec space (DBSCAN outlier)
801A36C20,0.2,topological outlier in Node2Vec space (DBSCAN outlier)
801A7E980,0.2,topological outlier in Node2Vec space (DBSCAN outlier)
801A83B10,0.2,topological outlier in Node2Vec space (DBSCAN outlier)
801AAB6A0,0.1,isolated micro-cluster (size=5)
801AAE1B0,0.186,"isolated micro-cluster (size=5); high transaction volume (in=36, out=33)"
801AB3040,0.1,isolated micro-cluster (size=5)
801AD8570,0.2,topological outlier in Node2Vec space (DBSCAN outlier)
801AD9D90,0.0,baseline structural profile; no graph anomalies detected
801AF9510,0.2,topological outlier in Node2Vec space (DBSCAN outlier)
801B0D040,0.1,isolated micro-cluster (size=7)
801B23910,0.0,baseline structural profile; no graph anomalies detected
801B28780,0.1,isolated micro-cluster (size=5)
801B28870,0.1,isolated micro-cluster (size=5)
801B28960,0.1,isolated micro-cluster (size=5)
801B289B0,0.1,isolated micro-cluster (size=5)
801B28A50,0.1,isolated micro-cluster (size=5)
801B3D440,0.1,isolated micro-cluster (size=5)
801B565E0,0.0,baseline structural profile; no graph anomalies detected
801B5F4E0,0.0,baseline structural profile; no graph anomalies detected
801B850B0,0.0,baseline structural profile; no graph anomalies detected
801B8EBB0,0.0,baseline structural profile; no graph anomalies detected
801BB7120,0.0,baseline structural profile; no graph anomalies detected
801BCA760,0.2,topological outlier in Node2Vec space (DBSCAN outlier)
801BEED90,0.0,baseline structural profile; no graph anomalies detected
801BFB960,0.1,isolated micro-cluster (size=8)
801C04D80,0.0,baseline structural profile; no graph anomalies detected
801C07E00,0.0,baseline structural profile; no graph anomalies detected
801C0FB60,0.0,baseline structural profile; no graph anomalies detected
801C40BF0,0.1,isolated micro-cluster (size=10)
801C5A580,0.1,isolated micro-cluster (size=9)
801C7C6D0,0.0,baseline structural profile; no graph anomalies detected
801C7D6A0,0.0,baseline structural profile; no graph anomalies detected
801C912F0,0.2,topological outlier in Node2Vec space (DBSCAN outlier)
801C98AE0,0.0,baseline structural profile; no graph anomalies detected
801C9D3E0,0.0,baseline structural profile; no graph anomalies detected
801CAD7E0,0.1,isolated micro-cluster (size=5)
801CAD8D0,0.1,isolated micro-cluster (size=5)
801CAD9C0,0.136,isolated micro-cluster (size=5)
801CB1B60,0.1,isolated micro-cluster (size=5)
801CB1C00,0.1,isolated micro-cluster (size=5)
801CB1C50,0.2221,"isolated micro-cluster (size=5); high transaction volume (in=24, out=36)"
801CBAF20,0.0,baseline structural profile; no graph anomalies detected
801CBD470,0.1,isolated micro-cluster (size=6)
801CCF940,0.2,topological outlier in Node2Vec space (DBSCAN outlier)
801CD85A0,0.2,topological outlier in Node2Vec space (DBSCAN outlier)
801D03210,0.0,baseline structural profile; no graph anomalies detected
801D4EE90,0.0,baseline structural profile; no graph anomalies detected
801D83260,0.35,"high flow betweenness centrality (bc=1.38e-06); isolated micro-cluster (size=9); high transaction volume (in=20, out=75)"
801DA6080,0.0,baseline structural profile; no graph anomalies detected
801DAE650,0.1,isolated micro-cluster (size=8)
801DD5140,0.0,baseline structural profile; no graph anomalies detected
801DE8D10,0.0,baseline structural profile; no graph anomalies detected
801DFB5B0,0.0,baseline structural profile; no graph anomalies detected
801E2B3B0,0.2,topological outlier in Node2Vec space (DBSCAN outlier)
801E47D80,0.218,topological outlier in Node2Vec space (DBSCAN outlier)
801E6A920,0.0,baseline structural profile; no graph anomalies detected
801EC0260,0.0,baseline structural profile; no graph anomalies detected
801EC49C0,0.1,isolated micro-cluster (size=9)
801EC5530,0.1,isolated micro-cluster (size=9)
801EC5580,0.1,isolated micro-cluster (size=9)
801EC55D0,0.1,isolated micro-cluster (size=9)
801EC5710,0.1,isolated micro-cluster (size=9)
801EC5760,0.1,isolated micro-cluster (size=9)
801EC5F20,0.1,isolated micro-cluster (size=9)
801EC6010,0.1,isolated micro-cluster (size=9)
801ED4980,0.0,baseline structural profile; no graph anomalies detected
801ED61F0,0.2221,"isolated micro-cluster (size=7); high transaction volume (in=22, out=50)"
801ED6910,0.1,isolated micro-cluster (size=7)
801EE2770,0.2,topological outlier in Node2Vec space (DBSCAN outlier)
801F212F0,0.2,topological outlier in Node2Vec space (DBSCAN outlier)
801F2E1A0,0.0,baseline structural profile; no graph anomalies detected
801F2E9B0,0.2,topological outlier in Node2Vec space (DBSCAN outlier)
801F307F0,0.1,isolated micro-cluster (size=9)
801F69530,0.0,baseline structural profile; no graph anomalies detected
801F7CB30,0.2,topological outlier in Node2Vec space (DBSCAN outlier)
801FC1CB0,0.1,isolated micro-cluster (size=9)
801FEFC90,0.1,isolated micro-cluster (size=8)
80200A570,0.2,topological outlier in Node2Vec space (DBSCAN outlier)
802021CD0,0.1541,isolated micro-cluster (size=6)
802021D20,0.1,isolated micro-cluster (size=6)
802030F60,0.2,topological outlier in Node2Vec space (DBSCAN outlier)
802035310,0.1,isolated micro-cluster (size=9)
8020699D0,0.0,baseline structural profile; no graph anomalies detected
80206A100,0.0,baseline structural profile; no graph anomalies detected
8020A01E0,0.2,topological outlier in Node2Vec space (DBSCAN outlier)
8020D3130,0.2,topological outlier in Node2Vec space (DBSCAN outlier)
8020D3EF0,0.2,topological outlier in Node2Vec space (DBSCAN outlier)
8020D99C0,0.2,topological outlier in Node2Vec space (DBSCAN outlier)
8020EDF80,0.1,isolated micro-cluster (size=7)
8020F1BE0,0.2,topological outlier in Node2Vec space (DBSCAN outlier)
8021008F0,0.218,topological outlier in Node2Vec space (DBSCAN outlier)
802111CD0,0.1,isolated micro-cluster (size=5)
802119C10,0.0,baseline structural profile; no graph anomalies detected
802145270,0.218,topological outlier in Node2Vec space (DBSCAN outlier)
80216CE90,0.1,isolated micro-cluster (size=7)
80216EE30,0.2581,"high flow betweenness centrality (bc=6.92e-07); isolated micro-cluster (size=8); high transaction volume (in=12, out=49)"
80216EE80,0.1,isolated micro-cluster (size=8)
802176B60,0.2,topological outlier in Node2Vec space (DBSCAN outlier)
802184880,0.0,baseline structural profile; no graph anomalies detected
802186F50,0.1,isolated micro-cluster (size=10)
8021882B0,0.1,isolated micro-cluster (size=10)
802188300,0.1,isolated micro-cluster (size=10)
802188350,0.1,isolated micro-cluster (size=10)
8021886B0,0.1,isolated micro-cluster (size=10)
802188CA0,0.1,isolated micro-cluster (size=10)
8021890A0,0.1,isolated micro-cluster (size=10)
802199BD0,0.1,isolated micro-cluster (size=10)
802199C20,0.1,isolated micro-cluster (size=10)
80219A8D0,0.1,isolated micro-cluster (size=10)
8021E0FE0,0.1,isolated micro-cluster (size=7)
8021F2480,0.1,isolated micro-cluster (size=6)
8021FFD30,0.0,baseline structural profile; no graph anomalies detected
802201890,0.0,baseline structural profile; no graph anomalies detected
80220D040,0.2,topological outlier in Node2Vec space (DBSCAN outlier)
802213DF0,0.0,baseline structural profile; no graph anomalies detected
802222410,0.0,baseline structural profile; no graph anomalies detected
802236EA0,0.0,baseline structural profile; no graph anomalies detected
8022480A0,0.1721,isolated micro-cluster (size=7)
80224CAA0,0.0,baseline structural profile; no graph anomalies detected
80225C2C0,0.2,topological outlier in Node2Vec space (DBSCAN outlier)
80226A860,0.0,baseline structural profile; no graph anomalies detected
80226C4C0,0.0,baseline structural profile; no graph anomalies detected
80226E680,0.0,baseline structural profile; no graph anomalies detected
80227A210,0.2851,"high flow betweenness centrality (bc=8.65e-07); isolated micro-cluster (size=7); high transaction volume (in=25, out=57)"
8022D83D0,0.0,baseline structural profile; no graph anomalies detected
80231AB70,0.2,topological outlier in Node2Vec space (DBSCAN outlier)
80231C910,0.2,topological outlier in Node2Vec space (DBSCAN outlier)
80233B380,0.2,topological outlier in Node2Vec space (DBSCAN outlier)
80234CE50,0.3302,"high flow betweenness centrality (bc=1.15e-06); isolated micro-cluster (size=8); high transaction volume (in=31, out=91)"
802375B20,0.0,baseline structural profile; no graph anomalies detected
8023C1EF0,0.2,topological outlier in Node2Vec space (DBSCAN outlier)
8023C6E30,0.2,topological outlier in Node2Vec space (DBSCAN outlier)
8023C9750,0.1,isolated micro-cluster (size=5)
8023ED8B0,0.0,baseline structural profile; no graph anomalies detected
8023FBD80,0.1,isolated micro-cluster (size=8)
802400FB0,0.2,topological outlier in Node2Vec space (DBSCAN outlier)
802413950,0.1,isolated micro-cluster (size=5)
8024139F0,0.136,isolated micro-cluster (size=5)
8024193E0,0.2,topological outlier in Node2Vec space (DBSCAN outlier)
80241F950,0.0,baseline structural profile; no graph anomalies detected
802422010,0.2401,"high flow betweenness centrality (bc=5.77e-07); isolated micro-cluster (size=8); high transaction volume (in=34, out=74)"
802454150,0.1,isolated micro-cluster (size=6)
80247ACF0,0.2,topological outlier in Node2Vec space (DBSCAN outlier)
80247BB70,0.0,baseline structural profile; no graph anomalies detected
8024802B0,0.1,isolated micro-cluster (size=7)
802486E50,0.0,baseline structural profile; no graph anomalies detected
8024C6BD0,0.1,isolated micro-cluster (size=8)
8024CEAA0,0.1,isolated micro-cluster (size=9)
8024D12E0,0.1,isolated micro-cluster (size=7)
8024E8770,0.0,baseline structural profile; no graph anomalies detected
802515ED0,0.0,baseline structural profile; no graph anomalies detected
8025215F0,0.1,isolated micro-cluster (size=9)
8025239F0,0.0,baseline structural profile; no graph anomalies detected
80252EF80,0.0,baseline structural profile; no graph anomalies detected
80254A380,0.0,baseline structural profile; no graph anomalies detected
80254F920,0.1,isolated micro-cluster (size=6)
80254F9C0,0.1,isolated micro-cluster (size=6)
80254FA60,0.1,isolated micro-cluster (size=6)
80255C3C0,0.1,isolated micro-cluster (size=5)
80255E030,0.1,isolated micro-cluster (size=5)
80255F6D0,0.0,baseline structural profile; no graph anomalies detected
802569B30,0.0,baseline structural profile; no graph anomalies detected
802577E80,0.0,baseline structural profile; no graph anomalies detected
80257A2F0,0.2581,"high flow betweenness centrality (bc=6.92e-07); isolated micro-cluster (size=9); high transaction volume (in=17, out=105)"
802591830,0.1,isolated micro-cluster (size=7)
8025AFB80,0.0,baseline structural profile; no graph anomalies detected
8025BE730,0.0,baseline structural profile; no graph anomalies detected
8025E5970,0.1,isolated micro-cluster (size=7)
8025F9120,0.0,baseline structural profile; no graph anomalies detected
802605BB0,0.2,topological outlier in Node2Vec space (DBSCAN outlier)
8026096F0,0.2,topological outlier in Node2Vec space (DBSCAN outlier)
8026367E0,0.1,isolated micro-cluster (size=5)
80264DE00,0.0,baseline structural profile; no graph anomalies detected
802657ED0,0.2,topological outlier in Node2Vec space (DBSCAN outlier)
802657F70,0.2,topological outlier in Node2Vec space (DBSCAN outlier)
80265BCB0,0.0,baseline structural profile; no graph anomalies detected
802667790,0.1,isolated micro-cluster (size=9)
802678250,0.1,isolated micro-cluster (size=6)
80268DEF0,0.1,isolated micro-cluster (size=8)
80269F230,0.1,isolated micro-cluster (size=8)
8026B3760,0.0,baseline structural profile; no graph anomalies detected
8026B9670,0.2,topological outlier in Node2Vec space (DBSCAN outlier)
8026EC360,0.0,baseline structural profile; no graph anomalies detected
8026ED8D0,0.0,baseline structural profile; no graph anomalies detected
80271AD20,0.1,isolated micro-cluster (size=5)
80271DB90,0.0,baseline structural profile; no graph anomalies detected
802742B50,0.1541,isolated micro-cluster (size=9)
80276CE70,0.1,isolated micro-cluster (size=9)
80276E8D0,0.0,baseline structural profile; no graph anomalies detected
80277A7C0,0.1,isolated micro-cluster (size=10)
80278D510,0.1,isolated micro-cluster (size=8)
8027AC630,0.0,baseline structural profile; no graph anomalies detected
8027CD110,0.2401,"high flow betweenness centrality (bc=5.77e-07); isolated micro-cluster (size=8); high transaction volume (in=25, out=51)"
8027D8100,0.1,isolated micro-cluster (size=8)
8027DC5E0,0.1,isolated micro-cluster (size=9)
8027F18F0,0.0,baseline structural profile; no graph anomalies detected
802824F50,0.2,topological outlier in Node2Vec space (DBSCAN outlier)
802825930,0.2,topological outlier in Node2Vec space (DBSCAN outlier)
802849D60,0.0,baseline structural profile; no graph anomalies detected
80284C550,0.0,baseline structural profile; no graph anomalies detected
802851A10,0.0,baseline structural profile; no graph anomalies detected
80285CE30,0.0,baseline structural profile; no graph anomalies detected
80286CBA0,0.2,topological outlier in Node2Vec space (DBSCAN outlier)
80286D280,0.218,topological outlier in Node2Vec space (DBSCAN outlier)
8028A4630,0.2,topological outlier in Node2Vec space (DBSCAN outlier)
8028FE1A0,0.2,topological outlier in Node2Vec space (DBSCAN outlier)
8029176F0,0.2,topological outlier in Node2Vec space (DBSCAN outlier)
802917A10,0.2,topological outlier in Node2Vec space (DBSCAN outlier)
802959F80,0.0,baseline structural profile; no graph anomalies detected
80296CA20,0.2,topological outlier in Node2Vec space (DBSCAN outlier)
8029751E0,0.2,topological outlier in Node2Vec space (DBSCAN outlier)
802980380,0.0,baseline structural profile; no graph anomalies detected
8029AFBC0,0.218,topological outlier in Node2Vec space (DBSCAN outlier)
8029DCFF0,0.2581,"high flow betweenness centrality (bc=6.92e-07); isolated micro-cluster (size=6); high transaction volume (in=24, out=83)"
8029ED1D0,0.2581,"high flow betweenness centrality (bc=6.92e-07); isolated micro-cluster (size=6); high transaction volume (in=17, out=40)"
8029FD6D0,0.1,isolated micro-cluster (size=5)
802A128A0,0.1,isolated micro-cluster (size=6)
802A136B0,0.1,isolated micro-cluster (size=5)
802A45100,0.2,topological outlier in Node2Vec space (DBSCAN outlier)
802A6DF40,0.1,isolated micro-cluster (size=8)
802A7F590,0.25,"topological outlier in Node2Vec space (DBSCAN outlier); high transaction volume (in=52, out=2)"
802A92B30,0.1,isolated micro-cluster (size=5)
802AC1D70,0.1,isolated micro-cluster (size=6)
802ACD260,0.1,isolated micro-cluster (size=7)
802AD2A00,0.1,isolated micro-cluster (size=5)
802ADC5B0,0.1,isolated micro-cluster (size=6)
802AF4F20,0.2,topological outlier in Node2Vec space (DBSCAN outlier)
802B23240,0.0,baseline structural profile; no graph anomalies detected
802B25500,0.1,isolated micro-cluster (size=6)
802B2A690,0.1,isolated micro-cluster (size=7)
802B35210,0.1,isolated micro-cluster (size=7)
802B59400,0.0,baseline structural profile; no graph anomalies detected
802B8DF60,0.0,baseline structural profile; no graph anomalies detected
802BC2530,0.1,isolated micro-cluster (size=7)
802BCFE40,0.0,baseline structural profile; no graph anomalies detected
802BE6300,0.0,baseline structural profile; no graph anomalies detected
802BF1730,0.2,topological outlier in Node2Vec space (DBSCAN outlier)
802C38120,0.45,participates in circular transfer cycle; isolated micro-cluster (size=6)
802C383E0,0.1,isolated micro-cluster (size=6)
802C38840,0.5131,participates in circular transfer cycle; isolated micro-cluster (size=6)
802C439B0,0.0,baseline structural profile; no graph anomalies detected
802C46080,0.1,isolated micro-cluster (size=9)
802C48E80,0.0,baseline structural profile; no graph anomalies detected
802C54340,0.0,baseline structural profile; no graph anomalies detected
802C54C70,0.2,topological outlier in Node2Vec space (DBSCAN outlier)
802C58090,0.1,isolated micro-cluster (size=9)
802C69C80,0.0,baseline structural profile; no graph anomalies detected
802C6B020,0.2,topological outlier in Node2Vec space (DBSCAN outlier)
802C6E9E0,0.2,topological outlier in Node2Vec space (DBSCAN outlier)
802C70BB0,0.218,topological outlier in Node2Vec space (DBSCAN outlier)
802C71560,0.2,topological outlier in Node2Vec space (DBSCAN outlier)
802C79370,0.1,isolated micro-cluster (size=5)
802C8CF10,0.0,baseline structural profile; no graph anomalies detected
802CAE9D0,0.1,isolated micro-cluster (size=5)
802CCA7E0,0.0,baseline structural profile; no graph anomalies detected
802CCE400,0.1581,"high flow betweenness centrality (bc=6.92e-07); high transaction volume (in=3, out=62)"
802CD6E20,0.1,isolated micro-cluster (size=6)
802CD73C0,0.2,topological outlier in Node2Vec space (DBSCAN outlier)
802CE3AC0,0.2,topological outlier in Node2Vec space (DBSCAN outlier)
802CE3B10,0.2,topological outlier in Node2Vec space (DBSCAN outlier)
802D1E340,0.0,baseline structural profile; no graph anomalies detected
802D21160,0.0,baseline structural profile; no graph anomalies detected
802D39430,0.1,isolated micro-cluster (size=5)
802D53570,0.1,isolated micro-cluster (size=10)
802D53700,0.1,isolated micro-cluster (size=10)
802D53880,0.1,isolated micro-cluster (size=10)
802D53B50,0.1,isolated micro-cluster (size=10)
802D53CE0,0.1,isolated micro-cluster (size=10)
802D53D80,0.1,isolated micro-cluster (size=10)
802D54930,0.1,isolated micro-cluster (size=10)
802D54980,0.1,isolated micro-cluster (size=10)
802D54A20,0.1,isolated micro-cluster (size=10)
802D54B60,0.1,isolated micro-cluster (size=10)
802D76360,0.0,baseline structural profile; no graph anomalies detected
802D85170,0.2,topological outlier in Node2Vec space (DBSCAN outlier)
802DA8920,0.1,isolated micro-cluster (size=5)
802DAA850,0.1,isolated micro-cluster (size=5)
802DB5A10,0.0,baseline structural profile; no graph anomalies detected
802DBE860,0.2,topological outlier in Node2Vec space (DBSCAN outlier)
802DC94C0,0.0,baseline structural profile; no graph anomalies detected
802DD5430,0.0,baseline structural profile; no graph anomalies detected
802E1C5F0,0.2,topological outlier in Node2Vec space (DBSCAN outlier)
802ECCFF0,0.2,topological outlier in Node2Vec space (DBSCAN outlier)
802ED8920,0.2,topological outlier in Node2Vec space (DBSCAN outlier)
802EE1F20,0.0,baseline structural profile; no graph anomalies detected
802EFA860,0.0,baseline structural profile; no graph anomalies detected
802EFB0C0,0.1,isolated micro-cluster (size=5)
802F3C9E0,0.209,topological outlier in Node2Vec space (DBSCAN outlier)
802F401B0,0.2,topological outlier in Node2Vec space (DBSCAN outlier)
802F4C810,0.2,topological outlier in Node2Vec space (DBSCAN outlier)
802F55C80,0.0,baseline structural profile; no graph anomalies detected
802F56080,0.0811,high flow betweenness centrality (bc=5.19e-07)
802F92460,0.2,topological outlier in Node2Vec space (DBSCAN outlier)
802FA7310,0.0,baseline structural profile; no graph anomalies detected
802FAD250,0.0,baseline structural profile; no graph anomalies detected
802FB2C20,0.2,topological outlier in Node2Vec space (DBSCAN outlier)
802FB7770,0.0,baseline structural profile; no graph anomalies detected
802FBA3A0,0.1,isolated micro-cluster (size=5)
802FDD680,0.2,topological outlier in Node2Vec space (DBSCAN outlier)
802FFA8C0,0.1,isolated micro-cluster (size=5)
803009080,0.1,isolated micro-cluster (size=8)
80302EEC0,0.136,isolated micro-cluster (size=5)
803042E00,0.0,baseline structural profile; no graph anomalies detected
80304E5F0,0.2,topological outlier in Node2Vec space (DBSCAN outlier)
803076D90,0.2,topological outlier in Node2Vec space (DBSCAN outlier)
8030774A0,0.2,topological outlier in Node2Vec space (DBSCAN outlier)
80308B8A0,0.2,topological outlier in Node2Vec space (DBSCAN outlier)
80309A250,0.1,isolated micro-cluster (size=8)
8030A49B0,0.1,isolated micro-cluster (size=5)
8030CD8B0,0.0,baseline structural profile; no graph anomalies detected
8030D37E0,0.2,topological outlier in Node2Vec space (DBSCAN outlier)
8030DCBC0,0.2,topological outlier in Node2Vec space (DBSCAN outlier)
8030E8C80,0.1,isolated micro-cluster (size=8)
8030F0360,0.2311,"high flow betweenness centrality (bc=5.19e-07); isolated micro-cluster (size=6); high transaction volume (in=21, out=66)"
8030F0750,0.1,isolated micro-cluster (size=6)
803100750,0.1,isolated micro-cluster (size=7)
80312B180,0.0,baseline structural profile; no graph anomalies detected
803130170,0.1,isolated micro-cluster (size=6)
803132450,0.0,baseline structural profile; no graph anomalies detected
803145180,0.0,baseline structural profile; no graph anomalies detected
80314ABA0,0.2,topological outlier in Node2Vec space (DBSCAN outlier)
80314B220,0.2,topological outlier in Node2Vec space (DBSCAN outlier)
80314C230,0.2,topological outlier in Node2Vec space (DBSCAN outlier)
80314EC80,0.1,isolated micro-cluster (size=5)
80315FCD0,0.0,baseline structural profile; no graph anomalies detected
803165370,0.0,baseline structural profile; no graph anomalies detected
803193DC0,0.2,topological outlier in Node2Vec space (DBSCAN outlier)
8031B7E50,0.0,baseline structural profile; no graph anomalies detected
8031DD260,0.1,isolated micro-cluster (size=7)
8031E6280,0.127,isolated micro-cluster (size=5)
803209820,0.0,baseline structural profile; no graph anomalies detected
80321F610,0.0,baseline structural profile; no graph anomalies detected
80321FA70,0.0,baseline structural profile; no graph anomalies detected
803220930,0.4941,participates in circular transfer cycle; high flow betweenness centrality (bc=9.23e-07)
80323AB50,0.0,baseline structural profile; no graph anomalies detected
803247FE0,0.0,baseline structural profile; no graph anomalies detected
803253540,0.0,baseline structural profile; no graph anomalies detected
80326BA30,0.0,baseline structural profile; no graph anomalies detected
80326D010,0.0,baseline structural profile; no graph anomalies detected
803270B90,0.0,baseline structural profile; no graph anomalies detected
803270BE0,0.0,baseline structural profile; no graph anomalies detected
803271FC0,0.0,baseline structural profile; no graph anomalies detected
803272580,0.35,participates in circular transfer cycle
803272710,0.0,baseline structural profile; no graph anomalies detected
803273E80,0.0,baseline structural profile; no graph anomalies detected
803274500,0.0,baseline structural profile; no graph anomalies detected
803274550,0.0,baseline structural profile; no graph anomalies detected
803274990,0.0,baseline structural profile; no graph anomalies detected
803274A30,0.0,baseline structural profile; no graph anomalies detected
803274AD0,0.0,baseline structural profile; no graph anomalies detected
8032751F0,0.0,baseline structural profile; no graph anomalies detected
8032788F0,0.0,baseline structural profile; no graph anomalies detected
80328C410,0.0,baseline structural profile; no graph anomalies detected
8032980A0,0.2,topological outlier in Node2Vec space (DBSCAN outlier)
80329DBA0,0.2,topological outlier in Node2Vec space (DBSCAN outlier)
8032A1BF0,0.0,baseline structural profile; no graph anomalies detected
8032AD9C0,0.0,baseline structural profile; no graph anomalies detected
8032DBB30,0.2,topological outlier in Node2Vec space (DBSCAN outlier)
8032FD420,0.0,baseline structural profile; no graph anomalies detected
80330D740,0.0,baseline structural profile; no graph anomalies detected
80330E030,0.0,baseline structural profile; no graph anomalies detected
80330EE20,0.277,"topological outlier in Node2Vec space (DBSCAN outlier); high transaction volume (in=35, out=16)"
80331C810,0.2,topological outlier in Node2Vec space (DBSCAN outlier)
8033271A0,0.1,isolated micro-cluster (size=5)
80333CC00,0.1,isolated micro-cluster (size=7)
80333F6C0,0.2,topological outlier in Node2Vec space (DBSCAN outlier)
803341720,0.2,topological outlier in Node2Vec space (DBSCAN outlier)
803382690,0.1,isolated micro-cluster (size=6)
803383060,0.2,topological outlier in Node2Vec space (DBSCAN outlier)
80338A4A0,0.0,baseline structural profile; no graph anomalies detected
80339F5C0,0.0,baseline structural profile; no graph anomalies detected
80339FB50,0.0,baseline structural profile; no graph anomalies detected
8033A1CF0,0.2,topological outlier in Node2Vec space (DBSCAN outlier)
803419FE0,0.2,topological outlier in Node2Vec space (DBSCAN outlier)
803421B00,0.0,baseline structural profile; no graph anomalies detected
803427AC0,0.0,baseline structural profile; no graph anomalies detected
803430460,0.2,topological outlier in Node2Vec space (DBSCAN outlier)
803434610,0.1,isolated micro-cluster (size=7)
80345B9D0,0.0,baseline structural profile; no graph anomalies detected
8034690C0,0.2,topological outlier in Node2Vec space (DBSCAN outlier)
80347F740,0.0,baseline structural profile; no graph anomalies detected
803482B10,0.0,baseline structural profile; no graph anomalies detected
80349F3F0,0.0,baseline structural profile; no graph anomalies detected
8034A4BC0,0.1,isolated micro-cluster (size=8)
8034B3590,0.0,baseline structural profile; no graph anomalies detected
8034ED6E0,0.0,baseline structural profile; no graph anomalies detected
80352A280,0.0,baseline structural profile; no graph anomalies detected
803534450,0.2,topological outlier in Node2Vec space (DBSCAN outlier)
80353C7D0,0.0,baseline structural profile; no graph anomalies detected
80353D530,0.0,baseline structural profile; no graph anomalies detected
803585600,0.0,baseline structural profile; no graph anomalies detected
803591B90,0.0,baseline structural profile; no graph anomalies detected
80359D740,0.0,baseline structural profile; no graph anomalies detected
80359D790,0.2,topological outlier in Node2Vec space (DBSCAN outlier)
80359FC90,0.0,baseline structural profile; no graph anomalies detected
8035A00A0,0.2,topological outlier in Node2Vec space (DBSCAN outlier)
8035A9A50,0.0,baseline structural profile; no graph anomalies detected
8035B1D60,0.2,topological outlier in Node2Vec space (DBSCAN outlier)
8035B1FF0,0.2,topological outlier in Node2Vec space (DBSCAN outlier)
8035C92F0,0.2,topological outlier in Node2Vec space (DBSCAN outlier)
8035F7DA0,0.1,isolated micro-cluster (size=7)
803602B10,0.1,isolated micro-cluster (size=5)
80363F160,0.1,isolated micro-cluster (size=7)
80363F890,0.2,topological outlier in Node2Vec space (DBSCAN outlier)
80365A670,0.2,topological outlier in Node2Vec space (DBSCAN outlier)
80365C020,0.2,topological outlier in Node2Vec space (DBSCAN outlier)
80365E620,0.1,isolated micro-cluster (size=7)
80366E4D0,0.1721,isolated micro-cluster (size=7)
80369B9A0,0.0,baseline structural profile; no graph anomalies detected
8036AB9F0,0.2311,"high flow betweenness centrality (bc=5.19e-07); isolated micro-cluster (size=8); high transaction volume (in=25, out=42)"
8036CCB90,0.1,isolated micro-cluster (size=8)
8036DCEF0,0.1,isolated micro-cluster (size=7)
8036F7090,0.0,baseline structural profile; no graph anomalies detected
8036FA980,0.5221,participates in circular transfer cycle; isolated micro-cluster (size=6)
8036FADE0,0.45,participates in circular transfer cycle; isolated micro-cluster (size=6)
80371AA90,0.2,topological outlier in Node2Vec space (DBSCAN outlier)
80371B600,0.0,baseline structural profile; no graph anomalies detected
80371D940,0.209,topological outlier in Node2Vec space (DBSCAN outlier)
80373DB80,0.0,baseline structural profile; no graph anomalies detected
8037467C0,0.0,baseline structural profile; no graph anomalies detected
803767D50,0.0,baseline structural profile; no graph anomalies detected
80376F850,0.0,baseline structural profile; no graph anomalies detected
803771ED0,0.0,baseline structural profile; no graph anomalies detected
803782210,0.0,baseline structural profile; no graph anomalies detected
803797160,0.2,topological outlier in Node2Vec space (DBSCAN outlier)
8037A0EB0,0.2,topological outlier in Node2Vec space (DBSCAN outlier)
8037BF510,0.209,topological outlier in Node2Vec space (DBSCAN outlier)
8037C2570,0.2,topological outlier in Node2Vec space (DBSCAN outlier)
8037DC160,0.209,topological outlier in Node2Vec space (DBSCAN outlier)
8037DC1B0,0.2,topological outlier in Node2Vec space (DBSCAN outlier)
8037E5BB0,0.1,isolated micro-cluster (size=7)
80382B300,0.25,"high flow betweenness centrality (bc=2.77e-06); high transaction volume (in=27, out=174)"
803839810,0.1,isolated micro-cluster (size=10)
803852870,0.0,baseline structural profile; no graph anomalies detected
8038536F0,0.0,baseline structural profile; no graph anomalies detected
803854380,0.1,isolated micro-cluster (size=6)
803864B70,0.0,baseline structural profile; no graph anomalies detected
803878680,0.0,baseline structural profile; no graph anomalies detected
80387B870,0.0,baseline structural profile; no graph anomalies detected
8038D3BF0,0.0,baseline structural profile; no graph anomalies detected
8038FAAD0,0.2,topological outlier in Node2Vec space (DBSCAN outlier)
803946150,0.0,baseline structural profile; no graph anomalies detected
803952EF0,0.2,topological outlier in Node2Vec space (DBSCAN outlier)
80396DE00,0.1,isolated micro-cluster (size=6)
80396EF00,0.0,baseline structural profile; no graph anomalies detected
80398A160,0.1,isolated micro-cluster (size=8)
8039B60D0,0.2311,"high flow betweenness centrality (bc=5.19e-07); isolated micro-cluster (size=6); high transaction volume (in=30, out=25)"
8039CEA30,0.2,topological outlier in Node2Vec space (DBSCAN outlier)
8039CF720,0.1,isolated micro-cluster (size=5)
8039D99E0,0.0,baseline structural profile; no graph anomalies detected
8039FEDD0,0.0,baseline structural profile; no graph anomalies detected
803A287E0,0.2,topological outlier in Node2Vec space (DBSCAN outlier)
803A2F0E0,0.2,topological outlier in Node2Vec space (DBSCAN outlier)
803A2FCC0,0.2,topological outlier in Node2Vec space (DBSCAN outlier)
803A32400,0.2,topological outlier in Node2Vec space (DBSCAN outlier)
803A32F60,0.2,topological outlier in Node2Vec space (DBSCAN outlier)
803A33E10,0.2,topological outlier in Node2Vec space (DBSCAN outlier)
803A3FCC0,0.0,baseline structural profile; no graph anomalies detected
803A43310,0.0,baseline structural profile; no graph anomalies detected
803A544E0,0.2,topological outlier in Node2Vec space (DBSCAN outlier)
803A54B70,0.2,topological outlier in Node2Vec space (DBSCAN outlier)
803A5D800,0.2,topological outlier in Node2Vec space (DBSCAN outlier)
803A663B0,0.0,baseline structural profile; no graph anomalies detected
803A71AA0,0.2,topological outlier in Node2Vec space (DBSCAN outlier)
803A75270,0.1,isolated micro-cluster (size=6)
803A7F390,0.0,baseline structural profile; no graph anomalies detected
803A85FB0,0.0,baseline structural profile; no graph anomalies detected
803AC4350,0.0,baseline structural profile; no graph anomalies detected
803AC4ED0,0.2,topological outlier in Node2Vec space (DBSCAN outlier)
803AC7250,0.2,topological outlier in Node2Vec space (DBSCAN outlier)
803AD76E0,0.1,isolated micro-cluster (size=7)
803AD7730,0.1,isolated micro-cluster (size=7)
803AD7C30,0.2221,"isolated micro-cluster (size=7); high transaction volume (in=39, out=45)"
803ADDEF0,0.2,topological outlier in Node2Vec space (DBSCAN outlier)
803AEF880,0.1,isolated micro-cluster (size=8)
803AFBCD0,0.0,baseline structural profile; no graph anomalies detected
803B0AA20,0.1,isolated micro-cluster (size=6)
803B17300,0.1,isolated micro-cluster (size=8)
803B1D230,0.0,baseline structural profile; no graph anomalies detected
803B448D0,0.1,isolated micro-cluster (size=6)
803B44970,0.1541,isolated micro-cluster (size=6)
803B74BB0,0.1,isolated micro-cluster (size=6)
803B7C090,0.2,topological outlier in Node2Vec space (DBSCAN outlier)
803B82560,0.2,topological outlier in Node2Vec space (DBSCAN outlier)
803B8BFC0,0.0,baseline structural profile; no graph anomalies detected
803B8C4E0,0.0,baseline structural profile; no graph anomalies detected
803B965F0,0.0,baseline structural profile; no graph anomalies detected
803B9F410,0.1,isolated micro-cluster (size=8)
803BAA8E0,0.2,topological outlier in Node2Vec space (DBSCAN outlier)
803BAE1F0,0.2,topological outlier in Node2Vec space (DBSCAN outlier)
803BB79C0,0.1,isolated micro-cluster (size=8)
803BB9EA0,0.209,topological outlier in Node2Vec space (DBSCAN outlier)
803BBB2D0,0.1,isolated micro-cluster (size=8)
803BC23A0,0.0,baseline structural profile; no graph anomalies detected
803BDFEC0,0.0,baseline structural profile; no graph anomalies detected
803BE1A90,0.0,baseline structural profile; no graph anomalies detected
803BF42C0,0.0,baseline structural profile; no graph anomalies detected
803C2BAA0,0.2,topological outlier in Node2Vec space (DBSCAN outlier)
803C2BF60,0.2,topological outlier in Node2Vec space (DBSCAN outlier)
803C35FE0,0.218,topological outlier in Node2Vec space (DBSCAN outlier)
803C36F80,0.1,isolated micro-cluster (size=6)
803C4D790,0.245,topological outlier in Node2Vec space (DBSCAN outlier)
803C5D5F0,0.0,baseline structural profile; no graph anomalies detected
803C5F940,0.0,baseline structural profile; no graph anomalies detected
803C84C10,0.0,baseline structural profile; no graph anomalies detected
803C907F0,0.2,topological outlier in Node2Vec space (DBSCAN outlier)
803CABBA0,0.0,baseline structural profile; no graph anomalies detected
803CC4680,0.1,isolated micro-cluster (size=7)
803CC8700,0.0,baseline structural profile; no graph anomalies detected
803CC9670,0.0,baseline structural profile; no graph anomalies detected
803CD6B50,0.0,baseline structural profile; no graph anomalies detected
803CDAE00,0.0,baseline structural profile; no graph anomalies detected
803CE0561,0.0,baseline structural profile; no graph anomalies detected
803CEB180,0.0,baseline structural profile; no graph anomalies detected
803CF8F30,0.0,baseline structural profile; no graph anomalies detected
803D02E30,0.268,"topological outlier in Node2Vec space (DBSCAN outlier); high transaction volume (in=29, out=22)"
803D1C990,0.0,baseline structural profile; no graph anomalies detected
803D23610,0.0,baseline structural profile; no graph anomalies detected
803D43820,0.0,baseline structural profile; no graph anomalies detected
803D4E1D0,0.2,topological outlier in Node2Vec space (DBSCAN outlier)
803D69260,0.2,topological outlier in Node2Vec space (DBSCAN outlier)
803D69350,0.0,baseline structural profile; no graph anomalies detected
803D83D80,0.0,baseline structural profile; no graph anomalies detected
803D844B0,0.0,baseline structural profile; no graph anomalies detected
803D8D260,0.0,baseline structural profile; no graph anomalies detected
803D9B130,0.2,topological outlier in Node2Vec space (DBSCAN outlier)
803D9B1D0,0.2,topological outlier in Node2Vec space (DBSCAN outlier)
803DAA8E0,0.0,baseline structural profile; no graph anomalies detected
803DBF890,0.0,baseline structural profile; no graph anomalies detected
803DC5E80,0.1,isolated micro-cluster (size=7)
803DE70B0,0.0,baseline structural profile; no graph anomalies detected
803DEB120,0.1,isolated micro-cluster (size=6)
803E2FA50,0.0,baseline structural profile; no graph anomalies detected
803E419B0,0.0,baseline structural profile; no graph anomalies detected
803E4D2C0,0.136,isolated micro-cluster (size=6)
803E51BD0,0.1,isolated micro-cluster (size=9)
803E54D80,0.2401,"high flow betweenness centrality (bc=5.77e-07); isolated micro-cluster (size=8); high transaction volume (in=24, out=37)"
803E614B0,0.2,topological outlier in Node2Vec space (DBSCAN outlier)
803EB5240,0.1,isolated micro-cluster (size=6)
803EB6960,0.1,isolated micro-cluster (size=9)
803ECA7F0,0.0,baseline structural profile; no graph anomalies detected
803ED0780,0.0,baseline structural profile; no graph anomalies detected
803EF8310,0.1,isolated micro-cluster (size=8)
803EFA650,0.0,baseline structural profile; no graph anomalies detected
803EFD190,0.2,topological outlier in Node2Vec space (DBSCAN outlier)
803F30090,0.0,baseline structural profile; no graph anomalies detected
803F34710,0.0,baseline structural profile; no graph anomalies detected
803F590A0,0.2581,"high flow betweenness centrality (bc=6.92e-07); isolated micro-cluster (size=7); high transaction volume (in=49, out=31)"
803F59280,0.1,isolated micro-cluster (size=7)
803F5DB30,0.1,isolated micro-cluster (size=8)
803FAA9E0,0.2,topological outlier in Node2Vec space (DBSCAN outlier)
803FBC160,0.2,topological outlier in Node2Vec space (DBSCAN outlier)
803FBC2F0,0.2,topological outlier in Node2Vec space (DBSCAN outlier)
803FBE550,0.1,isolated micro-cluster (size=9)
803FBFC60,0.0,baseline structural profile; no graph anomalies detected
804025CB0,0.0,baseline structural profile; no graph anomalies detected
804033B80,0.0,baseline structural profile; no graph anomalies detected
80403FE40,0.0,baseline structural profile; no graph anomalies detected
804055180,0.1,isolated micro-cluster (size=6)
804096C00,0.2,topological outlier in Node2Vec space (DBSCAN outlier)
8040A80E0,0.2,topological outlier in Node2Vec space (DBSCAN outlier)
8040BDA80,0.1,isolated micro-cluster (size=7)
8040D99A0,0.0,baseline structural profile; no graph anomalies detected
80412AAC0,0.0,baseline structural profile; no graph anomalies detected
80412B270,0.0,baseline structural profile; no graph anomalies detected
80412B460,0.2,topological outlier in Node2Vec space (DBSCAN outlier)
80414E740,0.1,isolated micro-cluster (size=9)
804163860,0.0,baseline structural profile; no graph anomalies detected
804165EC0,0.0,baseline structural profile; no graph anomalies detected
804182DD0,0.1,isolated micro-cluster (size=7)
8041BF590,0.1,isolated micro-cluster (size=5)
8041C1790,0.0,baseline structural profile; no graph anomalies detected
8041E8A10,0.2,topological outlier in Node2Vec space (DBSCAN outlier)
8041EB080,0.2,topological outlier in Node2Vec space (DBSCAN outlier)
8041F85A0,0.2,topological outlier in Node2Vec space (DBSCAN outlier)
8042127F0,0.0,baseline structural profile; no graph anomalies detected
80422A620,0.1,isolated micro-cluster (size=6)
80422F270,0.1,isolated micro-cluster (size=7)
80423D550,0.209,topological outlier in Node2Vec space (DBSCAN outlier)
80423D5F0,0.2,topological outlier in Node2Vec space (DBSCAN outlier)
8042552D0,0.0,baseline structural profile; no graph anomalies detected
80426EF50,0.0,baseline structural profile; no graph anomalies detected
804284200,0.0,baseline structural profile; no graph anomalies detected
8042CDCE0,0.0,baseline structural profile; no graph anomalies detected
8042F7CE0,0.1,isolated micro-cluster (size=10)
8043153F0,0.1,isolated micro-cluster (size=5)
80432B8A0,0.0,baseline structural profile; no graph anomalies detected
80436F220,0.0,baseline structural profile; no graph anomalies detected
80438A560,0.1,isolated micro-cluster (size=5)
8043B1D00,0.0,baseline structural profile; no graph anomalies detected
8043D2F30,0.2,topological outlier in Node2Vec space (DBSCAN outlier)
8043E1CF0,0.1,isolated micro-cluster (size=5)
8043E2050,0.1,isolated micro-cluster (size=5)
8043E20A0,0.1,isolated micro-cluster (size=5)
8043E29F0,0.1,isolated micro-cluster (size=5)
8043E2B80,0.1,isolated micro-cluster (size=5)
8043F4E40,0.2041,"isolated micro-cluster (size=9); high transaction volume (in=38, out=22)"
804405680,0.0,baseline structural profile; no graph anomalies detected
80440B4D0,0.0,baseline structural profile; no graph anomalies detected
804438E30,0.0,baseline structural profile; no graph anomalies detected
804474D60,0.2,topological outlier in Node2Vec space (DBSCAN outlier)
80448BEB0,0.0,baseline structural profile; no graph anomalies detected
80448C310,0.0,baseline structural profile; no graph anomalies detected
80448E4D0,0.2,topological outlier in Node2Vec space (DBSCAN outlier)
8044CC3A0,0.2,topological outlier in Node2Vec space (DBSCAN outlier)
8044D7EF0,0.1,isolated micro-cluster (size=9)
80451BD80,0.0,baseline structural profile; no graph anomalies detected
804533720,0.1,isolated micro-cluster (size=10)
8045388E0,0.1,isolated micro-cluster (size=6)
804559BE0,0.1,isolated micro-cluster (size=6)
80455FA80,0.0,baseline structural profile; no graph anomalies detected
80456AC10,0.1,isolated micro-cluster (size=9)
8045722E0,0.0,baseline structural profile; no graph anomalies detected
8045AFF90,0.0,baseline structural profile; no graph anomalies detected
8045CC480,0.1,isolated micro-cluster (size=10)
8045F1DC0,0.127,isolated micro-cluster (size=5)
804608590,0.2,topological outlier in Node2Vec space (DBSCAN outlier)
80460D080,0.0,baseline structural profile; no graph anomalies detected
804615740,0.1631,isolated micro-cluster (size=9)
80462D920,0.2,topological outlier in Node2Vec space (DBSCAN outlier)
80462E640,0.2,topological outlier in Node2Vec space (DBSCAN outlier)
8046B4A20,0.1,isolated micro-cluster (size=9)
8046BE9C0,0.1,isolated micro-cluster (size=10)
8046FC600,0.0,baseline structural profile; no graph anomalies detected
804715AD0,0.1,isolated micro-cluster (size=7)
80471A190,0.1,isolated micro-cluster (size=9)
80472A160,0.2,topological outlier in Node2Vec space (DBSCAN outlier)
80472A200,0.209,topological outlier in Node2Vec space (DBSCAN outlier)
80472A520,0.2,topological outlier in Node2Vec space (DBSCAN outlier)
804730220,0.1,isolated micro-cluster (size=8)
804752C40,0.0,baseline structural profile; no graph anomalies detected
80475F9B0,0.0,baseline structural profile; no graph anomalies detected
804760F70,0.2,topological outlier in Node2Vec space (DBSCAN outlier)
804761100,0.2,topological outlier in Node2Vec space (DBSCAN outlier)
80477A740,0.1,isolated micro-cluster (size=7)
80477BAE0,0.2,topological outlier in Node2Vec space (DBSCAN outlier)
804790520,0.0,baseline structural profile; no graph anomalies detected
8047A0F50,0.1,isolated micro-cluster (size=6)
8047A5F10,0.0,baseline structural profile; no graph anomalies detected
8047C0EE0,0.0,baseline structural profile; no graph anomalies detected
8047C23E0,0.0,baseline structural profile; no graph anomalies detected
8047EF5D0,0.1,isolated micro-cluster (size=6)
80481B650,0.0,baseline structural profile; no graph anomalies detected
8048698F0,0.2,topological outlier in Node2Vec space (DBSCAN outlier)
80487F7E0,0.0,baseline structural profile; no graph anomalies detected
804895B10,0.1,isolated micro-cluster (size=7)
80489D1B0,0.0,baseline structural profile; no graph anomalies detected
8048CB0B0,0.2,topological outlier in Node2Vec space (DBSCAN outlier)
8048CF520,0.2,topological outlier in Node2Vec space (DBSCAN outlier)
8048F7C20,0.1,isolated micro-cluster (size=8)
8049060A0,0.0,baseline structural profile; no graph anomalies detected
80490AFC0,0.0,baseline structural profile; no graph anomalies detected
80491ABA0,0.1,isolated micro-cluster (size=8)
80491BB10,0.1,isolated micro-cluster (size=7)
80491BCF0,0.1,isolated micro-cluster (size=7)
80491BD40,0.1,isolated micro-cluster (size=7)
80491CDA0,0.145,isolated micro-cluster (size=7)
80491CDF0,0.1,isolated micro-cluster (size=7)
80493D3F0,0.0,baseline structural profile; no graph anomalies detected
804944D00,0.1,isolated micro-cluster (size=9)
804945E10,0.0,baseline structural profile; no graph anomalies detected
80494B350,0.2541,topological outlier in Node2Vec space (DBSCAN outlier)
80495B1F0,0.2,topological outlier in Node2Vec space (DBSCAN outlier)
80498D770,0.1,isolated micro-cluster (size=7)
8049926C0,0.0,baseline structural profile; no graph anomalies detected
80499FBE0,0.1,isolated micro-cluster (size=7)
8049AAD00,0.2,topological outlier in Node2Vec space (DBSCAN outlier)
8049AB3D0,0.0,baseline structural profile; no graph anomalies detected
8049AF0E1,0.0,baseline structural profile; no graph anomalies detected
8049B2BC0,0.0,baseline structural profile; no graph anomalies detected
8049DB5D0,0.1,isolated micro-cluster (size=10)
8049EF700,0.0,baseline structural profile; no graph anomalies detected
8049F2760,0.0,baseline structural profile; no graph anomalies detected
8049F5650,0.0,baseline structural profile; no graph anomalies detected
8049F5830,0.2,topological outlier in Node2Vec space (DBSCAN outlier)
8049F86F0,0.0,baseline structural profile; no graph anomalies detected
804A17BA0,0.0,baseline structural profile; no graph anomalies detected
804A28650,0.1,isolated micro-cluster (size=9)
804A30A40,0.2,topological outlier in Node2Vec space (DBSCAN outlier)
804A36990,0.0,baseline structural profile; no graph anomalies detected
804A4DE80,0.218,topological outlier in Node2Vec space (DBSCAN outlier)
804A51F50,0.2,topological outlier in Node2Vec space (DBSCAN outlier)
804A53800,0.2,topological outlier in Node2Vec space (DBSCAN outlier)
804A53B10,0.218,topological outlier in Node2Vec space (DBSCAN outlier)
804A54C80,0.1,isolated micro-cluster (size=10)
804A6F3A0,0.1,isolated micro-cluster (size=7)
804A97D30,0.3122,"high flow betweenness centrality (bc=1.04e-06); isolated micro-cluster (size=10); high transaction volume (in=35, out=66)"
804AB3D60,0.0,baseline structural profile; no graph anomalies detected
804AB7EC0,0.0,baseline structural profile; no graph anomalies detected
804AB95B0,0.1,isolated micro-cluster (size=6)
804AC5D40,0.1,isolated micro-cluster (size=8)
804ACCAE0,0.2,topological outlier in Node2Vec space (DBSCAN outlier)
804AD1260,0.0,baseline structural profile; no graph anomalies detected
804AE08B0,0.1,isolated micro-cluster (size=8)
804AF2070,0.2,topological outlier in Node2Vec space (DBSCAN outlier)
804AF6100,0.2,topological outlier in Node2Vec space (DBSCAN outlier)
804AFA8D0,0.2,topological outlier in Node2Vec space (DBSCAN outlier)
804B14300,0.1,isolated micro-cluster (size=7)
804B5A690,0.0,baseline structural profile; no graph anomalies detected
804B721F0,0.2,topological outlier in Node2Vec space (DBSCAN outlier)
804B79470,0.0,baseline structural profile; no graph anomalies detected
804B7F0D0,0.1,isolated micro-cluster (size=10)
804BA1A80,0.2,topological outlier in Node2Vec space (DBSCAN outlier)
804BA5720,0.1,isolated micro-cluster (size=6)
804BAF430,0.0,baseline structural profile; no graph anomalies detected
804BAF8B0,0.0,baseline structural profile; no graph anomalies detected
804C23650,0.2,topological outlier in Node2Vec space (DBSCAN outlier)
804C3BDE0,0.0,baseline structural profile; no graph anomalies detected
804C624B0,0.1,isolated micro-cluster (size=9)
804C97840,0.1,isolated micro-cluster (size=6)
804C9C480,0.1,isolated micro-cluster (size=6)
804CA5120,0.2,topological outlier in Node2Vec space (DBSCAN outlier)
804CAAD50,0.1,isolated micro-cluster (size=6)
804CBC400,0.0,baseline structural profile; no graph anomalies detected
804CEBAB0,0.2,topological outlier in Node2Vec space (DBSCAN outlier)
804CEBB50,0.2,topological outlier in Node2Vec space (DBSCAN outlier)
804CF4FE0,0.1,isolated micro-cluster (size=10)
804D23AB0,0.2,topological outlier in Node2Vec space (DBSCAN outlier)
804D33EA0,0.0,baseline structural profile; no graph anomalies detected
804D4BD90,0.2,topological outlier in Node2Vec space (DBSCAN outlier)
804D6ABC0,0.1811,high flow betweenness centrality (bc=5.19e-07); isolated micro-cluster (size=7)
804D8EBB0,0.1,isolated micro-cluster (size=6)
804DB7940,0.1,isolated micro-cluster (size=6)
804DC8230,0.1,isolated micro-cluster (size=7)
804DE7670,0.0,baseline structural profile; no graph anomalies detected
804DF4A60,0.1,isolated micro-cluster (size=5)
804DF7F60,0.2,topological outlier in Node2Vec space (DBSCAN outlier)
804E0D2F0,0.0,baseline structural profile; no graph anomalies detected
804E1A960,0.2,topological outlier in Node2Vec space (DBSCAN outlier)
804E55400,0.1,isolated micro-cluster (size=5)
804E5CA10,0.1,isolated micro-cluster (size=5)
804E5F740,0.0,baseline structural profile; no graph anomalies detected
804E6D0D0,0.2,topological outlier in Node2Vec space (DBSCAN outlier)
804E80FD0,0.0,baseline structural profile; no graph anomalies detected
804E90950,0.0,baseline structural profile; no graph anomalies detected
804EB3430,0.2,topological outlier in Node2Vec space (DBSCAN outlier)
804EBDD40,0.0,baseline structural profile; no graph anomalies detected
804ED4F60,0.0,baseline structural profile; no graph anomalies detected
804EDB040,0.1,isolated micro-cluster (size=6)
804EEF320,0.1,isolated micro-cluster (size=9)
804EF0260,0.2,topological outlier in Node2Vec space (DBSCAN outlier)
804F15F00,0.0,baseline structural profile; no graph anomalies detected
804F22930,0.1,isolated micro-cluster (size=7)
804F250D0,0.1541,isolated micro-cluster (size=6)
804F386E0,0.1,isolated micro-cluster (size=9)
804F43660,0.1,isolated micro-cluster (size=6)
804F4CAD0,0.0,baseline structural profile; no graph anomalies detected
804F634F0,0.0,baseline structural profile; no graph anomalies detected
804F870F0,0.1,isolated micro-cluster (size=9)
804F92B00,0.1,isolated micro-cluster (size=9)
804FA72A0,0.1,isolated micro-cluster (size=7)
804FACC00,0.1,isolated micro-cluster (size=7)
804FCBA70,0.1,isolated micro-cluster (size=10)
804FE20A0,0.1,isolated micro-cluster (size=8)
805007420,0.0,baseline structural profile; no graph anomalies detected
80502CDE0,0.0,baseline structural profile; no graph anomalies detected
805033930,0.1,isolated micro-cluster (size=9)
805039810,0.1,isolated micro-cluster (size=10)
80503F260,0.1,isolated micro-cluster (size=9)
80504B870,0.1,isolated micro-cluster (size=9)
805051500,0.2,topological outlier in Node2Vec space (DBSCAN outlier)
80506FDC0,0.218,topological outlier in Node2Vec space (DBSCAN outlier)
805078010,0.0,baseline structural profile; no graph anomalies detected
8050A91B0,0.0,baseline structural profile; no graph anomalies detected
8050C77A0,0.2,topological outlier in Node2Vec space (DBSCAN outlier)
8050C7DC0,0.2,topological outlier in Node2Vec space (DBSCAN outlier)
8050C7EB0,0.2,topological outlier in Node2Vec space (DBSCAN outlier)
8050CFE80,0.0,baseline structural profile; no graph anomalies detected
8050D3100,0.2,topological outlier in Node2Vec space (DBSCAN outlier)
8050EAF80,0.1,isolated micro-cluster (size=6)
805118F30,0.2,topological outlier in Node2Vec space (DBSCAN outlier)
805119390,0.2,topological outlier in Node2Vec space (DBSCAN outlier)
805125E70,0.0,baseline structural profile; no graph anomalies detected
8051494B0,0.0,baseline structural profile; no graph anomalies detected
805198DA0,0.0,baseline structural profile; no graph anomalies detected
8051C28D0,0.1,isolated micro-cluster (size=9)
8051D3870,0.1,isolated micro-cluster (size=6)
8051EF2F0,0.1,isolated micro-cluster (size=10)
8051FFC80,0.2,topological outlier in Node2Vec space (DBSCAN outlier)
805206590,0.2,topological outlier in Node2Vec space (DBSCAN outlier)
805206A60,0.2,topological outlier in Node2Vec space (DBSCAN outlier)
8052231B0,0.25,"high flow betweenness centrality (bc=1.61e-06); high transaction volume (in=47, out=47)"
80524CCD0,0.1,isolated micro-cluster (size=7)
805252D90,0.1,isolated micro-cluster (size=9)
805266A70,0.1,isolated micro-cluster (size=7)
80526DAB0,0.0,baseline structural profile; no graph anomalies detected
80528B620,0.1,isolated micro-cluster (size=6)
805295B50,0.2,topological outlier in Node2Vec space (DBSCAN outlier)
80529FDA0,0.2,topological outlier in Node2Vec space (DBSCAN outlier)
8052B8150,0.2,topological outlier in Node2Vec space (DBSCAN outlier)
8052D3220,0.0,baseline structural profile; no graph anomalies detected
805314C00,0.0,baseline structural profile; no graph anomalies detected
805380430,0.2,topological outlier in Node2Vec space (DBSCAN outlier)
805380DD0,0.2,topological outlier in Node2Vec space (DBSCAN outlier)
80538C5E0,0.2,topological outlier in Node2Vec space (DBSCAN outlier)
8053AF9B0,0.0,baseline structural profile; no graph anomalies detected
8053B7850,0.0,baseline structural profile; no graph anomalies detected
8053B8550,0.1,isolated micro-cluster (size=7)
8053B9F70,0.1631,isolated micro-cluster (size=9)
8053BA240,0.1,isolated micro-cluster (size=9)
8053C9E50,0.2,topological outlier in Node2Vec space (DBSCAN outlier)
8053E3C30,0.0,baseline structural profile; no graph anomalies detected
8053FA9E0,0.0,baseline structural profile; no graph anomalies detected
80543A870,0.1,isolated micro-cluster (size=9)
80543C3C0,0.1,isolated micro-cluster (size=10)
805440D10,0.1,isolated micro-cluster (size=10)
805441E00,0.0,baseline structural profile; no graph anomalies detected
80546D150,0.1,isolated micro-cluster (size=7)
805482580,0.2,topological outlier in Node2Vec space (DBSCAN outlier)
8054A7A50,0.2,topological outlier in Node2Vec space (DBSCAN outlier)
8054A7BE0,0.2,topological outlier in Node2Vec space (DBSCAN outlier)
8054A9FF0,0.1,isolated micro-cluster (size=6)
8054AA1D0,0.1,isolated micro-cluster (size=6)
8054B9E50,0.1,isolated micro-cluster (size=6)
8054BD1B0,0.1,isolated micro-cluster (size=6)
8054C97C0,0.2,topological outlier in Node2Vec space (DBSCAN outlier)
8054CBF70,0.2,topological outlier in Node2Vec space (DBSCAN outlier)
8054CCB70,0.1,isolated micro-cluster (size=9)
8054F2B70,0.1,isolated micro-cluster (size=10)
805571620,0.0,baseline structural profile; no graph anomalies detected
805592110,0.2941,"high flow betweenness centrality (bc=9.23e-07); isolated micro-cluster (size=9); high transaction volume (in=34, out=56)"
8055AFD70,0.0,baseline structural profile; no graph anomalies detected
80560E240,0.1,isolated micro-cluster (size=8)
805624DD0,0.0,baseline structural profile; no graph anomalies detected
80565D2A0,0.0,baseline structural profile; no graph anomalies detected
805661620,0.0,baseline structural profile; no graph anomalies detected
805694570,0.0,baseline structural profile; no graph anomalies detected
8056F5230,0.1,isolated micro-cluster (size=6)
805703500,0.0,baseline structural profile; no graph anomalies detected
80570D870,0.0,baseline structural profile; no graph anomalies detected
805718760,0.0,baseline structural profile; no graph anomalies detected
805752BA0,0.0,baseline structural profile; no graph anomalies detected
8057534D0,0.0,baseline structural profile; no graph anomalies detected
805769430,0.0,baseline structural profile; no graph anomalies detected
80577C280,0.1,isolated micro-cluster (size=6)
805780DB0,0.2,topological outlier in Node2Vec space (DBSCAN outlier)
805780E50,0.2,topological outlier in Node2Vec space (DBSCAN outlier)
80579A160,0.136,isolated micro-cluster (size=5)
8058306B0,0.209,topological outlier in Node2Vec space (DBSCAN outlier)
805830A60,0.2,topological outlier in Node2Vec space (DBSCAN outlier)
8058460C0,0.1,isolated micro-cluster (size=5)
80585B1C0,0.1,isolated micro-cluster (size=8)
80585F000,0.2,topological outlier in Node2Vec space (DBSCAN outlier)
80585F050,0.2,topological outlier in Node2Vec space (DBSCAN outlier)
805866C00,0.2,topological outlier in Node2Vec space (DBSCAN outlier)
805875F60,0.2,topological outlier in Node2Vec space (DBSCAN outlier)
805876630,0.2,topological outlier in Node2Vec space (DBSCAN outlier)
8058BED90,0.1,isolated micro-cluster (size=7)
8058DA430,0.168,"isolated micro-cluster (size=6); high transaction volume (in=36, out=52)"
8058E64F0,0.2,topological outlier in Node2Vec space (DBSCAN outlier)
8058E6590,0.2,topological outlier in Node2Vec space (DBSCAN outlier)
8058F3220,0.1,isolated micro-cluster (size=6)
805905F30,0.1,isolated micro-cluster (size=7)
8059456B0,0.1,isolated micro-cluster (size=9)
805951600,0.0,baseline structural profile; no graph anomalies detected
8059B4520,0.1,isolated micro-cluster (size=9)
8059B7350,0.1,isolated micro-cluster (size=9)
8059B7520,0.1631,isolated micro-cluster (size=9)
8059BA5E0,0.0,baseline structural profile; no graph anomalies detected
8059D7D00,0.0,baseline structural profile; no graph anomalies detected
8059E55B0,0.2,topological outlier in Node2Vec space (DBSCAN outlier)
8059E8080,0.2,topological outlier in Node2Vec space (DBSCAN outlier)
8059F5E80,0.2,topological outlier in Node2Vec space (DBSCAN outlier)
805A0CB50,0.0,baseline structural profile; no graph anomalies detected
805A0F8B0,0.0,baseline structural profile; no graph anomalies detected
805A1A4D0,0.2,topological outlier in Node2Vec space (DBSCAN outlier)
805A1FCC0,0.2,topological outlier in Node2Vec space (DBSCAN outlier)
805A21C10,0.2,topological outlier in Node2Vec space (DBSCAN outlier)
805A24290,0.0,baseline structural profile; no graph anomalies detected
805A60FE0,0.0,baseline structural profile; no graph anomalies detected
805A66D50,0.2,topological outlier in Node2Vec space (DBSCAN outlier)
805A9ED50,0.0,baseline structural profile; no graph anomalies detected
805AB1EF0,0.2,topological outlier in Node2Vec space (DBSCAN outlier)
805AB6580,0.0,baseline structural profile; no graph anomalies detected
805ABB1A0,0.2,topological outlier in Node2Vec space (DBSCAN outlier)
805ABB2E0,0.2,topological outlier in Node2Vec space (DBSCAN outlier)
805B01140,0.2,topological outlier in Node2Vec space (DBSCAN outlier)
805B018C0,0.2,topological outlier in Node2Vec space (DBSCAN outlier)
805B11C10,0.1,isolated micro-cluster (size=5)
805B11C60,0.1,isolated micro-cluster (size=5)
805B11D00,0.1,isolated micro-cluster (size=5)
805B11DA0,0.1,isolated micro-cluster (size=5)
805B26EA0,0.0,baseline structural profile; no graph anomalies detected
805B2E730,0.1,isolated micro-cluster (size=7)
805B48D70,0.2581,"high flow betweenness centrality (bc=6.92e-07); isolated micro-cluster (size=8); high transaction volume (in=36, out=62)"
805B8B070,0.2,topological outlier in Node2Vec space (DBSCAN outlier)
805B8BB80,0.0,baseline structural profile; no graph anomalies detected
805B909D0,0.2,topological outlier in Node2Vec space (DBSCAN outlier)
805BED8C0,0.2,topological outlier in Node2Vec space (DBSCAN outlier)
805C0C750,0.1,isolated micro-cluster (size=9)
805C3CFD0,0.1,isolated micro-cluster (size=10)
805C4BAB0,0.1631,isolated micro-cluster (size=9)
805CA0200,0.2,topological outlier in Node2Vec space (DBSCAN outlier)
805CA02A0,0.2,topological outlier in Node2Vec space (DBSCAN outlier)
805CAE460,0.1,isolated micro-cluster (size=9)
805CCD270,0.2,topological outlier in Node2Vec space (DBSCAN outlier)
805CCE060,0.2,topological outlier in Node2Vec space (DBSCAN outlier)
805CD7580,0.1,isolated micro-cluster (size=8)
805CDA130,0.0,baseline structural profile; no graph anomalies detected
805CE7A90,0.0,baseline structural profile; no graph anomalies detected
805D290D0,0.2,topological outlier in Node2Vec space (DBSCAN outlier)
805D29210,0.218,topological outlier in Node2Vec space (DBSCAN outlier)
805D34770,0.0,baseline structural profile; no graph anomalies detected
805D34BC0,0.0,baseline structural profile; no graph anomalies detected
805D4B310,0.218,topological outlier in Node2Vec space (DBSCAN outlier)
805D66090,0.1,isolated micro-cluster (size=9)
805D79140,0.0,baseline structural profile; no graph anomalies detected
805DAAFE0,0.1,isolated micro-cluster (size=9)
805DC2520,0.0,baseline structural profile; no graph anomalies detected
805DD0990,0.0,baseline structural profile; no graph anomalies detected
805DD27C0,0.1,isolated micro-cluster (size=9)
805DD31C0,0.0,baseline structural profile; no graph anomalies detected
805DE1DC0,0.0,baseline structural profile; no graph anomalies detected
805DF8E40,0.2,topological outlier in Node2Vec space (DBSCAN outlier)
805E36640,0.2,topological outlier in Node2Vec space (DBSCAN outlier)
805E89BA0,0.1,isolated micro-cluster (size=6)
805E96390,0.2,topological outlier in Node2Vec space (DBSCAN outlier)
805EA3F30,0.2041,"isolated micro-cluster (size=6); high transaction volume (in=43, out=49)"
805EB4130,0.1,isolated micro-cluster (size=7)
805EB9B90,0.0,baseline structural profile; no graph anomalies detected
805EE4470,0.2,topological outlier in Node2Vec space (DBSCAN outlier)
805EED740,0.0,baseline structural profile; no graph anomalies detected
805EF3560,0.0,baseline structural profile; no graph anomalies detected
805EFD340,0.0,baseline structural profile; no graph anomalies detected
805EFEC80,0.0,baseline structural profile; no graph anomalies detected
805F1C2A0,0.1,isolated micro-cluster (size=9)
805F380A0,0.2,topological outlier in Node2Vec space (DBSCAN outlier)
805F47110,0.209,topological outlier in Node2Vec space (DBSCAN outlier)
805F47360,0.2,topological outlier in Node2Vec space (DBSCAN outlier)
805F4BFC0,0.2,topological outlier in Node2Vec space (DBSCAN outlier)
805F6EF90,0.1541,isolated micro-cluster (size=8)
805F703F0,0.1,isolated micro-cluster (size=8)
805F797B0,0.2,topological outlier in Node2Vec space (DBSCAN outlier)
805F7F630,0.2,topological outlier in Node2Vec space (DBSCAN outlier)
805F862C0,0.1,isolated micro-cluster (size=6)
805F87020,0.2,topological outlier in Node2Vec space (DBSCAN outlier)
805FA2BB1,0.0,baseline structural profile; no graph anomalies detected
805FCA7D0,0.0,baseline structural profile; no graph anomalies detected
805FCF750,0.2,topological outlier in Node2Vec space (DBSCAN outlier)
805FCFC50,0.2,topological outlier in Node2Vec space (DBSCAN outlier)
805FD4DC0,0.1,isolated micro-cluster (size=9)
805FE09D0,0.1,isolated micro-cluster (size=8)
805FF2F80,0.1541,isolated micro-cluster (size=8)
805FF3690,0.1,isolated micro-cluster (size=8)
8060006C0,0.1,isolated micro-cluster (size=7)
806051A90,0.0,baseline structural profile; no graph anomalies detected
8060715E0,0.1,isolated micro-cluster (size=7)
80607FC20,0.1,isolated micro-cluster (size=6)
80608FCA0,0.1,isolated micro-cluster (size=9)
8060922A0,0.1,isolated micro-cluster (size=9)
806096E10,0.0,baseline structural profile; no graph anomalies detected
80609A930,0.1,isolated micro-cluster (size=8)
8060A2370,0.3122,"high flow betweenness centrality (bc=1.04e-06); isolated micro-cluster (size=8); high transaction volume (in=50, out=56)"
8060A7110,0.1,isolated micro-cluster (size=8)
8060AFE50,0.0,baseline structural profile; no graph anomalies detected
8060BE440,0.1,isolated micro-cluster (size=8)
806102970,0.1,isolated micro-cluster (size=6)
806105AD0,0.1,isolated micro-cluster (size=8)
806110AF0,0.0,baseline structural profile; no graph anomalies detected
806116FA0,0.2,topological outlier in Node2Vec space (DBSCAN outlier)
806120AB0,0.1,isolated micro-cluster (size=6)
80614CE50,0.2,topological outlier in Node2Vec space (DBSCAN outlier)
806184A90,0.2041,"isolated micro-cluster (size=6); high transaction volume (in=27, out=25)"
806185740,0.0,baseline structural profile; no graph anomalies detected
80618D610,0.1,isolated micro-cluster (size=7)
80619F170,0.0,baseline structural profile; no graph anomalies detected
8061B0E10,0.2,topological outlier in Node2Vec space (DBSCAN outlier)
8061E5BD0,0.2,topological outlier in Node2Vec space (DBSCAN outlier)
8061EFD60,0.1,isolated micro-cluster (size=8)
806202200,0.0,baseline structural profile; no graph anomalies detected
806202740,0.0,baseline structural profile; no graph anomalies detected
80623C860,0.0,baseline structural profile; no graph anomalies detected
8062492E0,0.0,baseline structural profile; no graph anomalies detected
80624E3E0,0.1,isolated micro-cluster (size=8)
80625AAB0,0.2,topological outlier in Node2Vec space (DBSCAN outlier)
8062D7B90,0.1,isolated micro-cluster (size=6)
8062E84D0,0.0,baseline structural profile; no graph anomalies detected
8062E8E70,0.2,topological outlier in Node2Vec space (DBSCAN outlier)
8062EDB80,0.0,baseline structural profile; no graph anomalies detected
8062EE980,0.0,baseline structural profile; no graph anomalies detected
8062F0040,0.0,baseline structural profile; no graph anomalies detected
806311B80,0.0,baseline structural profile; no graph anomalies detected
80631F530,0.2,topological outlier in Node2Vec space (DBSCAN outlier)
806324930,0.2,topological outlier in Node2Vec space (DBSCAN outlier)
80633C050,0.1,isolated micro-cluster (size=8)
8063568D0,0.0,baseline structural profile; no graph anomalies detected
806397620,0.2,topological outlier in Node2Vec space (DBSCAN outlier)
8063A9CD0,0.2,topological outlier in Node2Vec space (DBSCAN outlier)
8063CC830,0.2,topological outlier in Node2Vec space (DBSCAN outlier)
8063D37A0,0.1,isolated micro-cluster (size=7)
8063E1490,0.209,topological outlier in Node2Vec space (DBSCAN outlier)
8063E1C60,0.2,topological outlier in Node2Vec space (DBSCAN outlier)
8063E3B80,0.1,isolated micro-cluster (size=6)
8063E3E10,0.2,topological outlier in Node2Vec space (DBSCAN outlier)
80641B760,0.2,topological outlier in Node2Vec space (DBSCAN outlier)
806428B20,0.2,topological outlier in Node2Vec space (DBSCAN outlier)
80642ADF0,0.0,baseline structural profile; no graph anomalies detected
80642D730,0.2,topological outlier in Node2Vec space (DBSCAN outlier)
80645D3A0,0.136,isolated micro-cluster (size=8)
80645D3F0,0.1,isolated micro-cluster (size=8)
8064A45C0,0.1,isolated micro-cluster (size=6)
8064C8820,0.0,baseline structural profile; no graph anomalies detected
8064CB7B0,0.2,topological outlier in Node2Vec space (DBSCAN outlier)
8064D6000,0.2,topological outlier in Node2Vec space (DBSCAN outlier)
8064DEEE0,0.1,isolated micro-cluster (size=8)
8064ED2F0,0.0,baseline structural profile; no graph anomalies detected
806515CF0,0.0,baseline structural profile; no graph anomalies detected
80654C3B0,0.2,topological outlier in Node2Vec space (DBSCAN outlier)
806580670,0.1,isolated micro-cluster (size=6)
806580E90,0.1,isolated micro-cluster (size=6)
80658F2D0,0.218,topological outlier in Node2Vec space (DBSCAN outlier)
80658F410,0.2,topological outlier in Node2Vec space (DBSCAN outlier)
8065C19B0,0.2,topological outlier in Node2Vec space (DBSCAN outlier)
8065CD240,0.1,isolated micro-cluster (size=6)
8065F4020,0.0,baseline structural profile; no graph anomalies detected
80660E630,0.0,baseline structural profile; no graph anomalies detected
806617C50,0.2,topological outlier in Node2Vec space (DBSCAN outlier)
806644640,0.2,topological outlier in Node2Vec space (DBSCAN outlier)
806651F80,0.2,topological outlier in Node2Vec space (DBSCAN outlier)
8066835E0,0.1,isolated micro-cluster (size=5)
8066C6C30,0.2,topological outlier in Node2Vec space (DBSCAN outlier)
8066D15B0,0.2,topological outlier in Node2Vec space (DBSCAN outlier)
8066D6110,0.2,topological outlier in Node2Vec space (DBSCAN outlier)
8066DBB20,0.0,baseline structural profile; no graph anomalies detected
8066E1770,0.2,topological outlier in Node2Vec space (DBSCAN outlier)
806705BD0,0.1,isolated micro-cluster (size=7)
80670CF40,0.0,baseline structural profile; no graph anomalies detected
8067108F0,0.0,baseline structural profile; no graph anomalies detected
80676E9D0,0.0,baseline structural profile; no graph anomalies detected
806788380,0.0,baseline structural profile; no graph anomalies detected
80678C540,0.1,isolated micro-cluster (size=7)
80678D1A0,0.1,isolated micro-cluster (size=7)
80678D6F0,0.1,isolated micro-cluster (size=7)
80678E780,0.1,isolated micro-cluster (size=7)
80678EDC0,0.1,isolated micro-cluster (size=7)
80678F290,0.1721,isolated micro-cluster (size=7)
8067950E0,0.209,topological outlier in Node2Vec space (DBSCAN outlier)
80679C040,0.2,topological outlier in Node2Vec space (DBSCAN outlier)
80679E6B0,0.2,topological outlier in Node2Vec space (DBSCAN outlier)
8067B9C80,0.0,baseline structural profile; no graph anomalies detected
8067C7B70,0.1,isolated micro-cluster (size=9)
8067D9E30,0.0,baseline structural profile; no graph anomalies detected
8067FD770,0.0,baseline structural profile; no graph anomalies detected
8068029D0,0.0,baseline structural profile; no graph anomalies detected
80685A750,0.0,baseline structural profile; no graph anomalies detected
806891340,0.0,baseline structural profile; no graph anomalies detected
80689C4D0,0.0,baseline structural profile; no graph anomalies detected
8068A3010,0.0,baseline structural profile; no graph anomalies detected
80694B5F0,0.0,baseline structural profile; no graph anomalies detected
806966C60,0.0,baseline structural profile; no graph anomalies detected
806969E00,0.2,topological outlier in Node2Vec space (DBSCAN outlier)
806989F40,0.0,baseline structural profile; no graph anomalies detected
80698EE70,0.2,topological outlier in Node2Vec space (DBSCAN outlier)
80699E350,0.2,topological outlier in Node2Vec space (DBSCAN outlier)
8069A4720,0.1,isolated micro-cluster (size=7)
8069A8380,0.2,topological outlier in Node2Vec space (DBSCAN outlier)
8069AB330,0.2,topological outlier in Node2Vec space (DBSCAN outlier)
8069C48B0,0.0,baseline structural profile; no graph anomalies detected
806A3EF50,0.0,baseline structural profile; no graph anomalies detected
806A46040,0.2,topological outlier in Node2Vec space (DBSCAN outlier)
806A47240,0.0,baseline structural profile; no graph anomalies detected
806A48250,0.218,topological outlier in Node2Vec space (DBSCAN outlier)
806A4AAE0,0.2,topological outlier in Node2Vec space (DBSCAN outlier)
806A4AB30,0.2,topological outlier in Node2Vec space (DBSCAN outlier)
806A591E0,0.0,baseline structural profile; no graph anomalies detected
806A77F00,0.0,baseline structural profile; no graph anomalies detected
806AB4CD0,0.2,topological outlier in Node2Vec space (DBSCAN outlier)
806ABDEB0,0.0,baseline structural profile; no graph anomalies detected
806ADC120,0.1,isolated micro-cluster (size=8)
806AE84B0,0.209,topological outlier in Node2Vec space (DBSCAN outlier)
806AE9A30,0.2,topological outlier in Node2Vec space (DBSCAN outlier)
806AF7C70,0.0,baseline structural profile; no graph anomalies detected
806B2C110,0.1,isolated micro-cluster (size=6)
806B39200,0.2,topological outlier in Node2Vec space (DBSCAN outlier)
806B3DB00,0.0,baseline structural profile; no graph anomalies detected
806B812F0,0.1,isolated micro-cluster (size=6)
806BC6340,0.0,baseline structural profile; no graph anomalies detected
806BFE4D0,0.0,baseline structural profile; no graph anomalies detected
806C13690,0.1,isolated micro-cluster (size=5)
806C3B980,0.2,topological outlier in Node2Vec space (DBSCAN outlier)
806C43360,0.0,baseline structural profile; no graph anomalies detected
806C434F0,0.0,baseline structural profile; no graph anomalies detected
806C45860,0.2,topological outlier in Node2Vec space (DBSCAN outlier)
806C6DB20,0.227,topological outlier in Node2Vec space (DBSCAN outlier)
806C6E560,0.0,baseline structural profile; no graph anomalies detected
806C81F90,0.1,isolated micro-cluster (size=6)
806CB3170,0.0,baseline structural profile; no graph anomalies detected
806CDC5F0,0.0,baseline structural profile; no graph anomalies detected
806CFE720,0.0,baseline structural profile; no graph anomalies detected
806D36B80,0.2,topological outlier in Node2Vec space (DBSCAN outlier)
806D5EF00,0.0,baseline structural profile; no graph anomalies detected
806D663F0,0.0,baseline structural profile; no graph anomalies detected
806D79F20,0.0,baseline structural profile; no graph anomalies detected
806D7D990,0.0,baseline structural profile; no graph anomalies detected
806D7F230,0.2,topological outlier in Node2Vec space (DBSCAN outlier)
806D81F70,0.0,baseline structural profile; no graph anomalies detected
806D843F0,0.0,baseline structural profile; no graph anomalies detected
806D8F820,0.0,baseline structural profile; no graph anomalies detected
806D90200,0.0,baseline structural profile; no graph anomalies detected
806DA8BF0,0.0,baseline structural profile; no graph anomalies detected
806DDDFD0,0.218,topological outlier in Node2Vec space (DBSCAN outlier)
806E56560,0.0,baseline structural profile; no graph anomalies detected
806E77290,0.0,baseline structural profile; no graph anomalies detected
806E7DB20,0.2,topological outlier in Node2Vec space (DBSCAN outlier)
806E7E6D0,0.2,topological outlier in Node2Vec space (DBSCAN outlier)
806E7FB40,0.2,topological outlier in Node2Vec space (DBSCAN outlier)
806E8E170,0.0,baseline structural profile; no graph anomalies detected
806EA4730,0.0,baseline structural profile; no graph anomalies detected
806ECB480,0.0,baseline structural profile; no graph anomalies detected
806EE5240,0.2,topological outlier in Node2Vec space (DBSCAN outlier)
806EEE7A0,0.2,topological outlier in Node2Vec space (DBSCAN outlier)
806F01290,0.0,baseline structural profile; no graph anomalies detected
806F1C5C0,0.1541,isolated micro-cluster (size=6)
806F2BBD0,0.0,baseline structural profile; no graph anomalies detected
806F37060,0.1,isolated micro-cluster (size=5)
806F4D490,0.1,isolated micro-cluster (size=6)
806F53F90,0.0,baseline structural profile; no graph anomalies detected
806F58600,0.1,isolated micro-cluster (size=8)
806F692F0,0.0,baseline structural profile; no graph anomalies detected
806F7AF90,0.0,baseline structural profile; no graph anomalies detected
806F854C0,0.1,isolated micro-cluster (size=6)
806FBD470,0.2,topological outlier in Node2Vec space (DBSCAN outlier)
806FD0080,0.0,baseline structural profile; no graph anomalies detected
806FD2170,0.2,topological outlier in Node2Vec space (DBSCAN outlier)
806FE7D00,0.0,baseline structural profile; no graph anomalies detected
806FE98C0,0.2,topological outlier in Node2Vec space (DBSCAN outlier)
806FF0A50,0.2,topological outlier in Node2Vec space (DBSCAN outlier)
806FF21B0,0.2,topological outlier in Node2Vec space (DBSCAN outlier)
806FF38A0,0.1,isolated micro-cluster (size=7)
806FF83D0,0.0,baseline structural profile; no graph anomalies detected
80702B680,0.2,topological outlier in Node2Vec space (DBSCAN outlier)
80703F540,0.2,topological outlier in Node2Vec space (DBSCAN outlier)
8070ABFB0,0.1,isolated micro-cluster (size=8)
8070B6760,0.1,isolated micro-cluster (size=10)
8070BF070,0.1,isolated micro-cluster (size=9)
8070F4600,0.127,isolated micro-cluster (size=5)
807106A80,0.0,baseline structural profile; no graph anomalies detected
80711DFC0,0.0,baseline structural profile; no graph anomalies detected
80712D740,0.1,isolated micro-cluster (size=7)
80714C310,0.0,baseline structural profile; no graph anomalies detected
8071D95E0,0.0,baseline structural profile; no graph anomalies detected
80720A620,0.0,baseline structural profile; no graph anomalies detected
807218F20,0.0,baseline structural profile; no graph anomalies detected
807221410,0.0,baseline structural profile; no graph anomalies detected
8072233C0,0.0,baseline structural profile; no graph anomalies detected
807263700,0.2,topological outlier in Node2Vec space (DBSCAN outlier)
807263750,0.2,topological outlier in Node2Vec space (DBSCAN outlier)
80728C6E0,0.2,topological outlier in Node2Vec space (DBSCAN outlier)
807328630,0.0,baseline structural profile; no graph anomalies detected
807331EB0,0.2,topological outlier in Node2Vec space (DBSCAN outlier)
8073379A0,0.1,isolated micro-cluster (size=7)
80734C290,0.0,baseline structural profile; no graph anomalies detected
80734F320,0.218,topological outlier in Node2Vec space (DBSCAN outlier)
80735EF70,0.2,topological outlier in Node2Vec space (DBSCAN outlier)
80736E5C0,0.0,baseline structural profile; no graph anomalies detected
807398950,0.2,topological outlier in Node2Vec space (DBSCAN outlier)
8073C6660,0.2,topological outlier in Node2Vec space (DBSCAN outlier)
8073E3FC0,0.1,isolated micro-cluster (size=9)
80745AA70,0.1,isolated micro-cluster (size=6)
807466E30,0.2,topological outlier in Node2Vec space (DBSCAN outlier)
8074670F0,0.2,topological outlier in Node2Vec space (DBSCAN outlier)
807481AF0,0.0,baseline structural profile; no graph anomalies detected
807490390,0.1,isolated micro-cluster (size=8)
8074EFE30,0.0,baseline structural profile; no graph anomalies detected
807514D30,0.1,isolated micro-cluster (size=7)
807523A90,0.1,isolated micro-cluster (size=5)
8075523B0,0.0,baseline structural profile; no graph anomalies detected
807566EB0,0.0,baseline structural profile; no graph anomalies detected
8075B2D30,0.2,topological outlier in Node2Vec space (DBSCAN outlier)
8075BE8C0,0.0,baseline structural profile; no graph anomalies detected
8075EEC90,0.2,topological outlier in Node2Vec space (DBSCAN outlier)
8075F3820,0.2,topological outlier in Node2Vec space (DBSCAN outlier)
807605F70,0.1,isolated micro-cluster (size=8)
80761C8E0,0.2,topological outlier in Node2Vec space (DBSCAN outlier)
8076673E0,0.3392,"high flow betweenness centrality (bc=1.21e-06); isolated micro-cluster (size=9); high transaction volume (in=25, out=75)"
807669B50,0.1,isolated micro-cluster (size=5)
80766A3D0,0.0,baseline structural profile; no graph anomalies detected
807676CD0,0.2,topological outlier in Node2Vec space (DBSCAN outlier)
8076877F0,0.1,isolated micro-cluster (size=5)
807688B50,0.1,isolated micro-cluster (size=9)
8076BFE50,0.1,isolated micro-cluster (size=5)
8076D6E50,0.0,baseline structural profile; no graph anomalies detected
8076E6530,0.2,topological outlier in Node2Vec space (DBSCAN outlier)
8076EB8A0,0.209,topological outlier in Node2Vec space (DBSCAN outlier)
8076F4060,0.2,topological outlier in Node2Vec space (DBSCAN outlier)
8076F59C0,0.2,topological outlier in Node2Vec space (DBSCAN outlier)
80770A670,0.1,isolated micro-cluster (size=9)
80770DA20,0.0,baseline structural profile; no graph anomalies detected
80770FD80,0.0,baseline structural profile; no graph anomalies detected
807714E90,0.1,isolated micro-cluster (size=9)
80771C250,0.1,isolated micro-cluster (size=5)
8077247A0,0.1,isolated micro-cluster (size=8)
807733150,0.2,topological outlier in Node2Vec space (DBSCAN outlier)
807734810,0.218,topological outlier in Node2Vec space (DBSCAN outlier)
80773B2B0,0.1,isolated micro-cluster (size=9)
80773C7A0,0.218,topological outlier in Node2Vec space (DBSCAN outlier)
80773C7F0,0.2,topological outlier in Node2Vec space (DBSCAN outlier)
80773ECB0,0.0,baseline structural profile; no graph anomalies detected
80775BA70,0.0,baseline structural profile; no graph anomalies detected
807776300,0.0,baseline structural profile; no graph anomalies detected
80777E5C0,0.0,baseline structural profile; no graph anomalies detected
807789D50,0.2,topological outlier in Node2Vec space (DBSCAN outlier)
80779AFC0,0.0,baseline structural profile; no graph anomalies detected
80779DBC0,0.2,topological outlier in Node2Vec space (DBSCAN outlier)
8077A46F0,0.2,topological outlier in Node2Vec space (DBSCAN outlier)
8077AE780,0.2,topological outlier in Node2Vec space (DBSCAN outlier)
8077D9C80,0.1,isolated micro-cluster (size=6)
8077F7C20,0.0,baseline structural profile; no graph anomalies detected
807803590,0.2,topological outlier in Node2Vec space (DBSCAN outlier)
80788FB20,0.0,baseline structural profile; no graph anomalies detected
8078A0F40,0.2,topological outlier in Node2Vec space (DBSCAN outlier)
8078A7670,0.1811,high flow betweenness centrality (bc=5.19e-07); isolated micro-cluster (size=7)
8078A7710,0.1,isolated micro-cluster (size=7)
8078AF310,0.2,topological outlier in Node2Vec space (DBSCAN outlier)
80790E150,0.0,baseline structural profile; no graph anomalies detected
807916270,0.0,baseline structural profile; no graph anomalies detected
8079762D0,0.0,baseline structural profile; no graph anomalies detected
8079AAA10,0.0,baseline structural profile; no graph anomalies detected
8079B63F0,0.2,topological outlier in Node2Vec space (DBSCAN outlier)
8079DC880,0.218,topological outlier in Node2Vec space (DBSCAN outlier)
8079E1450,0.2,topological outlier in Node2Vec space (DBSCAN outlier)
8079E2FB0,0.2,topological outlier in Node2Vec space (DBSCAN outlier)
807A2A400,0.0,baseline structural profile; no graph anomalies detected
807A367B0,0.1,isolated micro-cluster (size=9)
807A4A280,0.2,topological outlier in Node2Vec space (DBSCAN outlier)
807A63060,0.0,baseline structural profile; no graph anomalies detected
807A879A0,0.0,baseline structural profile; no graph anomalies detected
807A8BFF0,0.0,baseline structural profile; no graph anomalies detected
807AA4750,0.0,baseline structural profile; no graph anomalies detected
807ACADE0,0.0,baseline structural profile; no graph anomalies detected
807AE44A0,0.2,topological outlier in Node2Vec space (DBSCAN outlier)
807AE44F0,0.2,topological outlier in Node2Vec space (DBSCAN outlier)
807B0FC30,0.0,baseline structural profile; no graph anomalies detected
807B1F260,0.0,baseline structural profile; no graph anomalies detected
807B50340,0.1,isolated micro-cluster (size=6)
807BECC30,0.0,baseline structural profile; no graph anomalies detected
807BF8490,0.0,baseline structural profile; no graph anomalies detected
807C17A30,0.1,isolated micro-cluster (size=6)
807C493E0,0.2,topological outlier in Node2Vec space (DBSCAN outlier)
807C50360,0.0,baseline structural profile; no graph anomalies detected
807C523B0,0.0,baseline structural profile; no graph anomalies detected
807C5CDC0,0.136,isolated micro-cluster (size=5)
807C5CE10,0.1,isolated micro-cluster (size=5)
807C7C430,0.0,baseline structural profile; no graph anomalies detected
807C9D3A0,0.0,baseline structural profile; no graph anomalies detected
807CACED0,0.0,baseline structural profile; no graph anomalies detected
807CD0050,0.0,baseline structural profile; no graph anomalies detected
807CD4050,0.0,baseline structural profile; no graph anomalies detected
807CFCE50,0.2,topological outlier in Node2Vec space (DBSCAN outlier)
807D17DB0,0.2,topological outlier in Node2Vec space (DBSCAN outlier)
807D1F460,0.2,topological outlier in Node2Vec space (DBSCAN outlier)
807D244F0,0.1,isolated micro-cluster (size=6)
807D25570,0.1,isolated micro-cluster (size=7)
807D75320,0.1,isolated micro-cluster (size=6)
807D80E70,0.0,baseline structural profile; no graph anomalies detected
807DC0D70,0.0,baseline structural profile; no graph anomalies detected
807DE2E10,0.0,baseline structural profile; no graph anomalies detected
807DE8030,0.2,topological outlier in Node2Vec space (DBSCAN outlier)
807DE9A00,0.2,topological outlier in Node2Vec space (DBSCAN outlier)
807DF3600,0.2041,"isolated micro-cluster (size=5); high transaction volume (in=35, out=51)"
807E3B150,0.0,baseline structural profile; no graph anomalies detected
807E4A3D0,0.0,baseline structural profile; no graph anomalies detected
807E80300,0.1,isolated micro-cluster (size=5)
807E9A5B0,0.0,baseline structural profile; no graph anomalies detected
807EA7DF0,0.1,isolated micro-cluster (size=10)
807EE8EB0,0.0,baseline structural profile; no graph anomalies detected
807EECEA0,0.2,topological outlier in Node2Vec space (DBSCAN outlier)
807EEF790,0.2,topological outlier in Node2Vec space (DBSCAN outlier)
807EFA590,0.0,baseline structural profile; no graph anomalies detected
807F056B0,0.2041,"isolated micro-cluster (size=5); high transaction volume (in=9, out=50)"
807F0F780,0.2,topological outlier in Node2Vec space (DBSCAN outlier)
807F15720,0.2,topological outlier in Node2Vec space (DBSCAN outlier)
807F174C0,0.0,baseline structural profile; no graph anomalies detected
807F18AC0,0.2,topological outlier in Node2Vec space (DBSCAN outlier)
807F18C00,0.2,topological outlier in Node2Vec space (DBSCAN outlier)
807F59C60,0.0,baseline structural profile; no graph anomalies detected
807F7AF60,0.0,baseline structural profile; no graph anomalies detected
807FC49A0,0.1,isolated micro-cluster (size=5)
807FD1ED0,0.2,topological outlier in Node2Vec space (DBSCAN outlier)
807FE6A50,0.0,baseline structural profile; no graph anomalies detected
8080235A0,0.218,topological outlier in Node2Vec space (DBSCAN outlier)
80803B990,0.2,topological outlier in Node2Vec space (DBSCAN outlier)
80803B9E0,0.2,topological outlier in Node2Vec space (DBSCAN outlier)
80803EA90,0.2,topological outlier in Node2Vec space (DBSCAN outlier)
80806E360,0.218,topological outlier in Node2Vec space (DBSCAN outlier)
808077E90,0.0,baseline structural profile; no graph anomalies detected
8080A28A0,0.0,baseline structural profile; no graph anomalies detected
8080D49F0,0.0,baseline structural profile; no graph anomalies detected
8080D8570,0.0,baseline structural profile; no graph anomalies detected
8080FF4A0,0.0,baseline structural profile; no graph anomalies detected
80811F3E0,0.0,baseline structural profile; no graph anomalies detected
8081319B0,0.1,isolated micro-cluster (size=9)
80813E130,0.1,isolated micro-cluster (size=5)
80814F280,0.0,baseline structural profile; no graph anomalies detected
808153A70,0.0,baseline structural profile; no graph anomalies detected
808176090,0.0,baseline structural profile; no graph anomalies detected
8081DFAB0,0.0,baseline structural profile; no graph anomalies detected
8081F2B60,0.0,baseline structural profile; no graph anomalies detected
80822D000,0.0,baseline structural profile; no graph anomalies detected
808230E10,0.1,isolated micro-cluster (size=7)
80828DBC0,0.0,baseline structural profile; no graph anomalies detected
8082925A0,0.1,isolated micro-cluster (size=6)
8082B1330,0.0,baseline structural profile; no graph anomalies detected
8082E0520,0.0,baseline structural profile; no graph anomalies detected
8082E1260,0.0,baseline structural profile; no graph anomalies detected
808303870,0.2,topological outlier in Node2Vec space (DBSCAN outlier)
80830C060,0.3041,"topological outlier in Node2Vec space (DBSCAN outlier); high transaction volume (in=32, out=48)"
8083461B0,0.2,topological outlier in Node2Vec space (DBSCAN outlier)
808357780,0.1,isolated micro-cluster (size=6)
80837EE10,0.2081,high flow betweenness centrality (bc=6.92e-07); isolated micro-cluster (size=7)
8083881A0,0.0,baseline structural profile; no graph anomalies detected
808397170,0.1,isolated micro-cluster (size=6)
8083B9720,0.1,isolated micro-cluster (size=5)
8083B9770,0.1,isolated micro-cluster (size=5)
8083B9860,0.127,isolated micro-cluster (size=5)
8083C23D0,0.2,topological outlier in Node2Vec space (DBSCAN outlier)
8083D6020,0.1,isolated micro-cluster (size=5)
8083E41E0,0.0,baseline structural profile; no graph anomalies detected
8083EB130,0.2,topological outlier in Node2Vec space (DBSCAN outlier)
8083FF5B0,0.1,isolated micro-cluster (size=7)
8084157F0,0.0,baseline structural profile; no graph anomalies detected
80841A810,0.1,isolated micro-cluster (size=5)
80842FB20,0.1,isolated micro-cluster (size=5)
8084357D0,0.227,topological outlier in Node2Vec space (DBSCAN outlier)
808444B20,0.0,baseline structural profile; no graph anomalies detected
808485320,0.1,isolated micro-cluster (size=10)
8084E68B0,0.2,topological outlier in Node2Vec space (DBSCAN outlier)
8084EA1E0,0.1,isolated micro-cluster (size=8)
808563320,0.218,topological outlier in Node2Vec space (DBSCAN outlier)
808592ED0,0.1,isolated micro-cluster (size=7)
80859BE30,0.0,baseline structural profile; no graph anomalies detected
80859C380,0.0,baseline structural profile; no graph anomalies detected
8085C1A60,0.2,topological outlier in Node2Vec space (DBSCAN outlier)
8085C23B0,0.2,topological outlier in Node2Vec space (DBSCAN outlier)
8085C6D50,0.1,isolated micro-cluster (size=9)
8085DD080,0.2,topological outlier in Node2Vec space (DBSCAN outlier)
8085FCBE0,0.2,topological outlier in Node2Vec space (DBSCAN outlier)
80860E410,0.2,topological outlier in Node2Vec space (DBSCAN outlier)
808614EB0,0.2,topological outlier in Node2Vec space (DBSCAN outlier)
808621E10,0.1,isolated micro-cluster (size=6)
808622050,0.1541,isolated micro-cluster (size=6)
808649F10,0.236,topological outlier in Node2Vec space (DBSCAN outlier)
8086598D0,0.2,topological outlier in Node2Vec space (DBSCAN outlier)
80865B830,0.2,topological outlier in Node2Vec space (DBSCAN outlier)
808660B60,0.0,baseline structural profile; no graph anomalies detected
80866A7E0,0.0,baseline structural profile; no graph anomalies detected
808697F70,0.0,baseline structural profile; no graph anomalies detected
8086B7B50,0.1,isolated micro-cluster (size=6)
8086BC2E0,0.0,baseline structural profile; no graph anomalies detected
8086C8A00,0.0,baseline structural profile; no graph anomalies detected
8086D53D0,0.1,isolated micro-cluster (size=9)
8086E0C10,0.1,isolated micro-cluster (size=5)
8087524B0,0.1,isolated micro-cluster (size=6)
8087528A0,0.2,topological outlier in Node2Vec space (DBSCAN outlier)
808761F40,0.1,isolated micro-cluster (size=7)
80876B4A0,0.0,baseline structural profile; no graph anomalies detected
80877E700,0.0,baseline structural profile; no graph anomalies detected
808780350,0.2,topological outlier in Node2Vec space (DBSCAN outlier)
80882D5A0,0.2,topological outlier in Node2Vec space (DBSCAN outlier)
80882D5F0,0.2,topological outlier in Node2Vec space (DBSCAN outlier)
8088317F0,0.0,baseline structural profile; no graph anomalies detected
80884F130,0.0,baseline structural profile; no graph anomalies detected
80888FA00,0.0,baseline structural profile; no graph anomalies detected
8088A8FF0,0.0,baseline structural profile; no graph anomalies detected
8088A9360,0.1,isolated micro-cluster (size=5)
8088B0390,0.0,baseline structural profile; no graph anomalies detected
8088F16E0,0.0,baseline structural profile; no graph anomalies detected
8088FCA40,0.0,baseline structural profile; no graph anomalies detected
808903EC0,0.0,baseline structural profile; no graph anomalies detected
808921000,0.2,topological outlier in Node2Vec space (DBSCAN outlier)
808921B40,0.2,topological outlier in Node2Vec space (DBSCAN outlier)
808930C40,0.0,baseline structural profile; no graph anomalies detected
808978A40,0.1,isolated micro-cluster (size=9)
8089A5AB0,0.2,topological outlier in Node2Vec space (DBSCAN outlier)
8089BBD80,0.2,topological outlier in Node2Vec space (DBSCAN outlier)
8089BCB70,0.2,topological outlier in Node2Vec space (DBSCAN outlier)
8089E2100,0.1,isolated micro-cluster (size=5)
8089F08D0,0.1,isolated micro-cluster (size=10)
8089FE4A0,0.0,baseline structural profile; no graph anomalies detected
808A00DD0,0.2,topological outlier in Node2Vec space (DBSCAN outlier)
808A1C570,0.2,topological outlier in Node2Vec space (DBSCAN outlier)
808A1EAE0,0.209,topological outlier in Node2Vec space (DBSCAN outlier)
808A1EB30,0.2,topological outlier in Node2Vec space (DBSCAN outlier)
808A55920,0.2,topological outlier in Node2Vec space (DBSCAN outlier)
808A826F0,0.0,baseline structural profile; no graph anomalies detected
808A8C890,0.2,topological outlier in Node2Vec space (DBSCAN outlier)
808A99A90,0.2,topological outlier in Node2Vec space (DBSCAN outlier)
808AA7580,0.0,baseline structural profile; no graph anomalies detected
808AA8CB0,0.2,topological outlier in Node2Vec space (DBSCAN outlier)
808AA91E0,0.209,topological outlier in Node2Vec space (DBSCAN outlier)
808AB33A0,0.2,topological outlier in Node2Vec space (DBSCAN outlier)
808AD9180,0.0,baseline structural profile; no graph anomalies detected
808AFC6A0,0.1,isolated micro-cluster (size=5)
808AFC8D0,0.1,isolated micro-cluster (size=5)
808B18F30,0.0,baseline structural profile; no graph anomalies detected
808B1C590,0.1,isolated micro-cluster (size=10)
808B1EAE0,0.2,topological outlier in Node2Vec space (DBSCAN outlier)
808B4ABD0,0.2,topological outlier in Node2Vec space (DBSCAN outlier)
808B4C0F0,0.1,isolated micro-cluster (size=9)
808B564A0,0.2,topological outlier in Node2Vec space (DBSCAN outlier)
808B9ABB0,0.0,baseline structural profile; no graph anomalies detected
808BC2C60,0.2,topological outlier in Node2Vec space (DBSCAN outlier)
808BCAA90,0.1,isolated micro-cluster (size=7)
808BCB550,0.1,isolated micro-cluster (size=7)
808BDDFF0,0.0,baseline structural profile; no graph anomalies detected
808BE9280,0.2,topological outlier in Node2Vec space (DBSCAN outlier)
808C125A0,0.2,topological outlier in Node2Vec space (DBSCAN outlier)
808C1F480,0.1,isolated micro-cluster (size=5)
808C23710,0.2,topological outlier in Node2Vec space (DBSCAN outlier)
808C59F00,0.2,topological outlier in Node2Vec space (DBSCAN outlier)
808C63380,0.2,topological outlier in Node2Vec space (DBSCAN outlier)
808C7A930,0.2,topological outlier in Node2Vec space (DBSCAN outlier)
808CA0F70,0.0,baseline structural profile; no graph anomalies detected
808CBEB50,0.2,topological outlier in Node2Vec space (DBSCAN outlier)
808CBFC20,0.2,topological outlier in Node2Vec space (DBSCAN outlier)
808CF8E40,0.2,topological outlier in Node2Vec space (DBSCAN outlier)
808D14B70,0.2,topological outlier in Node2Vec space (DBSCAN outlier)
808D4CF90,0.0,baseline structural profile; no graph anomalies detected
808D52770,0.0,baseline structural profile; no graph anomalies detected
808D5B530,0.227,topological outlier in Node2Vec space (DBSCAN outlier)
808D62D60,0.0,baseline structural profile; no graph anomalies detected
808D80FB0,0.2,topological outlier in Node2Vec space (DBSCAN outlier)
808D8C140,0.1,isolated micro-cluster (size=6)
808D8FB20,0.0,baseline structural profile; no graph anomalies detected
808D94BD0,0.0,baseline structural profile; no graph anomalies detected
808DBFA40,0.1,isolated micro-cluster (size=9)
808E0D570,0.1,isolated micro-cluster (size=6)
808E13B70,0.0,baseline structural profile; no graph anomalies detected
808E39660,0.2,topological outlier in Node2Vec space (DBSCAN outlier)
808E644E0,0.2,topological outlier in Node2Vec space (DBSCAN outlier)
808E6F9F0,0.1,isolated micro-cluster (size=6)
808E7B470,0.2,topological outlier in Node2Vec space (DBSCAN outlier)
808E7B510,0.2,topological outlier in Node2Vec space (DBSCAN outlier)
808E7B560,0.2,topological outlier in Node2Vec space (DBSCAN outlier)
808E7B7D0,0.2,topological outlier in Node2Vec space (DBSCAN outlier)
808ECB730,0.2,topological outlier in Node2Vec space (DBSCAN outlier)
808ED4030,0.2,topological outlier in Node2Vec space (DBSCAN outlier)
808EEDD30,0.2,topological outlier in Node2Vec space (DBSCAN outlier)
808EF6310,0.2,topological outlier in Node2Vec space (DBSCAN outlier)
808F04160,0.1,isolated micro-cluster (size=5)
808F06960,0.0,baseline structural profile; no graph anomalies detected
808F40990,0.1,isolated micro-cluster (size=9)
808F41090,0.2,topological outlier in Node2Vec space (DBSCAN outlier)
808FBE0A0,0.1,isolated micro-cluster (size=5)
808FD35A0,0.2,topological outlier in Node2Vec space (DBSCAN outlier)
808FD43B0,0.2,topological outlier in Node2Vec space (DBSCAN outlier)
808FDE640,0.0,baseline structural profile; no graph anomalies detected
808FEF500,0.177,"isolated micro-cluster (size=5); high transaction volume (in=20, out=42)"
8090283D0,0.2,topological outlier in Node2Vec space (DBSCAN outlier)
809030A70,0.2,topological outlier in Node2Vec space (DBSCAN outlier)
809069D90,0.1,isolated micro-cluster (size=9)
809074FA0,0.1,isolated micro-cluster (size=5)
80908AF90,0.1,isolated micro-cluster (size=5)
80909FFE0,0.127,isolated micro-cluster (size=5)
8090AC860,0.0,baseline structural profile; no graph anomalies detected
8090B5E90,0.2,topological outlier in Node2Vec space (DBSCAN outlier)
8090C0680,0.1,isolated micro-cluster (size=5)
8090C69C0,0.1,isolated micro-cluster (size=5)
8090D1640,0.1,isolated micro-cluster (size=5)
8090F8140,0.1,isolated micro-cluster (size=5)
8091088B0,0.136,isolated micro-cluster (size=5)
809139F60,0.2,topological outlier in Node2Vec space (DBSCAN outlier)
80913F850,0.0,baseline structural profile; no graph anomalies detected
8091545B0,0.1,isolated micro-cluster (size=5)
80915AB30,0.1,isolated micro-cluster (size=9)
80916E0F0,0.0,baseline structural profile; no graph anomalies detected
80917BC30,0.0,baseline structural profile; no graph anomalies detected
809183730,0.0,baseline structural profile; no graph anomalies detected
809188C80,0.1,isolated micro-cluster (size=9)
80918FEC0,0.0,baseline structural profile; no graph anomalies detected
80920B240,0.1,isolated micro-cluster (size=9)
80920B580,0.0,baseline structural profile; no graph anomalies detected
80922CDA0,0.0,baseline structural profile; no graph anomalies detected
80924FF30,0.2,topological outlier in Node2Vec space (DBSCAN outlier)
809250070,0.209,topological outlier in Node2Vec space (DBSCAN outlier)
8092518F0,0.2,topological outlier in Node2Vec space (DBSCAN outlier)
809252EE0,0.0,baseline structural profile; no graph anomalies detected
8092927E0,0.0,baseline structural profile; no graph anomalies detected
8092A06E0,0.2,topological outlier in Node2Vec space (DBSCAN outlier)
8092F28B0,0.0,baseline structural profile; no graph anomalies detected
8092FD180,0.2,topological outlier in Node2Vec space (DBSCAN outlier)
809326550,0.0,baseline structural profile; no graph anomalies detected
809334D30,0.0,baseline structural profile; no graph anomalies detected
80933EB10,0.1,isolated micro-cluster (size=5)
8093409B0,0.1,isolated micro-cluster (size=5)
80938EF50,0.0,baseline structural profile; no graph anomalies detected
809390850,0.0,baseline structural profile; no graph anomalies detected
80939F610,0.2,topological outlier in Node2Vec space (DBSCAN outlier)
8093A7560,0.177,"isolated micro-cluster (size=5); high transaction volume (in=37, out=15)"
8093C4820,0.2,topological outlier in Node2Vec space (DBSCAN outlier)
8093DA900,0.2,topological outlier in Node2Vec space (DBSCAN outlier)
8093DAD40,0.2,topological outlier in Node2Vec space (DBSCAN outlier)
8093DF330,0.0,baseline structural profile; no graph anomalies detected
8093E2B50,0.0,baseline structural profile; no graph anomalies detected
80941CF80,0.0,baseline structural profile; no graph anomalies detected
809429280,0.1,isolated micro-cluster (size=6)
80945F1B0,0.0,baseline structural profile; no graph anomalies detected
809461CA0,0.1,isolated micro-cluster (size=10)
809472010,0.1,isolated micro-cluster (size=8)
8094915D0,0.1,isolated micro-cluster (size=5)
809499030,0.1,isolated micro-cluster (size=9)
8094CAC70,0.2,topological outlier in Node2Vec space (DBSCAN outlier)
8094CAD10,0.2,topological outlier in Node2Vec space (DBSCAN outlier)
8094F2020,0.127,isolated micro-cluster (size=5)
8094FBAB0,0.0,baseline structural profile; no graph anomalies detected
80951E590,0.2,topological outlier in Node2Vec space (DBSCAN outlier)
80951E630,0.2,topological outlier in Node2Vec space (DBSCAN outlier)
80952C900,0.25,topological outlier in Node2Vec space (DBSCAN outlier); multiple connected employees (2 internal contacts)
80952DE20,0.2,topological outlier in Node2Vec space (DBSCAN outlier)
809534360,0.1,isolated micro-cluster (size=5)
8095375C0,0.0,baseline structural profile; no graph anomalies detected
80954C940,0.2,topological outlier in Node2Vec space (DBSCAN outlier)
8095C5830,0.218,topological outlier in Node2Vec space (DBSCAN outlier)
8095E2300,0.2,topological outlier in Node2Vec space (DBSCAN outlier)
8095E3A10,0.0,baseline structural profile; no graph anomalies detected
8095E4450,0.2,topological outlier in Node2Vec space (DBSCAN outlier)
809613680,0.0,baseline structural profile; no graph anomalies detected
809630F40,0.2,topological outlier in Node2Vec space (DBSCAN outlier)
8096311B0,0.2,topological outlier in Node2Vec space (DBSCAN outlier)
809639E80,0.0,baseline structural profile; no graph anomalies detected
80964E5D0,0.0,baseline structural profile; no graph anomalies detected
80966B850,0.0,baseline structural profile; no graph anomalies detected
80967E310,0.0,baseline structural profile; no graph anomalies detected
8096826D0,0.0,baseline structural profile; no graph anomalies detected
80969E460,0.0,baseline structural profile; no graph anomalies detected
8096A4EA0,0.1,isolated micro-cluster (size=6)
8096A6860,0.2,topological outlier in Node2Vec space (DBSCAN outlier)
8096B63F0,0.0,baseline structural profile; no graph anomalies detected
8096C2F70,0.1,isolated micro-cluster (size=9)
8096D4670,0.0,baseline structural profile; no graph anomalies detected
8096DBEA0,0.2,topological outlier in Node2Vec space (DBSCAN outlier)
8096DC670,0.2,topological outlier in Node2Vec space (DBSCAN outlier)
8096DCCA0,0.2,topological outlier in Node2Vec space (DBSCAN outlier)
8096E3390,0.2,topological outlier in Node2Vec space (DBSCAN outlier)
8096EA020,0.2,topological outlier in Node2Vec space (DBSCAN outlier)
8096EB0C0,0.2,topological outlier in Node2Vec space (DBSCAN outlier)
809710790,0.1,isolated micro-cluster (size=5)
809723740,0.2,topological outlier in Node2Vec space (DBSCAN outlier)
80975A330,0.2,topological outlier in Node2Vec space (DBSCAN outlier)
809789820,0.218,topological outlier in Node2Vec space (DBSCAN outlier)
80978A5E0,0.2,topological outlier in Node2Vec space (DBSCAN outlier)
80979BC40,0.2,topological outlier in Node2Vec space (DBSCAN outlier)
80979F6D0,0.2,topological outlier in Node2Vec space (DBSCAN outlier)
8097B1700,0.2,topological outlier in Node2Vec space (DBSCAN outlier)
8097B17F0,0.2,topological outlier in Node2Vec space (DBSCAN outlier)
8097B61E0,0.2,topological outlier in Node2Vec space (DBSCAN outlier)
8097B7580,0.0,baseline structural profile; no graph anomalies detected
8097D9140,0.1,isolated micro-cluster (size=7)
809802C00,0.2,topological outlier in Node2Vec space (DBSCAN outlier)
809877B10,0.2,topological outlier in Node2Vec space (DBSCAN outlier)
80989AF70,0.136,isolated micro-cluster (size=5)
80989B010,0.1,isolated micro-cluster (size=5)
8098DB610,0.2,topological outlier in Node2Vec space (DBSCAN outlier)
8098E55D0,0.0,baseline structural profile; no graph anomalies detected
8098EE660,0.0,baseline structural profile; no graph anomalies detected
8098EF090,0.2,topological outlier in Node2Vec space (DBSCAN outlier)
8098F9EB0,0.2,topological outlier in Node2Vec space (DBSCAN outlier)
8098FA6C0,0.0,baseline structural profile; no graph anomalies detected
80992F890,0.0,baseline structural profile; no graph anomalies detected
80992F9D0,0.0,baseline structural profile; no graph anomalies detected
8099316E0,0.0,baseline structural profile; no graph anomalies detected
8099322C0,0.0,baseline structural profile; no graph anomalies detected
809932400,0.0,baseline structural profile; no graph anomalies detected
809932540,0.0,baseline structural profile; no graph anomalies detected
8099325E0,0.0,baseline structural profile; no graph anomalies detected
8099326D0,0.0,baseline structural profile; no graph anomalies detected
8099328B0,0.0,baseline structural profile; no graph anomalies detected
809932D90,0.0,baseline structural profile; no graph anomalies detected
809932DE0,0.0,baseline structural profile; no graph anomalies detected
809932E80,0.0,baseline structural profile; no graph anomalies detected
809932F20,0.0,baseline structural profile; no graph anomalies detected
809933510,0.0,baseline structural profile; no graph anomalies detected
809933AC0,0.0,baseline structural profile; no graph anomalies detected
809933C50,0.0,baseline structural profile; no graph anomalies detected
809933CF0,0.0,baseline structural profile; no graph anomalies detected
809933D90,0.0,baseline structural profile; no graph anomalies detected
80994FCD0,0.1,isolated micro-cluster (size=5)
8099599C0,0.2,topological outlier in Node2Vec space (DBSCAN outlier)
80997F8D0,0.0,baseline structural profile; no graph anomalies detected
80998E4D0,0.209,topological outlier in Node2Vec space (DBSCAN outlier)
8099A38B0,0.1,isolated micro-cluster (size=6)
8099AB630,0.218,topological outlier in Node2Vec space (DBSCAN outlier)
8099BC410,0.0,baseline structural profile; no graph anomalies detected
8099CA2C0,0.0,baseline structural profile; no graph anomalies detected
809A01E60,0.0,baseline structural profile; no graph anomalies detected
809A2E540,0.2,topological outlier in Node2Vec space (DBSCAN outlier)
809A382B0,0.0,baseline structural profile; no graph anomalies detected
809A45CC0,0.2,topological outlier in Node2Vec space (DBSCAN outlier)
809A5B580,0.2,topological outlier in Node2Vec space (DBSCAN outlier)
809AB94A0,0.2,topological outlier in Node2Vec space (DBSCAN outlier)
809ABAC90,0.2,topological outlier in Node2Vec space (DBSCAN outlier)
809B42A10,0.1,isolated micro-cluster (size=9)
809B4FC60,0.0,baseline structural profile; no graph anomalies detected
809B63630,0.0,baseline structural profile; no graph anomalies detected
809B7CDE0,0.1,isolated micro-cluster (size=6)
809BB2D50,0.1,isolated micro-cluster (size=9)
809BBE000,0.0,baseline structural profile; no graph anomalies detected
809BEDC00,0.1,isolated micro-cluster (size=7)
809C08B50,0.1,isolated micro-cluster (size=8)
809C28A70,0.0,baseline structural profile; no graph anomalies detected
809C489D0,0.0,baseline structural profile; no graph anomalies detected
809CC6050,0.1,isolated micro-cluster (size=5)
809D020F0,0.0,baseline structural profile; no graph anomalies detected
809D22A40,0.0,baseline structural profile; no graph anomalies detected
809D285F0,0.127,isolated micro-cluster (size=5)
809D4B6D0,0.1,isolated micro-cluster (size=5)
809D785E0,0.1,isolated micro-cluster (size=5)
809D7BBE0,0.2,topological outlier in Node2Vec space (DBSCAN outlier)
809D7BC30,0.209,topological outlier in Node2Vec space (DBSCAN outlier)
809DBCF40,0.0,baseline structural profile; no graph anomalies detected
809DC05C0,0.2,topological outlier in Node2Vec space (DBSCAN outlier)
809DE9F20,0.0,baseline structural profile; no graph anomalies detected
809DF3570,0.0,baseline structural profile; no graph anomalies detected
809E01F70,0.2,topological outlier in Node2Vec space (DBSCAN outlier)
809E02430,0.0,baseline structural profile; no graph anomalies detected
809E02EE0,0.1631,isolated micro-cluster (size=9)
809E03160,0.1,isolated micro-cluster (size=9)
809E5AD90,0.0,baseline structural profile; no graph anomalies detected
809E75D00,0.2,topological outlier in Node2Vec space (DBSCAN outlier)
809E75EE0,0.2,topological outlier in Node2Vec space (DBSCAN outlier)
809E76480,0.218,topological outlier in Node2Vec space (DBSCAN outlier)
809E76930,0.2,topological outlier in Node2Vec space (DBSCAN outlier)
809E76FC0,0.2,topological outlier in Node2Vec space (DBSCAN outlier)
809EDAF40,0.0,baseline structural profile; no graph anomalies detected
809EF39E0,0.2,topological outlier in Node2Vec space (DBSCAN outlier)
809EFD3C0,0.0,baseline structural profile; no graph anomalies detected
809F15280,0.2,topological outlier in Node2Vec space (DBSCAN outlier)
809F18DE0,0.2,topological outlier in Node2Vec space (DBSCAN outlier)
809F3D7D0,0.0,baseline structural profile; no graph anomalies detected
809F58650,0.2,topological outlier in Node2Vec space (DBSCAN outlier)
809F6DB70,0.1,isolated micro-cluster (size=5)
809F88980,0.1,isolated micro-cluster (size=5)
809F95D10,0.0,baseline structural profile; no graph anomalies detected
809FA9220,0.0,baseline structural profile; no graph anomalies detected
809FD73D0,0.0,baseline structural profile; no graph anomalies detected
809FD9E00,0.0,baseline structural profile; no graph anomalies detected
809FE17B0,0.0,baseline structural profile; no graph anomalies detected
809FE8E20,0.136,isolated micro-cluster (size=5)
809FE9910,0.1,isolated micro-cluster (size=5)
809FF1BC0,0.1,isolated micro-cluster (size=7)
809FF6E60,0.1,isolated micro-cluster (size=5)
809FF8A10,0.0,baseline structural profile; no graph anomalies detected
809FFB470,0.0,baseline structural profile; no graph anomalies detected
80A0013C0,0.0,baseline structural profile; no graph anomalies detected
80A032720,0.0,baseline structural profile; no graph anomalies detected
80A0493B0,0.0,baseline structural profile; no graph anomalies detected
80A0585D0,0.0,baseline structural profile; no graph anomalies detected
80A0AF7B0,0.2,topological outlier in Node2Vec space (DBSCAN outlier)
80A0D2290,0.2,topological outlier in Node2Vec space (DBSCAN outlier)
80A0D5F60,0.0,baseline structural profile; no graph anomalies detected
80A0D9530,0.2,topological outlier in Node2Vec space (DBSCAN outlier)
80A0EE580,0.0,baseline structural profile; no graph anomalies detected
80A0EF050,0.0,baseline structural profile; no graph anomalies detected
80A0F2A20,0.1,isolated micro-cluster (size=6)
80A0FC1B0,0.0,baseline structural profile; no graph anomalies detected
80A11BB90,0.1,isolated micro-cluster (size=5)
80A127D20,0.0,baseline structural profile; no graph anomalies detected
80A1282F0,0.0,baseline structural profile; no graph anomalies detected
80A1287B0,0.0,baseline structural profile; no graph anomalies detected
80A163A10,0.2221,"isolated micro-cluster (size=5); high transaction volume (in=27, out=44)"
80A182C30,0.2,topological outlier in Node2Vec space (DBSCAN outlier)
80A183450,0.2,topological outlier in Node2Vec space (DBSCAN outlier)
80A195530,0.0,baseline structural profile; no graph anomalies detected
80A19D8C0,0.0,baseline structural profile; no graph anomalies detected
80A1AEF90,0.2,topological outlier in Node2Vec space (DBSCAN outlier)
80A1C62A0,0.2,topological outlier in Node2Vec space (DBSCAN outlier)
80A1C8FD0,0.0,baseline structural profile; no graph anomalies detected
80A1E0F50,0.0,baseline structural profile; no graph anomalies detected
80A2330F0,0.0,baseline structural profile; no graph anomalies detected
80A233400,0.0,baseline structural profile; no graph anomalies detected
80A2537D0,0.0,baseline structural profile; no graph anomalies detected
80A2552B0,0.0,baseline structural profile; no graph anomalies detected
80A268F00,0.127,isolated micro-cluster (size=5)
80A269400,0.1,isolated micro-cluster (size=5)
80A2CAF50,0.0,baseline structural profile; no graph anomalies detected
80A2EB140,0.0,baseline structural profile; no graph anomalies detected
80A337A90,0.1,isolated micro-cluster (size=8)
80A344340,0.0,baseline structural profile; no graph anomalies detected
80A3811B0,0.2,topological outlier in Node2Vec space (DBSCAN outlier)
80A3A3FA0,0.0,baseline structural profile; no graph anomalies detected
80A3F7350,0.1,isolated micro-cluster (size=9)
80A402F80,0.0,baseline structural profile; no graph anomalies detected
80A42D720,0.0,baseline structural profile; no graph anomalies detected
80A481D40,0.2,topological outlier in Node2Vec space (DBSCAN outlier)
80A481D90,0.2,topological outlier in Node2Vec space (DBSCAN outlier)
80A4A3CE0,0.2,topological outlier in Node2Vec space (DBSCAN outlier)
80A4A4550,0.2,topological outlier in Node2Vec space (DBSCAN outlier)
80A4D52C0,0.0,baseline structural profile; no graph anomalies detected
80A4D6780,0.1,isolated micro-cluster (size=7)
80A4F42A0,0.0,baseline structural profile; no graph anomalies detected
80A4FBD40,0.0,baseline structural profile; no graph anomalies detected
80A50DF20,0.0,baseline structural profile; no graph anomalies detected
80A515C50,0.2,topological outlier in Node2Vec space (DBSCAN outlier)
80A5253A0,0.0,baseline structural profile; no graph anomalies detected
80A599E60,0.0,baseline structural profile; no graph anomalies detected
80A5B7BC0,0.2,topological outlier in Node2Vec space (DBSCAN outlier)
80A5C0520,0.2,topological outlier in Node2Vec space (DBSCAN outlier)
80A5E8880,0.0,baseline structural profile; no graph anomalies detected
80A601A40,0.2,topological outlier in Node2Vec space (DBSCAN outlier)
80A640770,0.1,isolated micro-cluster (size=8)
80A680CC0,0.0,baseline structural profile; no graph anomalies detected
80A6B3AE0,0.1,isolated micro-cluster (size=9)
80A6B6360,0.218,topological outlier in Node2Vec space (DBSCAN outlier)
80A6B6400,0.2,topological outlier in Node2Vec space (DBSCAN outlier)
80A6B64A0,0.2,topological outlier in Node2Vec space (DBSCAN outlier)
80A6B6D10,0.0,baseline structural profile; no graph anomalies detected
80A6BB950,0.2,topological outlier in Node2Vec space (DBSCAN outlier)
80A71BCC0,0.2,topological outlier in Node2Vec space (DBSCAN outlier)
80A73C6D0,0.0,baseline structural profile; no graph anomalies detected
80A7430B0,0.2,topological outlier in Node2Vec space (DBSCAN outlier)
80A759240,0.0,baseline structural profile; no graph anomalies detected
80A776500,0.2,topological outlier in Node2Vec space (DBSCAN outlier)
80A776550,0.2,topological outlier in Node2Vec space (DBSCAN outlier)
80A7A3C00,0.0,baseline structural profile; no graph anomalies detected
80A7CE8F0,0.268,"topological outlier in Node2Vec space (DBSCAN outlier); high transaction volume (in=52, out=15)"
80A7CF6F0,0.0,baseline structural profile; no graph anomalies detected
80A7DDF30,0.218,topological outlier in Node2Vec space (DBSCAN outlier)
80A7EED90,0.2,topological outlier in Node2Vec space (DBSCAN outlier)
80A83A530,0.1,isolated micro-cluster (size=6)
80A849C20,0.2,topological outlier in Node2Vec space (DBSCAN outlier)
80A84C000,0.2,topological outlier in Node2Vec space (DBSCAN outlier)
80A862490,0.0,baseline structural profile; no graph anomalies detected
80A8628E0,0.0,baseline structural profile; no graph anomalies detected
80A8CEEA0,0.0,baseline structural profile; no graph anomalies detected
80A8DDB20,0.2,topological outlier in Node2Vec space (DBSCAN outlier)
80A8DE110,0.2,topological outlier in Node2Vec space (DBSCAN outlier)
80A8E2310,0.2,topological outlier in Node2Vec space (DBSCAN outlier)
80A8E3C60,0.2,topological outlier in Node2Vec space (DBSCAN outlier)
80A8E5860,0.2,topological outlier in Node2Vec space (DBSCAN outlier)
80A8FCB40,0.2,topological outlier in Node2Vec space (DBSCAN outlier)
80A8FCB90,0.2,topological outlier in Node2Vec space (DBSCAN outlier)
80A968170,0.0,baseline structural profile; no graph anomalies detected
80A9A03F0,0.1,isolated micro-cluster (size=5)
80A9B1100,0.1,isolated micro-cluster (size=5)
80AA64490,0.577,participates in circular transfer cycle; topological outlier in Node2Vec space (DBSCAN outlier)
80AA65030,0.55,participates in circular transfer cycle; topological outlier in Node2Vec space (DBSCAN outlier)
80AA7C460,0.2,topological outlier in Node2Vec space (DBSCAN outlier)
80AA89EF0,0.0,baseline structural profile; no graph anomalies detected
80AA89F40,0.0,baseline structural profile; no graph anomalies detected
80AA9F5A0,0.0,baseline structural profile; no graph anomalies detected
80AAB7EA0,0.0,baseline structural profile; no graph anomalies detected
80AB002B0,0.2,topological outlier in Node2Vec space (DBSCAN outlier)
80AB03B20,0.0,baseline structural profile; no graph anomalies detected
80AB1AE00,0.136,isolated micro-cluster (size=6)
80AB1AE50,0.1,isolated micro-cluster (size=6)
80AB1B550,0.1,isolated micro-cluster (size=6)
80AB47500,0.2,topological outlier in Node2Vec space (DBSCAN outlier)
80AB48080,0.2,topological outlier in Node2Vec space (DBSCAN outlier)
80AB48260,0.2,topological outlier in Node2Vec space (DBSCAN outlier)
80AB63160,0.0,baseline structural profile; no graph anomalies detected
80AB6A950,0.2,topological outlier in Node2Vec space (DBSCAN outlier)
80AB6EB90,0.2,topological outlier in Node2Vec space (DBSCAN outlier)
80AB75FE0,0.0,baseline structural profile; no graph anomalies detected
80AB76DF0,0.209,topological outlier in Node2Vec space (DBSCAN outlier)
80AB7E860,0.0,baseline structural profile; no graph anomalies detected
80AB94680,0.0,baseline structural profile; no graph anomalies detected
80ABD22A0,0.0,baseline structural profile; no graph anomalies detected
80AC13460,0.2,topological outlier in Node2Vec space (DBSCAN outlier)
80AC1D650,0.2,topological outlier in Node2Vec space (DBSCAN outlier)
80AC29440,0.2,topological outlier in Node2Vec space (DBSCAN outlier)
80AC77410,0.0,baseline structural profile; no graph anomalies detected
80ACAE190,0.2,topological outlier in Node2Vec space (DBSCAN outlier)
80ACCB460,0.0,baseline structural profile; no graph anomalies detected
80ACF4D90,0.0,baseline structural profile; no graph anomalies detected
80ACF4DE0,0.0811,high flow betweenness centrality (bc=5.19e-07)
80ACF6790,0.0,baseline structural profile; no graph anomalies detected
80AD464D0,0.0,baseline structural profile; no graph anomalies detected
80AD758D0,0.2,topological outlier in Node2Vec space (DBSCAN outlier)
80AD75A60,0.2,topological outlier in Node2Vec space (DBSCAN outlier)
80AD78B40,0.2,topological outlier in Node2Vec space (DBSCAN outlier)
80AD7FE50,0.2,topological outlier in Node2Vec space (DBSCAN outlier)
80ADA2880,0.0,baseline structural profile; no graph anomalies detected
80ADE12D0,0.0,baseline structural profile; no graph anomalies detected
80ADE3B50,0.1,isolated micro-cluster (size=8)
80ADF06C0,0.2,topological outlier in Node2Vec space (DBSCAN outlier)
80ADF8B40,0.0,baseline structural profile; no graph anomalies detected
80AE10FC0,0.0,baseline structural profile; no graph anomalies detected
80AE15B00,0.1,isolated micro-cluster (size=8)
80AE2D530,0.0,baseline structural profile; no graph anomalies detected
80AE4E900,0.0,baseline structural profile; no graph anomalies detected
80AE5C890,0.0,baseline structural profile; no graph anomalies detected
80AE68790,0.0,baseline structural profile; no graph anomalies detected
80AE8B2B0,0.0,baseline structural profile; no graph anomalies detected
80AEA85F0,0.0,baseline structural profile; no graph anomalies detected
80AEBB7D0,0.0,baseline structural profile; no graph anomalies detected
80AF005E0,0.2,topological outlier in Node2Vec space (DBSCAN outlier)
80AF145A0,0.1,isolated micro-cluster (size=8)
80AF2ADA0,0.2,topological outlier in Node2Vec space (DBSCAN outlier)
80AF39980,0.0,baseline structural profile; no graph anomalies detected
80AF56EE0,0.218,topological outlier in Node2Vec space (DBSCAN outlier)
80AF97460,0.1,isolated micro-cluster (size=8)
80AF9E380,0.0,baseline structural profile; no graph anomalies detected
80AFB2610,0.1,isolated micro-cluster (size=5)
80AFC5B60,0.1,isolated micro-cluster (size=8)
80AFD6AC0,0.1,isolated micro-cluster (size=5)
80AFE8CD0,0.127,isolated micro-cluster (size=5)
80AFEE140,0.1,isolated micro-cluster (size=5)
80B004EB0,0.0,baseline structural profile; no graph anomalies detected
80B020A00,0.0,baseline structural profile; no graph anomalies detected
80B040E30,0.0,baseline structural profile; no graph anomalies detected
80B04F6D0,0.0,baseline structural profile; no graph anomalies detected
80B04FA90,0.0,baseline structural profile; no graph anomalies detected
80B07AD70,0.2,topological outlier in Node2Vec space (DBSCAN outlier)
80B0A3620,0.1,isolated micro-cluster (size=7)
80B0CDDA0,0.1,isolated micro-cluster (size=9)
80B14F630,0.2,topological outlier in Node2Vec space (DBSCAN outlier)
80B168380,0.2,topological outlier in Node2Vec space (DBSCAN outlier)
80B16B3D0,0.2,topological outlier in Node2Vec space (DBSCAN outlier)
80B16D620,0.2,topological outlier in Node2Vec space (DBSCAN outlier)
80B19FB20,0.0,baseline structural profile; no graph anomalies detected
80B1B2660,0.2,topological outlier in Node2Vec space (DBSCAN outlier)
80B1B7060,0.0,baseline structural profile; no graph anomalies detected
80B1D2410,0.1,isolated micro-cluster (size=7)
80B1D5C90,0.1,isolated micro-cluster (size=6)
80B1D7A40,0.2,topological outlier in Node2Vec space (DBSCAN outlier)
80B1EF790,0.1,isolated micro-cluster (size=8)
80B22ACF0,0.1,isolated micro-cluster (size=7)
80B22DCB0,0.0,baseline structural profile; no graph anomalies detected
80B234B80,0.1,isolated micro-cluster (size=8)
80B235680,0.1,isolated micro-cluster (size=8)
80B235720,0.1,isolated micro-cluster (size=8)
80B2CFC40,0.2,topological outlier in Node2Vec space (DBSCAN outlier)
80B2CFD80,0.2,topological outlier in Node2Vec space (DBSCAN outlier)
80B302EE0,0.2,topological outlier in Node2Vec space (DBSCAN outlier)
80B30BB50,0.0,baseline structural profile; no graph anomalies detected
80B3479C0,0.136,isolated micro-cluster (size=6)
80B3920F0,0.0,baseline structural profile; no graph anomalies detected
80B40A0B0,0.0,baseline structural profile; no graph anomalies detected
80B40A100,0.0,baseline structural profile; no graph anomalies detected
80B428C20,0.0,baseline structural profile; no graph anomalies detected
80B430DA0,0.0,baseline structural profile; no graph anomalies detected
80B45FAE0,0.0,baseline structural profile; no graph anomalies detected
80B46ACD0,0.0,baseline structural profile; no graph anomalies detected
80B46E4B0,0.1,isolated micro-cluster (size=5)
80B47E2D0,0.2,topological outlier in Node2Vec space (DBSCAN outlier)
80B483FA0,0.0,baseline structural profile; no graph anomalies detected
80B4A91F0,0.2,topological outlier in Node2Vec space (DBSCAN outlier)
80B4BD880,0.1,isolated micro-cluster (size=5)
80B4BDF80,0.1,isolated micro-cluster (size=10)
80B4C2270,0.2,topological outlier in Node2Vec space (DBSCAN outlier)
80B50F5E0,0.0,baseline structural profile; no graph anomalies detected
80B552AB0,0.0,baseline structural profile; no graph anomalies detected
80B5733B0,0.1,isolated micro-cluster (size=5)
80B5787A0,0.2,topological outlier in Node2Vec space (DBSCAN outlier)
80B57A730,0.2,topological outlier in Node2Vec space (DBSCAN outlier)
80B57C570,0.1,isolated micro-cluster (size=5)
80B57EE00,0.0,baseline structural profile; no graph anomalies detected
80B57EEF0,0.1,isolated micro-cluster (size=5)
80B58AEC0,0.1,isolated micro-cluster (size=5)
80B5B2A80,0.2,topological outlier in Node2Vec space (DBSCAN outlier)
80B5B3380,0.209,topological outlier in Node2Vec space (DBSCAN outlier)
80B5BC5E0,0.1,isolated micro-cluster (size=5)
80B5BD0B0,0.1,isolated micro-cluster (size=5)
80B5C6170,0.1,isolated micro-cluster (size=5)
80B5EEF30,0.0,baseline structural profile; no graph anomalies detected
80B5FC150,0.2,topological outlier in Node2Vec space (DBSCAN outlier)
80B617F60,0.0,baseline structural profile; no graph anomalies detected
80B618AF0,0.0,baseline structural profile; no graph anomalies detected
80B61DB00,0.0,baseline structural profile; no graph anomalies detected
80B64FB80,0.2,topological outlier in Node2Vec space (DBSCAN outlier)
80B664510,0.1,isolated micro-cluster (size=6)
80B6754F0,0.0,baseline structural profile; no graph anomalies detected
80B689C00,0.2,topological outlier in Node2Vec space (DBSCAN outlier)
80B6C1D90,0.2,topological outlier in Node2Vec space (DBSCAN outlier)
80B6C1DE0,0.218,topological outlier in Node2Vec space (DBSCAN outlier)
80B6D7A10,0.2,topological outlier in Node2Vec space (DBSCAN outlier)
80B6E0A70,0.0,baseline structural profile; no graph anomalies detected
80B707AC0,0.2,topological outlier in Node2Vec space (DBSCAN outlier)
80B70CA10,0.2,topological outlier in Node2Vec space (DBSCAN outlier)
80B72FE40,0.218,topological outlier in Node2Vec space (DBSCAN outlier)
80B745630,0.0,baseline structural profile; no graph anomalies detected
80B762660,0.1,isolated micro-cluster (size=5)
80B767C90,0.2,topological outlier in Node2Vec space (DBSCAN outlier)
80B76DAC0,0.2,topological outlier in Node2Vec space (DBSCAN outlier)
80B76E850,0.2,topological outlier in Node2Vec space (DBSCAN outlier)
80B773700,0.0,baseline structural profile; no graph anomalies detected
80B77D070,0.0,baseline structural profile; no graph anomalies detected
80B7D3C90,0.2,topological outlier in Node2Vec space (DBSCAN outlier)
80B7ED0F0,0.1,isolated micro-cluster (size=10)
80B7F5E40,0.1,isolated micro-cluster (size=7)
80B820D90,0.2,topological outlier in Node2Vec space (DBSCAN outlier)
80B820F70,0.2,topological outlier in Node2Vec space (DBSCAN outlier)
80B829340,0.1541,isolated micro-cluster (size=6)
80B829730,0.1,isolated micro-cluster (size=6)
80B870070,0.0,baseline structural profile; no graph anomalies detected
80B882470,0.0,baseline structural profile; no graph anomalies detected
80B88F7A0,0.2,topological outlier in Node2Vec space (DBSCAN outlier)
80B8C4990,0.0,baseline structural profile; no graph anomalies detected
80B8F29F0,0.2,topological outlier in Node2Vec space (DBSCAN outlier)
80B8F7480,0.2,topological outlier in Node2Vec space (DBSCAN outlier)
80B917160,0.2,topological outlier in Node2Vec space (DBSCAN outlier)
80B91E100,0.2,topological outlier in Node2Vec space (DBSCAN outlier)
80B931050,0.1,isolated micro-cluster (size=8)
80B94E9F0,0.0,baseline structural profile; no graph anomalies detected
80B959140,0.2,topological outlier in Node2Vec space (DBSCAN outlier)
80B95A8D0,0.2,topological outlier in Node2Vec space (DBSCAN outlier)
80B96A1A0,0.1,isolated micro-cluster (size=9)
80B96F0D0,0.1,isolated micro-cluster (size=5)
80B96F120,0.1,isolated micro-cluster (size=5)
80B98F700,0.0,baseline structural profile; no graph anomalies detected
80B9A8940,0.0,baseline structural profile; no graph anomalies detected
80B9AC850,0.0,baseline structural profile; no graph anomalies detected
80B9BA2C0,0.0,baseline structural profile; no graph anomalies detected
80B9C0D40,0.0,baseline structural profile; no graph anomalies detected
80BA1B0A0,0.0,baseline structural profile; no graph anomalies detected
80BA558B0,0.0,baseline structural profile; no graph anomalies detected
80BA88FE0,0.0,baseline structural profile; no graph anomalies detected
80BAD2F80,0.1,isolated micro-cluster (size=6)
80BAE4080,0.218,topological outlier in Node2Vec space (DBSCAN outlier)
80BAEAE90,0.2,topological outlier in Node2Vec space (DBSCAN outlier)
80BAFE010,0.2,topological outlier in Node2Vec space (DBSCAN outlier)
80BB0BA30,0.2,topological outlier in Node2Vec space (DBSCAN outlier)
80BB12C30,0.2,topological outlier in Node2Vec space (DBSCAN outlier)
80BB133F0,0.2,topological outlier in Node2Vec space (DBSCAN outlier)
80BB15900,0.1,isolated micro-cluster (size=8)
80BB23DB0,0.2,topological outlier in Node2Vec space (DBSCAN outlier)
80BB63AD0,0.2,topological outlier in Node2Vec space (DBSCAN outlier)
80BB93E40,0.2,topological outlier in Node2Vec space (DBSCAN outlier)
80BBA59F0,0.1,isolated micro-cluster (size=8)
80BBC7170,0.0,baseline structural profile; no graph anomalies detected
80BC07010,0.0,baseline structural profile; no graph anomalies detected
80BC122E0,0.1,isolated micro-cluster (size=5)
80BC16800,0.227,topological outlier in Node2Vec space (DBSCAN outlier)
80BC38D20,0.1,isolated micro-cluster (size=7)
80BC50EB0,0.2,topological outlier in Node2Vec space (DBSCAN outlier)
80BC57500,0.2,topological outlier in Node2Vec space (DBSCAN outlier)
80BC8DEB0,0.2,topological outlier in Node2Vec space (DBSCAN outlier)
80BCD24D0,0.0,baseline structural profile; no graph anomalies detected
80BCF8CD0,0.1,isolated micro-cluster (size=7)
80BCFDFB0,0.2,topological outlier in Node2Vec space (DBSCAN outlier)
80BD80DD0,0.0,baseline structural profile; no graph anomalies detected
80BDADC00,0.0,baseline structural profile; no graph anomalies detected
80BDBCEC0,0.0,baseline structural profile; no graph anomalies detected
80BDE4420,0.0,baseline structural profile; no graph anomalies detected
80BDE7130,0.0,baseline structural profile; no graph anomalies detected
80BDF0520,0.2,topological outlier in Node2Vec space (DBSCAN outlier)
80BDF0D90,0.2,topological outlier in Node2Vec space (DBSCAN outlier)
80BE05A30,0.2,topological outlier in Node2Vec space (DBSCAN outlier)
80BE1E580,0.2,topological outlier in Node2Vec space (DBSCAN outlier)
80BE1F7F0,0.2,topological outlier in Node2Vec space (DBSCAN outlier)
80BE4BB70,0.0,baseline structural profile; no graph anomalies detected
80BE67630,0.0,baseline structural profile; no graph anomalies detected
80BE8E740,0.2,topological outlier in Node2Vec space (DBSCAN outlier)
80BE949D0,0.2,topological outlier in Node2Vec space (DBSCAN outlier)
80BE94A20,0.2,topological outlier in Node2Vec space (DBSCAN outlier)
80BE9A870,0.2,topological outlier in Node2Vec space (DBSCAN outlier)
80BE9B1F0,0.1,isolated micro-cluster (size=6)
80BE9E910,0.2,topological outlier in Node2Vec space (DBSCAN outlier)
80BEC3890,0.0,baseline structural profile; no graph anomalies detected
80BEC9740,0.0,baseline structural profile; no graph anomalies detected
80BEC98D0,0.0,baseline structural profile; no graph anomalies detected
80BECAF80,0.0,baseline structural profile; no graph anomalies detected
80BEE34E0,0.2,topological outlier in Node2Vec space (DBSCAN outlier)
80BEF7060,0.0,baseline structural profile; no graph anomalies detected
80BEFAE20,0.0,baseline structural profile; no graph anomalies detected
80BF0A610,0.2,topological outlier in Node2Vec space (DBSCAN outlier)
80BF560D0,0.2,topological outlier in Node2Vec space (DBSCAN outlier)
80BF75B90,0.0,baseline structural profile; no graph anomalies detected
80BF84220,0.2,topological outlier in Node2Vec space (DBSCAN outlier)
80BF86330,0.0,baseline structural profile; no graph anomalies detected
80BF9FF70,0.0,baseline structural profile; no graph anomalies detected
80BFACCD0,0.0,baseline structural profile; no graph anomalies detected
80BFB5E90,0.2,topological outlier in Node2Vec space (DBSCAN outlier)
80BFEE6E0,0.0,baseline structural profile; no graph anomalies detected
80BFFEDE0,0.0721,baseline structural profile; no graph anomalies detected
80BFFF960,0.0,baseline structural profile; no graph anomalies detected
80BFFFAA0,0.0,baseline structural profile; no graph anomalies detected
80C002340,0.2,topological outlier in Node2Vec space (DBSCAN outlier)
80C0028E0,0.0,baseline structural profile; no graph anomalies detected
80C002F20,0.0,baseline structural profile; no graph anomalies detected
80C010430,0.0,baseline structural profile; no graph anomalies detected
80C0239B0,0.1,isolated micro-cluster (size=10)
80C066B20,0.2,topological outlier in Node2Vec space (DBSCAN outlier)
80C06D6F0,0.2,topological outlier in Node2Vec space (DBSCAN outlier)
80C071880,0.2,topological outlier in Node2Vec space (DBSCAN outlier)
80C0D7550,0.0,baseline structural profile; no graph anomalies detected
80C0DE7B0,0.1,isolated micro-cluster (size=6)
80C0F81C0,0.2,topological outlier in Node2Vec space (DBSCAN outlier)
80C0FA3F0,0.2,topological outlier in Node2Vec space (DBSCAN outlier)
80C115990,0.0,baseline structural profile; no graph anomalies detected
80C1474D0,0.136,isolated micro-cluster (size=6)
80C186EA0,0.218,topological outlier in Node2Vec space (DBSCAN outlier)
80C1927A0,0.1,isolated micro-cluster (size=6)
80C1ABDE0,0.0,baseline structural profile; no graph anomalies detected
80C1C4030,0.0,baseline structural profile; no graph anomalies detected
80C2044A0,0.0,baseline structural profile; no graph anomalies detected
80C23C680,0.1,isolated micro-cluster (size=9)
80C251870,0.1,isolated micro-cluster (size=7)
80C253700,0.1,isolated micro-cluster (size=7)
80C266E60,0.0,baseline structural profile; no graph anomalies detected
80C276E00,0.0,baseline structural profile; no graph anomalies detected
80C286FB0,0.2,topological outlier in Node2Vec space (DBSCAN outlier)
80C28F640,0.1,isolated micro-cluster (size=5)
80C2A85F0,0.136,isolated micro-cluster (size=5)
80C2BD150,0.0,baseline structural profile; no graph anomalies detected
80C31B0D0,0.1,isolated micro-cluster (size=6)
80C335670,0.218,topological outlier in Node2Vec space (DBSCAN outlier)
80C3AF180,0.0,baseline structural profile; no graph anomalies detected
80C3B5210,0.2,topological outlier in Node2Vec space (DBSCAN outlier)
80C3B6280,0.0,baseline structural profile; no graph anomalies detected
80C3B74D0,0.2,topological outlier in Node2Vec space (DBSCAN outlier)
80C3D01E0,0.1,isolated micro-cluster (size=8)
80C3D6BE0,0.0,baseline structural profile; no graph anomalies detected
80C3E3560,0.2,topological outlier in Node2Vec space (DBSCAN outlier)
80C3F32F0,0.2,topological outlier in Node2Vec space (DBSCAN outlier)
80C402560,0.1,isolated micro-cluster (size=5)
80C40DE90,0.1,isolated micro-cluster (size=6)
80C423720,0.0,baseline structural profile; no graph anomalies detected
80C4AEE90,0.1,isolated micro-cluster (size=10)
80C4AEEE0,0.1,isolated micro-cluster (size=10)
80C4B17B0,0.1,isolated micro-cluster (size=5)
80C4C7AC0,0.0,baseline structural profile; no graph anomalies detected
80C51E690,0.25,"topological outlier in Node2Vec space (DBSCAN outlier); high transaction volume (in=52, out=1)"
80C54F8E0,0.2,topological outlier in Node2Vec space (DBSCAN outlier)
80C5504E0,0.2,topological outlier in Node2Vec space (DBSCAN outlier)
80C575BC0,0.0,baseline structural profile; no graph anomalies detected
80C5EB5D0,0.2,topological outlier in Node2Vec space (DBSCAN outlier)
80C61F670,0.0,baseline structural profile; no graph anomalies detected
80C62D0B0,0.0,baseline structural profile; no graph anomalies detected
80C645C80,0.0,baseline structural profile; no graph anomalies detected
80C6A19A0,0.0,baseline structural profile; no graph anomalies detected
80C6C1E10,0.2,topological outlier in Node2Vec space (DBSCAN outlier)
80C6CA9C0,0.0,baseline structural profile; no graph anomalies detected
80C6CC8A0,0.0,baseline structural profile; no graph anomalies detected
80C6DA510,0.2,topological outlier in Node2Vec space (DBSCAN outlier)
80C6DBEB0,0.0,baseline structural profile; no graph anomalies detected
80C7BD2F0,0.0,baseline structural profile; no graph anomalies detected
80C7C4B10,0.25,"topological outlier in Node2Vec space (DBSCAN outlier); high transaction volume (in=56, out=2)"
80C7DB000,0.2,topological outlier in Node2Vec space (DBSCAN outlier)
80C7FD5F0,0.2,topological outlier in Node2Vec space (DBSCAN outlier)
80C7FDFB0,0.2,topological outlier in Node2Vec space (DBSCAN outlier)
80C81EF50,0.0,baseline structural profile; no graph anomalies detected
80C846280,0.1,isolated micro-cluster (size=5)
80C8A72A0,0.0,baseline structural profile; no graph anomalies detected
80C8A74B0,0.1,isolated micro-cluster (size=5)
80C8ACB20,0.2,topological outlier in Node2Vec space (DBSCAN outlier)
80C8DB500,0.2,topological outlier in Node2Vec space (DBSCAN outlier)
80C91EEA0,0.0,baseline structural profile; no graph anomalies detected
80C948B50,0.0,baseline structural profile; no graph anomalies detected
80C94D200,0.0,baseline structural profile; no graph anomalies detected
80C95AB20,0.2,topological outlier in Node2Vec space (DBSCAN outlier)
80C9BED80,0.2,topological outlier in Node2Vec space (DBSCAN outlier)
80CA10180,0.0,baseline structural profile; no graph anomalies detected
80CA33FB0,0.0,baseline structural profile; no graph anomalies detected
80CA342C0,0.0,baseline structural profile; no graph anomalies detected
80CA35EA0,0.0,baseline structural profile; no graph anomalies detected
80CA36CA0,0.2,topological outlier in Node2Vec space (DBSCAN outlier)
80CA396E0,0.0,baseline structural profile; no graph anomalies detected
80CA439D0,0.2,topological outlier in Node2Vec space (DBSCAN outlier)
80CA57140,0.2,topological outlier in Node2Vec space (DBSCAN outlier)
80CA5BBA0,0.2,topological outlier in Node2Vec space (DBSCAN outlier)
80CAE7060,0.0,baseline structural profile; no graph anomalies detected
80CAFC320,0.0,baseline structural profile; no graph anomalies detected
80CB11750,0.0,baseline structural profile; no graph anomalies detected
80CB220E0,0.0,baseline structural profile; no graph anomalies detected
80CB283D0,0.2,topological outlier in Node2Vec space (DBSCAN outlier)
80CB562E0,0.0,baseline structural profile; no graph anomalies detected
80CB9DD70,0.0,baseline structural profile; no graph anomalies detected
80CBABF80,0.0,baseline structural profile; no graph anomalies detected
80CBB3200,0.0,baseline structural profile; no graph anomalies detected
80CBDA5C0,0.0,baseline structural profile; no graph anomalies detected
80CBEB570,0.2,topological outlier in Node2Vec space (DBSCAN outlier)
80CC00720,0.0,baseline structural profile; no graph anomalies detected
80CC137B0,0.2,topological outlier in Node2Vec space (DBSCAN outlier)
80CC66860,0.2,topological outlier in Node2Vec space (DBSCAN outlier)
80CC72D10,0.2,topological outlier in Node2Vec space (DBSCAN outlier)
80CC821F0,0.0,baseline structural profile; no graph anomalies detected
80CC97D50,0.0,baseline structural profile; no graph anomalies detected
80CC9D4C0,0.0,baseline structural profile; no graph anomalies detected
80CCA5260,0.0,baseline structural profile; no graph anomalies detected
80CCA78F0,0.0,baseline structural profile; no graph anomalies detected
80CCA9280,0.2,topological outlier in Node2Vec space (DBSCAN outlier)
80CCC00B0,0.0,baseline structural profile; no graph anomalies detected
80CCDDFB0,0.0,baseline structural profile; no graph anomalies detected
80CD12B00,0.1,isolated micro-cluster (size=8)
80CD5CFC0,0.0,baseline structural profile; no graph anomalies detected
80CD7C780,0.2,topological outlier in Node2Vec space (DBSCAN outlier)
80CDA3A80,0.2,topological outlier in Node2Vec space (DBSCAN outlier)
80CDA3C60,0.2,topological outlier in Node2Vec space (DBSCAN outlier)
80CDD4350,0.0,baseline structural profile; no graph anomalies detected
80CDD7660,0.2,topological outlier in Node2Vec space (DBSCAN outlier)
80CDF02F0,0.1,isolated micro-cluster (size=5)
80CDF4B80,0.0,baseline structural profile; no graph anomalies detected
80CE12A00,0.136,isolated micro-cluster (size=5)
80CE1BAC0,0.1,isolated micro-cluster (size=5)
80CE1D480,0.1,isolated micro-cluster (size=5)
80CE1F030,0.0,baseline structural profile; no graph anomalies detected
80CE3A1B0,0.1,isolated micro-cluster (size=5)
80CE4ABC0,0.0,baseline structural profile; no graph anomalies detected
80CE54E40,0.2,topological outlier in Node2Vec space (DBSCAN outlier)
80CE5F730,0.2,topological outlier in Node2Vec space (DBSCAN outlier)
80CE72D80,0.2,topological outlier in Node2Vec space (DBSCAN outlier)
80CE93F90,0.2,topological outlier in Node2Vec space (DBSCAN outlier)
80CE97090,0.0,baseline structural profile; no graph anomalies detected
80CEC52A0,0.0,baseline structural profile; no graph anomalies detected
80CF0D380,0.2,topological outlier in Node2Vec space (DBSCAN outlier)
80CF111D0,0.2,topological outlier in Node2Vec space (DBSCAN outlier)
80CF6D060,0.2,topological outlier in Node2Vec space (DBSCAN outlier)
80CF831B0,0.2,topological outlier in Node2Vec space (DBSCAN outlier)
80CF8CAC0,0.2,topological outlier in Node2Vec space (DBSCAN outlier)
80CF95EA0,0.2,topological outlier in Node2Vec space (DBSCAN outlier)
80CFA5AA0,0.2,topological outlier in Node2Vec space (DBSCAN outlier)
80CFA5CD0,0.209,topological outlier in Node2Vec space (DBSCAN outlier)
80CFD5910,0.0,baseline structural profile; no graph anomalies detected
80CFE1960,0.0,baseline structural profile; no graph anomalies detected
80D009360,0.2,topological outlier in Node2Vec space (DBSCAN outlier)
80D0109A0,0.1,isolated micro-cluster (size=8)
80D018930,0.0,baseline structural profile; no graph anomalies detected
80D029B10,0.2,topological outlier in Node2Vec space (DBSCAN outlier)
80D03F980,0.0,baseline structural profile; no graph anomalies detected
80D042E00,0.0,baseline structural profile; no graph anomalies detected
80D0501C0,0.1,isolated micro-cluster (size=9)
80D050ED0,0.0,baseline structural profile; no graph anomalies detected
80D065410,0.2,topological outlier in Node2Vec space (DBSCAN outlier)
80D066470,0.2,topological outlier in Node2Vec space (DBSCAN outlier)
80D06AC20,0.0,baseline structural profile; no graph anomalies detected
80D079290,0.0,baseline structural profile; no graph anomalies detected
80D08F540,0.0,baseline structural profile; no graph anomalies detected
80D0B79B0,0.0,baseline structural profile; no graph anomalies detected
80D0C77A0,0.2,topological outlier in Node2Vec space (DBSCAN outlier)
80D0D7650,0.0,baseline structural profile; no graph anomalies detected
80D0FFDB0,0.2,topological outlier in Node2Vec space (DBSCAN outlier)
80D109770,0.2,topological outlier in Node2Vec space (DBSCAN outlier)
80D114610,0.2,topological outlier in Node2Vec space (DBSCAN outlier)
80D123310,0.2,topological outlier in Node2Vec space (DBSCAN outlier)
80D12C330,0.2,topological outlier in Node2Vec space (DBSCAN outlier)
80D132BA0,0.2,topological outlier in Node2Vec space (DBSCAN outlier)
80D156220,0.2,topological outlier in Node2Vec space (DBSCAN outlier)
80D192830,0.0,baseline structural profile; no graph anomalies detected
80D1D7B70,0.0,baseline structural profile; no graph anomalies detected
80D1FC810,0.1,isolated micro-cluster (size=6)
80D216FC0,0.2,topological outlier in Node2Vec space (DBSCAN outlier)
80D2170B0,0.2,topological outlier in Node2Vec space (DBSCAN outlier)
80D224F50,0.1,isolated micro-cluster (size=5)
80D22A3F0,0.1,isolated micro-cluster (size=6)
80D266B50,0.0,baseline structural profile; no graph anomalies detected
80D295230,0.2,topological outlier in Node2Vec space (DBSCAN outlier)
80D2A0A70,0.1,isolated micro-cluster (size=8)
80D2A3C10,0.0,baseline structural profile; no graph anomalies detected
80D2B52C0,0.0,baseline structural profile; no graph anomalies detected
80D2DBD70,0.2,topological outlier in Node2Vec space (DBSCAN outlier)
80D2E18F0,0.2,topological outlier in Node2Vec space (DBSCAN outlier)
80D2E6E70,0.1,isolated micro-cluster (size=7)
80D2E9E20,0.2,topological outlier in Node2Vec space (DBSCAN outlier)
80D31E0B0,0.0,baseline structural profile; no graph anomalies detected
80D31E5E0,0.0,baseline structural profile; no graph anomalies detected
80D330100,0.2,topological outlier in Node2Vec space (DBSCAN outlier)
80D330650,0.2,topological outlier in Node2Vec space (DBSCAN outlier)
80D331150,0.2,topological outlier in Node2Vec space (DBSCAN outlier)
80D333270,0.1,isolated micro-cluster (size=6)
80D34D6B0,0.1,isolated micro-cluster (size=6)
80D34D7F0,0.1,isolated micro-cluster (size=6)
80D34D930,0.1,isolated micro-cluster (size=6)
80D34D980,0.1,isolated micro-cluster (size=6)
80D34D9D0,0.1,isolated micro-cluster (size=6)
80D34DAC0,0.1,isolated micro-cluster (size=6)
80D379350,0.0,baseline structural profile; no graph anomalies detected
80D37BF70,0.2,topological outlier in Node2Vec space (DBSCAN outlier)
80D3F4F30,0.1,isolated micro-cluster (size=7)
80D424E70,0.2,topological outlier in Node2Vec space (DBSCAN outlier)
80D4250F0,0.2,topological outlier in Node2Vec space (DBSCAN outlier)
80D4253C0,0.2,topological outlier in Node2Vec space (DBSCAN outlier)
80D426F90,0.2,topological outlier in Node2Vec space (DBSCAN outlier)
80D437B20,0.0,baseline structural profile; no graph anomalies detected
80D46DB20,0.2,topological outlier in Node2Vec space (DBSCAN outlier)
80D471DA0,0.1,isolated micro-cluster (size=8)
80D49E140,0.1,isolated micro-cluster (size=8)
80D4C5E10,0.0,baseline structural profile; no graph anomalies detected
80D4C7160,0.0,baseline structural profile; no graph anomalies detected
80D4F1D90,0.0,baseline structural profile; no graph anomalies detected
80D508C40,0.1,isolated micro-cluster (size=10)
80D53E870,0.2,topological outlier in Node2Vec space (DBSCAN outlier)
80D53E960,0.2,topological outlier in Node2Vec space (DBSCAN outlier)
80D555E10,0.0,baseline structural profile; no graph anomalies detected
80D568280,0.1,isolated micro-cluster (size=10)
80D599C70,0.2,topological outlier in Node2Vec space (DBSCAN outlier)
80D59B560,0.0,baseline structural profile; no graph anomalies detected
80D59BDC0,0.0,baseline structural profile; no graph anomalies detected
80D59E500,0.1,isolated micro-cluster (size=9)
80D5A3E00,0.2,topological outlier in Node2Vec space (DBSCAN outlier)
80D5C6F60,0.2,topological outlier in Node2Vec space (DBSCAN outlier)
80D5C7370,0.2,topological outlier in Node2Vec space (DBSCAN outlier)
80D5E1040,0.0,baseline structural profile; no graph anomalies detected
80D5FED70,0.218,topological outlier in Node2Vec space (DBSCAN outlier)
80D60B240,0.118,isolated micro-cluster (size=9)
80D6115F0,0.2,topological outlier in Node2Vec space (DBSCAN outlier)
80D64EC50,0.0,baseline structural profile; no graph anomalies detected
80D65FE50,0.1,isolated micro-cluster (size=9)
80D671480,0.2,topological outlier in Node2Vec space (DBSCAN outlier)
80D6836F0,0.0,baseline structural profile; no graph anomalies detected
80D687B80,0.218,topological outlier in Node2Vec space (DBSCAN outlier)
80D687C70,0.2,topological outlier in Node2Vec space (DBSCAN outlier)
80D6BE810,0.1,isolated micro-cluster (size=10)
80D6C0420,0.1,isolated micro-cluster (size=10)
80D6D4BD0,0.2,topological outlier in Node2Vec space (DBSCAN outlier)
80D6DB640,0.2,topological outlier in Node2Vec space (DBSCAN outlier)
80D6DD080,0.218,topological outlier in Node2Vec space (DBSCAN outlier)
80D6DD930,0.2,topological outlier in Node2Vec space (DBSCAN outlier)
80D6EAC10,0.2,topological outlier in Node2Vec space (DBSCAN outlier)
80D701BA0,0.0,baseline structural profile; no graph anomalies detected
80D71CDA0,0.0,baseline structural profile; no graph anomalies detected
80D71CE90,0.0,baseline structural profile; no graph anomalies detected
80D71CF30,0.0,baseline structural profile; no graph anomalies detected
80D71D430,0.0,baseline structural profile; no graph anomalies detected
80D71D7F0,0.4401,participates in circular transfer cycle; high flow betweenness centrality (bc=5.77e-07)
80D71E180,0.0,baseline structural profile; no graph anomalies detected
80D71E270,0.0,baseline structural profile; no graph anomalies detected
80D71E2C0,0.0,baseline structural profile; no graph anomalies detected
80D71E310,0.35,participates in circular transfer cycle
80D71E450,0.0,baseline structural profile; no graph anomalies detected
80D71E4A0,0.0,baseline structural profile; no graph anomalies detected
80D71E980,0.0,baseline structural profile; no graph anomalies detected
80D73B9E0,0.0,baseline structural profile; no graph anomalies detected
80D73C070,0.0,baseline structural profile; no graph anomalies detected
80D743690,0.0,baseline structural profile; no graph anomalies detected
80D754640,0.0,baseline structural profile; no graph anomalies detected
80D754960,0.0,baseline structural profile; no graph anomalies detected
80D76EF40,0.0,baseline structural profile; no graph anomalies detected
80D774460,0.218,topological outlier in Node2Vec space (DBSCAN outlier)
80D774640,0.2,topological outlier in Node2Vec space (DBSCAN outlier)
80D78B510,0.2,topological outlier in Node2Vec space (DBSCAN outlier)
80D7D6E60,0.0,baseline structural profile; no graph anomalies detected
80D7E2D30,0.2,topological outlier in Node2Vec space (DBSCAN outlier)
80D7EE9E0,0.0,baseline structural profile; no graph anomalies detected
80D7FE3B0,0.177,"isolated micro-cluster (size=5); high transaction volume (in=44, out=21)"
80D848F60,0.1541,isolated micro-cluster (size=9)
80D8498E0,0.0,baseline structural profile; no graph anomalies detected
80D858AE0,0.1,isolated micro-cluster (size=9)
80D891CE0,0.2,topological outlier in Node2Vec space (DBSCAN outlier)
80D8A7570,0.1,isolated micro-cluster (size=9)
80D8C11A0,0.1,isolated micro-cluster (size=9)
80D8C2FD0,0.2,topological outlier in Node2Vec space (DBSCAN outlier)
80D8C3020,0.2,topological outlier in Node2Vec space (DBSCAN outlier)
80D8C54F0,0.0,baseline structural profile; no graph anomalies detected
80D8CD130,0.2,topological outlier in Node2Vec space (DBSCAN outlier)
80D8D7C70,0.0,baseline structural profile; no graph anomalies detected
80D8F6410,0.2,topological outlier in Node2Vec space (DBSCAN outlier)
80D905C10,0.1,isolated micro-cluster (size=9)
80D9469F0,0.0,baseline structural profile; no graph anomalies detected
80D94A600,0.2,topological outlier in Node2Vec space (DBSCAN outlier)
80D974D60,0.1,isolated micro-cluster (size=6)
80D990260,0.0,baseline structural profile; no graph anomalies detected
80D9B9FD0,0.2,topological outlier in Node2Vec space (DBSCAN outlier)
80D9C25B0,0.2,topological outlier in Node2Vec space (DBSCAN outlier)
80D9D3480,0.2,topological outlier in Node2Vec space (DBSCAN outlier)
80D9E8AC0,0.0,baseline structural profile; no graph anomalies detected
80DA17F00,0.0,baseline structural profile; no graph anomalies detected
80DA4BD50,0.2,topological outlier in Node2Vec space (DBSCAN outlier)
80DA5BA10,0.0,baseline structural profile; no graph anomalies detected
80DA73BF0,0.0,baseline structural profile; no graph anomalies detected
80DA9EC00,0.2,topological outlier in Node2Vec space (DBSCAN outlier)
80DAB2450,0.2,topological outlier in Node2Vec space (DBSCAN outlier)
80DAE4500,0.0,baseline structural profile; no graph anomalies detected
80DAF8530,0.2,topological outlier in Node2Vec space (DBSCAN outlier)
80DB0AA30,0.0,baseline structural profile; no graph anomalies detected
80DB27F00,0.2,topological outlier in Node2Vec space (DBSCAN outlier)
80DB28040,0.2,topological outlier in Node2Vec space (DBSCAN outlier)
80DB44090,0.0,baseline structural profile; no graph anomalies detected
80DB6EB30,0.1,isolated micro-cluster (size=9)
80DBC4310,0.1,isolated micro-cluster (size=5)
80DC00F20,0.2,topological outlier in Node2Vec space (DBSCAN outlier)
80DC01210,0.0,baseline structural profile; no graph anomalies detected
80DC4C820,0.2,topological outlier in Node2Vec space (DBSCAN outlier)
80DC4EDE0,0.2,topological outlier in Node2Vec space (DBSCAN outlier)
80DC61710,0.0,baseline structural profile; no graph anomalies detected
80DC618A0,0.0,baseline structural profile; no graph anomalies detected
80DC6B9C0,0.1,isolated micro-cluster (size=6)
80DC7F790,0.0,baseline structural profile; no graph anomalies detected
80DC92D60,0.1,isolated micro-cluster (size=7)
80DD1C2A0,0.0,baseline structural profile; no graph anomalies detected
80DD39C40,0.0,baseline structural profile; no graph anomalies detected
80DD9DBE0,0.2,topological outlier in Node2Vec space (DBSCAN outlier)
80DDC92B0,0.1,isolated micro-cluster (size=6)
80DDE4FB0,0.0541,baseline structural profile; no graph anomalies detected
80DDE58F0,0.0,baseline structural profile; no graph anomalies detected
80DDE7430,0.0,baseline structural profile; no graph anomalies detected
80DDE7570,0.0,baseline structural profile; no graph anomalies detected
80DDECC40,0.2,topological outlier in Node2Vec space (DBSCAN outlier)
80DDED730,0.2,topological outlier in Node2Vec space (DBSCAN outlier)
80DDFA4B0,0.2,topological outlier in Node2Vec space (DBSCAN outlier)
80DE139F0,0.1,isolated micro-cluster (size=9)
80DE62EC0,0.2,topological outlier in Node2Vec space (DBSCAN outlier)
80DE85570,0.0,baseline structural profile; no graph anomalies detected
80DE86AF0,0.1,isolated micro-cluster (size=5)
80DE9A9F0,0.0,baseline structural profile; no graph anomalies detected
80DE9B300,0.0,baseline structural profile; no graph anomalies detected
80DEDD0C0,0.1,isolated micro-cluster (size=9)
80DEE27D0,0.0,baseline structural profile; no graph anomalies detected
80DEF2DC0,0.2,topological outlier in Node2Vec space (DBSCAN outlier)
80DEF2E10,0.2,topological outlier in Node2Vec space (DBSCAN outlier)
80DF24B60,0.1,isolated micro-cluster (size=9)
80DF24CA0,0.1631,isolated micro-cluster (size=9)
80DF27550,0.2,topological outlier in Node2Vec space (DBSCAN outlier)
80DF278C0,0.2,topological outlier in Node2Vec space (DBSCAN outlier)
80DF286B0,0.2,topological outlier in Node2Vec space (DBSCAN outlier)
80DF886E0,0.0,baseline structural profile; no graph anomalies detected
80DFA2870,0.2,topological outlier in Node2Vec space (DBSCAN outlier)
80DFA7EA0,0.0,baseline structural profile; no graph anomalies detected
80DFDCD10,0.1,isolated micro-cluster (size=10)
80DFDEBB0,0.1721,isolated micro-cluster (size=10)
80DFE4190,0.2,topological outlier in Node2Vec space (DBSCAN outlier)
80DFE4230,0.2,topological outlier in Node2Vec space (DBSCAN outlier)
80E02C450,0.2,topological outlier in Node2Vec space (DBSCAN outlier)
80E02F4B0,0.0,baseline structural profile; no graph anomalies detected
80E03E080,0.2,topological outlier in Node2Vec space (DBSCAN outlier)
80E05C430,0.2,topological outlier in Node2Vec space (DBSCAN outlier)
80E06B610,0.2,topological outlier in Node2Vec space (DBSCAN outlier)
80E06B700,0.2,topological outlier in Node2Vec space (DBSCAN outlier)
80E06EFE0,0.2041,"isolated micro-cluster (size=6); high transaction volume (in=30, out=43)"
80E09AF90,0.1,isolated micro-cluster (size=7)
80E0EE0B0,0.0,baseline structural profile; no graph anomalies detected
80E0F20D0,0.1,isolated micro-cluster (size=10)
80E0F2170,0.1721,isolated micro-cluster (size=10)
80E136170,0.0,baseline structural profile; no graph anomalies detected
80E145DA0,0.0,baseline structural profile; no graph anomalies detected
80E17F420,0.0,baseline structural profile; no graph anomalies detected
80E196160,0.2,topological outlier in Node2Vec space (DBSCAN outlier)
80E196D60,0.2,topological outlier in Node2Vec space (DBSCAN outlier)
80E1996C0,0.0,baseline structural profile; no graph anomalies detected
80E1B20D0,0.0,baseline structural profile; no graph anomalies detected
80E1BFB50,0.2,topological outlier in Node2Vec space (DBSCAN outlier)
80E1C8E10,0.1,isolated micro-cluster (size=5)
80E1CA820,0.0,baseline structural profile; no graph anomalies detected
80E1CA910,0.0,baseline structural profile; no graph anomalies detected
80E1D2640,0.1,isolated micro-cluster (size=6)
80E1F1D30,0.0,baseline structural profile; no graph anomalies detected
80E2033E0,0.0,baseline structural profile; no graph anomalies detected
80E2410E0,0.218,topological outlier in Node2Vec space (DBSCAN outlier)
80E26CD20,0.0,baseline structural profile; no graph anomalies detected
80E2AB5C0,0.2,topological outlier in Node2Vec space (DBSCAN outlier)
80E2B11D0,0.1,isolated micro-cluster (size=5)
80E2B3F50,0.2,topological outlier in Node2Vec space (DBSCAN outlier)
80E2E6050,0.0,baseline structural profile; no graph anomalies detected
80E2F85D0,0.0,baseline structural profile; no graph anomalies detected
80E330AB0,0.0,baseline structural profile; no graph anomalies detected
80E337F70,0.0,baseline structural profile; no graph anomalies detected
80E342E80,0.0,baseline structural profile; no graph anomalies detected
80E34D0D0,0.0,baseline structural profile; no graph anomalies detected
80E356AA0,0.577,participates in circular transfer cycle; topological outlier in Node2Vec space (DBSCAN outlier)
80E356EE0,0.55,participates in circular transfer cycle; topological outlier in Node2Vec space (DBSCAN outlier)
80E36D990,0.2,topological outlier in Node2Vec space (DBSCAN outlier)
80E36E5E0,0.2,topological outlier in Node2Vec space (DBSCAN outlier)
80E37FA70,0.2,topological outlier in Node2Vec space (DBSCAN outlier)
80E3AE1B0,0.0,baseline structural profile; no graph anomalies detected
80E3ED5C0,0.0,baseline structural profile; no graph anomalies detected
80E4193A0,0.2,topological outlier in Node2Vec space (DBSCAN outlier)
80E444860,0.2,topological outlier in Node2Vec space (DBSCAN outlier)
80E48B7A0,0.0,baseline structural profile; no graph anomalies detected
80E4AF290,0.1,isolated micro-cluster (size=9)
80E4D0390,0.0,baseline structural profile; no graph anomalies detected
80E4DBA50,0.1,isolated micro-cluster (size=6)
80E4DCDF0,0.1,isolated micro-cluster (size=6)
80E528170,0.0,baseline structural profile; no graph anomalies detected
80E550120,0.0,baseline structural profile; no graph anomalies detected
80E565BA0,0.1,isolated micro-cluster (size=10)
80E566E90,0.2,topological outlier in Node2Vec space (DBSCAN outlier)
80E567790,0.2,topological outlier in Node2Vec space (DBSCAN outlier)
80E56F9F0,0.0,baseline structural profile; no graph anomalies detected
80E57B8A0,0.0,baseline structural profile; no graph anomalies detected
80E57B940,0.0,baseline structural profile; no graph anomalies detected
80E5BDC10,0.2,topological outlier in Node2Vec space (DBSCAN outlier)
80E5C33D0,0.186,"isolated micro-cluster (size=5); high transaction volume (in=35, out=26)"
80E5E0320,0.0,baseline structural profile; no graph anomalies detected
80E5F4580,0.2,topological outlier in Node2Vec space (DBSCAN outlier)
80E614650,0.1,isolated micro-cluster (size=5)
80E635330,0.2,topological outlier in Node2Vec space (DBSCAN outlier)
80E641BB0,0.0,baseline structural profile; no graph anomalies detected
80E649670,0.0,baseline structural profile; no graph anomalies detected
80E661730,0.2,topological outlier in Node2Vec space (DBSCAN outlier)
80E6629B0,0.2,topological outlier in Node2Vec space (DBSCAN outlier)
80E66F9C0,0.0,baseline structural profile; no graph anomalies detected
80E6B3560,0.0,baseline structural profile; no graph anomalies detected
80E6BE840,0.1,isolated micro-cluster (size=5)
80E6DB5B0,0.0,baseline structural profile; no graph anomalies detected
80E6E0220,0.209,topological outlier in Node2Vec space (DBSCAN outlier)
80E702F80,0.1,isolated micro-cluster (size=8)
80E703CB0,0.2,topological outlier in Node2Vec space (DBSCAN outlier)
80E709690,0.0,baseline structural profile; no graph anomalies detected
80E73AFE0,0.1,isolated micro-cluster (size=6)
80E75B310,0.2,topological outlier in Node2Vec space (DBSCAN outlier)
80E75D8D0,0.2,topological outlier in Node2Vec space (DBSCAN outlier)
80E762110,0.0,baseline structural profile; no graph anomalies detected
80E787860,0.2,topological outlier in Node2Vec space (DBSCAN outlier)
80E795940,0.0,baseline structural profile; no graph anomalies detected
80E7A4FA0,0.0,baseline structural profile; no graph anomalies detected
80E7D50F0,0.218,topological outlier in Node2Vec space (DBSCAN outlier)
80E7D5720,0.2,topological outlier in Node2Vec space (DBSCAN outlier)
80E7E18F0,0.0,baseline structural profile; no graph anomalies detected
80E7E2AC0,0.2,topological outlier in Node2Vec space (DBSCAN outlier)
80E867890,0.1,isolated micro-cluster (size=6)
80E8975D0,0.1,isolated micro-cluster (size=6)
80E8BCD10,0.2,topological outlier in Node2Vec space (DBSCAN outlier)
80E8C8060,0.218,topological outlier in Node2Vec space (DBSCAN outlier)
80E8FDFF0,0.2,topological outlier in Node2Vec space (DBSCAN outlier)
80E9090C0,0.0,baseline structural profile; no graph anomalies detected
80E914B40,0.2,topological outlier in Node2Vec space (DBSCAN outlier)
80E9331D0,0.0,baseline structural profile; no graph anomalies detected
80E936110,0.1,isolated micro-cluster (size=5)
80E941750,0.145,isolated micro-cluster (size=7)
80E9486A0,0.0,baseline structural profile; no graph anomalies detected
80E94B130,0.136,isolated micro-cluster (size=5)
80E9778E0,0.0,baseline structural profile; no graph anomalies detected
80E995D70,0.0,baseline structural profile; no graph anomalies detected
80E9E4A30,0.0,baseline structural profile; no graph anomalies detected
80EA2DA50,0.0,baseline structural profile; no graph anomalies detected
80EA61460,0.2,topological outlier in Node2Vec space (DBSCAN outlier)
80EA87680,0.0,baseline structural profile; no graph anomalies detected
80EB0DC50,0.0,baseline structural profile; no graph anomalies detected
80EB13650,0.0,baseline structural profile; no graph anomalies detected
80EB7BF50,0.0,baseline structural profile; no graph anomalies detected
80EBB8430,0.1,isolated micro-cluster (size=5)
80EBD7AE0,0.0,baseline structural profile; no graph anomalies detected
80EBEA2B0,0.2,topological outlier in Node2Vec space (DBSCAN outlier)
80EBEB300,0.2,topological outlier in Node2Vec space (DBSCAN outlier)
80EBF8260,0.2,topological outlier in Node2Vec space (DBSCAN outlier)
80EC174E0,0.1,isolated micro-cluster (size=10)
80EC23520,0.218,topological outlier in Node2Vec space (DBSCAN outlier)
80EC3FEB0,0.0,baseline structural profile; no graph anomalies detected
80EC59E70,0.0,baseline structural profile; no graph anomalies detected
80EC68410,0.0,baseline structural profile; no graph anomalies detected
80EC87030,0.1,isolated micro-cluster (size=7)
80ECAB3C0,0.2,topological outlier in Node2Vec space (DBSCAN outlier)
80ECAEAC0,0.0,baseline structural profile; no graph anomalies detected
80ECC4460,0.25,"topological outlier in Node2Vec space (DBSCAN outlier); high transaction volume (in=56, out=2)"
80ECC4C40,0.2,topological outlier in Node2Vec space (DBSCAN outlier)
80ECE1840,0.0,baseline structural profile; no graph anomalies detected
80ECE4CA0,0.0,baseline structural profile; no graph anomalies detected
80ECEF920,0.0,baseline structural profile; no graph anomalies detected
80ECFD4D0,0.0,baseline structural profile; no graph anomalies detected
80ED002D0,0.25,"high flow betweenness centrality (bc=3.46e-06); high transaction volume (in=31, out=30)"
80ED20370,0.1,isolated micro-cluster (size=6)
80ED3E9B0,0.0,baseline structural profile; no graph anomalies detected
80ED7CE00,0.1,isolated micro-cluster (size=7)
80ED853F0,0.2,topological outlier in Node2Vec space (DBSCAN outlier)
80ED8EA50,0.2,topological outlier in Node2Vec space (DBSCAN outlier)
80EE0FB00,0.0,baseline structural profile; no graph anomalies detected
80EE1B960,0.2,topological outlier in Node2Vec space (DBSCAN outlier)
80EE85CD0,0.0,baseline structural profile; no graph anomalies detected
80EE94A90,0.0,baseline structural profile; no graph anomalies detected
80EEE6DF0,0.1,isolated micro-cluster (size=5)
80EF13770,0.0,baseline structural profile; no graph anomalies detected
80EF21E50,0.2,topological outlier in Node2Vec space (DBSCAN outlier)
80EF23070,0.2,topological outlier in Node2Vec space (DBSCAN outlier)
80EF27BE0,0.2,topological outlier in Node2Vec space (DBSCAN outlier)
80EF36AB0,0.2,topological outlier in Node2Vec space (DBSCAN outlier)
80EF46FE0,0.1,isolated micro-cluster (size=5)
80EF8E2D0,0.0,baseline structural profile; no graph anomalies detected
80EF93410,0.1,isolated micro-cluster (size=7)
80EF98850,0.2,topological outlier in Node2Vec space (DBSCAN outlier)
80EFBA910,0.0,baseline structural profile; no graph anomalies detected
80EFBFF60,0.0,baseline structural profile; no graph anomalies detected
80EFC0850,0.2,topological outlier in Node2Vec space (DBSCAN outlier)
80EFC8780,0.2,topological outlier in Node2Vec space (DBSCAN outlier)
80EFC8EE0,0.0,baseline structural profile; no graph anomalies detected
80F01CBA0,0.2,topological outlier in Node2Vec space (DBSCAN outlier)
80F01CCE0,0.2,topological outlier in Node2Vec space (DBSCAN outlier)
80F04C830,0.2,topological outlier in Node2Vec space (DBSCAN outlier)
80F050AE0,0.2,topological outlier in Node2Vec space (DBSCAN outlier)
80F054820,0.1,isolated micro-cluster (size=6)
80F0D2AB0,0.0,baseline structural profile; no graph anomalies detected
80F0FFBF0,0.0,baseline structural profile; no graph anomalies detected
80F1084B0,0.0,baseline structural profile; no graph anomalies detected
80F124C70,0.0,baseline structural profile; no graph anomalies detected
80F1283D0,0.1,isolated micro-cluster (size=6)
80F178D30,0.0,baseline structural profile; no graph anomalies detected
80F1F8CE0,0.0,baseline structural profile; no graph anomalies detected
80F203B70,0.2,topological outlier in Node2Vec space (DBSCAN outlier)
80F203DF0,0.2,topological outlier in Node2Vec space (DBSCAN outlier)
80F203E40,0.2,topological outlier in Node2Vec space (DBSCAN outlier)
80F20F3B0,0.2,topological outlier in Node2Vec space (DBSCAN outlier)
80F211DF0,0.2,topological outlier in Node2Vec space (DBSCAN outlier)
80F211F30,0.2,topological outlier in Node2Vec space (DBSCAN outlier)
80F21BAF0,0.0,baseline structural profile; no graph anomalies detected
80F23BB10,0.2,topological outlier in Node2Vec space (DBSCAN outlier)
80F23C500,0.209,topological outlier in Node2Vec space (DBSCAN outlier)
80F24BCE0,0.1,isolated micro-cluster (size=10)
80F266500,0.2,topological outlier in Node2Vec space (DBSCAN outlier)
80F289300,0.2,topological outlier in Node2Vec space (DBSCAN outlier)
80F292B00,0.2,topological outlier in Node2Vec space (DBSCAN outlier)
80F29CD10,0.2,topological outlier in Node2Vec space (DBSCAN outlier)
80F2BDEE0,0.2,topological outlier in Node2Vec space (DBSCAN outlier)
80F2EBFE0,0.0,baseline structural profile; no graph anomalies detected
80F2F3050,0.218,topological outlier in Node2Vec space (DBSCAN outlier)
80F2F3200,0.2,topological outlier in Node2Vec space (DBSCAN outlier)
80F2F4200,0.2,topological outlier in Node2Vec space (DBSCAN outlier)
80F31B7F0,0.1,isolated micro-cluster (size=6)
80F321B40,0.1,isolated micro-cluster (size=6)
80F354A00,0.1,isolated micro-cluster (size=5)
80F38BBB0,0.1,isolated micro-cluster (size=8)
80F394100,0.1,isolated micro-cluster (size=6)
80F3FC210,0.2,topological outlier in Node2Vec space (DBSCAN outlier)
80F439E90,0.2,topological outlier in Node2Vec space (DBSCAN outlier)
80F44B6E0,0.136,isolated micro-cluster (size=6)
80F460050,0.0,baseline structural profile; no graph anomalies detected
80F463D20,0.0,baseline structural profile; no graph anomalies detected
80F466F70,0.0,baseline structural profile; no graph anomalies detected
80F478E10,0.209,topological outlier in Node2Vec space (DBSCAN outlier)
80F47A310,0.2,topological outlier in Node2Vec space (DBSCAN outlier)
80F48C6C0,0.2,topological outlier in Node2Vec space (DBSCAN outlier)
80F49A270,0.0,baseline structural profile; no graph anomalies detected
80F4A8780,0.0,baseline structural profile; no graph anomalies detected
80F4BD3A0,0.0,baseline structural profile; no graph anomalies detected
80F4E70B0,0.0,baseline structural profile; no graph anomalies detected
80F4F9D90,0.2,topological outlier in Node2Vec space (DBSCAN outlier)
80F500370,0.0,baseline structural profile; no graph anomalies detected
80F564EA0,0.2,topological outlier in Node2Vec space (DBSCAN outlier)
80F56EE40,0.0,baseline structural profile; no graph anomalies detected
80F5796D0,0.0,baseline structural profile; no graph anomalies detected
80F57C620,0.0,baseline structural profile; no graph anomalies detected
80F587CE0,0.0,baseline structural profile; no graph anomalies detected
80F5A94D0,0.2,topological outlier in Node2Vec space (DBSCAN outlier)
80F5AB7A0,0.0,baseline structural profile; no graph anomalies detected
80F5F7BF0,0.1,isolated micro-cluster (size=7)
80F60D330,0.0,baseline structural profile; no graph anomalies detected
80F669B00,0.0,baseline structural profile; no graph anomalies detected
80F67C8B0,0.218,topological outlier in Node2Vec space (DBSCAN outlier)
80F691640,0.1,isolated micro-cluster (size=9)
80F69D190,0.0,baseline structural profile; no graph anomalies detected
80F69D510,0.1,isolated micro-cluster (size=6)
80F6AFED0,0.2,topological outlier in Node2Vec space (DBSCAN outlier)
80F6BA500,0.0,baseline structural profile; no graph anomalies detected
80F6D3C70,0.0,baseline structural profile; no graph anomalies detected
80F6FE710,0.2041,"isolated micro-cluster (size=6); high transaction volume (in=52, out=36)"
80F716D20,0.2,topological outlier in Node2Vec space (DBSCAN outlier)
80F79F010,0.0,baseline structural profile; no graph anomalies detected
80F7A83B0,0.1,isolated micro-cluster (size=9)
80F7CE4C0,0.0,baseline structural profile; no graph anomalies detected
80F7CF970,0.0,baseline structural profile; no graph anomalies detected
80F7D6660,0.0,baseline structural profile; no graph anomalies detected
80F85E470,0.2,topological outlier in Node2Vec space (DBSCAN outlier)
80F86B020,0.2,topological outlier in Node2Vec space (DBSCAN outlier)
80F86B1B0,0.2,topological outlier in Node2Vec space (DBSCAN outlier)
80F86BA00,0.2,topological outlier in Node2Vec space (DBSCAN outlier)
80F879FA0,0.136,isolated micro-cluster (size=6)
80F87C640,0.0,baseline structural profile; no graph anomalies detected
80F8B7290,0.0,baseline structural profile; no graph anomalies detected
80F8C3CA0,0.0,baseline structural profile; no graph anomalies detected
80F8D3790,0.1,isolated micro-cluster (size=5)
80F8D6A20,0.1,isolated micro-cluster (size=8)
80F903660,0.0,baseline structural profile; no graph anomalies detected
80F90D4B0,0.1,isolated micro-cluster (size=6)
80F9A0F40,0.2,topological outlier in Node2Vec space (DBSCAN outlier)
80FA16DF0,0.2,topological outlier in Node2Vec space (DBSCAN outlier)
80FA4E700,0.2,topological outlier in Node2Vec space (DBSCAN outlier)
80FA54580,0.2,topological outlier in Node2Vec space (DBSCAN outlier)
80FA76900,0.2,topological outlier in Node2Vec space (DBSCAN outlier)
80FA76950,0.209,topological outlier in Node2Vec space (DBSCAN outlier)
80FA98B00,0.0,baseline structural profile; no graph anomalies detected
80FA9EB10,0.0,baseline structural profile; no graph anomalies detected
80FAC8EB0,0.1,isolated micro-cluster (size=5)
80FAD8020,0.2,topological outlier in Node2Vec space (DBSCAN outlier)
80FB16BD0,0.2,topological outlier in Node2Vec space (DBSCAN outlier)
80FB1DD20,0.2,topological outlier in Node2Vec space (DBSCAN outlier)
80FB61270,0.0,baseline structural profile; no graph anomalies detected
80FB8A6A0,0.0,baseline structural profile; no graph anomalies detected
80FC107F0,0.0,baseline structural profile; no graph anomalies detected
80FC16870,0.0,baseline structural profile; no graph anomalies detected
80FC35230,0.0,baseline structural profile; no graph anomalies detected
80FC517D0,0.0,baseline structural profile; no graph anomalies detected
80FC8F980,0.0,baseline structural profile; no graph anomalies detected
80FCB8380,0.0,baseline structural profile; no graph anomalies detected
80FCDA990,0.1,isolated micro-cluster (size=6)
80FCE9D40,0.2,topological outlier in Node2Vec space (DBSCAN outlier)
80FD26790,0.1,isolated micro-cluster (size=7)
80FD27A20,0.1721,isolated micro-cluster (size=7)
80FD32260,0.2,topological outlier in Node2Vec space (DBSCAN outlier)
80FD42840,0.1,isolated micro-cluster (size=5)
80FD51BF0,0.1,isolated micro-cluster (size=5)
80FD62800,0.2,topological outlier in Node2Vec space (DBSCAN outlier)
80FD78AC0,0.1,isolated micro-cluster (size=7)
80FD815E0,0.2,topological outlier in Node2Vec space (DBSCAN outlier)
80FD81810,0.2,topological outlier in Node2Vec space (DBSCAN outlier)
80FDAF820,0.1,isolated micro-cluster (size=5)
80FDB4F20,0.1,isolated micro-cluster (size=7)
80FDCE320,0.2,topological outlier in Node2Vec space (DBSCAN outlier)
80FDD2370,0.2,topological outlier in Node2Vec space (DBSCAN outlier)
80FDDAA70,0.1,isolated micro-cluster (size=7)
80FDE7B60,0.0,baseline structural profile; no graph anomalies detected
80FE109A0,0.1,isolated micro-cluster (size=6)
80FE11450,0.2,topological outlier in Node2Vec space (DBSCAN outlier)
80FE11FA0,0.218,topological outlier in Node2Vec space (DBSCAN outlier)
80FE124F0,0.2,topological outlier in Node2Vec space (DBSCAN outlier)
80FE14260,0.2,topological outlier in Node2Vec space (DBSCAN outlier)
80FE6AB90,0.0,baseline structural profile; no graph anomalies detected
80FE75ED0,0.2,topological outlier in Node2Vec space (DBSCAN outlier)
80FE783F0,0.2,topological outlier in Node2Vec space (DBSCAN outlier)
80FE7C0C0,0.0,baseline structural profile; no graph anomalies detected
80FE91FD0,0.2,topological outlier in Node2Vec space (DBSCAN outlier)
80FEA9150,0.1,isolated micro-cluster (size=5)
80FECCF30,0.1,isolated micro-cluster (size=10)
80FEF6B80,0.0,baseline structural profile; no graph anomalies detected
80FF15F30,0.0,baseline structural profile; no graph anomalies detected
80FF21930,0.0,baseline structural profile; no graph anomalies detected
80FF28080,0.0,baseline structural profile; no graph anomalies detected
80FF33910,0.1,isolated micro-cluster (size=6)
80FF589E0,0.0,baseline structural profile; no graph anomalies detected
80FF91CE0,0.2,topological outlier in Node2Vec space (DBSCAN outlier)
80FF9B000,0.0,baseline structural profile; no graph anomalies detected
80FF9CB70,0.0,baseline structural profile; no graph anomalies detected
80FF9CD00,0.25,"high flow betweenness centrality (bc=1.73e-06); high transaction volume (in=16, out=61)"
80FFB24E0,0.0,baseline structural profile; no graph anomalies detected
80FFEFBE0,0.1,isolated micro-cluster (size=7)
8100032B0,0.1,isolated micro-cluster (size=5)
8100256D0,0.0,baseline structural profile; no graph anomalies detected
8100381E0,0.0,baseline structural profile; no graph anomalies detected
8100392E0,0.1,isolated micro-cluster (size=5)
810048300,0.0,baseline structural profile; no graph anomalies detected
810049F50,0.2,topological outlier in Node2Vec space (DBSCAN outlier)
81004FA10,0.2,topological outlier in Node2Vec space (DBSCAN outlier)
81009B1E0,0.2,topological outlier in Node2Vec space (DBSCAN outlier)
8100A2E80,0.0,baseline structural profile; no graph anomalies detected
8100A6B40,0.2,topological outlier in Node2Vec space (DBSCAN outlier)
8100A6DB0,0.1,isolated micro-cluster (size=6)
8100A9CC0,0.1,isolated micro-cluster (size=6)
8100AA4C0,0.2,topological outlier in Node2Vec space (DBSCAN outlier)
8100CE550,0.2,topological outlier in Node2Vec space (DBSCAN outlier)
8100CEB30,0.2,topological outlier in Node2Vec space (DBSCAN outlier)
8100EF720,0.1,isolated micro-cluster (size=5)
8100F2040,0.1,isolated micro-cluster (size=6)
8100F2930,0.2,topological outlier in Node2Vec space (DBSCAN outlier)
8100F9D70,0.0,baseline structural profile; no graph anomalies detected
8100FA610,0.2,topological outlier in Node2Vec space (DBSCAN outlier)
8100FF0F0,0.2,topological outlier in Node2Vec space (DBSCAN outlier)
810125E00,0.2,topological outlier in Node2Vec space (DBSCAN outlier)
81012CA00,0.0,baseline structural profile; no graph anomalies detected
810136F90,0.0,baseline structural profile; no graph anomalies detected
810137490,0.0,baseline structural profile; no graph anomalies detected
81014CB60,0.2,topological outlier in Node2Vec space (DBSCAN outlier)
810166F30,0.2,topological outlier in Node2Vec space (DBSCAN outlier)
810184CE0,0.0,baseline structural profile; no graph anomalies detected
810193480,0.0,baseline structural profile; no graph anomalies detected
8101A38B0,0.1,isolated micro-cluster (size=5)
8101BD360,0.2,topological outlier in Node2Vec space (DBSCAN outlier)
8101CEF90,0.218,topological outlier in Node2Vec space (DBSCAN outlier)
8101DA920,0.2,topological outlier in Node2Vec space (DBSCAN outlier)
8101E0CD0,0.0,baseline structural profile; no graph anomalies detected
81020A870,0.0,baseline structural profile; no graph anomalies detected
810224850,0.2,topological outlier in Node2Vec space (DBSCAN outlier)
810225970,0.0,baseline structural profile; no graph anomalies detected
81022DE40,0.2,topological outlier in Node2Vec space (DBSCAN outlier)
81022DE90,0.2,topological outlier in Node2Vec space (DBSCAN outlier)
810230EF0,0.1,isolated micro-cluster (size=5)
8102397F0,0.1,isolated micro-cluster (size=7)
81024BE80,0.2,topological outlier in Node2Vec space (DBSCAN outlier)
81024DE80,0.0,baseline structural profile; no graph anomalies detected
8102515B0,0.1,isolated micro-cluster (size=9)
81025D190,0.2,topological outlier in Node2Vec space (DBSCAN outlier)
810275F80,0.2,topological outlier in Node2Vec space (DBSCAN outlier)
810280740,0.2,topological outlier in Node2Vec space (DBSCAN outlier)
810297B80,0.1721,isolated micro-cluster (size=10)
810297BD0,0.1,isolated micro-cluster (size=10)
81029D270,0.2,topological outlier in Node2Vec space (DBSCAN outlier)
81029E820,0.1,isolated micro-cluster (size=5)
8102AEAC0,0.0,baseline structural profile; no graph anomalies detected
8102CCEC0,0.0,baseline structural profile; no graph anomalies detected
8102EDBF0,0.0,baseline structural profile; no graph anomalies detected
810325B30,0.1,isolated micro-cluster (size=9)
81034D310,0.0,baseline structural profile; no graph anomalies detected
81035FB40,0.1,isolated micro-cluster (size=5)
81038E350,0.0,baseline structural profile; no graph anomalies detected
8103925F0,0.0,baseline structural profile; no graph anomalies detected
8103B2E50,0.25,"topological outlier in Node2Vec space (DBSCAN outlier); high transaction volume (in=56, out=1)"
8103C2850,0.0,baseline structural profile; no graph anomalies detected
81040ACB0,0.0,baseline structural profile; no graph anomalies detected
81043BD40,0.2,topological outlier in Node2Vec space (DBSCAN outlier)
81043BDE0,0.2,topological outlier in Node2Vec space (DBSCAN outlier)
810449DB0,0.2,topological outlier in Node2Vec space (DBSCAN outlier)
810449E00,0.2,topological outlier in Node2Vec space (DBSCAN outlier)
8104758C0,0.1,isolated micro-cluster (size=9)
810495360,0.0,baseline structural profile; no graph anomalies detected
81049D0A0,0.2,topological outlier in Node2Vec space (DBSCAN outlier)
8104BBFA0,0.1721,isolated micro-cluster (size=10)
8104BBFF0,0.1,isolated micro-cluster (size=10)
8104C9670,0.0,baseline structural profile; no graph anomalies detected
8104D7FC0,0.2,topological outlier in Node2Vec space (DBSCAN outlier)
810518810,0.0,baseline structural profile; no graph anomalies detected
810528570,0.1,isolated micro-cluster (size=5)
8105418F0,0.2041,"isolated micro-cluster (size=6); high transaction volume (in=25, out=46)"
81055CF40,0.0,baseline structural profile; no graph anomalies detected
8105A5FD0,0.1,isolated micro-cluster (size=8)
8105A7C20,0.1,isolated micro-cluster (size=10)
8105C7AB0,0.0,baseline structural profile; no graph anomalies detected
8105F1630,0.1,isolated micro-cluster (size=10)
8105F2950,0.218,topological outlier in Node2Vec space (DBSCAN outlier)
8105F9C70,0.2,topological outlier in Node2Vec space (DBSCAN outlier)
8105FFC50,0.1,isolated micro-cluster (size=6)
810614BF0,0.0,baseline structural profile; no graph anomalies detected
810632F70,0.0,baseline structural profile; no graph anomalies detected
810646D90,0.1,isolated micro-cluster (size=10)
8106479D0,0.0,baseline structural profile; no graph anomalies detected
810658100,0.0,baseline structural profile; no graph anomalies detected
81066C370,0.2,topological outlier in Node2Vec space (DBSCAN outlier)
8106F9FB0,0.0,baseline structural profile; no graph anomalies detected
810738DC0,0.0,baseline structural profile; no graph anomalies detected
810739710,0.0,baseline structural profile; no graph anomalies detected
810752AA0,0.2,topological outlier in Node2Vec space (DBSCAN outlier)
8107548E0,0.2,topological outlier in Node2Vec space (DBSCAN outlier)
810758CA0,0.1,isolated micro-cluster (size=10)
810771260,0.0,baseline structural profile; no graph anomalies detected
81078F1D0,0.1,isolated micro-cluster (size=5)
810797A30,0.0,baseline structural profile; no graph anomalies detected
81079C290,0.0,baseline structural profile; no graph anomalies detected
8107A0740,0.1,isolated micro-cluster (size=5)
8107B2600,0.186,"isolated micro-cluster (size=5); high transaction volume (in=17, out=41)"
8107BE4E0,0.2,topological outlier in Node2Vec space (DBSCAN outlier)
8107D15B0,0.1,isolated micro-cluster (size=5)
8107D2090,0.0,baseline structural profile; no graph anomalies detected
8107D38D0,0.0,baseline structural profile; no graph anomalies detected
8107D3970,0.1,isolated micro-cluster (size=5)
8107DA5E0,0.0,baseline structural profile; no graph anomalies detected
8107DD230,0.0,baseline structural profile; no graph anomalies detected
8107E0040,0.0,baseline structural profile; no graph anomalies detected
8107E6380,0.136,isolated micro-cluster (size=5)
8107F5090,0.0,baseline structural profile; no graph anomalies detected
8107FDE70,0.1,isolated micro-cluster (size=5)
81081FF00,0.2,topological outlier in Node2Vec space (DBSCAN outlier)
8108453F0,0.2,topological outlier in Node2Vec space (DBSCAN outlier)
810850440,0.1,isolated micro-cluster (size=8)
810850830,0.1,isolated micro-cluster (size=6)
810868D50,0.0,baseline structural profile; no graph anomalies detected
8108DB390,0.1,isolated micro-cluster (size=10)
81090E660,0.2,topological outlier in Node2Vec space (DBSCAN outlier)
810911970,0.218,topological outlier in Node2Vec space (DBSCAN outlier)
810916000,0.0,baseline structural profile; no graph anomalies detected
810945C00,0.186,"isolated micro-cluster (size=7); high transaction volume (in=19, out=41)"
810945F80,0.0,baseline structural profile; no graph anomalies detected
81095BC00,0.2,topological outlier in Node2Vec space (DBSCAN outlier)
810969100,0.2,topological outlier in Node2Vec space (DBSCAN outlier)
810990C20,0.1,isolated micro-cluster (size=5)
8109A4B60,0.1,isolated micro-cluster (size=5)
8109B38A0,0.2,topological outlier in Node2Vec space (DBSCAN outlier)
8109CBFA0,0.1,isolated micro-cluster (size=10)
810A05EF0,0.0,baseline structural profile; no graph anomalies detected
810A1C7D0,0.1,isolated micro-cluster (size=5)
810A1C8C0,0.127,isolated micro-cluster (size=5)
810A1CEB0,0.1,isolated micro-cluster (size=10)
810A280E0,0.2,topological outlier in Node2Vec space (DBSCAN outlier)
810A2A110,0.0,baseline structural profile; no graph anomalies detected
810A4CA30,0.0,baseline structural profile; no graph anomalies detected
810A88910,0.1,isolated micro-cluster (size=7)
810A8C2A0,0.2,topological outlier in Node2Vec space (DBSCAN outlier)
810A910F0,0.1,isolated micro-cluster (size=7)
810A9E040,0.0,baseline structural profile; no graph anomalies detected
810AB2E50,0.2,topological outlier in Node2Vec space (DBSCAN outlier)
810AB4E00,0.2,topological outlier in Node2Vec space (DBSCAN outlier)
810AE2970,0.0,baseline structural profile; no graph anomalies detected
810B01E70,0.2,topological outlier in Node2Vec space (DBSCAN outlier)
810B21010,0.0,baseline structural profile; no graph anomalies detected
810B25370,0.2,topological outlier in Node2Vec space (DBSCAN outlier)
810B4B940,0.127,isolated micro-cluster (size=5)
810B4BA30,0.1,isolated micro-cluster (size=5)
810B4C370,0.1,isolated micro-cluster (size=5)
810B4E1C0,0.1,isolated micro-cluster (size=5)
810B68EE0,0.0,baseline structural profile; no graph anomalies detected
810B76D80,0.2,topological outlier in Node2Vec space (DBSCAN outlier)
810B87120,0.2,topological outlier in Node2Vec space (DBSCAN outlier)
810B97080,0.1,isolated micro-cluster (size=5)
810BAC5B0,0.2,topological outlier in Node2Vec space (DBSCAN outlier)
810BBB950,0.1,isolated micro-cluster (size=6)
810BD7180,0.0,baseline structural profile; no graph anomalies detected
810BE6390,0.2,topological outlier in Node2Vec space (DBSCAN outlier)
810BEB440,0.1,isolated micro-cluster (size=6)
810BEE880,0.2,topological outlier in Node2Vec space (DBSCAN outlier)
810BEF1D0,0.2,topological outlier in Node2Vec space (DBSCAN outlier)
810BF0BF0,0.2,topological outlier in Node2Vec space (DBSCAN outlier)
810BF14C0,0.2,topological outlier in Node2Vec space (DBSCAN outlier)
810C0AB50,0.2,topological outlier in Node2Vec space (DBSCAN outlier)
810C383A0,0.0,baseline structural profile; no graph anomalies detected
810C3DAD0,0.1,isolated micro-cluster (size=8)
810C3FCA0,0.1,isolated micro-cluster (size=6)
810C5BEA0,0.0,baseline structural profile; no graph anomalies detected
810C62150,0.2,topological outlier in Node2Vec space (DBSCAN outlier)
810CB75B0,0.0,baseline structural profile; no graph anomalies detected
810CE30A0,0.1,isolated micro-cluster (size=5)
810CE3770,0.1,isolated micro-cluster (size=5)
810CE37C0,0.1,isolated micro-cluster (size=5)
810D033F0,0.0,baseline structural profile; no graph anomalies detected
810D0CCB0,0.1,isolated micro-cluster (size=5)
810D10340,0.2,topological outlier in Node2Vec space (DBSCAN outlier)
810D1B3D0,0.0,baseline structural profile; no graph anomalies detected
810D34E40,0.2,topological outlier in Node2Vec space (DBSCAN outlier)
810D70760,0.2,topological outlier in Node2Vec space (DBSCAN outlier)
810D97E80,0.0,baseline structural profile; no graph anomalies detected
810E42E60,0.2,topological outlier in Node2Vec space (DBSCAN outlier)
810E73560,0.0,baseline structural profile; no graph anomalies detected
810E92C30,0.1,isolated micro-cluster (size=8)
810E92FB0,0.0,baseline structural profile; no graph anomalies detected
810EC7D20,0.0,baseline structural profile; no graph anomalies detected
810EC7E10,0.1,isolated micro-cluster (size=6)
810EC7FA0,0.136,isolated micro-cluster (size=6)
810ED4960,0.218,topological outlier in Node2Vec space (DBSCAN outlier)
810EE25C0,0.2,topological outlier in Node2Vec space (DBSCAN outlier)
810F03D20,0.0,baseline structural profile; no graph anomalies detected
810F09E90,0.0,baseline structural profile; no graph anomalies detected
810F13C60,0.0,baseline structural profile; no graph anomalies detected
810F19150,0.0,baseline structural profile; no graph anomalies detected
810F1DC70,0.2,topological outlier in Node2Vec space (DBSCAN outlier)
810F21BC0,0.0,baseline structural profile; no graph anomalies detected
810F672B0,0.2,topological outlier in Node2Vec space (DBSCAN outlier)
810F7E740,0.0,baseline structural profile; no graph anomalies detected
810F86F20,0.2,topological outlier in Node2Vec space (DBSCAN outlier)
810FE36C0,0.1,isolated micro-cluster (size=6)
810FE37B0,0.1,isolated micro-cluster (size=6)
810FE3800,0.1,isolated micro-cluster (size=6)
810FE3850,0.1,isolated micro-cluster (size=6)
810FE38A0,0.1,isolated micro-cluster (size=6)
810FEE3D0,0.0,baseline structural profile; no graph anomalies detected
81100BF40,0.1,isolated micro-cluster (size=6)
811019F20,0.0,baseline structural profile; no graph anomalies detected
81102EEB0,0.0,baseline structural profile; no graph anomalies detected
811062A90,0.2,topological outlier in Node2Vec space (DBSCAN outlier)
811084390,0.1,isolated micro-cluster (size=9)
8110E5AD0,0.0,baseline structural profile; no graph anomalies detected
8110F4420,0.0,baseline structural profile; no graph anomalies detected
811115960,0.0,baseline structural profile; no graph anomalies detected
81114A0A0,0.0,baseline structural profile; no graph anomalies detected
811162BE0,0.0,baseline structural profile; no graph anomalies detected
811163860,0.0,baseline structural profile; no graph anomalies detected
8111A2AC0,0.2,topological outlier in Node2Vec space (DBSCAN outlier)
8111A5600,0.0,baseline structural profile; no graph anomalies detected
8111A8DB0,0.1,isolated micro-cluster (size=7)
8111A9B90,0.0,baseline structural profile; no graph anomalies detected
8111C9430,0.0,baseline structural profile; no graph anomalies detected
8111C9F30,0.0,baseline structural profile; no graph anomalies detected
8111D0A10,0.2,topological outlier in Node2Vec space (DBSCAN outlier)
8111D0DD0,0.2,topological outlier in Node2Vec space (DBSCAN outlier)
8111E3760,0.2,topological outlier in Node2Vec space (DBSCAN outlier)
8111EEE20,0.0,baseline structural profile; no graph anomalies detected
8111F52C0,0.1,isolated micro-cluster (size=10)
8111F7590,0.0,baseline structural profile; no graph anomalies detected
81120C4E0,0.2,topological outlier in Node2Vec space (DBSCAN outlier)
81120C4E1,0.2,topological outlier in Node2Vec space (DBSCAN outlier)
8112408E0,0.1,isolated micro-cluster (size=5)
81125A3E0,0.0,baseline structural profile; no graph anomalies detected
81125C0D0,0.2,topological outlier in Node2Vec space (DBSCAN outlier)
811269090,0.218,topological outlier in Node2Vec space (DBSCAN outlier)
811292C30,0.2,topological outlier in Node2Vec space (DBSCAN outlier)
8112932F0,0.2,topological outlier in Node2Vec space (DBSCAN outlier)
811294F10,0.2,topological outlier in Node2Vec space (DBSCAN outlier)
8112A73F0,0.0,baseline structural profile; no graph anomalies detected
8112D10A0,0.1,isolated micro-cluster (size=7)
8112E29E0,0.0,baseline structural profile; no graph anomalies detected
81131E870,0.0,baseline structural profile; no graph anomalies detected
811321730,0.1,isolated micro-cluster (size=10)
8113551E0,0.0,baseline structural profile; no graph anomalies detected
811380000,0.1,isolated micro-cluster (size=6)
81138EB00,0.2,topological outlier in Node2Vec space (DBSCAN outlier)
8113D29B0,0.2,topological outlier in Node2Vec space (DBSCAN outlier)
8113D5160,0.2,topological outlier in Node2Vec space (DBSCAN outlier)
8113DCFC0,0.0,baseline structural profile; no graph anomalies detected
8113DD870,0.0,baseline structural profile; no graph anomalies detected
8113DD960,0.0,baseline structural profile; no graph anomalies detected
8113DD9B0,0.0,baseline structural profile; no graph anomalies detected
8113DDA50,0.0,baseline structural profile; no graph anomalies detected
8113DDAA0,0.0,baseline structural profile; no graph anomalies detected
8113DDFF0,0.4401,participates in circular transfer cycle; high flow betweenness centrality (bc=5.77e-07)
8113DE090,0.0,baseline structural profile; no graph anomalies detected
8113DE1D0,0.0,baseline structural profile; no graph anomalies detected
8113DE220,0.0,baseline structural profile; no graph anomalies detected
8113DE310,0.35,participates in circular transfer cycle
8113DE3B0,0.0,baseline structural profile; no graph anomalies detected
8113FF390,0.1,isolated micro-cluster (size=6)
811429A80,0.55,participates in circular transfer cycle; topological outlier in Node2Vec space (DBSCAN outlier)
811429AD0,0.559,participates in circular transfer cycle; topological outlier in Node2Vec space (DBSCAN outlier)
811429B20,0.2,topological outlier in Node2Vec space (DBSCAN outlier)
81142D470,0.1,isolated micro-cluster (size=5)
811443DF0,0.1,isolated micro-cluster (size=10)
811488DA0,0.0,baseline structural profile; no graph anomalies detected
811491C40,0.2,topological outlier in Node2Vec space (DBSCAN outlier)
811491C90,0.2,topological outlier in Node2Vec space (DBSCAN outlier)
8114922F0,0.1,isolated micro-cluster (size=5)
8114AAFA0,0.2,topological outlier in Node2Vec space (DBSCAN outlier)
8114B21B0,0.1,isolated micro-cluster (size=7)
8114BCCE0,0.1,isolated micro-cluster (size=6)
8114D1E60,0.0,baseline structural profile; no graph anomalies detected
8114DBBC0,0.1,isolated micro-cluster (size=6)
8114DEBD0,0.2,topological outlier in Node2Vec space (DBSCAN outlier)
8114F8B80,0.2,topological outlier in Node2Vec space (DBSCAN outlier)
8114F8D10,0.2,topological outlier in Node2Vec space (DBSCAN outlier)
8114FF130,0.0,baseline structural profile; no graph anomalies detected
811505080,0.2,topological outlier in Node2Vec space (DBSCAN outlier)
811511650,0.0,baseline structural profile; no graph anomalies detected
811546190,0.2,topological outlier in Node2Vec space (DBSCAN outlier)
81154E790,0.2,topological outlier in Node2Vec space (DBSCAN outlier)
811558170,0.2,topological outlier in Node2Vec space (DBSCAN outlier)
811558620,0.2,topological outlier in Node2Vec space (DBSCAN outlier)
811562100,0.2,topological outlier in Node2Vec space (DBSCAN outlier)
81156DD20,0.2,topological outlier in Node2Vec space (DBSCAN outlier)
81156EB50,0.2,topological outlier in Node2Vec space (DBSCAN outlier)
8115ACC20,0.2,topological outlier in Node2Vec space (DBSCAN outlier)
81161EBA0,0.0,baseline structural profile; no graph anomalies detected
811625010,0.0,baseline structural profile; no graph anomalies detected
811630BD0,0.0,baseline structural profile; no graph anomalies detected
81167FEE0,0.2,topological outlier in Node2Vec space (DBSCAN outlier)
8116861B0,0.0,baseline structural profile; no graph anomalies detected
81168D510,0.1,isolated micro-cluster (size=7)
811697700,0.0,baseline structural profile; no graph anomalies detected
8116AF110,0.0,baseline structural profile; no graph anomalies detected
8116C2E80,0.0,baseline structural profile; no graph anomalies detected
8116C2F20,0.0811,high flow betweenness centrality (bc=5.19e-07)
8116C6720,0.0,baseline structural profile; no graph anomalies detected
811707230,0.2,topological outlier in Node2Vec space (DBSCAN outlier)
811729A60,0.2,topological outlier in Node2Vec space (DBSCAN outlier)
811758070,0.2,topological outlier in Node2Vec space (DBSCAN outlier)
8117A4320,0.0,baseline structural profile; no graph anomalies detected
8117C5EE0,0.2,topological outlier in Node2Vec space (DBSCAN outlier)
8117D9900,0.2,topological outlier in Node2Vec space (DBSCAN outlier)
81180A520,0.2,topological outlier in Node2Vec space (DBSCAN outlier)
811817870,0.2,topological outlier in Node2Vec space (DBSCAN outlier)
8118209D0,0.1,isolated micro-cluster (size=9)
811820FC0,0.5761,participates in circular transfer cycle; high flow betweenness centrality (bc=8.07e-07); isolated micro-cluster (size=9)
811821010,0.1,isolated micro-cluster (size=9)
811823540,0.45,participates in circular transfer cycle; isolated micro-cluster (size=9)
811823630,0.1,isolated micro-cluster (size=9)
811823800,0.1,isolated micro-cluster (size=9)
811823940,0.1,isolated micro-cluster (size=9)
811823A80,0.45,participates in circular transfer cycle; isolated micro-cluster (size=9)
811823CF0,0.1,isolated micro-cluster (size=9)
81182A070,0.1,isolated micro-cluster (size=6)
811831470,0.1,isolated micro-cluster (size=6)
81183FB50,0.0,baseline structural profile; no graph anomalies detected
811853D40,0.1,isolated micro-cluster (size=6)
811854980,0.1,isolated micro-cluster (size=6)
811854A20,0.1,isolated micro-cluster (size=6)
811863250,0.0,baseline structural profile; no graph anomalies detected
8118677F0,0.0,baseline structural profile; no graph anomalies detected
81186F7C0,0.0,baseline structural profile; no graph anomalies detected
811873100,0.0,baseline structural profile; no graph anomalies detected
81187ED00,0.1,isolated micro-cluster (size=6)
81187F180,0.136,isolated micro-cluster (size=6)
81187F2C0,0.1,isolated micro-cluster (size=6)
8118A3560,0.0,baseline structural profile; no graph anomalies detected
8118AFD80,0.0,baseline structural profile; no graph anomalies detected
8118D3E10,0.55,participates in circular transfer cycle; topological outlier in Node2Vec space (DBSCAN outlier)
8118D3FF0,0.559,participates in circular transfer cycle; topological outlier in Node2Vec space (DBSCAN outlier)
8118EADA0,0.1,isolated micro-cluster (size=8)
8118FA170,0.0,baseline structural profile; no graph anomalies detected
81193FA60,0.1,isolated micro-cluster (size=10)
811942760,0.1,isolated micro-cluster (size=10)
811942800,0.1,isolated micro-cluster (size=10)
811942850,0.1,isolated micro-cluster (size=10)
811943130,0.1,isolated micro-cluster (size=10)
8119444F0,0.1,isolated micro-cluster (size=10)
8119448E0,0.1,isolated micro-cluster (size=10)
8119449D0,0.1,isolated micro-cluster (size=10)
8119454C0,0.1,isolated micro-cluster (size=10)
811945510,0.1,isolated micro-cluster (size=10)
8119469F0,0.0,baseline structural profile; no graph anomalies detected
811953B70,0.1,isolated micro-cluster (size=5)
81197EB10,0.2,topological outlier in Node2Vec space (DBSCAN outlier)
81197ED40,0.2,topological outlier in Node2Vec space (DBSCAN outlier)
8119D8380,0.2,topological outlier in Node2Vec space (DBSCAN outlier)
8119D9620,0.2,topological outlier in Node2Vec space (DBSCAN outlier)
8119DB620,0.1,isolated micro-cluster (size=6)
811A2ED70,0.2,topological outlier in Node2Vec space (DBSCAN outlier)
811A40B40,0.0,baseline structural profile; no graph anomalies detected
811A4BC90,0.0,baseline structural profile; no graph anomalies detected
811AA3930,0.218,topological outlier in Node2Vec space (DBSCAN outlier)
811AA3980,0.2,topological outlier in Node2Vec space (DBSCAN outlier)
811AAB030,0.0,baseline structural profile; no graph anomalies detected
811AB66D0,0.0,baseline structural profile; no graph anomalies detected
811ABFBA0,0.0,baseline structural profile; no graph anomalies detected
811ACA0C0,0.2,topological outlier in Node2Vec space (DBSCAN outlier)
811AE23B0,0.2,topological outlier in Node2Vec space (DBSCAN outlier)
811AE4C80,0.2,topological outlier in Node2Vec space (DBSCAN outlier)
811AF9630,0.1,isolated micro-cluster (size=5)
811B00EB0,0.2,topological outlier in Node2Vec space (DBSCAN outlier)
811B4EB60,0.1,isolated micro-cluster (size=8)
811B5FEE0,0.0,baseline structural profile; no graph anomalies detected
811B61A50,0.0,baseline structural profile; no graph anomalies detected
811B66B10,0.1,isolated micro-cluster (size=8)
811B6BEE0,0.1,isolated micro-cluster (size=7)
811B8EE20,0.0,baseline structural profile; no graph anomalies detected
811B95CE0,0.0,baseline structural profile; no graph anomalies detected
811B9C130,0.0,baseline structural profile; no graph anomalies detected
811B9C180,0.0,baseline structural profile; no graph anomalies detected
811BB7F50,0.2302,"high flow betweenness centrality (bc=1.15e-06); high transaction volume (in=1, out=117)"
811BB80E0,0.0,baseline structural profile; no graph anomalies detected
811BBA4C0,0.0,baseline structural profile; no graph anomalies detected
811BE8020,0.0,baseline structural profile; no graph anomalies detected
811BF6B70,0.0,baseline structural profile; no graph anomalies detected
811C08210,0.0,baseline structural profile; no graph anomalies detected
811C20320,0.1,isolated micro-cluster (size=9)
811C36320,0.0,baseline structural profile; no graph anomalies detected
811C3E780,0.0,baseline structural profile; no graph anomalies detected
811C41940,0.0,baseline structural profile; no graph anomalies detected
811C43C90,0.2,topological outlier in Node2Vec space (DBSCAN outlier)
811C4D2A0,0.2,topological outlier in Node2Vec space (DBSCAN outlier)
811C558F0,0.0,baseline structural profile; no graph anomalies detected
811C6D230,0.1,isolated micro-cluster (size=7)
811C7E5B0,0.0,baseline structural profile; no graph anomalies detected
811CA3CD0,0.2,topological outlier in Node2Vec space (DBSCAN outlier)
811CC3010,0.0,baseline structural profile; no graph anomalies detected
811D06750,0.1,isolated micro-cluster (size=7)
811D09920,0.0,baseline structural profile; no graph anomalies detected
811D30BA0,0.2,topological outlier in Node2Vec space (DBSCAN outlier)
811D45DF0,0.0,baseline structural profile; no graph anomalies detected
811D66B90,0.0,baseline structural profile; no graph anomalies detected
811D7B180,0.0,baseline structural profile; no graph anomalies detected
811D8BC80,0.0,baseline structural profile; no graph anomalies detected
811D9B980,0.0,baseline structural profile; no graph anomalies detected
811E01FD0,0.2,topological outlier in Node2Vec space (DBSCAN outlier)
811E064D0,0.0,baseline structural profile; no graph anomalies detected
811E12DF0,0.0,baseline structural profile; no graph anomalies detected
811E18FD0,0.0,baseline structural profile; no graph anomalies detected
811E40E50,0.1,isolated micro-cluster (size=9)
811E55070,0.0,baseline structural profile; no graph anomalies detected
811E885D0,0.0,baseline structural profile; no graph anomalies detected
811EC04F0,0.0,baseline structural profile; no graph anomalies detected
811EDED80,0.0,baseline structural profile; no graph anomalies detected
811EE6370,0.2,topological outlier in Node2Vec space (DBSCAN outlier)
811EF5B80,0.2,topological outlier in Node2Vec space (DBSCAN outlier)
811F17F10,0.0,baseline structural profile; no graph anomalies detected
811F20C20,0.0,baseline structural profile; no graph anomalies detected
811F38B40,0.2581,"high flow betweenness centrality (bc=6.92e-07); isolated micro-cluster (size=8); high transaction volume (in=39, out=22)"
811F38D20,0.1,isolated micro-cluster (size=8)
811F38E60,0.1,isolated micro-cluster (size=8)
811F4EC70,0.218,topological outlier in Node2Vec space (DBSCAN outlier)
811F62830,0.0,baseline structural profile; no graph anomalies detected
811F8AA90,0.2,topological outlier in Node2Vec space (DBSCAN outlier)
811F9A5E0,0.0,baseline structural profile; no graph anomalies detected
811FC7450,0.1,isolated micro-cluster (size=8)
81201A290,0.2,topological outlier in Node2Vec space (DBSCAN outlier)
8120229E0,0.0,baseline structural profile; no graph anomalies detected
812024220,0.2,topological outlier in Node2Vec space (DBSCAN outlier)
8120254A0,0.0,baseline structural profile; no graph anomalies detected
812027210,0.0,baseline structural profile; no graph anomalies detected
81205F130,0.0,baseline structural profile; no graph anomalies detected
812070CE0,0.1,isolated micro-cluster (size=5)
81209B850,0.1,isolated micro-cluster (size=9)
8120A51E0,0.2,topological outlier in Node2Vec space (DBSCAN outlier)
8120C3D60,0.2,topological outlier in Node2Vec space (DBSCAN outlier)
8120DC0C0,0.2,topological outlier in Node2Vec space (DBSCAN outlier)
8120E5200,0.2,topological outlier in Node2Vec space (DBSCAN outlier)
8120EA330,0.2,topological outlier in Node2Vec space (DBSCAN outlier)
812107280,0.0,baseline structural profile; no graph anomalies detected
81210FFE0,0.2,topological outlier in Node2Vec space (DBSCAN outlier)
8121102A0,0.2,topological outlier in Node2Vec space (DBSCAN outlier)
81211AB00,0.2,topological outlier in Node2Vec space (DBSCAN outlier)
81211F1D0,0.0,baseline structural profile; no graph anomalies detected
812130870,0.0,baseline structural profile; no graph anomalies detected
81217A270,0.0,baseline structural profile; no graph anomalies detected
812183900,0.0,baseline structural profile; no graph anomalies detected
81219F740,0.1,isolated micro-cluster (size=8)
8121CCA10,0.0,baseline structural profile; no graph anomalies detected
8121FC470,0.0,baseline structural profile; no graph anomalies detected
812207D60,0.0,baseline structural profile; no graph anomalies detected
812212EB0,0.0,baseline structural profile; no graph anomalies detected
81222F4E0,0.0,baseline structural profile; no graph anomalies detected
81225F4F0,0.1,isolated micro-cluster (size=6)
812298640,0.1,isolated micro-cluster (size=9)
812298D20,0.1,isolated micro-cluster (size=9)
8122AA9D0,0.2081,high flow betweenness centrality (bc=6.92e-07); isolated micro-cluster (size=9)
8122AAD30,0.1,isolated micro-cluster (size=9)
8122AB050,0.1,isolated micro-cluster (size=9)
8122AB0A0,0.1,isolated micro-cluster (size=9)
8122ABC40,0.1,isolated micro-cluster (size=9)
81231FBC0,0.0,baseline structural profile; no graph anomalies detected
81235DD50,0.1,isolated micro-cluster (size=5)
812384260,0.0,baseline structural profile; no graph anomalies detected
81239FA90,0.0,baseline structural profile; no graph anomalies detected
8123D2030,0.2,topological outlier in Node2Vec space (DBSCAN outlier)
8123EB5B0,0.0,baseline structural profile; no graph anomalies detected
8124488F0,0.2,topological outlier in Node2Vec space (DBSCAN outlier)
8124539D0,0.0,baseline structural profile; no graph anomalies detected
8124612A0,0.2,topological outlier in Node2Vec space (DBSCAN outlier)
812467CE0,0.2,topological outlier in Node2Vec space (DBSCAN outlier)
812498790,0.2,topological outlier in Node2Vec space (DBSCAN outlier)
812498830,0.2,topological outlier in Node2Vec space (DBSCAN outlier)
8124AC280,0.2,topological outlier in Node2Vec space (DBSCAN outlier)
8124DC080,0.0,baseline structural profile; no graph anomalies detected
8124E6B50,0.2,topological outlier in Node2Vec space (DBSCAN outlier)
8124E6BF0,0.2,topological outlier in Node2Vec space (DBSCAN outlier)
8125759A0,0.0,baseline structural profile; no graph anomalies detected
81262CE90,0.0,baseline structural profile; no graph anomalies detected
81263F170,0.2,topological outlier in Node2Vec space (DBSCAN outlier)
812672E50,0.2,topological outlier in Node2Vec space (DBSCAN outlier)
81267E980,0.1,isolated micro-cluster (size=10)
812683FB0,0.2,topological outlier in Node2Vec space (DBSCAN outlier)
812689420,0.0,baseline structural profile; no graph anomalies detected
81268F230,0.2,topological outlier in Node2Vec space (DBSCAN outlier)
81269B9E0,0.2,topological outlier in Node2Vec space (DBSCAN outlier)
8126AB860,0.0,baseline structural profile; no graph anomalies detected
8126AC150,0.2,topological outlier in Node2Vec space (DBSCAN outlier)
8126B72F0,0.2,topological outlier in Node2Vec space (DBSCAN outlier)
81274FF20,0.1,isolated micro-cluster (size=10)
8127505D0,0.1,isolated micro-cluster (size=10)
8127747A0,0.2,topological outlier in Node2Vec space (DBSCAN outlier)
8127B9A30,0.0,baseline structural profile; no graph anomalies detected
8127E5A40,0.2,topological outlier in Node2Vec space (DBSCAN outlier)
8127E6300,0.2,topological outlier in Node2Vec space (DBSCAN outlier)
812822360,0.2,topological outlier in Node2Vec space (DBSCAN outlier)
812824760,0.2,topological outlier in Node2Vec space (DBSCAN outlier)
812862CC0,0.0,baseline structural profile; no graph anomalies detected
812872380,0.2,topological outlier in Node2Vec space (DBSCAN outlier)
8128A49D0,0.2,topological outlier in Node2Vec space (DBSCAN outlier)
8128A4A20,0.2,topological outlier in Node2Vec space (DBSCAN outlier)
8128DB8B0,0.2,topological outlier in Node2Vec space (DBSCAN outlier)
812904B40,0.0,baseline structural profile; no graph anomalies detected
812916C70,0.0,baseline structural profile; no graph anomalies detected
8129277C0,0.1,isolated micro-cluster (size=6)
81292D480,0.1,isolated micro-cluster (size=10)
812988840,0.0,baseline structural profile; no graph anomalies detected
812993720,0.2,topological outlier in Node2Vec space (DBSCAN outlier)
812997820,0.1,isolated micro-cluster (size=5)
8129BF5D0,0.0,baseline structural profile; no graph anomalies detected
8129CD510,0.1,isolated micro-cluster (size=8)
8129D07C0,0.0,baseline structural profile; no graph anomalies detected
812A31FD0,0.1,isolated micro-cluster (size=6)
812A46370,0.0,baseline structural profile; no graph anomalies detected
812A8EA50,0.1,isolated micro-cluster (size=5)
812AA2610,0.0,baseline structural profile; no graph anomalies detected
812AA5A50,0.2,topological outlier in Node2Vec space (DBSCAN outlier)
812AA8C90,0.2,topological outlier in Node2Vec space (DBSCAN outlier)
812ABF380,0.2,topological outlier in Node2Vec space (DBSCAN outlier)
812AC3B70,0.0,baseline structural profile; no graph anomalies detected
812B6EB80,0.1,isolated micro-cluster (size=7)
812B74E00,0.0,baseline structural profile; no graph anomalies detected
812B79BA0,0.277,"topological outlier in Node2Vec space (DBSCAN outlier); high transaction volume (in=23, out=30)"
812B85B00,0.2,topological outlier in Node2Vec space (DBSCAN outlier)
812B86430,0.2,topological outlier in Node2Vec space (DBSCAN outlier)
812B864D0,0.2,topological outlier in Node2Vec space (DBSCAN outlier)
812BB4740,0.1,isolated micro-cluster (size=5)
812BC4720,0.0,baseline structural profile; no graph anomalies detected
812C061B0,0.0,baseline structural profile; no graph anomalies detected
812C6EF60,0.0,baseline structural profile; no graph anomalies detected
812C8B5B0,0.0,baseline structural profile; no graph anomalies detected
812C8CD20,0.1,isolated micro-cluster (size=7)
812C9CBA0,0.0,baseline structural profile; no graph anomalies detected
812C9CD30,0.0,baseline structural profile; no graph anomalies detected
812C9D761,0.2,topological outlier in Node2Vec space (DBSCAN outlier)
812CEA420,0.2,topological outlier in Node2Vec space (DBSCAN outlier)
812D6D560,0.1,isolated micro-cluster (size=8)
812D8D140,0.0,baseline structural profile; no graph anomalies detected
812D952A0,0.0,baseline structural profile; no graph anomalies detected
812DC0860,0.1,isolated micro-cluster (size=5)
812E00EF0,0.0,baseline structural profile; no graph anomalies detected
812E303F0,0.2,topological outlier in Node2Vec space (DBSCAN outlier)
812E3ACB0,0.2,topological outlier in Node2Vec space (DBSCAN outlier)
812EB55B0,0.1,isolated micro-cluster (size=6)
812EB8BA0,0.1,isolated micro-cluster (size=6)
812ECF260,0.0,baseline structural profile; no graph anomalies detected
812EE6570,0.0,baseline structural profile; no graph anomalies detected
812F2AC70,0.2,topological outlier in Node2Vec space (DBSCAN outlier)
812F2B6D0,0.2,topological outlier in Node2Vec space (DBSCAN outlier)
812F2BB20,0.2,topological outlier in Node2Vec space (DBSCAN outlier)
812F3D130,0.1,isolated micro-cluster (size=8)
812F4C580,0.2,topological outlier in Node2Vec space (DBSCAN outlier)
812F4F620,0.2,topological outlier in Node2Vec space (DBSCAN outlier)
812F528A0,0.2,topological outlier in Node2Vec space (DBSCAN outlier)
812F7F870,0.0,baseline structural profile; no graph anomalies detected
812F8BFB0,0.2,topological outlier in Node2Vec space (DBSCAN outlier)
812FAC3F0,0.218,topological outlier in Node2Vec space (DBSCAN outlier)
812FE62D0,0.1,isolated micro-cluster (size=9)
813005B40,0.2,topological outlier in Node2Vec space (DBSCAN outlier)
813020E80,0.1,isolated micro-cluster (size=6)
813072670,0.2,topological outlier in Node2Vec space (DBSCAN outlier)
8130789F0,0.2,topological outlier in Node2Vec space (DBSCAN outlier)
8130A01D0,0.0,baseline structural profile; no graph anomalies detected
8130AB1A0,0.1,isolated micro-cluster (size=5)
8130BC370,0.0,baseline structural profile; no graph anomalies detected
8130D4AA0,0.0,baseline structural profile; no graph anomalies detected
8130D6F60,0.2,topological outlier in Node2Vec space (DBSCAN outlier)
81310CBF0,0.2,topological outlier in Node2Vec space (DBSCAN outlier)
8131210F0,0.0,baseline structural profile; no graph anomalies detected
81313A450,0.2,topological outlier in Node2Vec space (DBSCAN outlier)
81313A5E0,0.2,topological outlier in Node2Vec space (DBSCAN outlier)
81314D170,0.2,topological outlier in Node2Vec space (DBSCAN outlier)
81314D580,0.236,topological outlier in Node2Vec space (DBSCAN outlier)
81314D760,0.2,topological outlier in Node2Vec space (DBSCAN outlier)
813193BB0,0.0,baseline structural profile; no graph anomalies detected
8131958F0,0.0,baseline structural profile; no graph anomalies detected
8131C6220,0.1,isolated micro-cluster (size=9)
8131EA170,0.0,baseline structural profile; no graph anomalies detected
813244500,0.1,isolated micro-cluster (size=5)
813244640,0.1,isolated micro-cluster (size=5)
8132446E0,0.1,isolated micro-cluster (size=5)
813244730,0.1,isolated micro-cluster (size=5)
81324ED30,0.1,isolated micro-cluster (size=8)
813257170,0.2,topological outlier in Node2Vec space (DBSCAN outlier)
81326F910,0.2,topological outlier in Node2Vec space (DBSCAN outlier)
813276180,0.0,baseline structural profile; no graph anomalies detected
8132871D0,0.1631,isolated micro-cluster (size=9)
813290770,0.0,baseline structural profile; no graph anomalies detected
813290950,0.2,topological outlier in Node2Vec space (DBSCAN outlier)
8132955A0,0.1,isolated micro-cluster (size=9)
8132A9150,0.0,baseline structural profile; no graph anomalies detected
8132B4D80,0.2,topological outlier in Node2Vec space (DBSCAN outlier)
8132E2E80,0.0,baseline structural profile; no graph anomalies detected
8132E8690,0.0,baseline structural profile; no graph anomalies detected
8132EA7A0,0.2,topological outlier in Node2Vec space (DBSCAN outlier)
8132EDFB0,0.0,baseline structural profile; no graph anomalies detected
813301620,0.2,topological outlier in Node2Vec space (DBSCAN outlier)
813386580,0.2,topological outlier in Node2Vec space (DBSCAN outlier)
81339F1C0,0.2,topological outlier in Node2Vec space (DBSCAN outlier)
8133BFE40,0.2,topological outlier in Node2Vec space (DBSCAN outlier)
8133DDEC0,0.25,"topological outlier in Node2Vec space (DBSCAN outlier); high transaction volume (in=50, out=1)"
813422EC1,0.2,topological outlier in Node2Vec space (DBSCAN outlier)
813425121,0.15,"isolated micro-cluster (size=6); high transaction volume (in=35, out=69)"
81342DDF1,0.0,baseline structural profile; no graph anomalies detected
81344AFD0,0.2,topological outlier in Node2Vec space (DBSCAN outlier)
81344E0E0,0.1,isolated micro-cluster (size=6)
813450420,0.1,isolated micro-cluster (size=6)
813454B10,0.2,topological outlier in Node2Vec space (DBSCAN outlier)
813455840,0.2,topological outlier in Node2Vec space (DBSCAN outlier)
8134855B0,0.0,baseline structural profile; no graph anomalies detected
81348C0A0,0.1,isolated micro-cluster (size=5)
8134B0770,0.1,isolated micro-cluster (size=5)
8134B27C0,0.2,topological outlier in Node2Vec space (DBSCAN outlier)
8134B3600,0.2,topological outlier in Node2Vec space (DBSCAN outlier)
8134EB2E0,0.0,baseline structural profile; no graph anomalies detected
81350FB80,0.1,isolated micro-cluster (size=10)
8135139B0,0.1,isolated micro-cluster (size=10)
813515540,0.1,isolated micro-cluster (size=10)
813549950,0.0,baseline structural profile; no graph anomalies detected
813559ED0,0.2,topological outlier in Node2Vec space (DBSCAN outlier)
8135617C0,0.0,baseline structural profile; no graph anomalies detected
8135B2870,0.0,baseline structural profile; no graph anomalies detected
8135FA260,0.1,isolated micro-cluster (size=6)
8136378E1,0.0,baseline structural profile; no graph anomalies detected
813696EF0,0.0,baseline structural profile; no graph anomalies detected
8136B7C90,0.1,isolated micro-cluster (size=6)
8136B9A70,0.1,isolated micro-cluster (size=8)
8136D1DB1,0.2,topological outlier in Node2Vec space (DBSCAN outlier)
8136D7A91,0.0,baseline structural profile; no graph anomalies detected
8136D9871,0.0,baseline structural profile; no graph anomalies detected
8136E0531,0.0,baseline structural profile; no graph anomalies detected
8136E0581,0.0,baseline structural profile; no graph anomalies detected
8136E0B71,0.0,baseline structural profile; no graph anomalies detected
8136E74A1,0.0,baseline structural profile; no graph anomalies detected
8136E7AD1,0.0811,high flow betweenness centrality (bc=5.19e-07)
813707C81,0.2,topological outlier in Node2Vec space (DBSCAN outlier)
813716B61,0.0,baseline structural profile; no graph anomalies detected
813748021,0.0,baseline structural profile; no graph anomalies detected
813784590,0.2,topological outlier in Node2Vec space (DBSCAN outlier)
813784680,0.2,topological outlier in Node2Vec space (DBSCAN outlier)
813794911,0.0,baseline structural profile; no graph anomalies detected
81379ED10,0.0,baseline structural profile; no graph anomalies detected
8137A3AF0,0.2,topological outlier in Node2Vec space (DBSCAN outlier)
813804600,0.2,topological outlier in Node2Vec space (DBSCAN outlier)
81380CAB0,0.0,baseline structural profile; no graph anomalies detected
81382CEC0,0.1,isolated micro-cluster (size=7)
81382CFB0,0.0,baseline structural profile; no graph anomalies detected
81384E070,0.2,topological outlier in Node2Vec space (DBSCAN outlier)
8138511F0,0.1,isolated micro-cluster (size=5)
813863650,0.2,topological outlier in Node2Vec space (DBSCAN outlier)
8138868C0,0.2,topological outlier in Node2Vec space (DBSCAN outlier)
8138E9020,0.0,baseline structural profile; no graph anomalies detected
8139181C0,0.0,baseline structural profile; no graph anomalies detected
813957F70,0.0,baseline structural profile; no graph anomalies detected
8139EA1C0,0.0,baseline structural profile; no graph anomalies detected
813A18A10,0.0,baseline structural profile; no graph anomalies detected
813A2E7C0,0.0,baseline structural profile; no graph anomalies detected
813A561B0,0.0,baseline structural profile; no graph anomalies detected
813A8B130,0.2,topological outlier in Node2Vec space (DBSCAN outlier)
813ABF8D0,0.2,topological outlier in Node2Vec space (DBSCAN outlier)
813ACECB0,0.1,isolated micro-cluster (size=9)
813AD8670,0.2,topological outlier in Node2Vec space (DBSCAN outlier)
813AF24D0,0.2,topological outlier in Node2Vec space (DBSCAN outlier)
813AF2520,0.2,topological outlier in Node2Vec space (DBSCAN outlier)
813B12520,0.1,isolated micro-cluster (size=5)
813B1F3D1,0.2,topological outlier in Node2Vec space (DBSCAN outlier)
813B1F421,0.2,topological outlier in Node2Vec space (DBSCAN outlier)
813B39E91,0.1,isolated micro-cluster (size=6)
813B56771,0.0,baseline structural profile; no graph anomalies detected
813B78051,0.1,isolated micro-cluster (size=6)
813BA8070,0.0,baseline structural profile; no graph anomalies detected
813BD3520,0.0,baseline structural profile; no graph anomalies detected
813BEF580,0.1,isolated micro-cluster (size=5)
813BF4210,0.1,isolated micro-cluster (size=5)
813BF96A0,0.2,topological outlier in Node2Vec space (DBSCAN outlier)
813C0A3B0,0.0,baseline structural profile; no graph anomalies detected
813C0D570,0.2,topological outlier in Node2Vec space (DBSCAN outlier)
813C0D5C0,0.2,topological outlier in Node2Vec space (DBSCAN outlier)
813C293E1,0.2,topological outlier in Node2Vec space (DBSCAN outlier)
813CA4061,0.2,topological outlier in Node2Vec space (DBSCAN outlier)
813CA61C0,0.0,baseline structural profile; no graph anomalies detected
813CA8220,0.0,baseline structural profile; no graph anomalies detected
813CB6DF1,0.0,baseline structural profile; no graph anomalies detected
813CC2C01,0.0,baseline structural profile; no graph anomalies detected
813CDAF31,0.0,baseline structural profile; no graph anomalies detected
813CE8AA1,0.0,baseline structural profile; no graph anomalies detected
813D07A61,0.2,topological outlier in Node2Vec space (DBSCAN outlier)
813D54BC1,0.2,topological outlier in Node2Vec space (DBSCAN outlier)
813D64DE1,0.0,baseline structural profile; no graph anomalies detected
813D70F90,0.2,topological outlier in Node2Vec space (DBSCAN outlier)
813D82931,0.0,baseline structural profile; no graph anomalies detected
813D913B1,0.2,topological outlier in Node2Vec space (DBSCAN outlier)
813D91C61,0.2,topological outlier in Node2Vec space (DBSCAN outlier)
813D9BDA1,0.0,baseline structural profile; no graph anomalies detected
813DBFC61,0.1,isolated micro-cluster (size=6)
813DCD1E1,0.2,topological outlier in Node2Vec space (DBSCAN outlier)
813DD91A1,0.0,baseline structural profile; no graph anomalies detected
813DE0CC1,0.2,topological outlier in Node2Vec space (DBSCAN outlier)
813DE60E1,0.0,baseline structural profile; no graph anomalies detected
813E35B51,0.2,topological outlier in Node2Vec space (DBSCAN outlier)
813E39221,0.2,topological outlier in Node2Vec space (DBSCAN outlier)
813E819D0,0.2,topological outlier in Node2Vec space (DBSCAN outlier)
813EA59F1,0.2,topological outlier in Node2Vec space (DBSCAN outlier)
813EA97B1,0.0,baseline structural profile; no graph anomalies detected
813EA9ED1,0.0,baseline structural profile; no graph anomalies detected
813EBEB61,0.0,baseline structural profile; no graph anomalies detected
813F3E2A1,0.0,baseline structural profile; no graph anomalies detected
813F65FB1,0.0,baseline structural profile; no graph anomalies detected
813FF74A0,0.0,baseline structural profile; no graph anomalies detected
8140083B1,0.1,isolated micro-cluster (size=6)
814036D41,0.0,baseline structural profile; no graph anomalies detected
814048C71,0.0,baseline structural profile; no graph anomalies detected
814065D31,0.0,baseline structural profile; no graph anomalies detected
814071491,0.0,baseline structural profile; no graph anomalies detected
814073701,0.2,topological outlier in Node2Vec space (DBSCAN outlier)
814079DD0,0.2,topological outlier in Node2Vec space (DBSCAN outlier)
814083DC0,0.0,baseline structural profile; no graph anomalies detected
8140AEF21,0.0,baseline structural profile; no graph anomalies detected
8140F94A1,0.0,baseline structural profile; no graph anomalies detected
814133BC1,0.0,baseline structural profile; no graph anomalies detected
814161630,0.1,isolated micro-cluster (size=10)
814198860,0.0,baseline structural profile; no graph anomalies detected
8141DABE0,0.2,topological outlier in Node2Vec space (DBSCAN outlier)
8142137F0,0.0,baseline structural profile; no graph anomalies detected
814271060,0.2,topological outlier in Node2Vec space (DBSCAN outlier)
81427B2B1,0.0901,high flow betweenness centrality (bc=5.77e-07)
81427DA21,0.0,baseline structural profile; no graph anomalies detected
81428B260,0.1,isolated micro-cluster (size=9)
8142A97E1,0.0,baseline structural profile; no graph anomalies detected
8142B4ED1,0.0,baseline structural profile; no graph anomalies detected
8142C8E51,0.2,topological outlier in Node2Vec space (DBSCAN outlier)
8142F4DF1,0.2,topological outlier in Node2Vec space (DBSCAN outlier)
8142F8C71,0.0,baseline structural profile; no graph anomalies detected
81431CB20,0.0,baseline structural profile; no graph anomalies detected
8143234A1,0.1,isolated micro-cluster (size=6)
814336BA1,0.0,baseline structural profile; no graph anomalies detected
814382B50,0.0,baseline structural profile; no graph anomalies detected
814390550,0.1,isolated micro-cluster (size=5)
8143972E0,0.0,baseline structural profile; no graph anomalies detected
8143B1220,0.0,baseline structural profile; no graph anomalies detected
8143D70F1,0.2,topological outlier in Node2Vec space (DBSCAN outlier)
8143D7141,0.218,topological outlier in Node2Vec space (DBSCAN outlier)
8143D7191,0.2,topological outlier in Node2Vec space (DBSCAN outlier)
8144177D1,0.2,topological outlier in Node2Vec space (DBSCAN outlier)
814417DA1,0.2,topological outlier in Node2Vec space (DBSCAN outlier)
814437611,0.0,baseline structural profile; no graph anomalies detected
814439101,0.2,topological outlier in Node2Vec space (DBSCAN outlier)
8144740E0,0.2,topological outlier in Node2Vec space (DBSCAN outlier)
8144744D0,0.2,topological outlier in Node2Vec space (DBSCAN outlier)
814474910,0.2,topological outlier in Node2Vec space (DBSCAN outlier)
8144749B0,0.2,topological outlier in Node2Vec space (DBSCAN outlier)
814498950,0.0,baseline structural profile; no graph anomalies detected
8144BFE80,0.0,baseline structural profile; no graph anomalies detected
814511C70,0.2,topological outlier in Node2Vec space (DBSCAN outlier)
8145CCAE0,0.1721,isolated micro-cluster (size=10)
8145CCB30,0.1,isolated micro-cluster (size=10)
8145D6080,0.0,baseline structural profile; no graph anomalies detected
814613121,0.0,baseline structural profile; no graph anomalies detected
81462CE41,0.0,baseline structural profile; no graph anomalies detected
814660F80,0.0,baseline structural profile; no graph anomalies detected
8146665B0,0.2,topological outlier in Node2Vec space (DBSCAN outlier)
8146666A0,0.2,topological outlier in Node2Vec space (DBSCAN outlier)
814680F40,0.2,topological outlier in Node2Vec space (DBSCAN outlier)
814681EA0,0.2,topological outlier in Node2Vec space (DBSCAN outlier)
81468FAF0,0.1,isolated micro-cluster (size=9)
8146957B0,0.2,topological outlier in Node2Vec space (DBSCAN outlier)
814699C31,0.0,baseline structural profile; no graph anomalies detected
8146DC1D1,0.0,baseline structural profile; no graph anomalies detected
8146EDFD1,0.0,baseline structural profile; no graph anomalies detected
81474DC31,0.0,baseline structural profile; no graph anomalies detected
814753A70,0.2,topological outlier in Node2Vec space (DBSCAN outlier)
8147CB890,0.1,isolated micro-cluster (size=5)
8147CCD10,0.1,isolated micro-cluster (size=5)
81484CFB0,0.0,baseline structural profile; no graph anomalies detected
8148BC911,0.0,baseline structural profile; no graph anomalies detected
8148FFBB0,0.0,baseline structural profile; no graph anomalies detected
814911D71,0.0,baseline structural profile; no graph anomalies detected
8149144B1,0.0,baseline structural profile; no graph anomalies detected
